Fri Jun 19 06:01:54 AM EDT 2026
host=c1105a-s23.ufhpc
pwd=/blue/guralnick/share/r.dinnage/Projects/phenovision
BLAS threads pinned: OMP/MKL/OPENBLAS_NUM_THREADS=10
=== preadapt v2 GPU collector worker 0 (two-pass: gpu, pass=gpu) ===
run_dirs=xAI/output/preadapt_v2/plantclef__stable_evo__s42
watch_dirs=xAI/output/preadapt_v2/plantclef__stable_evo__s42/checkpoints
sentinels=xAI/output/preadapt_v2/plantclef__stable_evo__s42/RUN_COMPLETE
out_store=xAI/output/preadapt_v2/_extract_store
val_csv=data/inat/val_v1.1.0.csv
poll=15s heavy_every=8 retention_latest_keep=2 keep_full_latest=2
train_jids=35120233
d90_queue=xAI/output/preadapt_v2/_d90_queue
[collector wgpu0] --once drained 0 checkpoint(s); exiting.
[cwgpu0] d90 backfill queue exhausted (no pending configs); idle-collecting only.
[collector wgpu0] --once drained 0 checkpoint(s); exiting.
[collector wgpu0] --once drained 0 checkpoint(s); exiting.
[collector wgpu0] --once drained 0 checkpoint(s); exiting.
[collector wgpu0] --once drained 0 checkpoint(s); exiting.
[collector wgpu0] --once drained 0 checkpoint(s); exiting.
[collector wgpu0] --once drained 0 checkpoint(s); exiting.
error    libmamba Could not set lock (Resource temporarily unavailable)
warning  libmamba Cannot lock '/home/r.dinnage/.cache/mamba/proc'
    Waiting for other mamba process to finish
[collector wgpu0] --once drained 0 checkpoint(s); exiting.
[collector wgpu0] --once drained 0 checkpoint(s); exiting.
[collector wgpu0] --once drained 0 checkpoint(s); exiting.
error    libmamba Could not set lock (Resource temporarily unavailable)
warning  libmamba Cannot lock '/home/r.dinnage/.cache/mamba/proc'
    Waiting for other mamba process to finish
[collector wgpu0] --once drained 0 checkpoint(s); exiting.
error    libmamba Could not set lock (Resource temporarily unavailable)
warning  libmamba Cannot lock '/home/r.dinnage/.cache/mamba/proc'
    Waiting for other mamba process to finish
[collector wgpu0] --once drained 0 checkpoint(s); exiting.
[collector wgpu0] --once drained 0 checkpoint(s); exiting.
[collector wgpu0] --once drained 0 checkpoint(s); exiting.
[collector wgpu0] --once drained 0 checkpoint(s); exiting.
[collector wgpu0] --once drained 0 checkpoint(s); exiting.
[collector wgpu0] --once drained 0 checkpoint(s); exiting.
[collector wgpu0] --once drained 0 checkpoint(s); exiting.
[collector wgpu0] --once drained 0 checkpoint(s); exiting.
error    libmamba Could not set lock (Resource temporarily unavailable)
warning  libmamba Cannot lock '/home/r.dinnage/.cache/mamba/proc'
    Waiting for other mamba process to finish
[collector wgpu0] --once drained 0 checkpoint(s); exiting.
error    libmamba Could not set lock (Resource temporarily unavailable)
warning  libmamba Cannot lock '/home/r.dinnage/.cache/mamba/proc'
    Waiting for other mamba process to finish
[collector wgpu0] --once drained 0 checkpoint(s); exiting.
error    libmamba Could not set lock (Resource temporarily unavailable)
warning  libmamba Cannot lock '/home/r.dinnage/.cache/mamba/proc'
    Waiting for other mamba process to finish
[collector wgpu0] --once drained 0 checkpoint(s); exiting.
[collector wgpu0] --once drained 0 checkpoint(s); exiting.
[collector wgpu0] --once drained 0 checkpoint(s); exiting.
[collector wgpu0] --once drained 0 checkpoint(s); exiting.
[collector wgpu0] --once drained 0 checkpoint(s); exiting.
error    libmamba Could not set lock (Resource temporarily unavailable)
warning  libmamba Cannot lock '/home/r.dinnage/.cache/mamba/proc'
    Waiting for other mamba process to finish
[collector wgpu0] --once drained 0 checkpoint(s); exiting.
[collector wgpu0] --once drained 0 checkpoint(s); exiting.
[collector wgpu0] --once drained 0 checkpoint(s); exiting.
error    libmamba Could not set lock (Resource temporarily unavailable)
warning  libmamba Cannot lock '/home/r.dinnage/.cache/mamba/proc'
    Waiting for other mamba process to finish
[collector wgpu0] --once drained 0 checkpoint(s); exiting.
[collector wgpu0] --once drained 0 checkpoint(s); exiting.
[collector wgpu0] --once drained 0 checkpoint(s); exiting.
[collector wgpu0] --once drained 0 checkpoint(s); exiting.
[collector wgpu0] --once drained 0 checkpoint(s); exiting.
[collector wgpu0] --once drained 0 checkpoint(s); exiting.
[collector wgpu0] --once drained 0 checkpoint(s); exiting.
error    libmamba Could not set lock (Resource temporarily unavailable)
warning  libmamba Cannot lock '/home/r.dinnage/.cache/mamba/proc'
    Waiting for other mamba process to finish
[collector wgpu0] --once drained 0 checkpoint(s); exiting.
[collector wgpu0] --once drained 0 checkpoint(s); exiting.
[collector wgpu0] --once drained 0 checkpoint(s); exiting.
[collector wgpu0] --once drained 0 checkpoint(s); exiting.
error    libmamba Could not set lock (Resource temporarily unavailable)
warning  libmamba Cannot lock '/home/r.dinnage/.cache/mamba/proc'
    Waiting for other mamba process to finish
[collector wgpu0] --once drained 0 checkpoint(s); exiting.
error    libmamba Could not set lock (Resource temporarily unavailable)
warning  libmamba Cannot lock '/home/r.dinnage/.cache/mamba/proc'
    Waiting for other mamba process to finish
[collector wgpu0] --once drained 0 checkpoint(s); exiting.
error    libmamba Could not set lock (Resource temporarily unavailable)
warning  libmamba Cannot lock '/home/r.dinnage/.cache/mamba/proc'
    Waiting for other mamba process to finish
[collector wgpu0] --once drained 0 checkpoint(s); exiting.
[collector wgpu0] --once drained 0 checkpoint(s); exiting.
[collector wgpu0] --once drained 0 checkpoint(s); exiting.
[collector wgpu0] --once drained 0 checkpoint(s); exiting.
[collector wgpu0] --once drained 0 checkpoint(s); exiting.
[collector wgpu0] --once drained 0 checkpoint(s); exiting.
error    libmamba Could not set lock (Resource temporarily unavailable)
warning  libmamba Cannot lock '/home/r.dinnage/.cache/mamba/proc'
    Waiting for other mamba process to finish
[collector wgpu0] --once drained 0 checkpoint(s); exiting.
[collector wgpu0] --once drained 0 checkpoint(s); exiting.
[collector wgpu0] --once drained 0 checkpoint(s); exiting.
error    libmamba Could not set lock (Resource temporarily unavailable)
warning  libmamba Cannot lock '/home/r.dinnage/.cache/mamba/proc'
    Waiting for other mamba process to finish
[collector wgpu0] --once drained 0 checkpoint(s); exiting.
error    libmamba Could not set lock (Resource temporarily unavailable)
warning  libmamba Cannot lock '/home/r.dinnage/.cache/mamba/proc'
    Waiting for other mamba process to finish
[collector wgpu0] --once drained 0 checkpoint(s); exiting.
error    libmamba Could not set lock (Resource temporarily unavailable)
warning  libmamba Cannot lock '/home/r.dinnage/.cache/mamba/proc'
    Waiting for other mamba process to finish
[collector wgpu0] --once drained 0 checkpoint(s); exiting.
[collector wgpu0] --once drained 0 checkpoint(s); exiting.
[collector wgpu0] --once drained 0 checkpoint(s); exiting.
[collector wgpu0] --once drained 0 checkpoint(s); exiting.
[collector wgpu0] --once drained 0 checkpoint(s); exiting.
[collector wgpu0] --once drained 0 checkpoint(s); exiting.
[collector wgpu0] --once drained 0 checkpoint(s); exiting.
error    libmamba Could not set lock (Resource temporarily unavailable)
warning  libmamba Cannot lock '/home/r.dinnage/.cache/mamba/proc'
    Waiting for other mamba process to finish
[collector wgpu0] --once drained 0 checkpoint(s); exiting.
[collector wgpu0] --once drained 0 checkpoint(s); exiting.
[collector wgpu0] --once drained 0 checkpoint(s); exiting.
[collector wgpu0] --once drained 0 checkpoint(s); exiting.
[collector wgpu0] --once drained 0 checkpoint(s); exiting.
[collector wgpu0] --once drained 0 checkpoint(s); exiting.
error    libmamba Could not set lock (Resource temporarily unavailable)
warning  libmamba Cannot lock '/home/r.dinnage/.cache/mamba/proc'
    Waiting for other mamba process to finish
[collector wgpu0] --once drained 0 checkpoint(s); exiting.
error    libmamba Could not set lock (Resource temporarily unavailable)
warning  libmamba Cannot lock '/home/r.dinnage/.cache/mamba/proc'
    Waiting for other mamba process to finish
[collector wgpu0] --once drained 0 checkpoint(s); exiting.
error    libmamba Could not set lock (Resource temporarily unavailable)
warning  libmamba Cannot lock '/home/r.dinnage/.cache/mamba/proc'
    Waiting for other mamba process to finish
[collector wgpu0] --once drained 0 checkpoint(s); exiting.
[collector wgpu0] --once drained 0 checkpoint(s); exiting.
[collector wgpu0] --once drained 0 checkpoint(s); exiting.
[collector wgpu0] --once drained 0 checkpoint(s); exiting.
[collector wgpu0] --once drained 0 checkpoint(s); exiting.
error    libmamba Could not set lock (Resource temporarily unavailable)
warning  libmamba Cannot lock '/home/r.dinnage/.cache/mamba/proc'
    Waiting for other mamba process to finish
[collector wgpu0] --once drained 0 checkpoint(s); exiting.
error    libmamba Could not set lock (Resource temporarily unavailable)
warning  libmamba Cannot lock '/home/r.dinnage/.cache/mamba/proc'
    Waiting for other mamba process to finish
[collector wgpu0] --once drained 0 checkpoint(s); exiting.
[collector wgpu0] --once drained 0 checkpoint(s); exiting.
[collector wgpu0] --once drained 0 checkpoint(s); exiting.
[collector wgpu0] --once drained 0 checkpoint(s); exiting.
[collector wgpu0] --once drained 0 checkpoint(s); exiting.
error    libmamba Could not set lock (Resource temporarily unavailable)
warning  libmamba Cannot lock '/home/r.dinnage/.cache/mamba/proc'
    Waiting for other mamba process to finish
[collector wgpu0] --once drained 0 checkpoint(s); exiting.
[collector wgpu0] --once drained 0 checkpoint(s); exiting.
[collector wgpu0] --once drained 0 checkpoint(s); exiting.
[collector wgpu0] --once drained 0 checkpoint(s); exiting.
error    libmamba Could not set lock (Resource temporarily unavailable)
warning  libmamba Cannot lock '/home/r.dinnage/.cache/mamba/proc'
    Waiting for other mamba process to finish
[collector wgpu0] --once drained 0 checkpoint(s); exiting.
[collector wgpu0] --once drained 0 checkpoint(s); exiting.
error    libmamba Could not set lock (Resource temporarily unavailable)
warning  libmamba Cannot lock '/home/r.dinnage/.cache/mamba/proc'
    Waiting for other mamba process to finish
[collector wgpu0] --once drained 0 checkpoint(s); exiting.
[collector wgpu0] --once drained 0 checkpoint(s); exiting.
[collector wgpu0] --once drained 0 checkpoint(s); exiting.
error    libmamba Could not set lock (Resource temporarily unavailable)
warning  libmamba Cannot lock '/home/r.dinnage/.cache/mamba/proc'
    Waiting for other mamba process to finish
[collector wgpu0] --once drained 0 checkpoint(s); exiting.
[collector wgpu0] --once drained 0 checkpoint(s); exiting.
[collector wgpu0] --once drained 0 checkpoint(s); exiting.
[collector wgpu0] --once drained 0 checkpoint(s); exiting.
[collector wgpu0] --once drained 0 checkpoint(s); exiting.
error    libmamba Could not set lock (Resource temporarily unavailable)
warning  libmamba Cannot lock '/home/r.dinnage/.cache/mamba/proc'
    Waiting for other mamba process to finish
[collector wgpu0] --once drained 0 checkpoint(s); exiting.
[collector wgpu0] --once drained 0 checkpoint(s); exiting.
error    libmamba Could not set lock (Resource temporarily unavailable)
warning  libmamba Cannot lock '/home/r.dinnage/.cache/mamba/proc'
    Waiting for other mamba process to finish
[collector wgpu0] --once drained 0 checkpoint(s); exiting.
[collector wgpu0] --once drained 0 checkpoint(s); exiting.
[collector wgpu0] --once drained 0 checkpoint(s); exiting.
[collector wgpu0] --once drained 0 checkpoint(s); exiting.
error    libmamba Could not set lock (Resource temporarily unavailable)
warning  libmamba Cannot lock '/home/r.dinnage/.cache/mamba/proc'
    Waiting for other mamba process to finish
[collector wgpu0] --once drained 0 checkpoint(s); exiting.
[collector wgpu0] --once drained 0 checkpoint(s); exiting.
[collector wgpu0] --once drained 0 checkpoint(s); exiting.
[collector wgpu0] --once drained 0 checkpoint(s); exiting.
error    libmamba Could not set lock (Resource temporarily unavailable)
warning  libmamba Cannot lock '/home/r.dinnage/.cache/mamba/proc'
    Waiting for other mamba process to finish
[collector wgpu0] --once drained 0 checkpoint(s); exiting.
[collector wgpu0] --once drained 0 checkpoint(s); exiting.
[collector wgpu0] --once drained 0 checkpoint(s); exiting.
[collector wgpu0] --once drained 0 checkpoint(s); exiting.
[collector wgpu0] --once drained 0 checkpoint(s); exiting.
[collector wgpu0] --once drained 0 checkpoint(s); exiting.
[collector wgpu0] --once drained 0 checkpoint(s); exiting.
[collector wgpu0] --once drained 0 checkpoint(s); exiting.
[collector wgpu0] --once drained 0 checkpoint(s); exiting.
[collector wgpu0] --once drained 0 checkpoint(s); exiting.
[collector wgpu0] --once drained 0 checkpoint(s); exiting.
[collector wgpu0] --once drained 0 checkpoint(s); exiting.
error    libmamba Could not set lock (Resource temporarily unavailable)
warning  libmamba Cannot lock '/home/r.dinnage/.cache/mamba/proc'
    Waiting for other mamba process to finish
[collector wgpu0] --once drained 0 checkpoint(s); exiting.
error    libmamba Could not set lock (Resource temporarily unavailable)
warning  libmamba Cannot lock '/home/r.dinnage/.cache/mamba/proc'
    Waiting for other mamba process to finish
[collector wgpu0] --once drained 0 checkpoint(s); exiting.
[collector wgpu0] --once drained 0 checkpoint(s); exiting.
[collector wgpu0] --once drained 0 checkpoint(s); exiting.
error    libmamba Could not set lock (Resource temporarily unavailable)
warning  libmamba Cannot lock '/home/r.dinnage/.cache/mamba/proc'
    Waiting for other mamba process to finish
[collector wgpu0] --once drained 0 checkpoint(s); exiting.
[collector wgpu0] --once drained 0 checkpoint(s); exiting.
[collector wgpu0] --once drained 0 checkpoint(s); exiting.
[collector wgpu0] --once drained 0 checkpoint(s); exiting.
[collector wgpu0] --once drained 0 checkpoint(s); exiting.
[collector wgpu0] --once drained 0 checkpoint(s); exiting.
[collector wgpu0] --once drained 0 checkpoint(s); exiting.
[collector wgpu0] --once drained 0 checkpoint(s); exiting.
[collector wgpu0] --once drained 0 checkpoint(s); exiting.
[collector wgpu0] --once drained 0 checkpoint(s); exiting.
[collector wgpu0] --once drained 0 checkpoint(s); exiting.
[collector wgpu0] --once drained 0 checkpoint(s); exiting.
[collector wgpu0] --once drained 0 checkpoint(s); exiting.
error    libmamba Could not set lock (Resource temporarily unavailable)
warning  libmamba Cannot lock '/home/r.dinnage/.cache/mamba/proc'
    Waiting for other mamba process to finish
[collector wgpu0] --once drained 0 checkpoint(s); exiting.
[collector wgpu0] --once drained 0 checkpoint(s); exiting.
[collector wgpu0] --once drained 0 checkpoint(s); exiting.
[collector wgpu0] --once drained 0 checkpoint(s); exiting.
[collector wgpu0] --once drained 0 checkpoint(s); exiting.
[collector wgpu0] --once drained 0 checkpoint(s); exiting.
[collector wgpu0] --once drained 0 checkpoint(s); exiting.
[collector wgpu0] --once drained 0 checkpoint(s); exiting.
[collector wgpu0] --once drained 0 checkpoint(s); exiting.
[collector wgpu0] --once drained 0 checkpoint(s); exiting.
[collector wgpu0] --once drained 0 checkpoint(s); exiting.
[collector wgpu0] --once drained 0 checkpoint(s); exiting.
[collector wgpu0] --once drained 0 checkpoint(s); exiting.
error    libmamba Could not set lock (Resource temporarily unavailable)
warning  libmamba Cannot lock '/home/r.dinnage/.cache/mamba/proc'
    Waiting for other mamba process to finish
[collector wgpu0] --once drained 0 checkpoint(s); exiting.
[collector wgpu0] --once drained 0 checkpoint(s); exiting.
error    libmamba Could not set lock (Resource temporarily unavailable)
warning  libmamba Cannot lock '/home/r.dinnage/.cache/mamba/proc'
    Waiting for other mamba process to finish
[collector wgpu0] --once drained 0 checkpoint(s); exiting.
[collector wgpu0] --once drained 0 checkpoint(s); exiting.
[collector wgpu0] --once drained 0 checkpoint(s); exiting.
[collector wgpu0] --once drained 0 checkpoint(s); exiting.
[collector wgpu0] --once drained 0 checkpoint(s); exiting.
error    libmamba Could not set lock (Resource temporarily unavailable)
warning  libmamba Cannot lock '/home/r.dinnage/.cache/mamba/proc'
    Waiting for other mamba process to finish
[collector wgpu0] --once drained 0 checkpoint(s); exiting.
[collector wgpu0] --once drained 0 checkpoint(s); exiting.
[collector wgpu0] --once drained 0 checkpoint(s); exiting.
[collector wgpu0] --once drained 0 checkpoint(s); exiting.
[collector wgpu0] --once drained 0 checkpoint(s); exiting.
[collector wgpu0] --once drained 0 checkpoint(s); exiting.
[collector wgpu0] --once drained 0 checkpoint(s); exiting.
[collector wgpu0] --once drained 0 checkpoint(s); exiting.
[collector wgpu0] --once drained 0 checkpoint(s); exiting.
[collector wgpu0] --once drained 0 checkpoint(s); exiting.
[collector wgpu0] --once drained 0 checkpoint(s); exiting.
[collector wgpu0] --once drained 0 checkpoint(s); exiting.
[collector wgpu0] --once drained 0 checkpoint(s); exiting.
[collector wgpu0] --once drained 0 checkpoint(s); exiting.
[collector wgpu0] --once drained 0 checkpoint(s); exiting.
[collector wgpu0] --once drained 0 checkpoint(s); exiting.
[collector wgpu0] --once drained 0 checkpoint(s); exiting.
[collector wgpu0] --once drained 0 checkpoint(s); exiting.
[collector wgpu0] --once drained 0 checkpoint(s); exiting.
[collector wgpu0] --once drained 0 checkpoint(s); exiting.
[collector wgpu0] --once drained 0 checkpoint(s); exiting.
[collector wgpu0] --once drained 0 checkpoint(s); exiting.
[collector wgpu0] --once drained 0 checkpoint(s); exiting.
[collector wgpu0] --once drained 0 checkpoint(s); exiting.
[collector wgpu0] --once drained 0 checkpoint(s); exiting.
[collector wgpu0] --once drained 0 checkpoint(s); exiting.
error    libmamba Could not set lock (Resource temporarily unavailable)
warning  libmamba Cannot lock '/home/r.dinnage/.cache/mamba/proc'
    Waiting for other mamba process to finish
[collector wgpu0] --once drained 0 checkpoint(s); exiting.
[collector wgpu0] --once drained 0 checkpoint(s); exiting.
error    libmamba Could not set lock (Resource temporarily unavailable)
warning  libmamba Cannot lock '/home/r.dinnage/.cache/mamba/proc'
    Waiting for other mamba process to finish
[collector wgpu0] --once drained 0 checkpoint(s); exiting.
[collector wgpu0] --once drained 0 checkpoint(s); exiting.
[collector wgpu0] --once drained 0 checkpoint(s); exiting.
[collector wgpu0] --once drained 0 checkpoint(s); exiting.
error    libmamba Could not set lock (Resource temporarily unavailable)
warning  libmamba Cannot lock '/home/r.dinnage/.cache/mamba/proc'
    Waiting for other mamba process to finish
[collector wgpu0] --once drained 0 checkpoint(s); exiting.
[collector wgpu0] --once drained 0 checkpoint(s); exiting.
[collector wgpu0] --once drained 0 checkpoint(s); exiting.
[collector wgpu0] --once drained 0 checkpoint(s); exiting.
[collector wgpu0] --once drained 0 checkpoint(s); exiting.
[collector wgpu0] --once drained 0 checkpoint(s); exiting.
[collector wgpu0] --once drained 0 checkpoint(s); exiting.
error    libmamba Could not set lock (Resource temporarily unavailable)
warning  libmamba Cannot lock '/home/r.dinnage/.cache/mamba/proc'
    Waiting for other mamba process to finish
[collector wgpu0] --once drained 0 checkpoint(s); exiting.
[collector wgpu0] --once drained 0 checkpoint(s); exiting.
[collector wgpu0] --once drained 0 checkpoint(s); exiting.
[collector wgpu0] --once drained 0 checkpoint(s); exiting.
[collector wgpu0] --once drained 0 checkpoint(s); exiting.
[collector wgpu0] --once drained 0 checkpoint(s); exiting.
error    libmamba Could not set lock (Resource temporarily unavailable)
warning  libmamba Cannot lock '/home/r.dinnage/.cache/mamba/proc'
    Waiting for other mamba process to finish
[collector wgpu0] --once drained 0 checkpoint(s); exiting.
[collector wgpu0] --once drained 0 checkpoint(s); exiting.
[collector wgpu0] --once drained 0 checkpoint(s); exiting.
error    libmamba Could not set lock (Resource temporarily unavailable)
warning  libmamba Cannot lock '/home/r.dinnage/.cache/mamba/proc'
    Waiting for other mamba process to finish
[collector wgpu0] --once drained 0 checkpoint(s); exiting.
[collector wgpu0] --once drained 0 checkpoint(s); exiting.
[collector wgpu0] --once drained 0 checkpoint(s); exiting.
[collector wgpu0] --once drained 0 checkpoint(s); exiting.
[collector wgpu0] --once drained 0 checkpoint(s); exiting.
[collector wgpu0] --once drained 0 checkpoint(s); exiting.
[collector wgpu0] --once drained 0 checkpoint(s); exiting.
error    libmamba Could not set lock (Resource temporarily unavailable)
warning  libmamba Cannot lock '/home/r.dinnage/.cache/mamba/proc'
    Waiting for other mamba process to finish
[collector wgpu0] --once drained 0 checkpoint(s); exiting.
error    libmamba Could not set lock (Resource temporarily unavailable)
warning  libmamba Cannot lock '/home/r.dinnage/.cache/mamba/proc'
    Waiting for other mamba process to finish
[collector wgpu0] --once drained 0 checkpoint(s); exiting.
[collector wgpu0] --once drained 0 checkpoint(s); exiting.
error    libmamba Could not set lock (Resource temporarily unavailable)
warning  libmamba Cannot lock '/home/r.dinnage/.cache/mamba/proc'
    Waiting for other mamba process to finish
[collector wgpu0] --once drained 0 checkpoint(s); exiting.
[collector wgpu0] --once drained 0 checkpoint(s); exiting.
[collector wgpu0] --once drained 0 checkpoint(s); exiting.
[collector wgpu0] --once drained 0 checkpoint(s); exiting.
[collector wgpu0] --once drained 0 checkpoint(s); exiting.
error    libmamba Could not set lock (Resource temporarily unavailable)
warning  libmamba Cannot lock '/home/r.dinnage/.cache/mamba/proc'
    Waiting for other mamba process to finish
[collector wgpu0] --once drained 0 checkpoint(s); exiting.
error    libmamba Could not set lock (Resource temporarily unavailable)
warning  libmamba Cannot lock '/home/r.dinnage/.cache/mamba/proc'
    Waiting for other mamba process to finish
[collector wgpu0] --once drained 0 checkpoint(s); exiting.
[collector wgpu0] --once drained 0 checkpoint(s); exiting.
[collector wgpu0] --once drained 0 checkpoint(s); exiting.
[collector wgpu0] --once drained 0 checkpoint(s); exiting.
[collector wgpu0] --once drained 0 checkpoint(s); exiting.
[collector wgpu0] --once drained 0 checkpoint(s); exiting.
error    libmamba Could not set lock (Resource temporarily unavailable)
warning  libmamba Cannot lock '/home/r.dinnage/.cache/mamba/proc'
    Waiting for other mamba process to finish
[collector wgpu0] --once drained 0 checkpoint(s); exiting.
[collector wgpu0] --once drained 0 checkpoint(s); exiting.
error    libmamba Could not set lock (Resource temporarily unavailable)
warning  libmamba Cannot lock '/home/r.dinnage/.cache/mamba/proc'
    Waiting for other mamba process to finish
[collector wgpu0] --once drained 0 checkpoint(s); exiting.
[collector wgpu0] --once drained 0 checkpoint(s); exiting.
[collector wgpu0] --once drained 0 checkpoint(s); exiting.
[collector wgpu0] --once drained 0 checkpoint(s); exiting.
[collector wgpu0] --once drained 0 checkpoint(s); exiting.
[collector wgpu0] --once drained 0 checkpoint(s); exiting.
[collector wgpu0] --once drained 0 checkpoint(s); exiting.
[collector wgpu0] --once drained 0 checkpoint(s); exiting.
[collector wgpu0] --once drained 0 checkpoint(s); exiting.
[collector wgpu0] --once drained 0 checkpoint(s); exiting.
[collector wgpu0] --once drained 0 checkpoint(s); exiting.
[collector wgpu0] --once drained 0 checkpoint(s); exiting.
[collector wgpu0] --once drained 0 checkpoint(s); exiting.
[collector wgpu0] --once drained 0 checkpoint(s); exiting.
[collector wgpu0] --once drained 0 checkpoint(s); exiting.
[collector wgpu0] --once drained 0 checkpoint(s); exiting.
[collector wgpu0] --once drained 0 checkpoint(s); exiting.
error    libmamba Could not set lock (Resource temporarily unavailable)
warning  libmamba Cannot lock '/home/r.dinnage/.cache/mamba/proc'
    Waiting for other mamba process to finish
[collector wgpu0] --once drained 0 checkpoint(s); exiting.
[collector wgpu0] --once drained 0 checkpoint(s); exiting.
error    libmamba Could not set lock (Resource temporarily unavailable)
warning  libmamba Cannot lock '/home/r.dinnage/.cache/mamba/proc'
    Waiting for other mamba process to finish
[collector wgpu0] --once drained 0 checkpoint(s); exiting.
[collector wgpu0] --once drained 0 checkpoint(s); exiting.
[collector wgpu0] --once drained 0 checkpoint(s); exiting.
[collector wgpu0] --once drained 0 checkpoint(s); exiting.
error    libmamba Could not set lock (Resource temporarily unavailable)
warning  libmamba Cannot lock '/home/r.dinnage/.cache/mamba/proc'
    Waiting for other mamba process to finish
[collector wgpu0] --once drained 0 checkpoint(s); exiting.
error    libmamba Could not set lock (Resource temporarily unavailable)
warning  libmamba Cannot lock '/home/r.dinnage/.cache/mamba/proc'
    Waiting for other mamba process to finish
[collector wgpu0] --once drained 0 checkpoint(s); exiting.
[collector wgpu0] --once drained 0 checkpoint(s); exiting.
[collector wgpu0] --once drained 0 checkpoint(s); exiting.
[collector wgpu0] --once drained 0 checkpoint(s); exiting.
[collector wgpu0] --once drained 0 checkpoint(s); exiting.
error    libmamba Could not set lock (Resource temporarily unavailable)
warning  libmamba Cannot lock '/home/r.dinnage/.cache/mamba/proc'
    Waiting for other mamba process to finish
[collector wgpu0] --once drained 0 checkpoint(s); exiting.
[collector wgpu0] --once drained 0 checkpoint(s); exiting.
error    libmamba Could not set lock (Resource temporarily unavailable)
warning  libmamba Cannot lock '/home/r.dinnage/.cache/mamba/proc'
    Waiting for other mamba process to finish
[extract] step=1400 heavy=TRUE total=91.33s | block_curvature=5.71 block_interp=40.19 block_probes=35.13 block_fitness=7.37
[collector wgpu0] gpu-pass DONE run_id=plantclef__stable_evo__s42 step=0 blocks_ok=4 t=91.326s (all_passes_complete=True)
[extract] step=1400 heavy=TRUE total=91.64s | block_curvature=4.69 block_interp=42.81 block_probes=35.82 block_fitness=5.85
[collector wgpu0] gpu-pass DONE run_id=plantclef__stable_evo__s42 step=0 blocks_ok=4 t=91.639s (all_passes_complete=True)
[collector wgpu0] FINALIZED run_id=plantclef__stable_evo__s42 step=0 -> KEPT(->kept/,FULL anchor)
[collector wgpu0] --once drained 3 checkpoint(s); exiting.
[cwgpu0] drained 3 checkpoint(s); GPU-pass backlog present -> skip d90, loop.
[collector wgpu0] --once drained 0 checkpoint(s); exiting.
[collector wgpu0] --once drained 0 checkpoint(s); exiting.
[collector wgpu0] --once drained 0 checkpoint(s); exiting.
[collector wgpu0] --once drained 0 checkpoint(s); exiting.
[collector wgpu0] --once drained 0 checkpoint(s); exiting.
error    libmamba Could not set lock (Resource temporarily unavailable)
warning  libmamba Cannot lock '/home/r.dinnage/.cache/mamba/proc'
    Waiting for other mamba process to finish
[collector wgpu0] --once drained 0 checkpoint(s); exiting.
[collector wgpu0] --once drained 0 checkpoint(s); exiting.
[collector wgpu0] --once drained 0 checkpoint(s); exiting.
[collector wgpu0] --once drained 0 checkpoint(s); exiting.
[collector wgpu0] --once drained 0 checkpoint(s); exiting.
[collector wgpu0] --once drained 0 checkpoint(s); exiting.
error    libmamba Could not set lock (Resource temporarily unavailable)
warning  libmamba Cannot lock '/home/r.dinnage/.cache/mamba/proc'
    Waiting for other mamba process to finish
[collector wgpu0] --once drained 0 checkpoint(s); exiting.
[collector wgpu0] --once drained 0 checkpoint(s); exiting.
error    libmamba Could not set lock (Resource temporarily unavailable)
warning  libmamba Cannot lock '/home/r.dinnage/.cache/mamba/proc'
    Waiting for other mamba process to finish
[collector wgpu0] --once drained 0 checkpoint(s); exiting.
[collector wgpu0] --once drained 0 checkpoint(s); exiting.
[collector wgpu0] --once drained 0 checkpoint(s); exiting.
error    libmamba Could not set lock (Resource temporarily unavailable)
warning  libmamba Cannot lock '/home/r.dinnage/.cache/mamba/proc'
    Waiting for other mamba process to finish
[collector wgpu0] --once drained 0 checkpoint(s); exiting.
[collector wgpu0] --once drained 0 checkpoint(s); exiting.
[collector wgpu0] --once drained 0 checkpoint(s); exiting.
error    libmamba Could not set lock (Resource temporarily unavailable)
warning  libmamba Cannot lock '/home/r.dinnage/.cache/mamba/proc'
    Waiting for other mamba process to finish
[collector wgpu0] --once drained 0 checkpoint(s); exiting.
[collector wgpu0] --once drained 0 checkpoint(s); exiting.
[collector wgpu0] --once drained 0 checkpoint(s); exiting.
[collector wgpu0] --once drained 0 checkpoint(s); exiting.
[collector wgpu0] --once drained 0 checkpoint(s); exiting.
[collector wgpu0] --once drained 0 checkpoint(s); exiting.
[collector wgpu0] --once drained 0 checkpoint(s); exiting.
[collector wgpu0] --once drained 0 checkpoint(s); exiting.
[collector wgpu0] --once drained 0 checkpoint(s); exiting.
[collector wgpu0] --once drained 0 checkpoint(s); exiting.
[collector wgpu0] --once drained 0 checkpoint(s); exiting.
error    libmamba Could not set lock (Resource temporarily unavailable)
warning  libmamba Cannot lock '/home/r.dinnage/.cache/mamba/proc'
    Waiting for other mamba process to finish
[collector wgpu0] --once drained 0 checkpoint(s); exiting.
[collector wgpu0] --once drained 0 checkpoint(s); exiting.
[collector wgpu0] --once drained 0 checkpoint(s); exiting.
[collector wgpu0] --once drained 0 checkpoint(s); exiting.
[collector wgpu0] --once drained 0 checkpoint(s); exiting.
[collector wgpu0] --once drained 0 checkpoint(s); exiting.
[collector wgpu0] --once drained 0 checkpoint(s); exiting.
[collector wgpu0] --once drained 0 checkpoint(s); exiting.
[collector wgpu0] --once drained 0 checkpoint(s); exiting.
[collector wgpu0] --once drained 0 checkpoint(s); exiting.
[collector wgpu0] --once drained 0 checkpoint(s); exiting.
[collector wgpu0] --once drained 0 checkpoint(s); exiting.
[collector wgpu0] --once drained 0 checkpoint(s); exiting.
[collector wgpu0] --once drained 0 checkpoint(s); exiting.
[collector wgpu0] --once drained 0 checkpoint(s); exiting.
[collector wgpu0] --once drained 0 checkpoint(s); exiting.
[collector wgpu0] --once drained 0 checkpoint(s); exiting.
[collector wgpu0] --once drained 0 checkpoint(s); exiting.
[collector wgpu0] --once drained 0 checkpoint(s); exiting.
[collector wgpu0] --once drained 0 checkpoint(s); exiting.
[collector wgpu0] --once drained 0 checkpoint(s); exiting.
[collector wgpu0] --once drained 0 checkpoint(s); exiting.
[collector wgpu0] --once drained 0 checkpoint(s); exiting.
error    libmamba Could not set lock (Resource temporarily unavailable)
warning  libmamba Cannot lock '/home/r.dinnage/.cache/mamba/proc'
    Waiting for other mamba process to finish
[collector wgpu0] --once drained 0 checkpoint(s); exiting.
[collector wgpu0] --once drained 0 checkpoint(s); exiting.
[collector wgpu0] --once drained 0 checkpoint(s); exiting.
[collector wgpu0] --once drained 0 checkpoint(s); exiting.
[collector wgpu0] --once drained 0 checkpoint(s); exiting.
error    libmamba Could not set lock (Resource temporarily unavailable)
warning  libmamba Cannot lock '/home/r.dinnage/.cache/mamba/proc'
    Waiting for other mamba process to finish
[collector wgpu0] --once drained 0 checkpoint(s); exiting.
[collector wgpu0] --once drained 0 checkpoint(s); exiting.
[collector wgpu0] --once drained 0 checkpoint(s); exiting.
[collector wgpu0] --once drained 0 checkpoint(s); exiting.
error    libmamba Could not set lock (Resource temporarily unavailable)
warning  libmamba Cannot lock '/home/r.dinnage/.cache/mamba/proc'
    Waiting for other mamba process to finish
[collector wgpu0] --once drained 0 checkpoint(s); exiting.
[collector wgpu0] --once drained 0 checkpoint(s); exiting.
[collector wgpu0] --once drained 0 checkpoint(s); exiting.
[collector wgpu0] --once drained 0 checkpoint(s); exiting.
[collector wgpu0] --once drained 0 checkpoint(s); exiting.
error    libmamba Could not set lock (Resource temporarily unavailable)
warning  libmamba Cannot lock '/home/r.dinnage/.cache/mamba/proc'
    Waiting for other mamba process to finish
[collector wgpu0] --once drained 0 checkpoint(s); exiting.
[collector wgpu0] --once drained 0 checkpoint(s); exiting.
[collector wgpu0] --once drained 0 checkpoint(s); exiting.
[collector wgpu0] --once drained 0 checkpoint(s); exiting.
[collector wgpu0] --once drained 0 checkpoint(s); exiting.
[collector wgpu0] --once drained 0 checkpoint(s); exiting.
error    libmamba Could not set lock (Resource temporarily unavailable)
warning  libmamba Cannot lock '/home/r.dinnage/.cache/mamba/proc'
    Waiting for other mamba process to finish
[collector wgpu0] --once drained 0 checkpoint(s); exiting.
[collector wgpu0] --once drained 0 checkpoint(s); exiting.
[collector wgpu0] --once drained 0 checkpoint(s); exiting.
[collector wgpu0] --once drained 0 checkpoint(s); exiting.
[collector wgpu0] --once drained 0 checkpoint(s); exiting.
error    libmamba Could not set lock (Resource temporarily unavailable)
warning  libmamba Cannot lock '/home/r.dinnage/.cache/mamba/proc'
    Waiting for other mamba process to finish
[collector wgpu0] --once drained 0 checkpoint(s); exiting.
[collector wgpu0] --once drained 0 checkpoint(s); exiting.
error    libmamba Could not set lock (Resource temporarily unavailable)
warning  libmamba Cannot lock '/home/r.dinnage/.cache/mamba/proc'
    Waiting for other mamba process to finish
[collector wgpu0] --once drained 0 checkpoint(s); exiting.
[collector wgpu0] --once drained 0 checkpoint(s); exiting.
[collector wgpu0] --once drained 0 checkpoint(s); exiting.
error    libmamba Could not set lock (Resource temporarily unavailable)
warning  libmamba Cannot lock '/home/r.dinnage/.cache/mamba/proc'
    Waiting for other mamba process to finish
[collector wgpu0] --once drained 0 checkpoint(s); exiting.
[collector wgpu0] --once drained 0 checkpoint(s); exiting.
[collector wgpu0] --once drained 0 checkpoint(s); exiting.
[collector wgpu0] --once drained 0 checkpoint(s); exiting.
error    libmamba Could not set lock (Resource temporarily unavailable)
warning  libmamba Cannot lock '/home/r.dinnage/.cache/mamba/proc'
    Waiting for other mamba process to finish
[collector wgpu0] --once drained 0 checkpoint(s); exiting.
[collector wgpu0] --once drained 0 checkpoint(s); exiting.
[collector wgpu0] --once drained 0 checkpoint(s); exiting.
[collector wgpu0] --once drained 0 checkpoint(s); exiting.
[collector wgpu0] --once drained 0 checkpoint(s); exiting.
error    libmamba Could not set lock (Resource temporarily unavailable)
warning  libmamba Cannot lock '/home/r.dinnage/.cache/mamba/proc'
    Waiting for other mamba process to finish
[collector wgpu0] --once drained 0 checkpoint(s); exiting.
error    libmamba Could not set lock (Resource temporarily unavailable)
warning  libmamba Cannot lock '/home/r.dinnage/.cache/mamba/proc'
    Waiting for other mamba process to finish
[collector wgpu0] --once drained 0 checkpoint(s); exiting.
[collector wgpu0] --once drained 0 checkpoint(s); exiting.
[collector wgpu0] --once drained 0 checkpoint(s); exiting.
[extract] step=1600 heavy=TRUE total=91.36s | block_curvature=5.58 block_interp=39.84 block_probes=32.70 block_fitness=7.83
[collector wgpu0] gpu-pass DONE run_id=plantclef__stable_evo__s42 step=1600 blocks_ok=4 t=91.364s (all_passes_complete=True)
[collector wgpu0] FINALIZED run_id=plantclef__stable_evo__s42 step=1600 -> KEPT(->kept/,ladder model-only+FULL latest-slot)
[collector wgpu0] --once drained 2 checkpoint(s); exiting.
[cwgpu0] drained 2 checkpoint(s); GPU-pass backlog present -> skip d90, loop.
[collector wgpu0] --once drained 0 checkpoint(s); exiting.
[collector wgpu0] --once drained 0 checkpoint(s); exiting.
[collector wgpu0] --once drained 0 checkpoint(s); exiting.
[collector wgpu0] --once drained 0 checkpoint(s); exiting.
[extract] step=1612 SKIP heavy block block_interp (ordinal=322 basis=step_fallback heavy_every=8)
[extract] step=1612 SKIP heavy block block_probes (ordinal=322 basis=step_fallback heavy_every=8)
[extract] step=1612 heavy=FALSE total=16.14s | block_curvature=4.79 block_fitness=5.88
[collector wgpu0] gpu-pass DONE run_id=plantclef__stable_evo__s42 step=1612 blocks_ok=2 t=16.14s (all_passes_complete=True)
[collector wgpu0] FINALIZED run_id=plantclef__stable_evo__s42 step=1612 -> KEPT(->kept/,FULL latest-slot)
[collector wgpu0] --once drained 2 checkpoint(s); exiting.
error    libmamba Could not set lock (Resource temporarily unavailable)
warning  libmamba Cannot lock '/home/r.dinnage/.cache/mamba/proc'
    Waiting for other mamba process to finish
[cwgpu0] drained 2 checkpoint(s); GPU-pass backlog present -> skip d90, loop.
[collector wgpu0] --once drained 0 checkpoint(s); exiting.
[collector wgpu0] --once drained 0 checkpoint(s); exiting.
error    libmamba Could not set lock (Resource temporarily unavailable)
warning  libmamba Cannot lock '/home/r.dinnage/.cache/mamba/proc'
    Waiting for other mamba process to finish
[collector wgpu0] --once drained 0 checkpoint(s); exiting.
[collector wgpu0] --once drained 0 checkpoint(s); exiting.
[collector wgpu0] --once drained 0 checkpoint(s); exiting.
[extract] step=1624 SKIP heavy block block_interp (ordinal=324 basis=step_fallback heavy_every=8)
[extract] step=1624 SKIP heavy block block_probes (ordinal=324 basis=step_fallback heavy_every=8)
[extract] step=1624 heavy=FALSE total=16.13s | block_curvature=4.79 block_fitness=5.86
[collector wgpu0] gpu-pass DONE run_id=plantclef__stable_evo__s42 step=1624 blocks_ok=2 t=16.132s (all_passes_complete=True)
[collector wgpu0] FINALIZED run_id=plantclef__stable_evo__s42 step=1624 -> KEPT(->kept/,FULL latest-slot)
[collector wgpu0] --once drained 2 checkpoint(s); exiting.
[cwgpu0] drained 2 checkpoint(s); GPU-pass backlog present -> skip d90, loop.
[collector wgpu0] --once drained 0 checkpoint(s); exiting.
[collector wgpu0] --once drained 0 checkpoint(s); exiting.
[collector wgpu0] --once drained 0 checkpoint(s); exiting.
[collector wgpu0] --once drained 0 checkpoint(s); exiting.
[collector wgpu0] --once drained 0 checkpoint(s); exiting.
[extract] step=1636 SKIP heavy block block_interp (ordinal=327 basis=step_fallback heavy_every=8)
[extract] step=1636 SKIP heavy block block_probes (ordinal=327 basis=step_fallback heavy_every=8)
[extract] step=1636 heavy=FALSE total=16.27s | block_curvature=4.81 block_fitness=5.88
[collector wgpu0] gpu-pass DONE run_id=plantclef__stable_evo__s42 step=1636 blocks_ok=2 t=16.271s (all_passes_complete=True)
[collector wgpu0] FINALIZED run_id=plantclef__stable_evo__s42 step=1636 -> KEPT(->kept/,FULL latest-slot)
[collector wgpu0] --once drained 2 checkpoint(s); exiting.
[cwgpu0] drained 2 checkpoint(s); GPU-pass backlog present -> skip d90, loop.
[collector wgpu0] --once drained 0 checkpoint(s); exiting.
[collector wgpu0] --once drained 0 checkpoint(s); exiting.
[collector wgpu0] --once drained 0 checkpoint(s); exiting.
[collector wgpu0] --once drained 0 checkpoint(s); exiting.
[collector wgpu0] --once drained 0 checkpoint(s); exiting.
[extract] step=1648 SKIP heavy block block_interp (ordinal=329 basis=step_fallback heavy_every=8)
[extract] step=1648 SKIP heavy block block_probes (ordinal=329 basis=step_fallback heavy_every=8)
[extract] step=1648 heavy=FALSE total=16.11s | block_curvature=4.77 block_fitness=5.82
[collector wgpu0] gpu-pass DONE run_id=plantclef__stable_evo__s42 step=1648 blocks_ok=2 t=16.106s (all_passes_complete=True)
[collector wgpu0] FINALIZED run_id=plantclef__stable_evo__s42 step=1648 -> KEPT(->kept/,FULL latest-slot)
[collector wgpu0] --once drained 2 checkpoint(s); exiting.
[cwgpu0] drained 2 checkpoint(s); GPU-pass backlog present -> skip d90, loop.
[collector wgpu0] --once drained 0 checkpoint(s); exiting.
[collector wgpu0] --once drained 0 checkpoint(s); exiting.
error    libmamba Could not set lock (Resource temporarily unavailable)
warning  libmamba Cannot lock '/home/r.dinnage/.cache/mamba/proc'
    Waiting for other mamba process to finish
[collector wgpu0] --once drained 0 checkpoint(s); exiting.
[collector wgpu0] --once drained 0 checkpoint(s); exiting.
error    libmamba Could not set lock (Resource temporarily unavailable)
warning  libmamba Cannot lock '/home/r.dinnage/.cache/mamba/proc'
    Waiting for other mamba process to finish
[collector wgpu0] --once drained 0 checkpoint(s); exiting.
[extract] step=1660 SKIP heavy block block_interp (ordinal=332 basis=step_fallback heavy_every=8)
[extract] step=1660 SKIP heavy block block_probes (ordinal=332 basis=step_fallback heavy_every=8)
[extract] step=1660 heavy=FALSE total=16.43s | block_curvature=4.78 block_fitness=5.88
[collector wgpu0] gpu-pass DONE run_id=plantclef__stable_evo__s42 step=1660 blocks_ok=2 t=16.431s (all_passes_complete=True)
[collector wgpu0] FINALIZED run_id=plantclef__stable_evo__s42 step=1660 -> KEPT(->kept/,FULL latest-slot)
[collector wgpu0] --once drained 2 checkpoint(s); exiting.
[cwgpu0] drained 2 checkpoint(s); GPU-pass backlog present -> skip d90, loop.
[collector wgpu0] --once drained 0 checkpoint(s); exiting.
[collector wgpu0] --once drained 0 checkpoint(s); exiting.
[collector wgpu0] --once drained 0 checkpoint(s); exiting.
[collector wgpu0] --once drained 0 checkpoint(s); exiting.
[collector wgpu0] --once drained 0 checkpoint(s); exiting.
[extract] step=1672 SKIP heavy block block_interp (ordinal=334 basis=step_fallback heavy_every=8)
[extract] step=1672 SKIP heavy block block_probes (ordinal=334 basis=step_fallback heavy_every=8)
[extract] step=1672 heavy=FALSE total=17.19s | block_curvature=4.78 block_fitness=5.90
[collector wgpu0] gpu-pass DONE run_id=plantclef__stable_evo__s42 step=1672 blocks_ok=2 t=17.186s (all_passes_complete=True)
[collector wgpu0] FINALIZED run_id=plantclef__stable_evo__s42 step=1672 -> KEPT(->kept/,FULL latest-slot)
[collector wgpu0] --once drained 2 checkpoint(s); exiting.
[cwgpu0] drained 2 checkpoint(s); GPU-pass backlog present -> skip d90, loop.
[collector wgpu0] --once drained 0 checkpoint(s); exiting.
[collector wgpu0] --once drained 0 checkpoint(s); exiting.
[extract] step=1678 SKIP heavy block block_interp (ordinal=335 basis=step_fallback heavy_every=8)
[extract] step=1678 SKIP heavy block block_probes (ordinal=335 basis=step_fallback heavy_every=8)
[extract] step=1678 heavy=FALSE total=16.24s | block_curvature=4.78 block_fitness=5.90
[collector wgpu0] gpu-pass DONE run_id=plantclef__stable_evo__s42 step=1678 blocks_ok=2 t=16.241s (all_passes_complete=True)
[collector wgpu0] FINALIZED run_id=plantclef__stable_evo__s42 step=1678 -> KEPT(->kept/,FULL latest-slot)
[collector wgpu0] --once drained 2 checkpoint(s); exiting.
[cwgpu0] drained 2 checkpoint(s); GPU-pass backlog present -> skip d90, loop.
[collector wgpu0] --once drained 0 checkpoint(s); exiting.
[collector wgpu0] --once drained 0 checkpoint(s); exiting.
error    libmamba Could not set lock (Resource temporarily unavailable)
warning  libmamba Cannot lock '/home/r.dinnage/.cache/mamba/proc'
    Waiting for other mamba process to finish
[collector wgpu0] --once drained 0 checkpoint(s); exiting.
[collector wgpu0] --once drained 0 checkpoint(s); exiting.
[collector wgpu0] --once drained 0 checkpoint(s); exiting.
[extract] step=1690 SKIP heavy block block_interp (ordinal=338 basis=step_fallback heavy_every=8)
[extract] step=1690 SKIP heavy block block_probes (ordinal=338 basis=step_fallback heavy_every=8)
[extract] step=1690 heavy=FALSE total=16.23s | block_curvature=4.82 block_fitness=5.90
[collector wgpu0] gpu-pass DONE run_id=plantclef__stable_evo__s42 step=1690 blocks_ok=2 t=16.23s (all_passes_complete=True)
[collector wgpu0] FINALIZED run_id=plantclef__stable_evo__s42 step=1690 -> KEPT(->kept/,FULL latest-slot)
[collector wgpu0] --once drained 2 checkpoint(s); exiting.
[cwgpu0] drained 2 checkpoint(s); GPU-pass backlog present -> skip d90, loop.
[collector wgpu0] --once drained 0 checkpoint(s); exiting.
error    libmamba Could not set lock (Resource temporarily unavailable)
warning  libmamba Cannot lock '/home/r.dinnage/.cache/mamba/proc'
    Waiting for other mamba process to finish
[collector wgpu0] --once drained 0 checkpoint(s); exiting.
[collector wgpu0] --once drained 0 checkpoint(s); exiting.
[collector wgpu0] --once drained 0 checkpoint(s); exiting.
error    libmamba Could not set lock (Resource temporarily unavailable)
warning  libmamba Cannot lock '/home/r.dinnage/.cache/mamba/proc'
    Waiting for other mamba process to finish
[collector wgpu0] --once drained 0 checkpoint(s); exiting.
error    libmamba Could not set lock (Resource temporarily unavailable)
warning  libmamba Cannot lock '/home/r.dinnage/.cache/mamba/proc'
    Waiting for other mamba process to finish
[collector wgpu0] --once drained 0 checkpoint(s); exiting.
[collector wgpu0] --once drained 0 checkpoint(s); exiting.
[collector wgpu0] --once drained 0 checkpoint(s); exiting.
[extract] step=1702 SKIP heavy block block_interp (ordinal=340 basis=step_fallback heavy_every=8)
[extract] step=1702 SKIP heavy block block_probes (ordinal=340 basis=step_fallback heavy_every=8)
[extract] step=1702 heavy=FALSE total=16.19s | block_curvature=4.79 block_fitness=5.88
[collector wgpu0] gpu-pass DONE run_id=plantclef__stable_evo__s42 step=1702 blocks_ok=2 t=16.19s (all_passes_complete=True)
[collector wgpu0] FINALIZED run_id=plantclef__stable_evo__s42 step=1702 -> KEPT(->kept/,FULL latest-slot)
[collector wgpu0] --once drained 2 checkpoint(s); exiting.
[cwgpu0] drained 2 checkpoint(s); GPU-pass backlog present -> skip d90, loop.
[collector wgpu0] --once drained 0 checkpoint(s); exiting.
[collector wgpu0] --once drained 0 checkpoint(s); exiting.
[collector wgpu0] --once drained 0 checkpoint(s); exiting.
error    libmamba Could not set lock (Resource temporarily unavailable)
warning  libmamba Cannot lock '/home/r.dinnage/.cache/mamba/proc'
    Waiting for other mamba process to finish
[collector wgpu0] --once drained 0 checkpoint(s); exiting.
[collector wgpu0] --once drained 0 checkpoint(s); exiting.
[extract] step=1714 SKIP heavy block block_interp (ordinal=342 basis=step_fallback heavy_every=8)
[extract] step=1714 SKIP heavy block block_probes (ordinal=342 basis=step_fallback heavy_every=8)
[extract] step=1714 heavy=FALSE total=16.40s | block_curvature=4.81 block_fitness=5.89
[collector wgpu0] gpu-pass DONE run_id=plantclef__stable_evo__s42 step=1714 blocks_ok=2 t=16.403s (all_passes_complete=True)
[collector wgpu0] FINALIZED run_id=plantclef__stable_evo__s42 step=1714 -> KEPT(->kept/,FULL latest-slot)
[collector wgpu0] --once drained 2 checkpoint(s); exiting.
[cwgpu0] drained 2 checkpoint(s); GPU-pass backlog present -> skip d90, loop.
[collector wgpu0] --once drained 0 checkpoint(s); exiting.
[collector wgpu0] --once drained 0 checkpoint(s); exiting.
[collector wgpu0] --once drained 0 checkpoint(s); exiting.
[collector wgpu0] --once drained 0 checkpoint(s); exiting.
[collector wgpu0] --once drained 0 checkpoint(s); exiting.
[extract] step=1726 SKIP heavy block block_interp (ordinal=345 basis=step_fallback heavy_every=8)
[extract] step=1726 SKIP heavy block block_probes (ordinal=345 basis=step_fallback heavy_every=8)
[extract] step=1726 heavy=FALSE total=16.31s | block_curvature=4.81 block_fitness=5.88
[collector wgpu0] gpu-pass DONE run_id=plantclef__stable_evo__s42 step=1726 blocks_ok=2 t=16.313s (all_passes_complete=True)
[collector wgpu0] FINALIZED run_id=plantclef__stable_evo__s42 step=1726 -> KEPT(->kept/,FULL latest-slot)
[collector wgpu0] --once drained 2 checkpoint(s); exiting.
[cwgpu0] drained 2 checkpoint(s); GPU-pass backlog present -> skip d90, loop.
[collector wgpu0] --once drained 0 checkpoint(s); exiting.
[collector wgpu0] --once drained 0 checkpoint(s); exiting.
[collector wgpu0] --once drained 0 checkpoint(s); exiting.
[collector wgpu0] --once drained 0 checkpoint(s); exiting.
[collector wgpu0] --once drained 0 checkpoint(s); exiting.
[extract] step=1738 SKIP heavy block block_interp (ordinal=347 basis=step_fallback heavy_every=8)
[extract] step=1738 SKIP heavy block block_probes (ordinal=347 basis=step_fallback heavy_every=8)
[extract] step=1738 heavy=FALSE total=16.26s | block_curvature=4.79 block_fitness=5.89
[collector wgpu0] gpu-pass DONE run_id=plantclef__stable_evo__s42 step=1738 blocks_ok=2 t=16.256s (all_passes_complete=True)
[collector wgpu0] FINALIZED run_id=plantclef__stable_evo__s42 step=1738 -> KEPT(->kept/,FULL latest-slot)
[collector wgpu0] --once drained 2 checkpoint(s); exiting.
[cwgpu0] drained 2 checkpoint(s); GPU-pass backlog present -> skip d90, loop.
[collector wgpu0] --once drained 0 checkpoint(s); exiting.
[collector wgpu0] --once drained 0 checkpoint(s); exiting.
error    libmamba Could not set lock (Resource temporarily unavailable)
warning  libmamba Cannot lock '/home/r.dinnage/.cache/mamba/proc'
    Waiting for other mamba process to finish
[collector wgpu0] --once drained 0 checkpoint(s); exiting.
[collector wgpu0] --once drained 0 checkpoint(s); exiting.
[collector wgpu0] --once drained 0 checkpoint(s); exiting.
[extract] step=1750 SKIP heavy block block_interp (ordinal=350 basis=step_fallback heavy_every=8)
[extract] step=1750 SKIP heavy block block_probes (ordinal=350 basis=step_fallback heavy_every=8)
[extract] step=1750 heavy=FALSE total=16.25s | block_curvature=4.78 block_fitness=5.94
[collector wgpu0] gpu-pass DONE run_id=plantclef__stable_evo__s42 step=1750 blocks_ok=2 t=16.249s (all_passes_complete=True)
[collector wgpu0] FINALIZED run_id=plantclef__stable_evo__s42 step=1750 -> KEPT(->kept/,FULL latest-slot)
[collector wgpu0] --once drained 2 checkpoint(s); exiting.
[cwgpu0] drained 2 checkpoint(s); GPU-pass backlog present -> skip d90, loop.
[collector wgpu0] --once drained 0 checkpoint(s); exiting.
[collector wgpu0] --once drained 0 checkpoint(s); exiting.
[collector wgpu0] --once drained 0 checkpoint(s); exiting.
[collector wgpu0] --once drained 0 checkpoint(s); exiting.
[collector wgpu0] --once drained 0 checkpoint(s); exiting.
[extract] step=1762 heavy=TRUE total=92.31s | block_curvature=4.82 block_interp=39.99 block_probes=36.14 block_fitness=6.04
[collector wgpu0] gpu-pass DONE run_id=plantclef__stable_evo__s42 step=1762 blocks_ok=4 t=92.314s (all_passes_complete=True)
[collector wgpu0] FINALIZED run_id=plantclef__stable_evo__s42 step=1762 -> KEPT(->kept/,FULL latest-slot)
[collector wgpu0] --once drained 2 checkpoint(s); exiting.
error    libmamba Could not set lock (Resource temporarily unavailable)
warning  libmamba Cannot lock '/home/r.dinnage/.cache/mamba/proc'
    Waiting for other mamba process to finish
[cwgpu0] drained 2 checkpoint(s); GPU-pass backlog present -> skip d90, loop.
[collector wgpu0] --once drained 0 checkpoint(s); exiting.
[extract] step=1774 SKIP heavy block block_interp (ordinal=354 basis=step_fallback heavy_every=8)
[extract] step=1774 SKIP heavy block block_probes (ordinal=354 basis=step_fallback heavy_every=8)
[extract] step=1774 heavy=FALSE total=16.27s | block_curvature=4.81 block_fitness=5.89
[collector wgpu0] gpu-pass DONE run_id=plantclef__stable_evo__s42 step=1774 blocks_ok=2 t=16.273s (all_passes_complete=True)
[collector wgpu0] FINALIZED run_id=plantclef__stable_evo__s42 step=1774 -> KEPT(->kept/,FULL latest-slot)
[collector wgpu0] --once drained 2 checkpoint(s); exiting.
[cwgpu0] drained 2 checkpoint(s); GPU-pass backlog present -> skip d90, loop.
[collector wgpu0] --once drained 0 checkpoint(s); exiting.
[collector wgpu0] --once drained 0 checkpoint(s); exiting.
[collector wgpu0] --once drained 0 checkpoint(s); exiting.
[collector wgpu0] --once drained 0 checkpoint(s); exiting.
[collector wgpu0] --once drained 0 checkpoint(s); exiting.
[extract] step=1786 SKIP heavy block block_interp (ordinal=357 basis=step_fallback heavy_every=8)
[extract] step=1786 SKIP heavy block block_probes (ordinal=357 basis=step_fallback heavy_every=8)
[extract] step=1786 heavy=FALSE total=16.17s | block_curvature=4.79 block_fitness=5.82
[collector wgpu0] gpu-pass DONE run_id=plantclef__stable_evo__s42 step=1786 blocks_ok=2 t=16.169s (all_passes_complete=True)
[collector wgpu0] FINALIZED run_id=plantclef__stable_evo__s42 step=1786 -> KEPT(->kept/,FULL latest-slot)
[collector wgpu0] --once drained 2 checkpoint(s); exiting.
error    libmamba Could not set lock (Resource temporarily unavailable)
warning  libmamba Cannot lock '/home/r.dinnage/.cache/mamba/proc'
    Waiting for other mamba process to finish
[cwgpu0] drained 2 checkpoint(s); GPU-pass backlog present -> skip d90, loop.
[collector wgpu0] --once drained 0 checkpoint(s); exiting.
error    libmamba Could not set lock (Resource temporarily unavailable)
warning  libmamba Cannot lock '/home/r.dinnage/.cache/mamba/proc'
    Waiting for other mamba process to finish
[collector wgpu0] --once drained 0 checkpoint(s); exiting.
[collector wgpu0] --once drained 0 checkpoint(s); exiting.
error    libmamba Could not set lock (Resource temporarily unavailable)
warning  libmamba Cannot lock '/home/r.dinnage/.cache/mamba/proc'
    Waiting for other mamba process to finish
[collector wgpu0] --once drained 0 checkpoint(s); exiting.
error    libmamba Could not set lock (Resource temporarily unavailable)
warning  libmamba Cannot lock '/home/r.dinnage/.cache/mamba/proc'
    Waiting for other mamba process to finish
[collector wgpu0] --once drained 0 checkpoint(s); exiting.
[extract] step=1798 SKIP heavy block block_interp (ordinal=359 basis=step_fallback heavy_every=8)
[extract] step=1798 SKIP heavy block block_probes (ordinal=359 basis=step_fallback heavy_every=8)
[extract] step=1798 heavy=FALSE total=16.40s | block_curvature=4.79 block_fitness=5.90
[collector wgpu0] gpu-pass DONE run_id=plantclef__stable_evo__s42 step=1798 blocks_ok=2 t=16.399s (all_passes_complete=True)
[collector wgpu0] FINALIZED run_id=plantclef__stable_evo__s42 step=1798 -> KEPT(->kept/,FULL latest-slot)
[collector wgpu0] --once drained 2 checkpoint(s); exiting.
[cwgpu0] drained 2 checkpoint(s); GPU-pass backlog present -> skip d90, loop.
[collector wgpu0] --once drained 0 checkpoint(s); exiting.
[collector wgpu0] --once drained 0 checkpoint(s); exiting.
[collector wgpu0] --once drained 0 checkpoint(s); exiting.
[collector wgpu0] --once drained 0 checkpoint(s); exiting.
[collector wgpu0] --once drained 0 checkpoint(s); exiting.
[collector wgpu0] --once drained 0 checkpoint(s); exiting.
[collector wgpu0] --once drained 0 checkpoint(s); exiting.
[collector wgpu0] --once drained 0 checkpoint(s); exiting.
[extract] step=1810 SKIP heavy block block_interp (ordinal=362 basis=step_fallback heavy_every=8)
[extract] step=1810 SKIP heavy block block_probes (ordinal=362 basis=step_fallback heavy_every=8)
[extract] step=1810 heavy=FALSE total=16.16s | block_curvature=4.79 block_fitness=5.86
[collector wgpu0] gpu-pass DONE run_id=plantclef__stable_evo__s42 step=1810 blocks_ok=2 t=16.16s (all_passes_complete=True)
[collector wgpu0] FINALIZED run_id=plantclef__stable_evo__s42 step=1810 -> KEPT(->kept/,FULL latest-slot)
[collector wgpu0] --once drained 2 checkpoint(s); exiting.
[cwgpu0] drained 2 checkpoint(s); GPU-pass backlog present -> skip d90, loop.
[collector wgpu0] --once drained 0 checkpoint(s); exiting.
[collector wgpu0] --once drained 0 checkpoint(s); exiting.
[collector wgpu0] --once drained 0 checkpoint(s); exiting.
[collector wgpu0] --once drained 0 checkpoint(s); exiting.
[collector wgpu0] --once drained 0 checkpoint(s); exiting.
[extract] step=1822 SKIP heavy block block_interp (ordinal=364 basis=step_fallback heavy_every=8)
[extract] step=1822 SKIP heavy block block_probes (ordinal=364 basis=step_fallback heavy_every=8)
[extract] step=1822 heavy=FALSE total=16.31s | block_curvature=4.79 block_fitness=5.80
[collector wgpu0] gpu-pass DONE run_id=plantclef__stable_evo__s42 step=1822 blocks_ok=2 t=16.31s (all_passes_complete=True)
[collector wgpu0] FINALIZED run_id=plantclef__stable_evo__s42 step=1822 -> KEPT(->kept/,FULL latest-slot)
[collector wgpu0] --once drained 2 checkpoint(s); exiting.
[cwgpu0] drained 2 checkpoint(s); GPU-pass backlog present -> skip d90, loop.
[collector wgpu0] --once drained 0 checkpoint(s); exiting.
[collector wgpu0] --once drained 0 checkpoint(s); exiting.
[collector wgpu0] --once drained 0 checkpoint(s); exiting.
[collector wgpu0] --once drained 0 checkpoint(s); exiting.
[collector wgpu0] --once drained 0 checkpoint(s); exiting.
[extract] step=1834 SKIP heavy block block_interp (ordinal=366 basis=step_fallback heavy_every=8)
[extract] step=1834 SKIP heavy block block_probes (ordinal=366 basis=step_fallback heavy_every=8)
[extract] step=1834 heavy=FALSE total=16.27s | block_curvature=4.79 block_fitness=5.88
[collector wgpu0] gpu-pass DONE run_id=plantclef__stable_evo__s42 step=1834 blocks_ok=2 t=16.274s (all_passes_complete=True)
[collector wgpu0] FINALIZED run_id=plantclef__stable_evo__s42 step=1834 -> KEPT(->kept/,FULL latest-slot)
[collector wgpu0] --once drained 2 checkpoint(s); exiting.
[cwgpu0] drained 2 checkpoint(s); GPU-pass backlog present -> skip d90, loop.
[collector wgpu0] --once drained 0 checkpoint(s); exiting.
[collector wgpu0] --once drained 0 checkpoint(s); exiting.
error    libmamba Could not set lock (Resource temporarily unavailable)
warning  libmamba Cannot lock '/home/r.dinnage/.cache/mamba/proc'
    Waiting for other mamba process to finish
[collector wgpu0] --once drained 0 checkpoint(s); exiting.
[collector wgpu0] --once drained 0 checkpoint(s); exiting.
[collector wgpu0] --once drained 0 checkpoint(s); exiting.
[extract] step=1846 SKIP heavy block block_interp (ordinal=369 basis=step_fallback heavy_every=8)
[extract] step=1846 SKIP heavy block block_probes (ordinal=369 basis=step_fallback heavy_every=8)
[extract] step=1846 heavy=FALSE total=16.32s | block_curvature=4.80 block_fitness=5.90
[collector wgpu0] gpu-pass DONE run_id=plantclef__stable_evo__s42 step=1846 blocks_ok=2 t=16.316s (all_passes_complete=True)
[collector wgpu0] FINALIZED run_id=plantclef__stable_evo__s42 step=1846 -> KEPT(->kept/,FULL latest-slot)
[collector wgpu0] --once drained 2 checkpoint(s); exiting.
[cwgpu0] drained 2 checkpoint(s); GPU-pass backlog present -> skip d90, loop.
[collector wgpu0] --once drained 0 checkpoint(s); exiting.
[collector wgpu0] --once drained 0 checkpoint(s); exiting.
[collector wgpu0] --once drained 0 checkpoint(s); exiting.
[collector wgpu0] --once drained 0 checkpoint(s); exiting.
[collector wgpu0] --once drained 0 checkpoint(s); exiting.
[extract] step=1858 SKIP heavy block block_interp (ordinal=371 basis=step_fallback heavy_every=8)
[extract] step=1858 SKIP heavy block block_probes (ordinal=371 basis=step_fallback heavy_every=8)
[extract] step=1858 heavy=FALSE total=16.27s | block_curvature=4.78 block_fitness=5.87
[collector wgpu0] gpu-pass DONE run_id=plantclef__stable_evo__s42 step=1858 blocks_ok=2 t=16.27s (all_passes_complete=True)
[collector wgpu0] FINALIZED run_id=plantclef__stable_evo__s42 step=1858 -> KEPT(->kept/,FULL latest-slot)
[collector wgpu0] --once drained 2 checkpoint(s); exiting.
[cwgpu0] drained 2 checkpoint(s); GPU-pass backlog present -> skip d90, loop.
[collector wgpu0] --once drained 0 checkpoint(s); exiting.
[collector wgpu0] --once drained 0 checkpoint(s); exiting.
[collector wgpu0] --once drained 0 checkpoint(s); exiting.
error    libmamba Could not set lock (Resource temporarily unavailable)
warning  libmamba Cannot lock '/home/r.dinnage/.cache/mamba/proc'
    Waiting for other mamba process to finish
[collector wgpu0] --once drained 0 checkpoint(s); exiting.
[collector wgpu0] --once drained 0 checkpoint(s); exiting.
[extract] step=1870 SKIP heavy block block_interp (ordinal=374 basis=step_fallback heavy_every=8)
[extract] step=1870 SKIP heavy block block_probes (ordinal=374 basis=step_fallback heavy_every=8)
[extract] step=1870 heavy=FALSE total=16.29s | block_curvature=4.82 block_fitness=5.86
[collector wgpu0] gpu-pass DONE run_id=plantclef__stable_evo__s42 step=1870 blocks_ok=2 t=16.291s (all_passes_complete=True)
[collector wgpu0] FINALIZED run_id=plantclef__stable_evo__s42 step=1870 -> KEPT(->kept/,FULL latest-slot)
[collector wgpu0] --once drained 2 checkpoint(s); exiting.
[cwgpu0] drained 2 checkpoint(s); GPU-pass backlog present -> skip d90, loop.
[collector wgpu0] --once drained 0 checkpoint(s); exiting.
[collector wgpu0] --once drained 0 checkpoint(s); exiting.
[collector wgpu0] --once drained 0 checkpoint(s); exiting.
[collector wgpu0] --once drained 0 checkpoint(s); exiting.
error    libmamba Could not set lock (Resource temporarily unavailable)
warning  libmamba Cannot lock '/home/r.dinnage/.cache/mamba/proc'
    Waiting for other mamba process to finish
[collector wgpu0] --once drained 0 checkpoint(s); exiting.
[extract] step=1882 heavy=TRUE total=93.50s | block_curvature=4.80 block_interp=39.29 block_probes=38.14 block_fitness=5.97
[collector wgpu0] gpu-pass DONE run_id=plantclef__stable_evo__s42 step=1882 blocks_ok=4 t=93.499s (all_passes_complete=True)
[collector wgpu0] FINALIZED run_id=plantclef__stable_evo__s42 step=1882 -> KEPT(->kept/,FULL latest-slot)
[collector wgpu0] --once drained 2 checkpoint(s); exiting.
[cwgpu0] drained 2 checkpoint(s); GPU-pass backlog present -> skip d90, loop.
[collector wgpu0] --once drained 0 checkpoint(s); exiting.
[extract] step=1894 SKIP heavy block block_interp (ordinal=378 basis=step_fallback heavy_every=8)
[extract] step=1894 SKIP heavy block block_probes (ordinal=378 basis=step_fallback heavy_every=8)
[extract] step=1894 heavy=FALSE total=16.23s | block_curvature=4.79 block_fitness=5.83
[collector wgpu0] gpu-pass DONE run_id=plantclef__stable_evo__s42 step=1894 blocks_ok=2 t=16.231s (all_passes_complete=True)
[collector wgpu0] FINALIZED run_id=plantclef__stable_evo__s42 step=1894 -> KEPT(->kept/,FULL latest-slot)
[collector wgpu0] --once drained 2 checkpoint(s); exiting.
[cwgpu0] drained 2 checkpoint(s); GPU-pass backlog present -> skip d90, loop.
[collector wgpu0] --once drained 0 checkpoint(s); exiting.
[collector wgpu0] --once drained 0 checkpoint(s); exiting.
[collector wgpu0] --once drained 0 checkpoint(s); exiting.
[collector wgpu0] --once drained 0 checkpoint(s); exiting.
[collector wgpu0] --once drained 0 checkpoint(s); exiting.
error    libmamba Could not set lock (Resource temporarily unavailable)
warning  libmamba Cannot lock '/home/r.dinnage/.cache/mamba/proc'
    Waiting for other mamba process to finish
[collector wgpu0] --once drained 0 checkpoint(s); exiting.
[collector wgpu0] --once drained 0 checkpoint(s); exiting.
[extract] step=1906 SKIP heavy block block_interp (ordinal=381 basis=step_fallback heavy_every=8)
[extract] step=1906 SKIP heavy block block_probes (ordinal=381 basis=step_fallback heavy_every=8)
[extract] step=1906 heavy=FALSE total=17.14s | block_curvature=4.79 block_fitness=5.87
[collector wgpu0] gpu-pass DONE run_id=plantclef__stable_evo__s42 step=1906 blocks_ok=2 t=17.144s (all_passes_complete=True)
[collector wgpu0] FINALIZED run_id=plantclef__stable_evo__s42 step=1906 -> KEPT(->kept/,FULL latest-slot)
[collector wgpu0] --once drained 2 checkpoint(s); exiting.
[cwgpu0] drained 2 checkpoint(s); GPU-pass backlog present -> skip d90, loop.
[collector wgpu0] --once drained 0 checkpoint(s); exiting.
[collector wgpu0] --once drained 0 checkpoint(s); exiting.
[collector wgpu0] --once drained 0 checkpoint(s); exiting.
[collector wgpu0] --once drained 0 checkpoint(s); exiting.
error    libmamba Could not set lock (Resource temporarily unavailable)
warning  libmamba Cannot lock '/home/r.dinnage/.cache/mamba/proc'
    Waiting for other mamba process to finish
[collector wgpu0] --once drained 0 checkpoint(s); exiting.
error    libmamba Could not set lock (Resource temporarily unavailable)
warning  libmamba Cannot lock '/home/r.dinnage/.cache/mamba/proc'
    Waiting for other mamba process to finish
[extract] step=1918 SKIP heavy block block_interp (ordinal=383 basis=step_fallback heavy_every=8)
[extract] step=1918 SKIP heavy block block_probes (ordinal=383 basis=step_fallback heavy_every=8)
[extract] step=1918 heavy=FALSE total=15.95s | block_curvature=4.80 block_fitness=5.81
[collector wgpu0] gpu-pass DONE run_id=plantclef__stable_evo__s42 step=1918 blocks_ok=2 t=15.953s (all_passes_complete=True)
[collector wgpu0] FINALIZED run_id=plantclef__stable_evo__s42 step=1918 -> KEPT(->kept/,FULL latest-slot)
[collector wgpu0] --once drained 2 checkpoint(s); exiting.
[cwgpu0] drained 2 checkpoint(s); GPU-pass backlog present -> skip d90, loop.
[collector wgpu0] --once drained 0 checkpoint(s); exiting.
[collector wgpu0] --once drained 0 checkpoint(s); exiting.
[collector wgpu0] --once drained 0 checkpoint(s); exiting.
[collector wgpu0] --once drained 0 checkpoint(s); exiting.
[collector wgpu0] --once drained 0 checkpoint(s); exiting.
error    libmamba Could not set lock (Resource temporarily unavailable)
warning  libmamba Cannot lock '/home/r.dinnage/.cache/mamba/proc'
    Waiting for other mamba process to finish
[extract] step=1930 SKIP heavy block block_interp (ordinal=386 basis=step_fallback heavy_every=8)
[extract] step=1930 SKIP heavy block block_probes (ordinal=386 basis=step_fallback heavy_every=8)
[extract] step=1930 heavy=FALSE total=17.13s | block_curvature=4.78 block_fitness=5.85
[collector wgpu0] gpu-pass DONE run_id=plantclef__stable_evo__s42 step=1930 blocks_ok=2 t=17.125s (all_passes_complete=True)
[collector wgpu0] FINALIZED run_id=plantclef__stable_evo__s42 step=1930 -> KEPT(->kept/,FULL latest-slot)
[collector wgpu0] --once drained 2 checkpoint(s); exiting.
[cwgpu0] drained 2 checkpoint(s); GPU-pass backlog present -> skip d90, loop.
[collector wgpu0] --once drained 0 checkpoint(s); exiting.
[collector wgpu0] --once drained 0 checkpoint(s); exiting.
[collector wgpu0] --once drained 0 checkpoint(s); exiting.
[collector wgpu0] --once drained 0 checkpoint(s); exiting.
[collector wgpu0] --once drained 0 checkpoint(s); exiting.
error    libmamba Could not set lock (Resource temporarily unavailable)
warning  libmamba Cannot lock '/home/r.dinnage/.cache/mamba/proc'
    Waiting for other mamba process to finish
[collector wgpu0] --once drained 0 checkpoint(s); exiting.
[extract] step=1942 SKIP heavy block block_interp (ordinal=388 basis=step_fallback heavy_every=8)
[extract] step=1942 SKIP heavy block block_probes (ordinal=388 basis=step_fallback heavy_every=8)
[extract] step=1942 heavy=FALSE total=16.23s | block_curvature=4.84 block_fitness=5.87
[collector wgpu0] gpu-pass DONE run_id=plantclef__stable_evo__s42 step=1942 blocks_ok=2 t=16.228s (all_passes_complete=True)
[collector wgpu0] FINALIZED run_id=plantclef__stable_evo__s42 step=1942 -> KEPT(->kept/,FULL latest-slot)
[collector wgpu0] --once drained 2 checkpoint(s); exiting.
[cwgpu0] drained 2 checkpoint(s); GPU-pass backlog present -> skip d90, loop.
[collector wgpu0] --once drained 0 checkpoint(s); exiting.
[collector wgpu0] --once drained 0 checkpoint(s); exiting.
[collector wgpu0] --once drained 0 checkpoint(s); exiting.
[collector wgpu0] --once drained 0 checkpoint(s); exiting.
[collector wgpu0] --once drained 0 checkpoint(s); exiting.
[extract] step=1954 SKIP heavy block block_interp (ordinal=390 basis=step_fallback heavy_every=8)
[extract] step=1954 SKIP heavy block block_probes (ordinal=390 basis=step_fallback heavy_every=8)
[extract] step=1954 heavy=FALSE total=16.29s | block_curvature=4.82 block_fitness=5.92
[collector wgpu0] gpu-pass DONE run_id=plantclef__stable_evo__s42 step=1954 blocks_ok=2 t=16.293s (all_passes_complete=True)
[extract] step=1956 SKIP heavy block block_interp (ordinal=391 basis=step_fallback heavy_every=8)
[extract] step=1956 SKIP heavy block block_probes (ordinal=391 basis=step_fallback heavy_every=8)
[extract] step=1956 heavy=FALSE total=16.68s | block_curvature=4.72 block_fitness=5.35
[collector wgpu0] gpu-pass DONE run_id=plantclef__stable_evo__s42 step=1956 blocks_ok=2 t=16.679s (all_passes_complete=True)
[collector wgpu0] FINALIZED run_id=plantclef__stable_evo__s42 step=1956 -> KEPT(->kept/,FULL latest-slot)
[collector wgpu0] FINALIZED run_id=plantclef__stable_evo__s42 step=1954 -> deleted
[collector wgpu0] --once drained 4 checkpoint(s); exiting.
[cwgpu0] drained 4 checkpoint(s); GPU-pass backlog present -> skip d90, loop.
[collector wgpu0] --once drained 0 checkpoint(s); exiting.
[collector wgpu0] --once drained 0 checkpoint(s); exiting.
[collector wgpu0] --once drained 0 checkpoint(s); exiting.
[collector wgpu0] --once drained 0 checkpoint(s); exiting.
[collector wgpu0] --once drained 0 checkpoint(s); exiting.
error    libmamba Could not set lock (Resource temporarily unavailable)
warning  libmamba Cannot lock '/home/r.dinnage/.cache/mamba/proc'
    Waiting for other mamba process to finish
[extract] step=1968 SKIP heavy block block_interp (ordinal=393 basis=step_fallback heavy_every=8)
[extract] step=1968 SKIP heavy block block_probes (ordinal=393 basis=step_fallback heavy_every=8)
[extract] step=1968 heavy=FALSE total=17.10s | block_curvature=4.79 block_fitness=5.81
[collector wgpu0] gpu-pass DONE run_id=plantclef__stable_evo__s42 step=1968 blocks_ok=2 t=17.103s (all_passes_complete=True)
[collector wgpu0] FINALIZED run_id=plantclef__stable_evo__s42 step=1968 -> KEPT(->kept/,FULL latest-slot)
[collector wgpu0] --once drained 2 checkpoint(s); exiting.
[cwgpu0] drained 2 checkpoint(s); GPU-pass backlog present -> skip d90, loop.
[collector wgpu0] --once drained 0 checkpoint(s); exiting.
[collector wgpu0] --once drained 0 checkpoint(s); exiting.
[collector wgpu0] --once drained 0 checkpoint(s); exiting.
[collector wgpu0] --once drained 0 checkpoint(s); exiting.
[collector wgpu0] --once drained 0 checkpoint(s); exiting.
error    libmamba Could not set lock (Resource temporarily unavailable)
warning  libmamba Cannot lock '/home/r.dinnage/.cache/mamba/proc'
    Waiting for other mamba process to finish
[collector wgpu0] --once drained 0 checkpoint(s); exiting.
[extract] step=1980 SKIP heavy block block_interp (ordinal=396 basis=step_fallback heavy_every=8)
[extract] step=1980 SKIP heavy block block_probes (ordinal=396 basis=step_fallback heavy_every=8)
[extract] step=1980 heavy=FALSE total=16.27s | block_curvature=4.79 block_fitness=5.87
[collector wgpu0] gpu-pass DONE run_id=plantclef__stable_evo__s42 step=1980 blocks_ok=2 t=16.273s (all_passes_complete=True)
[collector wgpu0] FINALIZED run_id=plantclef__stable_evo__s42 step=1980 -> KEPT(->kept/,FULL latest-slot)
[collector wgpu0] --once drained 2 checkpoint(s); exiting.
[cwgpu0] drained 2 checkpoint(s); GPU-pass backlog present -> skip d90, loop.
[collector wgpu0] --once drained 0 checkpoint(s); exiting.
[collector wgpu0] --once drained 0 checkpoint(s); exiting.
[collector wgpu0] --once drained 0 checkpoint(s); exiting.
[collector wgpu0] --once drained 0 checkpoint(s); exiting.
[collector wgpu0] --once drained 0 checkpoint(s); exiting.
[extract] step=1992 SKIP heavy block block_interp (ordinal=398 basis=step_fallback heavy_every=8)
[extract] step=1992 SKIP heavy block block_probes (ordinal=398 basis=step_fallback heavy_every=8)
[extract] step=1992 heavy=FALSE total=16.29s | block_curvature=4.80 block_fitness=5.90
[collector wgpu0] gpu-pass DONE run_id=plantclef__stable_evo__s42 step=1992 blocks_ok=2 t=16.286s (all_passes_complete=True)
[collector wgpu0] FINALIZED run_id=plantclef__stable_evo__s42 step=1992 -> KEPT(->kept/,FULL latest-slot)
[collector wgpu0] --once drained 2 checkpoint(s); exiting.
[cwgpu0] drained 2 checkpoint(s); GPU-pass backlog present -> skip d90, loop.
[collector wgpu0] --once drained 0 checkpoint(s); exiting.
[collector wgpu0] --once drained 0 checkpoint(s); exiting.
[collector wgpu0] --once drained 0 checkpoint(s); exiting.
[collector wgpu0] --once drained 0 checkpoint(s); exiting.
[collector wgpu0] --once drained 0 checkpoint(s); exiting.
[collector wgpu0] --once drained 0 checkpoint(s); exiting.
[collector wgpu0] --once drained 0 checkpoint(s); exiting.
[collector wgpu0] --once drained 0 checkpoint(s); exiting.
[extract] step=2004 heavy=TRUE total=94.36s | block_curvature=4.78 block_interp=39.25 block_probes=39.05 block_fitness=5.96
[collector wgpu0] gpu-pass DONE run_id=plantclef__stable_evo__s42 step=2004 blocks_ok=4 t=94.357s (all_passes_complete=True)
[collector wgpu0] FINALIZED run_id=plantclef__stable_evo__s42 step=2004 -> KEPT(->kept/,FULL latest-slot)
[collector wgpu0] --once drained 2 checkpoint(s); exiting.
[cwgpu0] drained 2 checkpoint(s); GPU-pass backlog present -> skip d90, loop.
[collector wgpu0] --once drained 0 checkpoint(s); exiting.
[extract] step=2016 SKIP heavy block block_interp (ordinal=403 basis=step_fallback heavy_every=8)
[extract] step=2016 SKIP heavy block block_probes (ordinal=403 basis=step_fallback heavy_every=8)
[extract] step=2016 heavy=FALSE total=16.18s | block_curvature=4.78 block_fitness=5.78
[collector wgpu0] gpu-pass DONE run_id=plantclef__stable_evo__s42 step=2016 blocks_ok=2 t=16.183s (all_passes_complete=True)
[collector wgpu0] FINALIZED run_id=plantclef__stable_evo__s42 step=2016 -> KEPT(->kept/,FULL latest-slot)
[collector wgpu0] --once drained 2 checkpoint(s); exiting.
[cwgpu0] drained 2 checkpoint(s); GPU-pass backlog present -> skip d90, loop.
[collector wgpu0] --once drained 0 checkpoint(s); exiting.
[collector wgpu0] --once drained 0 checkpoint(s); exiting.
[collector wgpu0] --once drained 0 checkpoint(s); exiting.
[collector wgpu0] --once drained 0 checkpoint(s); exiting.
error    libmamba Could not set lock (Resource temporarily unavailable)
warning  libmamba Cannot lock '/home/r.dinnage/.cache/mamba/proc'
    Waiting for other mamba process to finish
[collector wgpu0] --once drained 0 checkpoint(s); exiting.
[extract] step=2028 SKIP heavy block block_interp (ordinal=405 basis=step_fallback heavy_every=8)
[extract] step=2028 SKIP heavy block block_probes (ordinal=405 basis=step_fallback heavy_every=8)
[extract] step=2028 heavy=FALSE total=16.33s | block_curvature=4.80 block_fitness=5.88
[collector wgpu0] gpu-pass DONE run_id=plantclef__stable_evo__s42 step=2028 blocks_ok=2 t=16.331s (all_passes_complete=True)
[collector wgpu0] FINALIZED run_id=plantclef__stable_evo__s42 step=2028 -> KEPT(->kept/,FULL latest-slot)
[collector wgpu0] --once drained 2 checkpoint(s); exiting.
[cwgpu0] drained 2 checkpoint(s); GPU-pass backlog present -> skip d90, loop.
[collector wgpu0] --once drained 0 checkpoint(s); exiting.
[collector wgpu0] --once drained 0 checkpoint(s); exiting.
[collector wgpu0] --once drained 0 checkpoint(s); exiting.
[collector wgpu0] --once drained 0 checkpoint(s); exiting.
[collector wgpu0] --once drained 0 checkpoint(s); exiting.
[extract] step=2040 heavy=TRUE total=90.42s | block_curvature=4.79 block_interp=39.40 block_probes=34.62 block_fitness=6.59
[collector wgpu0] gpu-pass DONE run_id=plantclef__stable_evo__s42 step=2040 blocks_ok=4 t=90.422s (all_passes_complete=True)
[collector wgpu0] FINALIZED run_id=plantclef__stable_evo__s42 step=2040 -> KEPT(->kept/,FULL latest-slot)
[collector wgpu0] --once drained 2 checkpoint(s); exiting.
[cwgpu0] drained 2 checkpoint(s); GPU-pass backlog present -> skip d90, loop.
[collector wgpu0] --once drained 0 checkpoint(s); exiting.
[extract] step=2052 SKIP heavy block block_interp (ordinal=410 basis=step_fallback heavy_every=8)
[extract] step=2052 SKIP heavy block block_probes (ordinal=410 basis=step_fallback heavy_every=8)
[extract] step=2052 heavy=FALSE total=16.21s | block_curvature=4.81 block_fitness=5.83
[collector wgpu0] gpu-pass DONE run_id=plantclef__stable_evo__s42 step=2052 blocks_ok=2 t=16.208s (all_passes_complete=True)
[collector wgpu0] FINALIZED run_id=plantclef__stable_evo__s42 step=2052 -> KEPT(->kept/,ladder model-only+FULL latest-slot)
[collector wgpu0] --once drained 2 checkpoint(s); exiting.
[cwgpu0] drained 2 checkpoint(s); GPU-pass backlog present -> skip d90, loop.
[collector wgpu0] --once drained 0 checkpoint(s); exiting.
[collector wgpu0] --once drained 0 checkpoint(s); exiting.
[collector wgpu0] --once drained 0 checkpoint(s); exiting.
[collector wgpu0] --once drained 0 checkpoint(s); exiting.
[collector wgpu0] --once drained 0 checkpoint(s); exiting.
[extract] step=2064 SKIP heavy block block_interp (ordinal=412 basis=step_fallback heavy_every=8)
[extract] step=2064 SKIP heavy block block_probes (ordinal=412 basis=step_fallback heavy_every=8)
[extract] step=2064 heavy=FALSE total=16.61s | block_curvature=4.82 block_fitness=5.91
[collector wgpu0] gpu-pass DONE run_id=plantclef__stable_evo__s42 step=2064 blocks_ok=2 t=16.612s (all_passes_complete=True)
[collector wgpu0] FINALIZED run_id=plantclef__stable_evo__s42 step=2064 -> KEPT(->kept/,FULL latest-slot)
[collector wgpu0] --once drained 2 checkpoint(s); exiting.
[cwgpu0] drained 2 checkpoint(s); GPU-pass backlog present -> skip d90, loop.
[collector wgpu0] --once drained 0 checkpoint(s); exiting.
error    libmamba Could not set lock (Resource temporarily unavailable)
warning  libmamba Cannot lock '/home/r.dinnage/.cache/mamba/proc'
    Waiting for other mamba process to finish
[collector wgpu0] --once drained 0 checkpoint(s); exiting.
[collector wgpu0] --once drained 0 checkpoint(s); exiting.
[collector wgpu0] --once drained 0 checkpoint(s); exiting.
[collector wgpu0] --once drained 0 checkpoint(s); exiting.
[extract] step=2076 SKIP heavy block block_interp (ordinal=415 basis=step_fallback heavy_every=8)
[extract] step=2076 SKIP heavy block block_probes (ordinal=415 basis=step_fallback heavy_every=8)
[extract] step=2076 heavy=FALSE total=16.31s | block_curvature=4.78 block_fitness=5.95
[collector wgpu0] gpu-pass DONE run_id=plantclef__stable_evo__s42 step=2076 blocks_ok=2 t=16.314s (all_passes_complete=True)
[collector wgpu0] FINALIZED run_id=plantclef__stable_evo__s42 step=2076 -> KEPT(->kept/,FULL latest-slot)
[collector wgpu0] --once drained 2 checkpoint(s); exiting.
[cwgpu0] drained 2 checkpoint(s); GPU-pass backlog present -> skip d90, loop.
[collector wgpu0] --once drained 0 checkpoint(s); exiting.
[collector wgpu0] --once drained 0 checkpoint(s); exiting.
[collector wgpu0] --once drained 0 checkpoint(s); exiting.
[collector wgpu0] --once drained 0 checkpoint(s); exiting.
error    libmamba Could not set lock (Resource temporarily unavailable)
warning  libmamba Cannot lock '/home/r.dinnage/.cache/mamba/proc'
    Waiting for other mamba process to finish
[collector wgpu0] --once drained 0 checkpoint(s); exiting.
[extract] step=2088 SKIP heavy block block_interp (ordinal=417 basis=step_fallback heavy_every=8)
[extract] step=2088 SKIP heavy block block_probes (ordinal=417 basis=step_fallback heavy_every=8)
[extract] step=2088 heavy=FALSE total=16.33s | block_curvature=4.81 block_fitness=5.90
[collector wgpu0] gpu-pass DONE run_id=plantclef__stable_evo__s42 step=2088 blocks_ok=2 t=16.327s (all_passes_complete=True)
[collector wgpu0] FINALIZED run_id=plantclef__stable_evo__s42 step=2088 -> KEPT(->kept/,FULL latest-slot)
[collector wgpu0] --once drained 2 checkpoint(s); exiting.
[cwgpu0] drained 2 checkpoint(s); GPU-pass backlog present -> skip d90, loop.
[collector wgpu0] --once drained 0 checkpoint(s); exiting.
[collector wgpu0] --once drained 0 checkpoint(s); exiting.
[collector wgpu0] --once drained 0 checkpoint(s); exiting.
[collector wgpu0] --once drained 0 checkpoint(s); exiting.
[collector wgpu0] --once drained 0 checkpoint(s); exiting.
[extract] step=2100 SKIP heavy block block_interp (ordinal=420 basis=step_fallback heavy_every=8)
[extract] step=2100 SKIP heavy block block_probes (ordinal=420 basis=step_fallback heavy_every=8)
[extract] step=2100 heavy=FALSE total=16.27s | block_curvature=4.79 block_fitness=5.84
[collector wgpu0] gpu-pass DONE run_id=plantclef__stable_evo__s42 step=2100 blocks_ok=2 t=16.268s (all_passes_complete=True)
[collector wgpu0] FINALIZED run_id=plantclef__stable_evo__s42 step=2100 -> KEPT(->kept/,FULL latest-slot)
[collector wgpu0] --once drained 2 checkpoint(s); exiting.
[cwgpu0] drained 2 checkpoint(s); GPU-pass backlog present -> skip d90, loop.
[collector wgpu0] --once drained 0 checkpoint(s); exiting.
[collector wgpu0] --once drained 0 checkpoint(s); exiting.
[collector wgpu0] --once drained 0 checkpoint(s); exiting.
[collector wgpu0] --once drained 0 checkpoint(s); exiting.
[collector wgpu0] --once drained 0 checkpoint(s); exiting.
[collector wgpu0] --once drained 0 checkpoint(s); exiting.
[collector wgpu0] --once drained 0 checkpoint(s); exiting.
error    libmamba Could not set lock (Resource temporarily unavailable)
warning  libmamba Cannot lock '/home/r.dinnage/.cache/mamba/proc'
    Waiting for other mamba process to finish
[collector wgpu0] --once drained 0 checkpoint(s); exiting.
[extract] step=2112 SKIP heavy block block_interp (ordinal=422 basis=step_fallback heavy_every=8)
[extract] step=2112 SKIP heavy block block_probes (ordinal=422 basis=step_fallback heavy_every=8)
[extract] step=2112 heavy=FALSE total=16.16s | block_curvature=4.78 block_fitness=5.90
[collector wgpu0] gpu-pass DONE run_id=plantclef__stable_evo__s42 step=2112 blocks_ok=2 t=16.159s (all_passes_complete=True)
[collector wgpu0] FINALIZED run_id=plantclef__stable_evo__s42 step=2112 -> KEPT(->kept/,FULL latest-slot)
[collector wgpu0] --once drained 2 checkpoint(s); exiting.
[cwgpu0] drained 2 checkpoint(s); GPU-pass backlog present -> skip d90, loop.
[collector wgpu0] --once drained 0 checkpoint(s); exiting.
[collector wgpu0] --once drained 0 checkpoint(s); exiting.
error    libmamba Could not set lock (Resource temporarily unavailable)
warning  libmamba Cannot lock '/home/r.dinnage/.cache/mamba/proc'
    Waiting for other mamba process to finish
[collector wgpu0] --once drained 0 checkpoint(s); exiting.
[collector wgpu0] --once drained 0 checkpoint(s); exiting.
[collector wgpu0] --once drained 0 checkpoint(s); exiting.
error    libmamba Could not set lock (Resource temporarily unavailable)
warning  libmamba Cannot lock '/home/r.dinnage/.cache/mamba/proc'
    Waiting for other mamba process to finish
[extract] step=2124 heavy=TRUE total=90.22s | block_curvature=4.79 block_interp=39.52 block_probes=33.63 block_fitness=6.98
[collector wgpu0] gpu-pass DONE run_id=plantclef__stable_evo__s42 step=2124 blocks_ok=4 t=90.218s (all_passes_complete=True)
[collector wgpu0] FINALIZED run_id=plantclef__stable_evo__s42 step=2124 -> KEPT(->kept/,FULL latest-slot)
[collector wgpu0] --once drained 2 checkpoint(s); exiting.
[cwgpu0] drained 2 checkpoint(s); GPU-pass backlog present -> skip d90, loop.
[collector wgpu0] --once drained 0 checkpoint(s); exiting.
[extract] step=2136 SKIP heavy block block_interp (ordinal=427 basis=step_fallback heavy_every=8)
[extract] step=2136 SKIP heavy block block_probes (ordinal=427 basis=step_fallback heavy_every=8)
[extract] step=2136 heavy=FALSE total=16.36s | block_curvature=4.81 block_fitness=5.81
[collector wgpu0] gpu-pass DONE run_id=plantclef__stable_evo__s42 step=2136 blocks_ok=2 t=16.363s (all_passes_complete=True)
[collector wgpu0] FINALIZED run_id=plantclef__stable_evo__s42 step=2136 -> KEPT(->kept/,FULL latest-slot)
[collector wgpu0] --once drained 2 checkpoint(s); exiting.
[cwgpu0] drained 2 checkpoint(s); GPU-pass backlog present -> skip d90, loop.
[collector wgpu0] --once drained 0 checkpoint(s); exiting.
[collector wgpu0] --once drained 0 checkpoint(s); exiting.
[collector wgpu0] --once drained 0 checkpoint(s); exiting.
[collector wgpu0] --once drained 0 checkpoint(s); exiting.
[collector wgpu0] --once drained 0 checkpoint(s); exiting.
error    libmamba Could not set lock (Resource temporarily unavailable)
warning  libmamba Cannot lock '/home/r.dinnage/.cache/mamba/proc'
    Waiting for other mamba process to finish
[extract] step=2148 SKIP heavy block block_interp (ordinal=429 basis=step_fallback heavy_every=8)
[extract] step=2148 SKIP heavy block block_probes (ordinal=429 basis=step_fallback heavy_every=8)
[extract] step=2148 heavy=FALSE total=16.20s | block_curvature=4.80 block_fitness=5.84
[collector wgpu0] gpu-pass DONE run_id=plantclef__stable_evo__s42 step=2148 blocks_ok=2 t=16.203s (all_passes_complete=True)
[collector wgpu0] FINALIZED run_id=plantclef__stable_evo__s42 step=2148 -> KEPT(->kept/,FULL latest-slot)
[collector wgpu0] --once drained 2 checkpoint(s); exiting.
[cwgpu0] drained 2 checkpoint(s); GPU-pass backlog present -> skip d90, loop.
[collector wgpu0] --once drained 0 checkpoint(s); exiting.
[collector wgpu0] --once drained 0 checkpoint(s); exiting.
[collector wgpu0] --once drained 0 checkpoint(s); exiting.
[collector wgpu0] --once drained 0 checkpoint(s); exiting.
[collector wgpu0] --once drained 0 checkpoint(s); exiting.
[extract] step=2160 heavy=TRUE total=97.80s | block_curvature=4.81 block_interp=40.72 block_probes=40.56 block_fitness=6.14
[collector wgpu0] gpu-pass DONE run_id=plantclef__stable_evo__s42 step=2160 blocks_ok=4 t=97.801s (all_passes_complete=True)
[collector wgpu0] FINALIZED run_id=plantclef__stable_evo__s42 step=2160 -> KEPT(->kept/,FULL latest-slot)
[collector wgpu0] --once drained 2 checkpoint(s); exiting.
[cwgpu0] drained 2 checkpoint(s); GPU-pass backlog present -> skip d90, loop.
[extract] step=2172 SKIP heavy block block_interp (ordinal=434 basis=step_fallback heavy_every=8)
[extract] step=2172 SKIP heavy block block_probes (ordinal=434 basis=step_fallback heavy_every=8)
[extract] step=2172 heavy=FALSE total=17.64s | block_curvature=4.78 block_fitness=5.96
[collector wgpu0] gpu-pass DONE run_id=plantclef__stable_evo__s42 step=2172 blocks_ok=2 t=17.637s (all_passes_complete=True)
[collector wgpu0] FINALIZED run_id=plantclef__stable_evo__s42 step=2172 -> KEPT(->kept/,FULL latest-slot)
[collector wgpu0] --once drained 2 checkpoint(s); exiting.
[cwgpu0] drained 2 checkpoint(s); GPU-pass backlog present -> skip d90, loop.
[collector wgpu0] --once drained 0 checkpoint(s); exiting.
error    libmamba Could not set lock (Resource temporarily unavailable)
warning  libmamba Cannot lock '/home/r.dinnage/.cache/mamba/proc'
    Waiting for other mamba process to finish
[collector wgpu0] --once drained 0 checkpoint(s); exiting.
[collector wgpu0] --once drained 0 checkpoint(s); exiting.
[collector wgpu0] --once drained 0 checkpoint(s); exiting.
[collector wgpu0] --once drained 0 checkpoint(s); exiting.
error    libmamba Could not set lock (Resource temporarily unavailable)
warning  libmamba Cannot lock '/home/r.dinnage/.cache/mamba/proc'
    Waiting for other mamba process to finish
[extract] step=2184 SKIP heavy block block_interp (ordinal=436 basis=step_fallback heavy_every=8)
[extract] step=2184 SKIP heavy block block_probes (ordinal=436 basis=step_fallback heavy_every=8)
[extract] step=2184 heavy=FALSE total=16.69s | block_curvature=4.82 block_fitness=6.03
[collector wgpu0] gpu-pass DONE run_id=plantclef__stable_evo__s42 step=2184 blocks_ok=2 t=16.694s (all_passes_complete=True)
[collector wgpu0] FINALIZED run_id=plantclef__stable_evo__s42 step=2184 -> KEPT(->kept/,FULL latest-slot)
[collector wgpu0] --once drained 2 checkpoint(s); exiting.
[cwgpu0] drained 2 checkpoint(s); GPU-pass backlog present -> skip d90, loop.
[collector wgpu0] --once drained 0 checkpoint(s); exiting.
[collector wgpu0] --once drained 0 checkpoint(s); exiting.
[collector wgpu0] --once drained 0 checkpoint(s); exiting.
error    libmamba Could not set lock (Resource temporarily unavailable)
warning  libmamba Cannot lock '/home/r.dinnage/.cache/mamba/proc'
    Waiting for other mamba process to finish
[collector wgpu0] --once drained 0 checkpoint(s); exiting.
[collector wgpu0] --once drained 0 checkpoint(s); exiting.
[extract] step=2196 SKIP heavy block block_interp (ordinal=439 basis=step_fallback heavy_every=8)
[extract] step=2196 SKIP heavy block block_probes (ordinal=439 basis=step_fallback heavy_every=8)
[extract] step=2196 heavy=FALSE total=16.60s | block_curvature=4.80 block_fitness=5.92
[collector wgpu0] gpu-pass DONE run_id=plantclef__stable_evo__s42 step=2196 blocks_ok=2 t=16.6s (all_passes_complete=True)
[collector wgpu0] FINALIZED run_id=plantclef__stable_evo__s42 step=2196 -> KEPT(->kept/,FULL latest-slot)
[collector wgpu0] --once drained 2 checkpoint(s); exiting.
[cwgpu0] drained 2 checkpoint(s); GPU-pass backlog present -> skip d90, loop.
[collector wgpu0] --once drained 0 checkpoint(s); exiting.
[collector wgpu0] --once drained 0 checkpoint(s); exiting.
[collector wgpu0] --once drained 0 checkpoint(s); exiting.
[collector wgpu0] --once drained 0 checkpoint(s); exiting.
[collector wgpu0] --once drained 0 checkpoint(s); exiting.
[collector wgpu0] --once drained 0 checkpoint(s); exiting.
warning  libmamba failed to open /home/r.dinnage/.cache/mamba/proc/3346667.json
[collector wgpu0] --once drained 0 checkpoint(s); exiting.
[collector wgpu0] --once drained 0 checkpoint(s); exiting.
[extract] step=2208 SKIP heavy block block_interp (ordinal=441 basis=step_fallback heavy_every=8)
[extract] step=2208 SKIP heavy block block_probes (ordinal=441 basis=step_fallback heavy_every=8)
[extract] step=2208 heavy=FALSE total=16.89s | block_curvature=5.01 block_fitness=5.96
[collector wgpu0] gpu-pass DONE run_id=plantclef__stable_evo__s42 step=2208 blocks_ok=2 t=16.885s (all_passes_complete=True)
[collector wgpu0] FINALIZED run_id=plantclef__stable_evo__s42 step=2208 -> KEPT(->kept/,FULL latest-slot)
[collector wgpu0] --once drained 2 checkpoint(s); exiting.
[cwgpu0] drained 2 checkpoint(s); GPU-pass backlog present -> skip d90, loop.
[collector wgpu0] --once drained 0 checkpoint(s); exiting.
error    libmamba Could not set lock (Resource temporarily unavailable)
warning  libmamba Cannot lock '/home/r.dinnage/.cache/mamba/proc'
    Waiting for other mamba process to finish
[collector wgpu0] --once drained 0 checkpoint(s); exiting.
[collector wgpu0] --once drained 0 checkpoint(s); exiting.
error    libmamba Could not set lock (Resource temporarily unavailable)
warning  libmamba Cannot lock '/home/r.dinnage/.cache/mamba/proc'
    Waiting for other mamba process to finish
[collector wgpu0] --once drained 0 checkpoint(s); exiting.
[collector wgpu0] --once drained 0 checkpoint(s); exiting.
[extract] step=2220 SKIP heavy block block_interp (ordinal=444 basis=step_fallback heavy_every=8)
[extract] step=2220 SKIP heavy block block_probes (ordinal=444 basis=step_fallback heavy_every=8)
[extract] step=2220 heavy=FALSE total=16.61s | block_curvature=4.83 block_fitness=5.99
[collector wgpu0] gpu-pass DONE run_id=plantclef__stable_evo__s42 step=2220 blocks_ok=2 t=16.606s (all_passes_complete=True)
[collector wgpu0] FINALIZED run_id=plantclef__stable_evo__s42 step=2220 -> KEPT(->kept/,FULL latest-slot)
[collector wgpu0] --once drained 2 checkpoint(s); exiting.
[cwgpu0] drained 2 checkpoint(s); GPU-pass backlog present -> skip d90, loop.
[collector wgpu0] --once drained 0 checkpoint(s); exiting.
[collector wgpu0] --once drained 0 checkpoint(s); exiting.
[collector wgpu0] --once drained 0 checkpoint(s); exiting.
[collector wgpu0] --once drained 0 checkpoint(s); exiting.
error    libmamba Could not set lock (Resource temporarily unavailable)
warning  libmamba Cannot lock '/home/r.dinnage/.cache/mamba/proc'
    Waiting for other mamba process to finish
[collector wgpu0] --once drained 0 checkpoint(s); exiting.
[extract] step=2232 SKIP heavy block block_interp (ordinal=446 basis=step_fallback heavy_every=8)
[extract] step=2232 SKIP heavy block block_probes (ordinal=446 basis=step_fallback heavy_every=8)
[extract] step=2232 heavy=FALSE total=16.64s | block_curvature=4.81 block_fitness=6.05
[collector wgpu0] gpu-pass DONE run_id=plantclef__stable_evo__s42 step=2232 blocks_ok=2 t=16.643s (all_passes_complete=True)
[extract] step=2234 SKIP heavy block block_interp (ordinal=446 basis=step_fallback heavy_every=8)
[extract] step=2234 SKIP heavy block block_probes (ordinal=446 basis=step_fallback heavy_every=8)
[extract] step=2234 heavy=FALSE total=17.18s | block_curvature=4.76 block_fitness=5.44
[collector wgpu0] gpu-pass DONE run_id=plantclef__stable_evo__s42 step=2234 blocks_ok=2 t=17.177s (all_passes_complete=True)
[collector wgpu0] FINALIZED run_id=plantclef__stable_evo__s42 step=2234 -> KEPT(->kept/,FULL latest-slot)
[collector wgpu0] FINALIZED run_id=plantclef__stable_evo__s42 step=2232 -> deleted
[collector wgpu0] --once drained 4 checkpoint(s); exiting.
[cwgpu0] drained 4 checkpoint(s); GPU-pass backlog present -> skip d90, loop.
[collector wgpu0] --once drained 0 checkpoint(s); exiting.
error    libmamba Could not set lock (Resource temporarily unavailable)
warning  libmamba Cannot lock '/home/r.dinnage/.cache/mamba/proc'
    Waiting for other mamba process to finish
[collector wgpu0] --once drained 0 checkpoint(s); exiting.
[collector wgpu0] --once drained 0 checkpoint(s); exiting.
[collector wgpu0] --once drained 0 checkpoint(s); exiting.
[collector wgpu0] --once drained 0 checkpoint(s); exiting.
[extract] step=2246 SKIP heavy block block_interp (ordinal=449 basis=step_fallback heavy_every=8)
[extract] step=2246 SKIP heavy block block_probes (ordinal=449 basis=step_fallback heavy_every=8)
[extract] step=2246 heavy=FALSE total=18.45s | block_curvature=5.46 block_fitness=6.13
[collector wgpu0] gpu-pass DONE run_id=plantclef__stable_evo__s42 step=2246 blocks_ok=2 t=18.452s (all_passes_complete=True)
[collector wgpu0] FINALIZED run_id=plantclef__stable_evo__s42 step=2246 -> KEPT(->kept/,FULL latest-slot)
[collector wgpu0] --once drained 2 checkpoint(s); exiting.
[cwgpu0] drained 2 checkpoint(s); GPU-pass backlog present -> skip d90, loop.
[collector wgpu0] --once drained 0 checkpoint(s); exiting.
[collector wgpu0] --once drained 0 checkpoint(s); exiting.
[collector wgpu0] --once drained 0 checkpoint(s); exiting.
[collector wgpu0] --once drained 0 checkpoint(s); exiting.
[collector wgpu0] --once drained 0 checkpoint(s); exiting.
[extract] step=2258 SKIP heavy block block_interp (ordinal=451 basis=step_fallback heavy_every=8)
[extract] step=2258 SKIP heavy block block_probes (ordinal=451 basis=step_fallback heavy_every=8)
[extract] step=2258 heavy=FALSE total=16.64s | block_curvature=4.81 block_fitness=6.06
[collector wgpu0] gpu-pass DONE run_id=plantclef__stable_evo__s42 step=2258 blocks_ok=2 t=16.643s (all_passes_complete=True)
[collector wgpu0] FINALIZED run_id=plantclef__stable_evo__s42 step=2258 -> KEPT(->kept/,FULL latest-slot)
[collector wgpu0] --once drained 2 checkpoint(s); exiting.
[cwgpu0] drained 2 checkpoint(s); GPU-pass backlog present -> skip d90, loop.
[collector wgpu0] --once drained 0 checkpoint(s); exiting.
[collector wgpu0] --once drained 0 checkpoint(s); exiting.
[collector wgpu0] --once drained 0 checkpoint(s); exiting.
[collector wgpu0] --once drained 0 checkpoint(s); exiting.
[collector wgpu0] --once drained 0 checkpoint(s); exiting.
[extract] step=2270 SKIP heavy block block_interp (ordinal=454 basis=step_fallback heavy_every=8)
[extract] step=2270 SKIP heavy block block_probes (ordinal=454 basis=step_fallback heavy_every=8)
[extract] step=2270 heavy=FALSE total=16.44s | block_curvature=4.82 block_fitness=5.98
[collector wgpu0] gpu-pass DONE run_id=plantclef__stable_evo__s42 step=2270 blocks_ok=2 t=16.439s (all_passes_complete=True)
[collector wgpu0] FINALIZED run_id=plantclef__stable_evo__s42 step=2270 -> KEPT(->kept/,FULL latest-slot)
[collector wgpu0] --once drained 2 checkpoint(s); exiting.
[cwgpu0] drained 2 checkpoint(s); GPU-pass backlog present -> skip d90, loop.
[collector wgpu0] --once drained 0 checkpoint(s); exiting.
[collector wgpu0] --once drained 0 checkpoint(s); exiting.
[collector wgpu0] --once drained 0 checkpoint(s); exiting.
[collector wgpu0] --once drained 0 checkpoint(s); exiting.
[collector wgpu0] --once drained 0 checkpoint(s); exiting.
[extract] step=2282 heavy=TRUE total=99.32s | block_curvature=4.79 block_interp=41.52 block_probes=41.21 block_fitness=6.36
[collector wgpu0] gpu-pass DONE run_id=plantclef__stable_evo__s42 step=2282 blocks_ok=4 t=99.324s (all_passes_complete=True)
[collector wgpu0] FINALIZED run_id=plantclef__stable_evo__s42 step=2282 -> KEPT(->kept/,FULL latest-slot)
[collector wgpu0] --once drained 2 checkpoint(s); exiting.
[cwgpu0] drained 2 checkpoint(s); GPU-pass backlog present -> skip d90, loop.
[collector wgpu0] --once drained 0 checkpoint(s); exiting.
error    libmamba Could not set lock (Resource temporarily unavailable)
warning  libmamba Cannot lock '/home/r.dinnage/.cache/mamba/proc'
    Waiting for other mamba process to finish
[extract] step=2294 SKIP heavy block block_interp (ordinal=458 basis=step_fallback heavy_every=8)
[extract] step=2294 SKIP heavy block block_probes (ordinal=458 basis=step_fallback heavy_every=8)
[extract] step=2294 heavy=FALSE total=16.57s | block_curvature=4.78 block_fitness=5.92
[collector wgpu0] gpu-pass DONE run_id=plantclef__stable_evo__s42 step=2294 blocks_ok=2 t=16.566s (all_passes_complete=True)
[collector wgpu0] FINALIZED run_id=plantclef__stable_evo__s42 step=2294 -> KEPT(->kept/,FULL latest-slot)
[collector wgpu0] --once drained 2 checkpoint(s); exiting.
[cwgpu0] drained 2 checkpoint(s); GPU-pass backlog present -> skip d90, loop.
[collector wgpu0] --once drained 0 checkpoint(s); exiting.
[collector wgpu0] --once drained 0 checkpoint(s); exiting.
[collector wgpu0] --once drained 0 checkpoint(s); exiting.
error    libmamba Could not set lock (Resource temporarily unavailable)
warning  libmamba Cannot lock '/home/r.dinnage/.cache/mamba/proc'
    Waiting for other mamba process to finish
[collector wgpu0] --once drained 0 checkpoint(s); exiting.
[collector wgpu0] --once drained 0 checkpoint(s); exiting.
[collector wgpu0] --once drained 0 checkpoint(s); exiting.
[collector wgpu0] --once drained 0 checkpoint(s); exiting.
[collector wgpu0] --once drained 0 checkpoint(s); exiting.
[extract] step=2306 SKIP heavy block block_interp (ordinal=461 basis=step_fallback heavy_every=8)
[extract] step=2306 SKIP heavy block block_probes (ordinal=461 basis=step_fallback heavy_every=8)
[extract] step=2306 heavy=FALSE total=16.55s | block_curvature=4.82 block_fitness=6.00
[collector wgpu0] gpu-pass DONE run_id=plantclef__stable_evo__s42 step=2306 blocks_ok=2 t=16.548s (all_passes_complete=True)
[collector wgpu0] FINALIZED run_id=plantclef__stable_evo__s42 step=2306 -> KEPT(->kept/,FULL latest-slot)
[collector wgpu0] --once drained 2 checkpoint(s); exiting.
[cwgpu0] drained 2 checkpoint(s); GPU-pass backlog present -> skip d90, loop.
[collector wgpu0] --once drained 0 checkpoint(s); exiting.
error    libmamba Could not set lock (Resource temporarily unavailable)
warning  libmamba Cannot lock '/home/r.dinnage/.cache/mamba/proc'
    Waiting for other mamba process to finish
[collector wgpu0] --once drained 0 checkpoint(s); exiting.
[collector wgpu0] --once drained 0 checkpoint(s); exiting.
[collector wgpu0] --once drained 0 checkpoint(s); exiting.
[collector wgpu0] --once drained 0 checkpoint(s); exiting.
[extract] step=2318 SKIP heavy block block_interp (ordinal=463 basis=step_fallback heavy_every=8)
[extract] step=2318 SKIP heavy block block_probes (ordinal=463 basis=step_fallback heavy_every=8)
[extract] step=2318 heavy=FALSE total=16.63s | block_curvature=4.79 block_fitness=6.03
[collector wgpu0] gpu-pass DONE run_id=plantclef__stable_evo__s42 step=2318 blocks_ok=2 t=16.626s (all_passes_complete=True)
[collector wgpu0] FINALIZED run_id=plantclef__stable_evo__s42 step=2318 -> KEPT(->kept/,FULL latest-slot)
[collector wgpu0] --once drained 2 checkpoint(s); exiting.
[cwgpu0] drained 2 checkpoint(s); GPU-pass backlog present -> skip d90, loop.
[collector wgpu0] --once drained 0 checkpoint(s); exiting.
[collector wgpu0] --once drained 0 checkpoint(s); exiting.
[collector wgpu0] --once drained 0 checkpoint(s); exiting.
[collector wgpu0] --once drained 0 checkpoint(s); exiting.
[extract] step=2330 SKIP heavy block block_interp (ordinal=466 basis=step_fallback heavy_every=8)
[extract] step=2330 SKIP heavy block block_probes (ordinal=466 basis=step_fallback heavy_every=8)
[extract] step=2330 heavy=FALSE total=17.67s | block_curvature=4.79 block_fitness=6.02
[collector wgpu0] gpu-pass DONE run_id=plantclef__stable_evo__s42 step=2330 blocks_ok=2 t=17.668s (all_passes_complete=True)
[collector wgpu0] FINALIZED run_id=plantclef__stable_evo__s42 step=2330 -> KEPT(->kept/,FULL latest-slot)
[collector wgpu0] --once drained 2 checkpoint(s); exiting.
error    libmamba Could not set lock (Resource temporarily unavailable)
warning  libmamba Cannot lock '/home/r.dinnage/.cache/mamba/proc'
    Waiting for other mamba process to finish
[cwgpu0] drained 2 checkpoint(s); GPU-pass backlog present -> skip d90, loop.
[collector wgpu0] --once drained 0 checkpoint(s); exiting.
[collector wgpu0] --once drained 0 checkpoint(s); exiting.
[collector wgpu0] --once drained 0 checkpoint(s); exiting.
[collector wgpu0] --once drained 0 checkpoint(s); exiting.
[collector wgpu0] --once drained 0 checkpoint(s); exiting.
[extract] step=2342 SKIP heavy block block_interp (ordinal=468 basis=step_fallback heavy_every=8)
[extract] step=2342 SKIP heavy block block_probes (ordinal=468 basis=step_fallback heavy_every=8)
[extract] step=2342 heavy=FALSE total=17.79s | block_curvature=4.84 block_fitness=6.00
[collector wgpu0] gpu-pass DONE run_id=plantclef__stable_evo__s42 step=2342 blocks_ok=2 t=17.788s (all_passes_complete=True)
[collector wgpu0] FINALIZED run_id=plantclef__stable_evo__s42 step=2342 -> KEPT(->kept/,FULL latest-slot)
[collector wgpu0] --once drained 2 checkpoint(s); exiting.
[cwgpu0] drained 2 checkpoint(s); GPU-pass backlog present -> skip d90, loop.
[collector wgpu0] --once drained 0 checkpoint(s); exiting.
[collector wgpu0] --once drained 0 checkpoint(s); exiting.
[collector wgpu0] --once drained 0 checkpoint(s); exiting.
error    libmamba Could not set lock (Resource temporarily unavailable)
warning  libmamba Cannot lock '/home/r.dinnage/.cache/mamba/proc'
    Waiting for other mamba process to finish
[collector wgpu0] --once drained 0 checkpoint(s); exiting.
[collector wgpu0] --once drained 0 checkpoint(s); exiting.
[extract] step=2354 SKIP heavy block block_interp (ordinal=470 basis=step_fallback heavy_every=8)
[extract] step=2354 SKIP heavy block block_probes (ordinal=470 basis=step_fallback heavy_every=8)
[extract] step=2354 heavy=FALSE total=16.71s | block_curvature=4.80 block_fitness=6.00
[collector wgpu0] gpu-pass DONE run_id=plantclef__stable_evo__s42 step=2354 blocks_ok=2 t=16.712s (all_passes_complete=True)
[collector wgpu0] FINALIZED run_id=plantclef__stable_evo__s42 step=2354 -> KEPT(->kept/,FULL latest-slot)
[collector wgpu0] --once drained 2 checkpoint(s); exiting.
[cwgpu0] drained 2 checkpoint(s); GPU-pass backlog present -> skip d90, loop.
[collector wgpu0] --once drained 0 checkpoint(s); exiting.
[collector wgpu0] --once drained 0 checkpoint(s); exiting.
error    libmamba Could not set lock (Resource temporarily unavailable)
warning  libmamba Cannot lock '/home/r.dinnage/.cache/mamba/proc'
    Waiting for other mamba process to finish
[collector wgpu0] --once drained 0 checkpoint(s); exiting.
error    libmamba Could not set lock (Resource temporarily unavailable)
warning  libmamba Cannot lock '/home/r.dinnage/.cache/mamba/proc'
    Waiting for other mamba process to finish
[collector wgpu0] --once drained 0 checkpoint(s); exiting.
[collector wgpu0] --once drained 0 checkpoint(s); exiting.
error    libmamba Could not set lock (Resource temporarily unavailable)
warning  libmamba Cannot lock '/home/r.dinnage/.cache/mamba/proc'
    Waiting for other mamba process to finish
[extract] step=2366 SKIP heavy block block_interp (ordinal=473 basis=step_fallback heavy_every=8)
[extract] step=2366 SKIP heavy block block_probes (ordinal=473 basis=step_fallback heavy_every=8)
[extract] step=2366 heavy=FALSE total=16.83s | block_curvature=4.81 block_fitness=6.06
[collector wgpu0] gpu-pass DONE run_id=plantclef__stable_evo__s42 step=2366 blocks_ok=2 t=16.828s (all_passes_complete=True)
[collector wgpu0] FINALIZED run_id=plantclef__stable_evo__s42 step=2366 -> KEPT(->kept/,FULL latest-slot)
[collector wgpu0] --once drained 2 checkpoint(s); exiting.
[cwgpu0] drained 2 checkpoint(s); GPU-pass backlog present -> skip d90, loop.
[collector wgpu0] --once drained 0 checkpoint(s); exiting.
[collector wgpu0] --once drained 0 checkpoint(s); exiting.
[collector wgpu0] --once drained 0 checkpoint(s); exiting.
error    libmamba Could not set lock (Resource temporarily unavailable)
warning  libmamba Cannot lock '/home/r.dinnage/.cache/mamba/proc'
    Waiting for other mamba process to finish
[collector wgpu0] --once drained 0 checkpoint(s); exiting.
[collector wgpu0] --once drained 0 checkpoint(s); exiting.
[extract] step=2378 SKIP heavy block block_interp (ordinal=475 basis=step_fallback heavy_every=8)
[extract] step=2378 SKIP heavy block block_probes (ordinal=475 basis=step_fallback heavy_every=8)
[extract] step=2378 heavy=FALSE total=16.94s | block_curvature=4.86 block_fitness=6.20
[collector wgpu0] gpu-pass DONE run_id=plantclef__stable_evo__s42 step=2378 blocks_ok=2 t=16.936s (all_passes_complete=True)
[collector wgpu0] FINALIZED run_id=plantclef__stable_evo__s42 step=2378 -> KEPT(->kept/,FULL latest-slot)
[collector wgpu0] --once drained 2 checkpoint(s); exiting.
[cwgpu0] drained 2 checkpoint(s); GPU-pass backlog present -> skip d90, loop.
[collector wgpu0] --once drained 0 checkpoint(s); exiting.
[collector wgpu0] --once drained 0 checkpoint(s); exiting.
[collector wgpu0] --once drained 0 checkpoint(s); exiting.
[collector wgpu0] --once drained 0 checkpoint(s); exiting.
error    libmamba Could not set lock (Resource temporarily unavailable)
warning  libmamba Cannot lock '/home/r.dinnage/.cache/mamba/proc'
    Waiting for other mamba process to finish
[collector wgpu0] --once drained 0 checkpoint(s); exiting.
[extract] step=2390 SKIP heavy block block_interp (ordinal=478 basis=step_fallback heavy_every=8)
[extract] step=2390 SKIP heavy block block_probes (ordinal=478 basis=step_fallback heavy_every=8)
[extract] step=2390 heavy=FALSE total=16.91s | block_curvature=4.85 block_fitness=6.19
[collector wgpu0] gpu-pass DONE run_id=plantclef__stable_evo__s42 step=2390 blocks_ok=2 t=16.914s (all_passes_complete=True)
[collector wgpu0] FINALIZED run_id=plantclef__stable_evo__s42 step=2390 -> KEPT(->kept/,FULL latest-slot)
[collector wgpu0] --once drained 2 checkpoint(s); exiting.
[cwgpu0] drained 2 checkpoint(s); GPU-pass backlog present -> skip d90, loop.
[collector wgpu0] --once drained 0 checkpoint(s); exiting.
[collector wgpu0] --once drained 0 checkpoint(s); exiting.
error    libmamba Could not set lock (Resource temporarily unavailable)
warning  libmamba Cannot lock '/home/r.dinnage/.cache/mamba/proc'
    Waiting for other mamba process to finish
[collector wgpu0] --once drained 0 checkpoint(s); exiting.
[collector wgpu0] --once drained 0 checkpoint(s); exiting.
[collector wgpu0] --once drained 0 checkpoint(s); exiting.
error    libmamba Could not set lock (Resource temporarily unavailable)
warning  libmamba Cannot lock '/home/r.dinnage/.cache/mamba/proc'
    Waiting for other mamba process to finish
[collector wgpu0] --once drained 0 checkpoint(s); exiting.
[collector wgpu0] --once drained 0 checkpoint(s); exiting.
[extract] step=2402 heavy=TRUE total=96.57s | block_curvature=4.82 block_interp=40.87 block_probes=38.37 block_fitness=6.36
[collector wgpu0] gpu-pass DONE run_id=plantclef__stable_evo__s42 step=2402 blocks_ok=4 t=96.569s (all_passes_complete=True)
[collector wgpu0] FINALIZED run_id=plantclef__stable_evo__s42 step=2402 -> KEPT(->kept/,FULL latest-slot)
[collector wgpu0] --once drained 2 checkpoint(s); exiting.
[cwgpu0] drained 2 checkpoint(s); GPU-pass backlog present -> skip d90, loop.
[collector wgpu0] --once drained 0 checkpoint(s); exiting.
[extract] step=2414 SKIP heavy block block_interp (ordinal=482 basis=step_fallback heavy_every=8)
[extract] step=2414 SKIP heavy block block_probes (ordinal=482 basis=step_fallback heavy_every=8)
[extract] step=2414 heavy=FALSE total=16.64s | block_curvature=4.80 block_fitness=5.99
[collector wgpu0] gpu-pass DONE run_id=plantclef__stable_evo__s42 step=2414 blocks_ok=2 t=16.637s (all_passes_complete=True)
[collector wgpu0] FINALIZED run_id=plantclef__stable_evo__s42 step=2414 -> KEPT(->kept/,FULL latest-slot)
[collector wgpu0] --once drained 2 checkpoint(s); exiting.
[cwgpu0] drained 2 checkpoint(s); GPU-pass backlog present -> skip d90, loop.
[collector wgpu0] --once drained 0 checkpoint(s); exiting.
[collector wgpu0] --once drained 0 checkpoint(s); exiting.
[collector wgpu0] --once drained 0 checkpoint(s); exiting.
[collector wgpu0] --once drained 0 checkpoint(s); exiting.
[collector wgpu0] --once drained 0 checkpoint(s); exiting.
[extract] step=2426 SKIP heavy block block_interp (ordinal=485 basis=step_fallback heavy_every=8)
[extract] step=2426 SKIP heavy block block_probes (ordinal=485 basis=step_fallback heavy_every=8)
[extract] step=2426 heavy=FALSE total=16.71s | block_curvature=4.82 block_fitness=6.02
[collector wgpu0] gpu-pass DONE run_id=plantclef__stable_evo__s42 step=2426 blocks_ok=2 t=16.709s (all_passes_complete=True)
[collector wgpu0] FINALIZED run_id=plantclef__stable_evo__s42 step=2426 -> KEPT(->kept/,FULL latest-slot)
[collector wgpu0] --once drained 2 checkpoint(s); exiting.
[cwgpu0] drained 2 checkpoint(s); GPU-pass backlog present -> skip d90, loop.
[collector wgpu0] --once drained 0 checkpoint(s); exiting.
[collector wgpu0] --once drained 0 checkpoint(s); exiting.
error    libmamba Could not set lock (Resource temporarily unavailable)
warning  libmamba Cannot lock '/home/r.dinnage/.cache/mamba/proc'
    Waiting for other mamba process to finish
[collector wgpu0] --once drained 0 checkpoint(s); exiting.
[collector wgpu0] --once drained 0 checkpoint(s); exiting.
[collector wgpu0] --once drained 0 checkpoint(s); exiting.
[extract] step=2438 SKIP heavy block block_interp (ordinal=487 basis=step_fallback heavy_every=8)
[extract] step=2438 SKIP heavy block block_probes (ordinal=487 basis=step_fallback heavy_every=8)
[extract] step=2438 heavy=FALSE total=16.76s | block_curvature=4.82 block_fitness=6.05
[collector wgpu0] gpu-pass DONE run_id=plantclef__stable_evo__s42 step=2438 blocks_ok=2 t=16.757s (all_passes_complete=True)
[collector wgpu0] FINALIZED run_id=plantclef__stable_evo__s42 step=2438 -> KEPT(->kept/,FULL latest-slot)
[collector wgpu0] --once drained 2 checkpoint(s); exiting.
[cwgpu0] drained 2 checkpoint(s); GPU-pass backlog present -> skip d90, loop.
[collector wgpu0] --once drained 0 checkpoint(s); exiting.
error    libmamba Could not set lock (Resource temporarily unavailable)
warning  libmamba Cannot lock '/home/r.dinnage/.cache/mamba/proc'
    Waiting for other mamba process to finish
[collector wgpu0] --once drained 0 checkpoint(s); exiting.
[collector wgpu0] --once drained 0 checkpoint(s); exiting.
[collector wgpu0] --once drained 0 checkpoint(s); exiting.
error    libmamba Could not set lock (Resource temporarily unavailable)
warning  libmamba Cannot lock '/home/r.dinnage/.cache/mamba/proc'
    Waiting for other mamba process to finish
[collector wgpu0] --once drained 0 checkpoint(s); exiting.
[extract] step=2450 SKIP heavy block block_interp (ordinal=490 basis=step_fallback heavy_every=8)
[extract] step=2450 SKIP heavy block block_probes (ordinal=490 basis=step_fallback heavy_every=8)
[extract] step=2450 heavy=FALSE total=16.75s | block_curvature=4.85 block_fitness=6.09
[collector wgpu0] gpu-pass DONE run_id=plantclef__stable_evo__s42 step=2450 blocks_ok=2 t=16.752s (all_passes_complete=True)
[collector wgpu0] FINALIZED run_id=plantclef__stable_evo__s42 step=2450 -> KEPT(->kept/,FULL latest-slot)
[collector wgpu0] --once drained 2 checkpoint(s); exiting.
error    libmamba Could not set lock (Resource temporarily unavailable)
warning  libmamba Cannot lock '/home/r.dinnage/.cache/mamba/proc'
    Waiting for other mamba process to finish
[cwgpu0] drained 2 checkpoint(s); GPU-pass backlog present -> skip d90, loop.
[collector wgpu0] --once drained 0 checkpoint(s); exiting.
[collector wgpu0] --once drained 0 checkpoint(s); exiting.
[collector wgpu0] --once drained 0 checkpoint(s); exiting.
[collector wgpu0] --once drained 0 checkpoint(s); exiting.
[extract] step=2462 SKIP heavy block block_interp (ordinal=492 basis=step_fallback heavy_every=8)
[extract] step=2462 SKIP heavy block block_probes (ordinal=492 basis=step_fallback heavy_every=8)
[extract] step=2462 heavy=FALSE total=16.51s | block_curvature=4.79 block_fitness=6.07
[collector wgpu0] gpu-pass DONE run_id=plantclef__stable_evo__s42 step=2462 blocks_ok=2 t=16.511s (all_passes_complete=True)
[collector wgpu0] FINALIZED run_id=plantclef__stable_evo__s42 step=2462 -> KEPT(->kept/,FULL latest-slot)
[collector wgpu0] --once drained 2 checkpoint(s); exiting.
[cwgpu0] drained 2 checkpoint(s); GPU-pass backlog present -> skip d90, loop.
[collector wgpu0] --once drained 0 checkpoint(s); exiting.
[collector wgpu0] --once drained 0 checkpoint(s); exiting.
[collector wgpu0] --once drained 0 checkpoint(s); exiting.
[collector wgpu0] --once drained 0 checkpoint(s); exiting.
[collector wgpu0] --once drained 0 checkpoint(s); exiting.
[extract] step=2474 SKIP heavy block block_interp (ordinal=494 basis=step_fallback heavy_every=8)
[extract] step=2474 SKIP heavy block block_probes (ordinal=494 basis=step_fallback heavy_every=8)
[extract] step=2474 heavy=FALSE total=17.28s | block_curvature=5.17 block_fitness=6.15
[collector wgpu0] gpu-pass DONE run_id=plantclef__stable_evo__s42 step=2474 blocks_ok=2 t=17.285s (all_passes_complete=True)
[collector wgpu0] FINALIZED run_id=plantclef__stable_evo__s42 step=2474 -> KEPT(->kept/,FULL latest-slot)
[collector wgpu0] --once drained 2 checkpoint(s); exiting.
[cwgpu0] drained 2 checkpoint(s); GPU-pass backlog present -> skip d90, loop.
[collector wgpu0] --once drained 0 checkpoint(s); exiting.
[collector wgpu0] --once drained 0 checkpoint(s); exiting.
[collector wgpu0] --once drained 0 checkpoint(s); exiting.
error    libmamba Could not set lock (Resource temporarily unavailable)
warning  libmamba Cannot lock '/home/r.dinnage/.cache/mamba/proc'
    Waiting for other mamba process to finish
[collector wgpu0] --once drained 0 checkpoint(s); exiting.
[collector wgpu0] --once drained 0 checkpoint(s); exiting.
[extract] step=2486 SKIP heavy block block_interp (ordinal=497 basis=step_fallback heavy_every=8)
[extract] step=2486 SKIP heavy block block_probes (ordinal=497 basis=step_fallback heavy_every=8)
[extract] step=2486 heavy=FALSE total=16.89s | block_curvature=5.05 block_fitness=6.09
[collector wgpu0] gpu-pass DONE run_id=plantclef__stable_evo__s42 step=2486 blocks_ok=2 t=16.89s (all_passes_complete=True)
[collector wgpu0] FINALIZED run_id=plantclef__stable_evo__s42 step=2486 -> KEPT(->kept/,FULL latest-slot)
[collector wgpu0] --once drained 2 checkpoint(s); exiting.
[cwgpu0] drained 2 checkpoint(s); GPU-pass backlog present -> skip d90, loop.
[collector wgpu0] --once drained 0 checkpoint(s); exiting.
[collector wgpu0] --once drained 0 checkpoint(s); exiting.
[collector wgpu0] --once drained 0 checkpoint(s); exiting.
error    libmamba Could not set lock (Resource temporarily unavailable)
warning  libmamba Cannot lock '/home/r.dinnage/.cache/mamba/proc'
    Waiting for other mamba process to finish
[collector wgpu0] --once drained 0 checkpoint(s); exiting.
[collector wgpu0] --once drained 0 checkpoint(s); exiting.
[extract] step=2498 SKIP heavy block block_interp (ordinal=499 basis=step_fallback heavy_every=8)
[extract] step=2498 SKIP heavy block block_probes (ordinal=499 basis=step_fallback heavy_every=8)
[extract] step=2498 heavy=FALSE total=16.76s | block_curvature=4.83 block_fitness=6.06
[collector wgpu0] gpu-pass DONE run_id=plantclef__stable_evo__s42 step=2498 blocks_ok=2 t=16.764s (all_passes_complete=True)
[collector wgpu0] FINALIZED run_id=plantclef__stable_evo__s42 step=2498 -> KEPT(->kept/,FULL latest-slot)
[collector wgpu0] --once drained 2 checkpoint(s); exiting.
[cwgpu0] drained 2 checkpoint(s); GPU-pass backlog present -> skip d90, loop.
[collector wgpu0] --once drained 0 checkpoint(s); exiting.
[collector wgpu0] --once drained 0 checkpoint(s); exiting.
[collector wgpu0] --once drained 0 checkpoint(s); exiting.
[collector wgpu0] --once drained 0 checkpoint(s); exiting.
[collector wgpu0] --once drained 0 checkpoint(s); exiting.
[collector wgpu0] --once drained 0 checkpoint(s); exiting.
[collector wgpu0] --once drained 0 checkpoint(s); exiting.
[collector wgpu0] --once drained 0 checkpoint(s); exiting.
[extract] step=2510 SKIP heavy block block_interp (ordinal=502 basis=step_fallback heavy_every=8)
[extract] step=2510 SKIP heavy block block_probes (ordinal=502 basis=step_fallback heavy_every=8)
[extract] step=2510 heavy=FALSE total=16.79s | block_curvature=4.84 block_fitness=6.02
[collector wgpu0] gpu-pass DONE run_id=plantclef__stable_evo__s42 step=2510 blocks_ok=2 t=16.79s (all_passes_complete=True)
[extract] step=2512 SKIP heavy block block_interp (ordinal=502 basis=step_fallback heavy_every=8)
[extract] step=2512 SKIP heavy block block_probes (ordinal=502 basis=step_fallback heavy_every=8)
[extract] step=2512 heavy=FALSE total=17.33s | block_curvature=5.21 block_fitness=5.20
[collector wgpu0] gpu-pass DONE run_id=plantclef__stable_evo__s42 step=2512 blocks_ok=2 t=17.332s (all_passes_complete=True)
[collector wgpu0] FINALIZED run_id=plantclef__stable_evo__s42 step=2512 -> KEPT(->kept/,FULL latest-slot)
[collector wgpu0] FINALIZED run_id=plantclef__stable_evo__s42 step=2510 -> deleted
[collector wgpu0] --once drained 4 checkpoint(s); exiting.
[cwgpu0] drained 4 checkpoint(s); GPU-pass backlog present -> skip d90, loop.
[collector wgpu0] --once drained 0 checkpoint(s); exiting.
error    libmamba Could not set lock (Resource temporarily unavailable)
warning  libmamba Cannot lock '/home/r.dinnage/.cache/mamba/proc'
    Waiting for other mamba process to finish
[collector wgpu0] --once drained 0 checkpoint(s); exiting.
[collector wgpu0] --once drained 0 checkpoint(s); exiting.
[collector wgpu0] --once drained 0 checkpoint(s); exiting.
[collector wgpu0] --once drained 0 checkpoint(s); exiting.
[collector wgpu0] --once drained 0 checkpoint(s); exiting.
[extract] step=2524 heavy=TRUE total=99.45s | block_curvature=4.87 block_interp=41.35 block_probes=41.45 block_fitness=6.16
[collector wgpu0] gpu-pass DONE run_id=plantclef__stable_evo__s42 step=2524 blocks_ok=4 t=99.454s (all_passes_complete=True)
[collector wgpu0] FINALIZED run_id=plantclef__stable_evo__s42 step=2524 -> deleted
[collector wgpu0] --once drained 2 checkpoint(s); exiting.
[cwgpu0] drained 2 checkpoint(s); GPU-pass backlog present -> skip d90, loop.
[extract] step=2536 SKIP heavy block block_interp (ordinal=507 basis=step_fallback heavy_every=8)
[extract] step=2536 SKIP heavy block block_probes (ordinal=507 basis=step_fallback heavy_every=8)
[extract] step=2536 heavy=FALSE total=17.65s | block_curvature=4.86 block_fitness=6.01
[collector wgpu0] gpu-pass DONE run_id=plantclef__stable_evo__s42 step=2536 blocks_ok=2 t=17.652s (all_passes_complete=True)
[collector wgpu0] FINALIZED run_id=plantclef__stable_evo__s42 step=2536 -> KEPT(->kept/,FULL latest-slot)
[collector wgpu0] --once drained 2 checkpoint(s); exiting.
[cwgpu0] drained 2 checkpoint(s); GPU-pass backlog present -> skip d90, loop.
[collector wgpu0] --once drained 0 checkpoint(s); exiting.
[collector wgpu0] --once drained 0 checkpoint(s); exiting.
[collector wgpu0] --once drained 0 checkpoint(s); exiting.
[collector wgpu0] --once drained 0 checkpoint(s); exiting.
[collector wgpu0] --once drained 0 checkpoint(s); exiting.
[extract] step=2548 SKIP heavy block block_interp (ordinal=509 basis=step_fallback heavy_every=8)
[extract] step=2548 SKIP heavy block block_probes (ordinal=509 basis=step_fallback heavy_every=8)
[extract] step=2548 heavy=FALSE total=16.65s | block_curvature=4.84 block_fitness=6.07
[collector wgpu0] gpu-pass DONE run_id=plantclef__stable_evo__s42 step=2548 blocks_ok=2 t=16.654s (all_passes_complete=True)
[collector wgpu0] FINALIZED run_id=plantclef__stable_evo__s42 step=2548 -> KEPT(->kept/,FULL latest-slot)
[collector wgpu0] --once drained 2 checkpoint(s); exiting.
[cwgpu0] drained 2 checkpoint(s); GPU-pass backlog present -> skip d90, loop.
[collector wgpu0] --once drained 0 checkpoint(s); exiting.
[collector wgpu0] --once drained 0 checkpoint(s); exiting.
[collector wgpu0] --once drained 0 checkpoint(s); exiting.
[collector wgpu0] --once drained 0 checkpoint(s); exiting.
[collector wgpu0] --once drained 0 checkpoint(s); exiting.
error    libmamba Could not set lock (Resource temporarily unavailable)
warning  libmamba Cannot lock '/home/r.dinnage/.cache/mamba/proc'
    Waiting for other mamba process to finish
[extract] step=2560 heavy=TRUE total=100.38s | block_curvature=4.80 block_interp=41.42 block_probes=41.53 block_fitness=6.08
[collector wgpu0] gpu-pass DONE run_id=plantclef__stable_evo__s42 step=2560 blocks_ok=4 t=100.382s (all_passes_complete=True)
[collector wgpu0] FINALIZED run_id=plantclef__stable_evo__s42 step=2560 -> KEPT(->kept/,FULL latest-slot)
[collector wgpu0] --once drained 2 checkpoint(s); exiting.
[cwgpu0] drained 2 checkpoint(s); GPU-pass backlog present -> skip d90, loop.
[collector wgpu0] --once drained 0 checkpoint(s); exiting.
error    libmamba Could not set lock (Resource temporarily unavailable)
warning  libmamba Cannot lock '/home/r.dinnage/.cache/mamba/proc'
    Waiting for other mamba process to finish
[extract] step=2572 SKIP heavy block block_interp (ordinal=514 basis=step_fallback heavy_every=8)
[extract] step=2572 SKIP heavy block block_probes (ordinal=514 basis=step_fallback heavy_every=8)
[extract] step=2572 heavy=FALSE total=16.74s | block_curvature=4.89 block_fitness=5.97
[collector wgpu0] gpu-pass DONE run_id=plantclef__stable_evo__s42 step=2572 blocks_ok=2 t=16.736s (all_passes_complete=True)
[collector wgpu0] FINALIZED run_id=plantclef__stable_evo__s42 step=2572 -> KEPT(->kept/,FULL latest-slot)
[collector wgpu0] --once drained 2 checkpoint(s); exiting.
[cwgpu0] drained 2 checkpoint(s); GPU-pass backlog present -> skip d90, loop.
[collector wgpu0] --once drained 0 checkpoint(s); exiting.
[collector wgpu0] --once drained 0 checkpoint(s); exiting.
[collector wgpu0] --once drained 0 checkpoint(s); exiting.
[collector wgpu0] --once drained 0 checkpoint(s); exiting.
[collector wgpu0] --once drained 0 checkpoint(s); exiting.
[extract] step=2584 SKIP heavy block block_interp (ordinal=516 basis=step_fallback heavy_every=8)
[extract] step=2584 SKIP heavy block block_probes (ordinal=516 basis=step_fallback heavy_every=8)
[extract] step=2584 heavy=FALSE total=17.15s | block_curvature=5.14 block_fitness=6.08
[collector wgpu0] gpu-pass DONE run_id=plantclef__stable_evo__s42 step=2584 blocks_ok=2 t=17.154s (all_passes_complete=True)
[collector wgpu0] FINALIZED run_id=plantclef__stable_evo__s42 step=2584 -> KEPT(->kept/,FULL latest-slot)
[collector wgpu0] --once drained 2 checkpoint(s); exiting.
[cwgpu0] drained 2 checkpoint(s); GPU-pass backlog present -> skip d90, loop.
[collector wgpu0] --once drained 0 checkpoint(s); exiting.
[collector wgpu0] --once drained 0 checkpoint(s); exiting.
[collector wgpu0] --once drained 0 checkpoint(s); exiting.
[collector wgpu0] --once drained 0 checkpoint(s); exiting.
[extract] step=2596 SKIP heavy block block_interp (ordinal=519 basis=step_fallback heavy_every=8)
[extract] step=2596 SKIP heavy block block_probes (ordinal=519 basis=step_fallback heavy_every=8)
[extract] step=2596 heavy=FALSE total=17.74s | block_curvature=4.83 block_fitness=6.04
[collector wgpu0] gpu-pass DONE run_id=plantclef__stable_evo__s42 step=2596 blocks_ok=2 t=17.738s (all_passes_complete=True)
[collector wgpu0] FINALIZED run_id=plantclef__stable_evo__s42 step=2596 -> KEPT(->kept/,FULL latest-slot)
[collector wgpu0] --once drained 2 checkpoint(s); exiting.
[cwgpu0] drained 2 checkpoint(s); GPU-pass backlog present -> skip d90, loop.
[collector wgpu0] --once drained 0 checkpoint(s); exiting.
[collector wgpu0] --once drained 0 checkpoint(s); exiting.
[collector wgpu0] --once drained 0 checkpoint(s); exiting.
[collector wgpu0] --once drained 0 checkpoint(s); exiting.
[collector wgpu0] --once drained 0 checkpoint(s); exiting.
[collector wgpu0] --once drained 0 checkpoint(s); exiting.
error    libmamba Could not set lock (Resource temporarily unavailable)
warning  libmamba Cannot lock '/home/r.dinnage/.cache/mamba/proc'
    Waiting for other mamba process to finish
[collector wgpu0] --once drained 0 checkpoint(s); exiting.
[collector wgpu0] --once drained 0 checkpoint(s); exiting.
[extract] step=2608 SKIP heavy block block_interp (ordinal=521 basis=step_fallback heavy_every=8)
[extract] step=2608 SKIP heavy block block_probes (ordinal=521 basis=step_fallback heavy_every=8)
[extract] step=2608 heavy=FALSE total=17.70s | block_curvature=4.92 block_fitness=6.06
[collector wgpu0] gpu-pass DONE run_id=plantclef__stable_evo__s42 step=2608 blocks_ok=2 t=17.705s (all_passes_complete=True)
[collector wgpu0] FINALIZED run_id=plantclef__stable_evo__s42 step=2608 -> KEPT(->kept/,FULL latest-slot)
[collector wgpu0] --once drained 2 checkpoint(s); exiting.
error    libmamba Could not set lock (Resource temporarily unavailable)
warning  libmamba Cannot lock '/home/r.dinnage/.cache/mamba/proc'
    Waiting for other mamba process to finish
[cwgpu0] drained 2 checkpoint(s); GPU-pass backlog present -> skip d90, loop.
[collector wgpu0] --once drained 0 checkpoint(s); exiting.
error    libmamba Could not set lock (Resource temporarily unavailable)
warning  libmamba Cannot lock '/home/r.dinnage/.cache/mamba/proc'
    Waiting for other mamba process to finish
[collector wgpu0] --once drained 0 checkpoint(s); exiting.
[collector wgpu0] --once drained 0 checkpoint(s); exiting.
[collector wgpu0] --once drained 0 checkpoint(s); exiting.
[collector wgpu0] --once drained 0 checkpoint(s); exiting.
[extract] step=2620 SKIP heavy block block_interp (ordinal=524 basis=step_fallback heavy_every=8)
[extract] step=2620 SKIP heavy block block_probes (ordinal=524 basis=step_fallback heavy_every=8)
[extract] step=2620 heavy=FALSE total=16.66s | block_curvature=4.81 block_fitness=5.99
[collector wgpu0] gpu-pass DONE run_id=plantclef__stable_evo__s42 step=2620 blocks_ok=2 t=16.658s (all_passes_complete=True)
[collector wgpu0] FINALIZED run_id=plantclef__stable_evo__s42 step=2620 -> KEPT(->kept/,FULL latest-slot)
[collector wgpu0] --once drained 2 checkpoint(s); exiting.
[cwgpu0] drained 2 checkpoint(s); GPU-pass backlog present -> skip d90, loop.
[collector wgpu0] --once drained 0 checkpoint(s); exiting.
[collector wgpu0] --once drained 0 checkpoint(s); exiting.
[collector wgpu0] --once drained 0 checkpoint(s); exiting.
[collector wgpu0] --once drained 0 checkpoint(s); exiting.
[collector wgpu0] --once drained 0 checkpoint(s); exiting.
[extract] step=2632 SKIP heavy block block_interp (ordinal=526 basis=step_fallback heavy_every=8)
[extract] step=2632 SKIP heavy block block_probes (ordinal=526 basis=step_fallback heavy_every=8)
[extract] step=2632 heavy=FALSE total=16.80s | block_curvature=4.82 block_fitness=6.04
[collector wgpu0] gpu-pass DONE run_id=plantclef__stable_evo__s42 step=2632 blocks_ok=2 t=16.798s (all_passes_complete=True)
[collector wgpu0] FINALIZED run_id=plantclef__stable_evo__s42 step=2632 -> KEPT(->kept/,FULL latest-slot)
[collector wgpu0] --once drained 2 checkpoint(s); exiting.
[cwgpu0] drained 2 checkpoint(s); GPU-pass backlog present -> skip d90, loop.
[collector wgpu0] --once drained 0 checkpoint(s); exiting.
error    libmamba Could not set lock (Resource temporarily unavailable)
warning  libmamba Cannot lock '/home/r.dinnage/.cache/mamba/proc'
    Waiting for other mamba process to finish
[collector wgpu0] --once drained 0 checkpoint(s); exiting.
[collector wgpu0] --once drained 0 checkpoint(s); exiting.
[collector wgpu0] --once drained 0 checkpoint(s); exiting.
[collector wgpu0] --once drained 0 checkpoint(s); exiting.
[extract] step=2644 heavy=TRUE total=97.00s | block_curvature=4.81 block_interp=40.82 block_probes=39.60 block_fitness=6.08
[collector wgpu0] gpu-pass DONE run_id=plantclef__stable_evo__s42 step=2644 blocks_ok=4 t=96.999s (all_passes_complete=True)
[collector wgpu0] FINALIZED run_id=plantclef__stable_evo__s42 step=2644 -> KEPT(->kept/,FULL latest-slot)
[collector wgpu0] --once drained 2 checkpoint(s); exiting.
[cwgpu0] drained 2 checkpoint(s); GPU-pass backlog present -> skip d90, loop.
[extract] step=2656 SKIP heavy block block_interp (ordinal=531 basis=step_fallback heavy_every=8)
[extract] step=2656 SKIP heavy block block_probes (ordinal=531 basis=step_fallback heavy_every=8)
[extract] step=2656 heavy=FALSE total=16.37s | block_curvature=4.73 block_fitness=5.93
[collector wgpu0] gpu-pass DONE run_id=plantclef__stable_evo__s42 step=2656 blocks_ok=2 t=16.37s (all_passes_complete=True)
[collector wgpu0] FINALIZED run_id=plantclef__stable_evo__s42 step=2656 -> KEPT(->kept/,FULL latest-slot)
[collector wgpu0] --once drained 2 checkpoint(s); exiting.
[cwgpu0] drained 2 checkpoint(s); GPU-pass backlog present -> skip d90, loop.
[collector wgpu0] --once drained 0 checkpoint(s); exiting.
[collector wgpu0] --once drained 0 checkpoint(s); exiting.
[collector wgpu0] --once drained 0 checkpoint(s); exiting.
[collector wgpu0] --once drained 0 checkpoint(s); exiting.
error    libmamba Could not set lock (Resource temporarily unavailable)
warning  libmamba Cannot lock '/home/r.dinnage/.cache/mamba/proc'
    Waiting for other mamba process to finish
[collector wgpu0] --once drained 0 checkpoint(s); exiting.
[extract] step=2668 SKIP heavy block block_interp (ordinal=533 basis=step_fallback heavy_every=8)
[extract] step=2668 SKIP heavy block block_probes (ordinal=533 basis=step_fallback heavy_every=8)
[extract] step=2668 heavy=FALSE total=18.40s | block_curvature=5.41 block_fitness=6.16
[collector wgpu0] gpu-pass DONE run_id=plantclef__stable_evo__s42 step=2668 blocks_ok=2 t=18.405s (all_passes_complete=True)
[collector wgpu0] FINALIZED run_id=plantclef__stable_evo__s42 step=2668 -> KEPT(->kept/,FULL latest-slot)
[collector wgpu0] --once drained 2 checkpoint(s); exiting.
[cwgpu0] drained 2 checkpoint(s); GPU-pass backlog present -> skip d90, loop.
[collector wgpu0] --once drained 0 checkpoint(s); exiting.
[collector wgpu0] --once drained 0 checkpoint(s); exiting.
[collector wgpu0] --once drained 0 checkpoint(s); exiting.
[collector wgpu0] --once drained 0 checkpoint(s); exiting.
[collector wgpu0] --once drained 0 checkpoint(s); exiting.
[extract] step=2680 heavy=TRUE total=94.15s | block_curvature=4.90 block_interp=40.81 block_probes=35.55 block_fitness=7.21
[collector wgpu0] gpu-pass DONE run_id=plantclef__stable_evo__s42 step=2680 blocks_ok=4 t=94.151s (all_passes_complete=True)
[collector wgpu0] FINALIZED run_id=plantclef__stable_evo__s42 step=2680 -> KEPT(->kept/,FULL latest-slot)
[collector wgpu0] --once drained 2 checkpoint(s); exiting.
[cwgpu0] drained 2 checkpoint(s); GPU-pass backlog present -> skip d90, loop.
[collector wgpu0] --once drained 0 checkpoint(s); exiting.
[extract] step=2692 SKIP heavy block block_interp (ordinal=538 basis=step_fallback heavy_every=8)
[extract] step=2692 SKIP heavy block block_probes (ordinal=538 basis=step_fallback heavy_every=8)
[extract] step=2692 heavy=FALSE total=16.63s | block_curvature=4.80 block_fitness=5.94
[collector wgpu0] gpu-pass DONE run_id=plantclef__stable_evo__s42 step=2692 blocks_ok=2 t=16.626s (all_passes_complete=True)
[collector wgpu0] FINALIZED run_id=plantclef__stable_evo__s42 step=2692 -> KEPT(->kept/,FULL latest-slot)
[collector wgpu0] --once drained 2 checkpoint(s); exiting.
[cwgpu0] drained 2 checkpoint(s); GPU-pass backlog present -> skip d90, loop.
[collector wgpu0] --once drained 0 checkpoint(s); exiting.
error    libmamba Could not set lock (Resource temporarily unavailable)
warning  libmamba Cannot lock '/home/r.dinnage/.cache/mamba/proc'
    Waiting for other mamba process to finish
error    libmamba Could not set lock (Resource temporarily unavailable)
warning  libmamba Cannot lock '/home/r.dinnage/.cache/mamba/proc'
    Waiting for other mamba process to finish
[collector wgpu0] --once drained 0 checkpoint(s); exiting.
[collector wgpu0] --once drained 0 checkpoint(s); exiting.
[collector wgpu0] --once drained 0 checkpoint(s); exiting.
[collector wgpu0] --once drained 0 checkpoint(s); exiting.
error    libmamba Could not set lock (Resource temporarily unavailable)
warning  libmamba Cannot lock '/home/r.dinnage/.cache/mamba/proc'
    Waiting for other mamba process to finish
[collector wgpu0] --once drained 0 checkpoint(s); exiting.
[collector wgpu0] --once drained 0 checkpoint(s); exiting.
error    libmamba Could not set lock (Resource temporarily unavailable)
warning  libmamba Cannot lock '/home/r.dinnage/.cache/mamba/proc'
    Waiting for other mamba process to finish
[collector wgpu0] --once drained 0 checkpoint(s); exiting.
error    libmamba Could not set lock (Resource temporarily unavailable)
warning  libmamba Cannot lock '/home/r.dinnage/.cache/mamba/proc'
    Waiting for other mamba process to finish
[extract] step=2704 SKIP heavy block block_interp (ordinal=540 basis=step_fallback heavy_every=8)
[extract] step=2704 SKIP heavy block block_probes (ordinal=540 basis=step_fallback heavy_every=8)
[extract] step=2704 heavy=FALSE total=16.72s | block_curvature=4.80 block_fitness=5.99
[collector wgpu0] gpu-pass DONE run_id=plantclef__stable_evo__s42 step=2704 blocks_ok=2 t=16.723s (all_passes_complete=True)
[collector wgpu0] FINALIZED run_id=plantclef__stable_evo__s42 step=2704 -> KEPT(->kept/,FULL latest-slot)
[collector wgpu0] --once drained 2 checkpoint(s); exiting.
[cwgpu0] drained 2 checkpoint(s); GPU-pass backlog present -> skip d90, loop.
[collector wgpu0] --once drained 0 checkpoint(s); exiting.
[collector wgpu0] --once drained 0 checkpoint(s); exiting.
[collector wgpu0] --once drained 0 checkpoint(s); exiting.
[collector wgpu0] --once drained 0 checkpoint(s); exiting.
error    libmamba Could not set lock (Resource temporarily unavailable)
warning  libmamba Cannot lock '/home/r.dinnage/.cache/mamba/proc'
    Waiting for other mamba process to finish
[extract] step=2716 SKIP heavy block block_interp (ordinal=543 basis=step_fallback heavy_every=8)
[extract] step=2716 SKIP heavy block block_probes (ordinal=543 basis=step_fallback heavy_every=8)
[extract] step=2716 heavy=FALSE total=16.79s | block_curvature=4.83 block_fitness=6.00
[collector wgpu0] gpu-pass DONE run_id=plantclef__stable_evo__s42 step=2716 blocks_ok=2 t=16.788s (all_passes_complete=True)
[collector wgpu0] FINALIZED run_id=plantclef__stable_evo__s42 step=2716 -> KEPT(->kept/,FULL latest-slot)
[collector wgpu0] --once drained 2 checkpoint(s); exiting.
[cwgpu0] drained 2 checkpoint(s); GPU-pass backlog present -> skip d90, loop.
[collector wgpu0] --once drained 0 checkpoint(s); exiting.
[collector wgpu0] --once drained 0 checkpoint(s); exiting.
[collector wgpu0] --once drained 0 checkpoint(s); exiting.
[collector wgpu0] --once drained 0 checkpoint(s); exiting.
error    libmamba Could not set lock (Resource temporarily unavailable)
warning  libmamba Cannot lock '/home/r.dinnage/.cache/mamba/proc'
    Waiting for other mamba process to finish
[collector wgpu0] --once drained 0 checkpoint(s); exiting.
[extract] step=2728 SKIP heavy block block_interp (ordinal=545 basis=step_fallback heavy_every=8)
[extract] step=2728 SKIP heavy block block_probes (ordinal=545 basis=step_fallback heavy_every=8)
[extract] step=2728 heavy=FALSE total=17.71s | block_curvature=4.84 block_fitness=6.06
[collector wgpu0] gpu-pass DONE run_id=plantclef__stable_evo__s42 step=2728 blocks_ok=2 t=17.708s (all_passes_complete=True)
[collector wgpu0] FINALIZED run_id=plantclef__stable_evo__s42 step=2728 -> KEPT(->kept/,FULL latest-slot)
[collector wgpu0] --once drained 2 checkpoint(s); exiting.
[cwgpu0] drained 2 checkpoint(s); GPU-pass backlog present -> skip d90, loop.
[collector wgpu0] --once drained 0 checkpoint(s); exiting.
[collector wgpu0] --once drained 0 checkpoint(s); exiting.
[collector wgpu0] --once drained 0 checkpoint(s); exiting.
[collector wgpu0] --once drained 0 checkpoint(s); exiting.
[collector wgpu0] --once drained 0 checkpoint(s); exiting.
error    libmamba Could not set lock (Resource temporarily unavailable)
warning  libmamba Cannot lock '/home/r.dinnage/.cache/mamba/proc'
    Waiting for other mamba process to finish
[extract] step=2740 SKIP heavy block block_interp (ordinal=548 basis=step_fallback heavy_every=8)
[extract] step=2740 SKIP heavy block block_probes (ordinal=548 basis=step_fallback heavy_every=8)
[extract] step=2740 heavy=FALSE total=16.83s | block_curvature=4.83 block_fitness=6.07
[collector wgpu0] gpu-pass DONE run_id=plantclef__stable_evo__s42 step=2740 blocks_ok=2 t=16.826s (all_passes_complete=True)
[collector wgpu0] FINALIZED run_id=plantclef__stable_evo__s42 step=2740 -> KEPT(->kept/,FULL latest-slot)
[collector wgpu0] --once drained 2 checkpoint(s); exiting.
[cwgpu0] drained 2 checkpoint(s); GPU-pass backlog present -> skip d90, loop.
[collector wgpu0] --once drained 0 checkpoint(s); exiting.
[collector wgpu0] --once drained 0 checkpoint(s); exiting.
[collector wgpu0] --once drained 0 checkpoint(s); exiting.
[collector wgpu0] --once drained 0 checkpoint(s); exiting.
[collector wgpu0] --once drained 0 checkpoint(s); exiting.
[extract] step=2752 SKIP heavy block block_interp (ordinal=550 basis=step_fallback heavy_every=8)
[extract] step=2752 SKIP heavy block block_probes (ordinal=550 basis=step_fallback heavy_every=8)
[extract] step=2752 heavy=FALSE total=16.84s | block_curvature=4.82 block_fitness=6.07
[collector wgpu0] gpu-pass DONE run_id=plantclef__stable_evo__s42 step=2752 blocks_ok=2 t=16.841s (all_passes_complete=True)
[collector wgpu0] FINALIZED run_id=plantclef__stable_evo__s42 step=2752 -> KEPT(->kept/,FULL latest-slot)
[collector wgpu0] --once drained 2 checkpoint(s); exiting.
[cwgpu0] drained 2 checkpoint(s); GPU-pass backlog present -> skip d90, loop.
[collector wgpu0] --once drained 0 checkpoint(s); exiting.
error    libmamba Could not set lock (Resource temporarily unavailable)
warning  libmamba Cannot lock '/home/r.dinnage/.cache/mamba/proc'
    Waiting for other mamba process to finish
[collector wgpu0] --once drained 0 checkpoint(s); exiting.
[collector wgpu0] --once drained 0 checkpoint(s); exiting.
[collector wgpu0] --once drained 0 checkpoint(s); exiting.
[collector wgpu0] --once drained 0 checkpoint(s); exiting.
error    libmamba Could not set lock (Resource temporarily unavailable)
warning  libmamba Cannot lock '/home/r.dinnage/.cache/mamba/proc'
    Waiting for other mamba process to finish
[extract] step=2764 heavy=TRUE total=93.85s | block_curvature=4.80 block_interp=40.99 block_probes=35.44 block_fitness=7.02
[collector wgpu0] gpu-pass DONE run_id=plantclef__stable_evo__s42 step=2764 blocks_ok=4 t=93.849s (all_passes_complete=True)
[collector wgpu0] FINALIZED run_id=plantclef__stable_evo__s42 step=2764 -> KEPT(->kept/,FULL latest-slot)
[collector wgpu0] --once drained 2 checkpoint(s); exiting.
[cwgpu0] drained 2 checkpoint(s); GPU-pass backlog present -> skip d90, loop.
[collector wgpu0] --once drained 0 checkpoint(s); exiting.
[extract] step=2776 SKIP heavy block block_interp (ordinal=555 basis=step_fallback heavy_every=8)
[extract] step=2776 SKIP heavy block block_probes (ordinal=555 basis=step_fallback heavy_every=8)
[extract] step=2776 heavy=FALSE total=17.06s | block_curvature=4.86 block_fitness=6.12
[collector wgpu0] gpu-pass DONE run_id=plantclef__stable_evo__s42 step=2776 blocks_ok=2 t=17.065s (all_passes_complete=True)
[collector wgpu0] FINALIZED run_id=plantclef__stable_evo__s42 step=2776 -> KEPT(->kept/,FULL latest-slot)
[collector wgpu0] --once drained 2 checkpoint(s); exiting.
[cwgpu0] drained 2 checkpoint(s); GPU-pass backlog present -> skip d90, loop.
[collector wgpu0] --once drained 0 checkpoint(s); exiting.
[collector wgpu0] --once drained 0 checkpoint(s); exiting.
[collector wgpu0] --once drained 0 checkpoint(s); exiting.
[collector wgpu0] --once drained 0 checkpoint(s); exiting.
[collector wgpu0] --once drained 0 checkpoint(s); exiting.
[extract] step=2788 SKIP heavy block block_interp (ordinal=557 basis=step_fallback heavy_every=8)
[extract] step=2788 SKIP heavy block block_probes (ordinal=557 basis=step_fallback heavy_every=8)
[extract] step=2788 heavy=FALSE total=16.96s | block_curvature=4.82 block_fitness=6.09
[collector wgpu0] gpu-pass DONE run_id=plantclef__stable_evo__s42 step=2788 blocks_ok=2 t=16.956s (all_passes_complete=True)
[extract] step=2790 SKIP heavy block block_interp (ordinal=558 basis=step_fallback heavy_every=8)
[extract] step=2790 SKIP heavy block block_probes (ordinal=558 basis=step_fallback heavy_every=8)
[extract] step=2790 heavy=FALSE total=16.19s | block_curvature=4.93 block_fitness=5.39
[collector wgpu0] gpu-pass DONE run_id=plantclef__stable_evo__s42 step=2790 blocks_ok=2 t=16.188s (all_passes_complete=True)
[collector wgpu0] FINALIZED run_id=plantclef__stable_evo__s42 step=2788 -> deleted
[collector wgpu0] FINALIZED run_id=plantclef__stable_evo__s42 step=2790 -> KEPT(->kept/,FULL latest-slot)
[collector wgpu0] --once drained 4 checkpoint(s); exiting.
[cwgpu0] drained 4 checkpoint(s); GPU-pass backlog present -> skip d90, loop.
[collector wgpu0] --once drained 0 checkpoint(s); exiting.
error    libmamba Could not set lock (Resource temporarily unavailable)
warning  libmamba Cannot lock '/home/r.dinnage/.cache/mamba/proc'
    Waiting for other mamba process to finish
[collector wgpu0] --once drained 0 checkpoint(s); exiting.
[collector wgpu0] --once drained 0 checkpoint(s); exiting.
error    libmamba Could not set lock (Resource temporarily unavailable)
warning  libmamba Cannot lock '/home/r.dinnage/.cache/mamba/proc'
    Waiting for other mamba process to finish
[collector wgpu0] --once drained 0 checkpoint(s); exiting.
[collector wgpu0] --once drained 0 checkpoint(s); exiting.
[collector wgpu0] --once drained 0 checkpoint(s); exiting.
[collector wgpu0] --once drained 0 checkpoint(s); exiting.
[collector wgpu0] --once drained 0 checkpoint(s); exiting.
[extract] step=2802 heavy=TRUE total=94.80s | block_curvature=4.84 block_interp=41.03 block_probes=36.66 block_fitness=6.64
[collector wgpu0] gpu-pass DONE run_id=plantclef__stable_evo__s42 step=2802 blocks_ok=4 t=94.798s (all_passes_complete=True)
[collector wgpu0] FINALIZED run_id=plantclef__stable_evo__s42 step=2802 -> KEPT(->kept/,FULL latest-slot)
[collector wgpu0] --once drained 2 checkpoint(s); exiting.
[cwgpu0] drained 2 checkpoint(s); GPU-pass backlog present -> skip d90, loop.
[collector wgpu0] --once drained 0 checkpoint(s); exiting.
[extract] step=2814 SKIP heavy block block_interp (ordinal=562 basis=step_fallback heavy_every=8)
[extract] step=2814 SKIP heavy block block_probes (ordinal=562 basis=step_fallback heavy_every=8)
[extract] step=2814 heavy=FALSE total=16.96s | block_curvature=4.84 block_fitness=6.11
[collector wgpu0] gpu-pass DONE run_id=plantclef__stable_evo__s42 step=2814 blocks_ok=2 t=16.96s (all_passes_complete=True)
[collector wgpu0] FINALIZED run_id=plantclef__stable_evo__s42 step=2814 -> KEPT(->kept/,FULL latest-slot)
[collector wgpu0] --once drained 2 checkpoint(s); exiting.
[cwgpu0] drained 2 checkpoint(s); GPU-pass backlog present -> skip d90, loop.
[collector wgpu0] --once drained 0 checkpoint(s); exiting.
[collector wgpu0] --once drained 0 checkpoint(s); exiting.
[collector wgpu0] --once drained 0 checkpoint(s); exiting.
[collector wgpu0] --once drained 0 checkpoint(s); exiting.
[collector wgpu0] --once drained 0 checkpoint(s); exiting.
[extract] step=2826 SKIP heavy block block_interp (ordinal=565 basis=step_fallback heavy_every=8)
[extract] step=2826 SKIP heavy block block_probes (ordinal=565 basis=step_fallback heavy_every=8)
[extract] step=2826 heavy=FALSE total=16.97s | block_curvature=4.81 block_fitness=6.15
[collector wgpu0] gpu-pass DONE run_id=plantclef__stable_evo__s42 step=2826 blocks_ok=2 t=16.966s (all_passes_complete=True)
[collector wgpu0] FINALIZED run_id=plantclef__stable_evo__s42 step=2826 -> KEPT(->kept/,FULL latest-slot)
[collector wgpu0] --once drained 2 checkpoint(s); exiting.
[cwgpu0] drained 2 checkpoint(s); GPU-pass backlog present -> skip d90, loop.
[collector wgpu0] --once drained 0 checkpoint(s); exiting.
[collector wgpu0] --once drained 0 checkpoint(s); exiting.
error    libmamba Could not set lock (Resource temporarily unavailable)
warning  libmamba Cannot lock '/home/r.dinnage/.cache/mamba/proc'
    Waiting for other mamba process to finish
[collector wgpu0] --once drained 0 checkpoint(s); exiting.
[collector wgpu0] --once drained 0 checkpoint(s); exiting.
error    libmamba Could not set lock (Resource temporarily unavailable)
warning  libmamba Cannot lock '/home/r.dinnage/.cache/mamba/proc'
    Waiting for other mamba process to finish
[collector wgpu0] --once drained 0 checkpoint(s); exiting.
[extract] step=2838 SKIP heavy block block_interp (ordinal=567 basis=step_fallback heavy_every=8)
[extract] step=2838 SKIP heavy block block_probes (ordinal=567 basis=step_fallback heavy_every=8)
[extract] step=2838 heavy=FALSE total=16.92s | block_curvature=4.83 block_fitness=6.09
[collector wgpu0] gpu-pass DONE run_id=plantclef__stable_evo__s42 step=2838 blocks_ok=2 t=16.921s (all_passes_complete=True)
[collector wgpu0] FINALIZED run_id=plantclef__stable_evo__s42 step=2838 -> KEPT(->kept/,FULL latest-slot)
[collector wgpu0] --once drained 2 checkpoint(s); exiting.
[cwgpu0] drained 2 checkpoint(s); GPU-pass backlog present -> skip d90, loop.
[collector wgpu0] --once drained 0 checkpoint(s); exiting.
[collector wgpu0] --once drained 0 checkpoint(s); exiting.
error    libmamba Could not set lock (Resource temporarily unavailable)
warning  libmamba Cannot lock '/home/r.dinnage/.cache/mamba/proc'
    Waiting for other mamba process to finish
[collector wgpu0] --once drained 0 checkpoint(s); exiting.
[collector wgpu0] --once drained 0 checkpoint(s); exiting.
[collector wgpu0] --once drained 0 checkpoint(s); exiting.
[extract] step=2850 SKIP heavy block block_interp (ordinal=570 basis=step_fallback heavy_every=8)
[extract] step=2850 SKIP heavy block block_probes (ordinal=570 basis=step_fallback heavy_every=8)
[extract] step=2850 heavy=FALSE total=16.78s | block_curvature=4.81 block_fitness=6.11
[collector wgpu0] gpu-pass DONE run_id=plantclef__stable_evo__s42 step=2850 blocks_ok=2 t=16.777s (all_passes_complete=True)
[collector wgpu0] FINALIZED run_id=plantclef__stable_evo__s42 step=2850 -> KEPT(->kept/,FULL latest-slot)
[collector wgpu0] --once drained 2 checkpoint(s); exiting.
[cwgpu0] drained 2 checkpoint(s); GPU-pass backlog present -> skip d90, loop.
[collector wgpu0] --once drained 0 checkpoint(s); exiting.
[collector wgpu0] --once drained 0 checkpoint(s); exiting.
[collector wgpu0] --once drained 0 checkpoint(s); exiting.
[collector wgpu0] --once drained 0 checkpoint(s); exiting.
[collector wgpu0] --once drained 0 checkpoint(s); exiting.
[extract] step=2862 SKIP heavy block block_interp (ordinal=572 basis=step_fallback heavy_every=8)
[extract] step=2862 SKIP heavy block block_probes (ordinal=572 basis=step_fallback heavy_every=8)
[extract] step=2862 heavy=FALSE total=17.05s | block_curvature=4.84 block_fitness=6.06
[collector wgpu0] gpu-pass DONE run_id=plantclef__stable_evo__s42 step=2862 blocks_ok=2 t=17.046s (all_passes_complete=True)
[collector wgpu0] FINALIZED run_id=plantclef__stable_evo__s42 step=2862 -> KEPT(->kept/,FULL latest-slot)
[collector wgpu0] --once drained 2 checkpoint(s); exiting.
[cwgpu0] drained 2 checkpoint(s); GPU-pass backlog present -> skip d90, loop.
[collector wgpu0] --once drained 0 checkpoint(s); exiting.
[collector wgpu0] --once drained 0 checkpoint(s); exiting.
[collector wgpu0] --once drained 0 checkpoint(s); exiting.
error    libmamba Could not set lock (Resource temporarily unavailable)
warning  libmamba Cannot lock '/home/r.dinnage/.cache/mamba/proc'
    Waiting for other mamba process to finish
[collector wgpu0] --once drained 0 checkpoint(s); exiting.
[extract] step=2874 SKIP heavy block block_interp (ordinal=574 basis=step_fallback heavy_every=8)
[extract] step=2874 SKIP heavy block block_probes (ordinal=574 basis=step_fallback heavy_every=8)
[extract] step=2874 heavy=FALSE total=18.01s | block_curvature=4.83 block_fitness=6.14
[collector wgpu0] gpu-pass DONE run_id=plantclef__stable_evo__s42 step=2874 blocks_ok=2 t=18.012s (all_passes_complete=True)
[collector wgpu0] FINALIZED run_id=plantclef__stable_evo__s42 step=2874 -> KEPT(->kept/,FULL latest-slot)
[collector wgpu0] --once drained 2 checkpoint(s); exiting.
error    libmamba Could not set lock (Resource temporarily unavailable)
warning  libmamba Cannot lock '/home/r.dinnage/.cache/mamba/proc'
    Waiting for other mamba process to finish
[cwgpu0] drained 2 checkpoint(s); GPU-pass backlog present -> skip d90, loop.
[collector wgpu0] --once drained 0 checkpoint(s); exiting.
[collector wgpu0] --once drained 0 checkpoint(s); exiting.
error    libmamba Could not set lock (Resource temporarily unavailable)
warning  libmamba Cannot lock '/home/r.dinnage/.cache/mamba/proc'
    Waiting for other mamba process to finish
[collector wgpu0] --once drained 0 checkpoint(s); exiting.
error    libmamba Could not set lock (Resource temporarily unavailable)
warning  libmamba Cannot lock '/home/r.dinnage/.cache/mamba/proc'
    Waiting for other mamba process to finish
[collector wgpu0] --once drained 0 checkpoint(s); exiting.
[collector wgpu0] --once drained 0 checkpoint(s); exiting.
[extract] step=2886 SKIP heavy block block_interp (ordinal=577 basis=step_fallback heavy_every=8)
[extract] step=2886 SKIP heavy block block_probes (ordinal=577 basis=step_fallback heavy_every=8)
[extract] step=2886 heavy=FALSE total=16.93s | block_curvature=4.81 block_fitness=6.09
[collector wgpu0] gpu-pass DONE run_id=plantclef__stable_evo__s42 step=2886 blocks_ok=2 t=16.93s (all_passes_complete=True)
[collector wgpu0] FINALIZED run_id=plantclef__stable_evo__s42 step=2886 -> KEPT(->kept/,FULL latest-slot)
[collector wgpu0] --once drained 2 checkpoint(s); exiting.
[cwgpu0] drained 2 checkpoint(s); GPU-pass backlog present -> skip d90, loop.
[collector wgpu0] --once drained 0 checkpoint(s); exiting.
[collector wgpu0] --once drained 0 checkpoint(s); exiting.
[collector wgpu0] --once drained 0 checkpoint(s); exiting.
[collector wgpu0] --once drained 0 checkpoint(s); exiting.
error    libmamba Could not set lock (Resource temporarily unavailable)
warning  libmamba Cannot lock '/home/r.dinnage/.cache/mamba/proc'
    Waiting for other mamba process to finish
[collector wgpu0] --once drained 0 checkpoint(s); exiting.
[extract] step=2898 SKIP heavy block block_interp (ordinal=579 basis=step_fallback heavy_every=8)
[extract] step=2898 SKIP heavy block block_probes (ordinal=579 basis=step_fallback heavy_every=8)
[extract] step=2898 heavy=FALSE total=17.01s | block_curvature=4.85 block_fitness=6.11
[collector wgpu0] gpu-pass DONE run_id=plantclef__stable_evo__s42 step=2898 blocks_ok=2 t=17.013s (all_passes_complete=True)
[collector wgpu0] FINALIZED run_id=plantclef__stable_evo__s42 step=2898 -> KEPT(->kept/,FULL latest-slot)
[collector wgpu0] --once drained 2 checkpoint(s); exiting.
error    libmamba Could not set lock (Resource temporarily unavailable)
warning  libmamba Cannot lock '/home/r.dinnage/.cache/mamba/proc'
    Waiting for other mamba process to finish
[cwgpu0] drained 2 checkpoint(s); GPU-pass backlog present -> skip d90, loop.
[collector wgpu0] --once drained 0 checkpoint(s); exiting.
[collector wgpu0] --once drained 0 checkpoint(s); exiting.
[collector wgpu0] --once drained 0 checkpoint(s); exiting.
[collector wgpu0] --once drained 0 checkpoint(s); exiting.
[collector wgpu0] --once drained 0 checkpoint(s); exiting.
[collector wgpu0] --once drained 0 checkpoint(s); exiting.
[collector wgpu0] --once drained 0 checkpoint(s); exiting.
[collector wgpu0] --once drained 0 checkpoint(s); exiting.
[extract] step=2910 SKIP heavy block block_interp (ordinal=582 basis=step_fallback heavy_every=8)
[extract] step=2910 SKIP heavy block block_probes (ordinal=582 basis=step_fallback heavy_every=8)
[extract] step=2910 heavy=FALSE total=16.95s | block_curvature=4.82 block_fitness=6.13
[collector wgpu0] gpu-pass DONE run_id=plantclef__stable_evo__s42 step=2910 blocks_ok=2 t=16.949s (all_passes_complete=True)
[collector wgpu0] FINALIZED run_id=plantclef__stable_evo__s42 step=2910 -> KEPT(->kept/,FULL latest-slot)
[collector wgpu0] --once drained 2 checkpoint(s); exiting.
[cwgpu0] drained 2 checkpoint(s); GPU-pass backlog present -> skip d90, loop.
[collector wgpu0] --once drained 0 checkpoint(s); exiting.
error    libmamba Could not set lock (Resource temporarily unavailable)
warning  libmamba Cannot lock '/home/r.dinnage/.cache/mamba/proc'
    Waiting for other mamba process to finish
[collector wgpu0] --once drained 0 checkpoint(s); exiting.
[collector wgpu0] --once drained 0 checkpoint(s); exiting.
[collector wgpu0] --once drained 0 checkpoint(s); exiting.
[collector wgpu0] --once drained 0 checkpoint(s); exiting.
[extract] step=2922 heavy=TRUE total=94.35s | block_curvature=4.83 block_interp=41.16 block_probes=35.24 block_fitness=7.34
[collector wgpu0] gpu-pass DONE run_id=plantclef__stable_evo__s42 step=2922 blocks_ok=4 t=94.354s (all_passes_complete=True)
[collector wgpu0] FINALIZED run_id=plantclef__stable_evo__s42 step=2922 -> KEPT(->kept/,FULL latest-slot)
[collector wgpu0] --once drained 2 checkpoint(s); exiting.
[cwgpu0] drained 2 checkpoint(s); GPU-pass backlog present -> skip d90, loop.
[extract] step=2934 SKIP heavy block block_interp (ordinal=586 basis=step_fallback heavy_every=8)
[extract] step=2934 SKIP heavy block block_probes (ordinal=586 basis=step_fallback heavy_every=8)
[extract] step=2934 heavy=FALSE total=16.92s | block_curvature=4.84 block_fitness=6.17
[collector wgpu0] gpu-pass DONE run_id=plantclef__stable_evo__s42 step=2934 blocks_ok=2 t=16.924s (all_passes_complete=True)
[collector wgpu0] FINALIZED run_id=plantclef__stable_evo__s42 step=2934 -> KEPT(->kept/,FULL latest-slot)
[collector wgpu0] --once drained 2 checkpoint(s); exiting.
[cwgpu0] drained 2 checkpoint(s); GPU-pass backlog present -> skip d90, loop.
[collector wgpu0] --once drained 0 checkpoint(s); exiting.
[collector wgpu0] --once drained 0 checkpoint(s); exiting.
[collector wgpu0] --once drained 0 checkpoint(s); exiting.
[collector wgpu0] --once drained 0 checkpoint(s); exiting.
[collector wgpu0] --once drained 0 checkpoint(s); exiting.
[extract] step=2946 SKIP heavy block block_interp (ordinal=589 basis=step_fallback heavy_every=8)
[extract] step=2946 SKIP heavy block block_probes (ordinal=589 basis=step_fallback heavy_every=8)
[extract] step=2946 heavy=FALSE total=16.72s | block_curvature=4.85 block_fitness=6.04
[collector wgpu0] gpu-pass DONE run_id=plantclef__stable_evo__s42 step=2946 blocks_ok=2 t=16.715s (all_passes_complete=True)
[collector wgpu0] FINALIZED run_id=plantclef__stable_evo__s42 step=2946 -> KEPT(->kept/,FULL latest-slot)
[collector wgpu0] --once drained 2 checkpoint(s); exiting.
[cwgpu0] drained 2 checkpoint(s); GPU-pass backlog present -> skip d90, loop.
[collector wgpu0] --once drained 0 checkpoint(s); exiting.
[collector wgpu0] --once drained 0 checkpoint(s); exiting.
[collector wgpu0] --once drained 0 checkpoint(s); exiting.
[collector wgpu0] --once drained 0 checkpoint(s); exiting.
error    libmamba Could not set lock (Resource temporarily unavailable)
warning  libmamba Cannot lock '/home/r.dinnage/.cache/mamba/proc'
    Waiting for other mamba process to finish
[collector wgpu0] --once drained 0 checkpoint(s); exiting.
[extract] step=2958 SKIP heavy block block_interp (ordinal=591 basis=step_fallback heavy_every=8)
[extract] step=2958 SKIP heavy block block_probes (ordinal=591 basis=step_fallback heavy_every=8)
[extract] step=2958 heavy=FALSE total=17.76s | block_curvature=4.82 block_fitness=6.06
[collector wgpu0] gpu-pass DONE run_id=plantclef__stable_evo__s42 step=2958 blocks_ok=2 t=17.759s (all_passes_complete=True)
[collector wgpu0] FINALIZED run_id=plantclef__stable_evo__s42 step=2958 -> KEPT(->kept/,FULL latest-slot)
[collector wgpu0] --once drained 2 checkpoint(s); exiting.
[cwgpu0] drained 2 checkpoint(s); GPU-pass backlog present -> skip d90, loop.
[collector wgpu0] --once drained 0 checkpoint(s); exiting.
[collector wgpu0] --once drained 0 checkpoint(s); exiting.
[collector wgpu0] --once drained 0 checkpoint(s); exiting.
[collector wgpu0] --once drained 0 checkpoint(s); exiting.
[collector wgpu0] --once drained 0 checkpoint(s); exiting.
error    libmamba Could not set lock (Resource temporarily unavailable)
warning  libmamba Cannot lock '/home/r.dinnage/.cache/mamba/proc'
    Waiting for other mamba process to finish
[extract] step=2970 SKIP heavy block block_interp (ordinal=594 basis=step_fallback heavy_every=8)
[extract] step=2970 SKIP heavy block block_probes (ordinal=594 basis=step_fallback heavy_every=8)
[extract] step=2970 heavy=FALSE total=17.23s | block_curvature=5.02 block_fitness=6.15
[collector wgpu0] gpu-pass DONE run_id=plantclef__stable_evo__s42 step=2970 blocks_ok=2 t=17.229s (all_passes_complete=True)
[collector wgpu0] FINALIZED run_id=plantclef__stable_evo__s42 step=2970 -> KEPT(->kept/,FULL latest-slot)
[collector wgpu0] --once drained 2 checkpoint(s); exiting.
[cwgpu0] drained 2 checkpoint(s); GPU-pass backlog present -> skip d90, loop.
[collector wgpu0] --once drained 0 checkpoint(s); exiting.
[collector wgpu0] --once drained 0 checkpoint(s); exiting.
[collector wgpu0] --once drained 0 checkpoint(s); exiting.
[collector wgpu0] --once drained 0 checkpoint(s); exiting.
[collector wgpu0] --once drained 0 checkpoint(s); exiting.
[extract] step=2982 SKIP heavy block block_interp (ordinal=596 basis=step_fallback heavy_every=8)
[extract] step=2982 SKIP heavy block block_probes (ordinal=596 basis=step_fallback heavy_every=8)
[extract] step=2982 heavy=FALSE total=16.48s | block_curvature=4.82 block_fitness=6.04
[collector wgpu0] gpu-pass DONE run_id=plantclef__stable_evo__s42 step=2982 blocks_ok=2 t=16.485s (all_passes_complete=True)
[collector wgpu0] FINALIZED run_id=plantclef__stable_evo__s42 step=2982 -> KEPT(->kept/,FULL latest-slot)
[collector wgpu0] --once drained 2 checkpoint(s); exiting.
[cwgpu0] drained 2 checkpoint(s); GPU-pass backlog present -> skip d90, loop.
[collector wgpu0] --once drained 0 checkpoint(s); exiting.
[collector wgpu0] --once drained 0 checkpoint(s); exiting.
[collector wgpu0] --once drained 0 checkpoint(s); exiting.
[collector wgpu0] --once drained 0 checkpoint(s); exiting.
error    libmamba Could not set lock (Resource temporarily unavailable)
warning  libmamba Cannot lock '/home/r.dinnage/.cache/mamba/proc'
    Waiting for other mamba process to finish
[collector wgpu0] --once drained 0 checkpoint(s); exiting.
error    libmamba Could not set lock (Resource temporarily unavailable)
warning  libmamba Cannot lock '/home/r.dinnage/.cache/mamba/proc'
    Waiting for other mamba process to finish
[extract] step=2994 SKIP heavy block block_interp (ordinal=598 basis=step_fallback heavy_every=8)
[extract] step=2994 SKIP heavy block block_probes (ordinal=598 basis=step_fallback heavy_every=8)
[extract] step=2994 heavy=FALSE total=16.99s | block_curvature=4.86 block_fitness=6.13
[collector wgpu0] gpu-pass DONE run_id=plantclef__stable_evo__s42 step=2994 blocks_ok=2 t=16.992s (all_passes_complete=True)
[collector wgpu0] FINALIZED run_id=plantclef__stable_evo__s42 step=2994 -> KEPT(->kept/,FULL latest-slot)
[collector wgpu0] --once drained 2 checkpoint(s); exiting.
[cwgpu0] drained 2 checkpoint(s); GPU-pass backlog present -> skip d90, loop.
[collector wgpu0] --once drained 0 checkpoint(s); exiting.
[collector wgpu0] --once drained 0 checkpoint(s); exiting.
error    libmamba Could not set lock (Resource temporarily unavailable)
warning  libmamba Cannot lock '/home/r.dinnage/.cache/mamba/proc'
    Waiting for other mamba process to finish
[collector wgpu0] --once drained 0 checkpoint(s); exiting.
error    libmamba Could not set lock (Resource temporarily unavailable)
warning  libmamba Cannot lock '/home/r.dinnage/.cache/mamba/proc'
    Waiting for other mamba process to finish
[collector wgpu0] --once drained 0 checkpoint(s); exiting.
[collector wgpu0] --once drained 0 checkpoint(s); exiting.
error    libmamba Could not set lock (Resource temporarily unavailable)
warning  libmamba Cannot lock '/home/r.dinnage/.cache/mamba/proc'
    Waiting for other mamba process to finish
[collector wgpu0] --once drained 0 checkpoint(s); exiting.
error    libmamba Could not set lock (Resource temporarily unavailable)
warning  libmamba Cannot lock '/home/r.dinnage/.cache/mamba/proc'
    Waiting for other mamba process to finish
[collector wgpu0] --once drained 0 checkpoint(s); exiting.
[extract] step=3006 SKIP heavy block block_interp (ordinal=601 basis=step_fallback heavy_every=8)
[extract] step=3006 SKIP heavy block block_probes (ordinal=601 basis=step_fallback heavy_every=8)
[extract] step=3006 heavy=FALSE total=17.70s | block_curvature=5.48 block_fitness=6.20
[collector wgpu0] gpu-pass DONE run_id=plantclef__stable_evo__s42 step=3006 blocks_ok=2 t=17.698s (all_passes_complete=True)
[collector wgpu0] FINALIZED run_id=plantclef__stable_evo__s42 step=3006 -> KEPT(->kept/,FULL latest-slot)
[collector wgpu0] --once drained 2 checkpoint(s); exiting.
[cwgpu0] drained 2 checkpoint(s); GPU-pass backlog present -> skip d90, loop.
[collector wgpu0] --once drained 0 checkpoint(s); exiting.
[collector wgpu0] --once drained 0 checkpoint(s); exiting.
error    libmamba Could not set lock (Resource temporarily unavailable)
warning  libmamba Cannot lock '/home/r.dinnage/.cache/mamba/proc'
    Waiting for other mamba process to finish
[collector wgpu0] --once drained 0 checkpoint(s); exiting.
[collector wgpu0] --once drained 0 checkpoint(s); exiting.
[collector wgpu0] --once drained 0 checkpoint(s); exiting.
[extract] step=3018 SKIP heavy block block_interp (ordinal=603 basis=step_fallback heavy_every=8)
[extract] step=3018 SKIP heavy block block_probes (ordinal=603 basis=step_fallback heavy_every=8)
[extract] step=3018 heavy=FALSE total=16.88s | block_curvature=4.84 block_fitness=6.02
[collector wgpu0] gpu-pass DONE run_id=plantclef__stable_evo__s42 step=3018 blocks_ok=2 t=16.879s (all_passes_complete=True)
[collector wgpu0] FINALIZED run_id=plantclef__stable_evo__s42 step=3018 -> KEPT(->kept/,FULL latest-slot)
[collector wgpu0] --once drained 2 checkpoint(s); exiting.
[cwgpu0] drained 2 checkpoint(s); GPU-pass backlog present -> skip d90, loop.
[collector wgpu0] --once drained 0 checkpoint(s); exiting.
[collector wgpu0] --once drained 0 checkpoint(s); exiting.
[collector wgpu0] --once drained 0 checkpoint(s); exiting.
[collector wgpu0] --once drained 0 checkpoint(s); exiting.
[collector wgpu0] --once drained 0 checkpoint(s); exiting.
[extract] step=3030 SKIP heavy block block_interp (ordinal=606 basis=step_fallback heavy_every=8)
[extract] step=3030 SKIP heavy block block_probes (ordinal=606 basis=step_fallback heavy_every=8)
[extract] step=3030 heavy=FALSE total=16.89s | block_curvature=4.83 block_fitness=6.06
[collector wgpu0] gpu-pass DONE run_id=plantclef__stable_evo__s42 step=3030 blocks_ok=2 t=16.895s (all_passes_complete=True)
[collector wgpu0] FINALIZED run_id=plantclef__stable_evo__s42 step=3030 -> KEPT(->kept/,FULL latest-slot)
[collector wgpu0] --once drained 2 checkpoint(s); exiting.
[cwgpu0] drained 2 checkpoint(s); GPU-pass backlog present -> skip d90, loop.
[collector wgpu0] --once drained 0 checkpoint(s); exiting.
[collector wgpu0] --once drained 0 checkpoint(s); exiting.
[collector wgpu0] --once drained 0 checkpoint(s); exiting.
[collector wgpu0] --once drained 0 checkpoint(s); exiting.
error    libmamba Could not set lock (Resource temporarily unavailable)
warning  libmamba Cannot lock '/home/r.dinnage/.cache/mamba/proc'
    Waiting for other mamba process to finish
[collector wgpu0] --once drained 0 checkpoint(s); exiting.
[extract] step=3042 heavy=TRUE total=97.99s | block_curvature=4.80 block_interp=41.10 block_probes=40.18 block_fitness=6.25
[collector wgpu0] gpu-pass DONE run_id=plantclef__stable_evo__s42 step=3042 blocks_ok=4 t=97.993s (all_passes_complete=True)
[collector wgpu0] FINALIZED run_id=plantclef__stable_evo__s42 step=3042 -> KEPT(->kept/,FULL latest-slot)
[collector wgpu0] --once drained 2 checkpoint(s); exiting.
error    libmamba Could not set lock (Resource temporarily unavailable)
warning  libmamba Cannot lock '/home/r.dinnage/.cache/mamba/proc'
    Waiting for other mamba process to finish
[cwgpu0] drained 2 checkpoint(s); GPU-pass backlog present -> skip d90, loop.
[extract] step=3054 SKIP heavy block block_interp (ordinal=610 basis=step_fallback heavy_every=8)
[extract] step=3054 SKIP heavy block block_probes (ordinal=610 basis=step_fallback heavy_every=8)
[extract] step=3054 heavy=FALSE total=17.63s | block_curvature=4.74 block_fitness=6.02
[collector wgpu0] gpu-pass DONE run_id=plantclef__stable_evo__s42 step=3054 blocks_ok=2 t=17.628s (all_passes_complete=True)
[collector wgpu0] FINALIZED run_id=plantclef__stable_evo__s42 step=3054 -> KEPT(->kept/,FULL latest-slot)
[collector wgpu0] --once drained 2 checkpoint(s); exiting.
[cwgpu0] drained 2 checkpoint(s); GPU-pass backlog present -> skip d90, loop.
[collector wgpu0] --once drained 0 checkpoint(s); exiting.
[collector wgpu0] --once drained 0 checkpoint(s); exiting.
error    libmamba Could not set lock (Resource temporarily unavailable)
warning  libmamba Cannot lock '/home/r.dinnage/.cache/mamba/proc'
    Waiting for other mamba process to finish
[collector wgpu0] --once drained 0 checkpoint(s); exiting.
[collector wgpu0] --once drained 0 checkpoint(s); exiting.
error    libmamba Could not set lock (Resource temporarily unavailable)
warning  libmamba Cannot lock '/home/r.dinnage/.cache/mamba/proc'
    Waiting for other mamba process to finish
[collector wgpu0] --once drained 0 checkpoint(s); exiting.
[extract] step=3066 SKIP heavy block block_interp (ordinal=613 basis=step_fallback heavy_every=8)
[extract] step=3066 SKIP heavy block block_probes (ordinal=613 basis=step_fallback heavy_every=8)
[extract] step=3066 heavy=FALSE total=17.32s | block_curvature=5.23 block_fitness=6.15
[collector wgpu0] gpu-pass DONE run_id=plantclef__stable_evo__s42 step=3066 blocks_ok=2 t=17.32s (all_passes_complete=True)
[collector wgpu0] FINALIZED run_id=plantclef__stable_evo__s42 step=3066 -> deleted
[collector wgpu0] --once drained 2 checkpoint(s); exiting.
[cwgpu0] drained 2 checkpoint(s); GPU-pass backlog present -> skip d90, loop.
[extract] step=3068 SKIP heavy block block_interp (ordinal=613 basis=step_fallback heavy_every=8)
[extract] step=3068 SKIP heavy block block_probes (ordinal=613 basis=step_fallback heavy_every=8)
[extract] step=3068 heavy=FALSE total=17.64s | block_curvature=4.78 block_fitness=6.00
[collector wgpu0] gpu-pass DONE run_id=plantclef__stable_evo__s42 step=3068 blocks_ok=2 t=17.638s (all_passes_complete=True)
[collector wgpu0] FINALIZED run_id=plantclef__stable_evo__s42 step=3068 -> KEPT(->kept/,FULL latest-slot)
[collector wgpu0] --once drained 2 checkpoint(s); exiting.
[cwgpu0] drained 2 checkpoint(s); GPU-pass backlog present -> skip d90, loop.
[collector wgpu0] --once drained 0 checkpoint(s); exiting.
[collector wgpu0] --once drained 0 checkpoint(s); exiting.
[collector wgpu0] --once drained 0 checkpoint(s); exiting.
[collector wgpu0] --once drained 0 checkpoint(s); exiting.
[collector wgpu0] --once drained 0 checkpoint(s); exiting.
[extract] step=3080 heavy=TRUE total=96.04s | block_curvature=4.84 block_interp=41.18 block_probes=38.12 block_fitness=6.28
[collector wgpu0] gpu-pass DONE run_id=plantclef__stable_evo__s42 step=3080 blocks_ok=4 t=96.036s (all_passes_complete=True)
[collector wgpu0] FINALIZED run_id=plantclef__stable_evo__s42 step=3080 -> KEPT(->kept/,FULL latest-slot)
[collector wgpu0] --once drained 2 checkpoint(s); exiting.
[cwgpu0] drained 2 checkpoint(s); GPU-pass backlog present -> skip d90, loop.
[collector wgpu0] --once drained 0 checkpoint(s); exiting.
error    libmamba Could not set lock (Resource temporarily unavailable)
warning  libmamba Cannot lock '/home/r.dinnage/.cache/mamba/proc'
    Waiting for other mamba process to finish
[extract] step=3092 SKIP heavy block block_interp (ordinal=618 basis=step_fallback heavy_every=8)
[extract] step=3092 SKIP heavy block block_probes (ordinal=618 basis=step_fallback heavy_every=8)
[extract] step=3092 heavy=FALSE total=16.73s | block_curvature=4.81 block_fitness=6.01
[collector wgpu0] gpu-pass DONE run_id=plantclef__stable_evo__s42 step=3092 blocks_ok=2 t=16.728s (all_passes_complete=True)
[collector wgpu0] FINALIZED run_id=plantclef__stable_evo__s42 step=3092 -> KEPT(->kept/,FULL latest-slot)
[collector wgpu0] --once drained 2 checkpoint(s); exiting.
[cwgpu0] drained 2 checkpoint(s); GPU-pass backlog present -> skip d90, loop.
[collector wgpu0] --once drained 0 checkpoint(s); exiting.
[collector wgpu0] --once drained 0 checkpoint(s); exiting.
[collector wgpu0] --once drained 0 checkpoint(s); exiting.
[collector wgpu0] --once drained 0 checkpoint(s); exiting.
[collector wgpu0] --once drained 0 checkpoint(s); exiting.
error    libmamba Could not set lock (Resource temporarily unavailable)
warning  libmamba Cannot lock '/home/r.dinnage/.cache/mamba/proc'
    Waiting for other mamba process to finish
[collector wgpu0] --once drained 0 checkpoint(s); exiting.
[collector wgpu0] --once drained 0 checkpoint(s); exiting.
[collector wgpu0] --once drained 0 checkpoint(s); exiting.
[extract] step=3104 SKIP heavy block block_interp (ordinal=620 basis=step_fallback heavy_every=8)
[extract] step=3104 SKIP heavy block block_probes (ordinal=620 basis=step_fallback heavy_every=8)
[extract] step=3104 heavy=FALSE total=16.93s | block_curvature=4.85 block_fitness=6.08
[collector wgpu0] gpu-pass DONE run_id=plantclef__stable_evo__s42 step=3104 blocks_ok=2 t=16.927s (all_passes_complete=True)
[collector wgpu0] FINALIZED run_id=plantclef__stable_evo__s42 step=3104 -> KEPT(->kept/,FULL latest-slot)
[collector wgpu0] --once drained 2 checkpoint(s); exiting.
[cwgpu0] drained 2 checkpoint(s); GPU-pass backlog present -> skip d90, loop.
[collector wgpu0] --once drained 0 checkpoint(s); exiting.
[collector wgpu0] --once drained 0 checkpoint(s); exiting.
[collector wgpu0] --once drained 0 checkpoint(s); exiting.
[collector wgpu0] --once drained 0 checkpoint(s); exiting.
[collector wgpu0] --once drained 0 checkpoint(s); exiting.
[extract] step=3116 SKIP heavy block block_interp (ordinal=623 basis=step_fallback heavy_every=8)
[extract] step=3116 SKIP heavy block block_probes (ordinal=623 basis=step_fallback heavy_every=8)
[extract] step=3116 heavy=FALSE total=16.61s | block_curvature=4.81 block_fitness=6.02
[collector wgpu0] gpu-pass DONE run_id=plantclef__stable_evo__s42 step=3116 blocks_ok=2 t=16.605s (all_passes_complete=True)
[collector wgpu0] FINALIZED run_id=plantclef__stable_evo__s42 step=3116 -> KEPT(->kept/,FULL latest-slot)
[collector wgpu0] --once drained 2 checkpoint(s); exiting.
[cwgpu0] drained 2 checkpoint(s); GPU-pass backlog present -> skip d90, loop.
[collector wgpu0] --once drained 0 checkpoint(s); exiting.
error    libmamba Could not set lock (Resource temporarily unavailable)
warning  libmamba Cannot lock '/home/r.dinnage/.cache/mamba/proc'
    Waiting for other mamba process to finish
[collector wgpu0] --once drained 0 checkpoint(s); exiting.
[collector wgpu0] --once drained 0 checkpoint(s); exiting.
[collector wgpu0] --once drained 0 checkpoint(s); exiting.
[collector wgpu0] --once drained 0 checkpoint(s); exiting.
error    libmamba Could not set lock (Resource temporarily unavailable)
warning  libmamba Cannot lock '/home/r.dinnage/.cache/mamba/proc'
    Waiting for other mamba process to finish
[extract] step=3128 SKIP heavy block block_interp (ordinal=625 basis=step_fallback heavy_every=8)
[extract] step=3128 SKIP heavy block block_probes (ordinal=625 basis=step_fallback heavy_every=8)
[extract] step=3128 heavy=FALSE total=16.90s | block_curvature=4.81 block_fitness=6.08
[collector wgpu0] gpu-pass DONE run_id=plantclef__stable_evo__s42 step=3128 blocks_ok=2 t=16.899s (all_passes_complete=True)
[collector wgpu0] FINALIZED run_id=plantclef__stable_evo__s42 step=3128 -> KEPT(->kept/,FULL latest-slot)
[collector wgpu0] --once drained 2 checkpoint(s); exiting.
[cwgpu0] drained 2 checkpoint(s); GPU-pass backlog present -> skip d90, loop.
[collector wgpu0] --once drained 0 checkpoint(s); exiting.
[collector wgpu0] --once drained 0 checkpoint(s); exiting.
error    libmamba Could not set lock (Resource temporarily unavailable)
warning  libmamba Cannot lock '/home/r.dinnage/.cache/mamba/proc'
    Waiting for other mamba process to finish
[collector wgpu0] --once drained 0 checkpoint(s); exiting.
[collector wgpu0] --once drained 0 checkpoint(s); exiting.
[collector wgpu0] --once drained 0 checkpoint(s); exiting.
[extract] step=3140 SKIP heavy block block_interp (ordinal=628 basis=step_fallback heavy_every=8)
[extract] step=3140 SKIP heavy block block_probes (ordinal=628 basis=step_fallback heavy_every=8)
[extract] step=3140 heavy=FALSE total=16.88s | block_curvature=4.82 block_fitness=6.09
[collector wgpu0] gpu-pass DONE run_id=plantclef__stable_evo__s42 step=3140 blocks_ok=2 t=16.884s (all_passes_complete=True)
[collector wgpu0] FINALIZED run_id=plantclef__stable_evo__s42 step=3140 -> KEPT(->kept/,FULL latest-slot)
[collector wgpu0] --once drained 2 checkpoint(s); exiting.
[cwgpu0] drained 2 checkpoint(s); GPU-pass backlog present -> skip d90, loop.
[collector wgpu0] --once drained 0 checkpoint(s); exiting.
[collector wgpu0] --once drained 0 checkpoint(s); exiting.
[collector wgpu0] --once drained 0 checkpoint(s); exiting.
[collector wgpu0] --once drained 0 checkpoint(s); exiting.
[extract] step=3152 SKIP heavy block block_interp (ordinal=630 basis=step_fallback heavy_every=8)
[extract] step=3152 SKIP heavy block block_probes (ordinal=630 basis=step_fallback heavy_every=8)
[extract] step=3152 heavy=FALSE total=17.96s | block_curvature=4.82 block_fitness=6.15
[collector wgpu0] gpu-pass DONE run_id=plantclef__stable_evo__s42 step=3152 blocks_ok=2 t=17.96s (all_passes_complete=True)
[collector wgpu0] FINALIZED run_id=plantclef__stable_evo__s42 step=3152 -> KEPT(->kept/,FULL latest-slot)
[collector wgpu0] --once drained 2 checkpoint(s); exiting.
[cwgpu0] drained 2 checkpoint(s); GPU-pass backlog present -> skip d90, loop.
[collector wgpu0] --once drained 0 checkpoint(s); exiting.
error    libmamba Could not set lock (Resource temporarily unavailable)
warning  libmamba Cannot lock '/home/r.dinnage/.cache/mamba/proc'
    Waiting for other mamba process to finish
[collector wgpu0] --once drained 0 checkpoint(s); exiting.
[collector wgpu0] --once drained 0 checkpoint(s); exiting.
[collector wgpu0] --once drained 0 checkpoint(s); exiting.
[collector wgpu0] --once drained 0 checkpoint(s); exiting.
[extract] step=3164 heavy=TRUE total=99.27s | block_curvature=4.84 block_interp=41.26 block_probes=41.34 block_fitness=6.07
[collector wgpu0] gpu-pass DONE run_id=plantclef__stable_evo__s42 step=3164 blocks_ok=4 t=99.272s (all_passes_complete=True)
[collector wgpu0] FINALIZED run_id=plantclef__stable_evo__s42 step=3164 -> KEPT(->kept/,FULL latest-slot)
[collector wgpu0] --once drained 2 checkpoint(s); exiting.
[cwgpu0] drained 2 checkpoint(s); GPU-pass backlog present -> skip d90, loop.
[collector wgpu0] --once drained 0 checkpoint(s); exiting.
[extract] step=3176 SKIP heavy block block_interp (ordinal=635 basis=step_fallback heavy_every=8)
[extract] step=3176 SKIP heavy block block_probes (ordinal=635 basis=step_fallback heavy_every=8)
[extract] step=3176 heavy=FALSE total=17.57s | block_curvature=5.23 block_fitness=6.18
[collector wgpu0] gpu-pass DONE run_id=plantclef__stable_evo__s42 step=3176 blocks_ok=2 t=17.568s (all_passes_complete=True)
[collector wgpu0] FINALIZED run_id=plantclef__stable_evo__s42 step=3176 -> KEPT(->kept/,FULL latest-slot)
[collector wgpu0] --once drained 2 checkpoint(s); exiting.
[cwgpu0] drained 2 checkpoint(s); GPU-pass backlog present -> skip d90, loop.
[collector wgpu0] --once drained 0 checkpoint(s); exiting.
[collector wgpu0] --once drained 0 checkpoint(s); exiting.
[collector wgpu0] --once drained 0 checkpoint(s); exiting.
[collector wgpu0] --once drained 0 checkpoint(s); exiting.
[collector wgpu0] --once drained 0 checkpoint(s); exiting.
[extract] step=3188 SKIP heavy block block_interp (ordinal=637 basis=step_fallback heavy_every=8)
[extract] step=3188 SKIP heavy block block_probes (ordinal=637 basis=step_fallback heavy_every=8)
[extract] step=3188 heavy=FALSE total=16.72s | block_curvature=4.81 block_fitness=6.12
[collector wgpu0] gpu-pass DONE run_id=plantclef__stable_evo__s42 step=3188 blocks_ok=2 t=16.718s (all_passes_complete=True)
[collector wgpu0] FINALIZED run_id=plantclef__stable_evo__s42 step=3188 -> KEPT(->kept/,FULL latest-slot)
[collector wgpu0] --once drained 2 checkpoint(s); exiting.
[cwgpu0] drained 2 checkpoint(s); GPU-pass backlog present -> skip d90, loop.
[collector wgpu0] --once drained 0 checkpoint(s); exiting.
[collector wgpu0] --once drained 0 checkpoint(s); exiting.
[collector wgpu0] --once drained 0 checkpoint(s); exiting.
error    libmamba Could not set lock (Resource temporarily unavailable)
warning  libmamba Cannot lock '/home/r.dinnage/.cache/mamba/proc'
    Waiting for other mamba process to finish
[collector wgpu0] --once drained 0 checkpoint(s); exiting.
[extract] step=3200 heavy=TRUE total=94.95s | block_curvature=4.89 block_interp=41.18 block_probes=34.53 block_fitness=7.44
[collector wgpu0] gpu-pass DONE run_id=plantclef__stable_evo__s42 step=3200 blocks_ok=4 t=94.952s (all_passes_complete=True)
[collector wgpu0] FINALIZED run_id=plantclef__stable_evo__s42 step=3200 -> KEPT(->kept/,FULL latest-slot)
[collector wgpu0] --once drained 2 checkpoint(s); exiting.
[cwgpu0] drained 2 checkpoint(s); GPU-pass backlog present -> skip d90, loop.
[collector wgpu0] --once drained 0 checkpoint(s); exiting.
[collector wgpu0] --once drained 0 checkpoint(s); exiting.
[collector wgpu0] --once drained 0 checkpoint(s); exiting.
[collector wgpu0] --once drained 0 checkpoint(s); exiting.
[extract] step=3212 SKIP heavy block block_interp (ordinal=642 basis=step_fallback heavy_every=8)
[extract] step=3212 SKIP heavy block block_probes (ordinal=642 basis=step_fallback heavy_every=8)
[extract] step=3212 heavy=FALSE total=16.92s | block_curvature=4.81 block_fitness=6.06
[collector wgpu0] gpu-pass DONE run_id=plantclef__stable_evo__s42 step=3212 blocks_ok=2 t=16.919s (all_passes_complete=True)
[collector wgpu0] FINALIZED run_id=plantclef__stable_evo__s42 step=3212 -> KEPT(->kept/,FULL latest-slot)
[collector wgpu0] --once drained 2 checkpoint(s); exiting.
[cwgpu0] drained 2 checkpoint(s); GPU-pass backlog present -> skip d90, loop.
[collector wgpu0] --once drained 0 checkpoint(s); exiting.
error    libmamba Could not set lock (Resource temporarily unavailable)
warning  libmamba Cannot lock '/home/r.dinnage/.cache/mamba/proc'
    Waiting for other mamba process to finish
[collector wgpu0] --once drained 0 checkpoint(s); exiting.
[collector wgpu0] --once drained 0 checkpoint(s); exiting.
error    libmamba Could not set lock (Resource temporarily unavailable)
warning  libmamba Cannot lock '/home/r.dinnage/.cache/mamba/proc'
    Waiting for other mamba process to finish
[collector wgpu0] --once drained 0 checkpoint(s); exiting.
[collector wgpu0] --once drained 0 checkpoint(s); exiting.
error    libmamba Could not set lock (Resource temporarily unavailable)
warning  libmamba Cannot lock '/home/r.dinnage/.cache/mamba/proc'
    Waiting for other mamba process to finish
[extract] step=3224 SKIP heavy block block_interp (ordinal=644 basis=step_fallback heavy_every=8)
[extract] step=3224 SKIP heavy block block_probes (ordinal=644 basis=step_fallback heavy_every=8)
[extract] step=3224 heavy=FALSE total=16.91s | block_curvature=4.82 block_fitness=6.07
[collector wgpu0] gpu-pass DONE run_id=plantclef__stable_evo__s42 step=3224 blocks_ok=2 t=16.909s (all_passes_complete=True)
[collector wgpu0] FINALIZED run_id=plantclef__stable_evo__s42 step=3224 -> KEPT(->kept/,FULL latest-slot)
[collector wgpu0] --once drained 2 checkpoint(s); exiting.
[cwgpu0] drained 2 checkpoint(s); GPU-pass backlog present -> skip d90, loop.
[collector wgpu0] --once drained 0 checkpoint(s); exiting.
[collector wgpu0] --once drained 0 checkpoint(s); exiting.
[collector wgpu0] --once drained 0 checkpoint(s); exiting.
[collector wgpu0] --once drained 0 checkpoint(s); exiting.
error    libmamba Could not set lock (Resource temporarily unavailable)
warning  libmamba Cannot lock '/home/r.dinnage/.cache/mamba/proc'
    Waiting for other mamba process to finish
[collector wgpu0] --once drained 0 checkpoint(s); exiting.
[extract] step=3236 SKIP heavy block block_interp (ordinal=647 basis=step_fallback heavy_every=8)
[extract] step=3236 SKIP heavy block block_probes (ordinal=647 basis=step_fallback heavy_every=8)
[extract] step=3236 heavy=FALSE total=16.97s | block_curvature=4.86 block_fitness=6.07
[collector wgpu0] gpu-pass DONE run_id=plantclef__stable_evo__s42 step=3236 blocks_ok=2 t=16.972s (all_passes_complete=True)
[collector wgpu0] FINALIZED run_id=plantclef__stable_evo__s42 step=3236 -> KEPT(->kept/,FULL latest-slot)
[collector wgpu0] --once drained 2 checkpoint(s); exiting.
[cwgpu0] drained 2 checkpoint(s); GPU-pass backlog present -> skip d90, loop.
[collector wgpu0] --once drained 0 checkpoint(s); exiting.
[collector wgpu0] --once drained 0 checkpoint(s); exiting.
[collector wgpu0] --once drained 0 checkpoint(s); exiting.
[collector wgpu0] --once drained 0 checkpoint(s); exiting.
[extract] step=3248 SKIP heavy block block_interp (ordinal=649 basis=step_fallback heavy_every=8)
[extract] step=3248 SKIP heavy block block_probes (ordinal=649 basis=step_fallback heavy_every=8)
[extract] step=3248 heavy=FALSE total=17.74s | block_curvature=4.82 block_fitness=6.01
[collector wgpu0] gpu-pass DONE run_id=plantclef__stable_evo__s42 step=3248 blocks_ok=2 t=17.739s (all_passes_complete=True)
[collector wgpu0] FINALIZED run_id=plantclef__stable_evo__s42 step=3248 -> KEPT(->kept/,FULL latest-slot)
[collector wgpu0] --once drained 2 checkpoint(s); exiting.
[cwgpu0] drained 2 checkpoint(s); GPU-pass backlog present -> skip d90, loop.
[collector wgpu0] --once drained 0 checkpoint(s); exiting.
[collector wgpu0] --once drained 0 checkpoint(s); exiting.
[collector wgpu0] --once drained 0 checkpoint(s); exiting.
[collector wgpu0] --once drained 0 checkpoint(s); exiting.
[collector wgpu0] --once drained 0 checkpoint(s); exiting.
[extract] step=3260 SKIP heavy block block_interp (ordinal=652 basis=step_fallback heavy_every=8)
[extract] step=3260 SKIP heavy block block_probes (ordinal=652 basis=step_fallback heavy_every=8)
[extract] step=3260 heavy=FALSE total=16.99s | block_curvature=4.83 block_fitness=6.08
[collector wgpu0] gpu-pass DONE run_id=plantclef__stable_evo__s42 step=3260 blocks_ok=2 t=16.989s (all_passes_complete=True)
[collector wgpu0] FINALIZED run_id=plantclef__stable_evo__s42 step=3260 -> KEPT(->kept/,FULL latest-slot)
[collector wgpu0] --once drained 2 checkpoint(s); exiting.
error    libmamba Could not set lock (Resource temporarily unavailable)
warning  libmamba Cannot lock '/home/r.dinnage/.cache/mamba/proc'
    Waiting for other mamba process to finish
[cwgpu0] drained 2 checkpoint(s); GPU-pass backlog present -> skip d90, loop.
[collector wgpu0] --once drained 0 checkpoint(s); exiting.
[collector wgpu0] --once drained 0 checkpoint(s); exiting.
[collector wgpu0] --once drained 0 checkpoint(s); exiting.
[collector wgpu0] --once drained 0 checkpoint(s); exiting.
[collector wgpu0] --once drained 0 checkpoint(s); exiting.
[extract] step=3272 SKIP heavy block block_interp (ordinal=654 basis=step_fallback heavy_every=8)
[extract] step=3272 SKIP heavy block block_probes (ordinal=654 basis=step_fallback heavy_every=8)
[extract] step=3272 heavy=FALSE total=16.75s | block_curvature=4.83 block_fitness=6.07
[collector wgpu0] gpu-pass DONE run_id=plantclef__stable_evo__s42 step=3272 blocks_ok=2 t=16.749s (all_passes_complete=True)
[collector wgpu0] FINALIZED run_id=plantclef__stable_evo__s42 step=3272 -> KEPT(->kept/,FULL latest-slot)
[collector wgpu0] --once drained 2 checkpoint(s); exiting.
[cwgpu0] drained 2 checkpoint(s); GPU-pass backlog present -> skip d90, loop.
[collector wgpu0] --once drained 0 checkpoint(s); exiting.
error    libmamba Could not set lock (Resource temporarily unavailable)
warning  libmamba Cannot lock '/home/r.dinnage/.cache/mamba/proc'
    Waiting for other mamba process to finish
[collector wgpu0] --once drained 0 checkpoint(s); exiting.
[collector wgpu0] --once drained 0 checkpoint(s); exiting.
[collector wgpu0] --once drained 0 checkpoint(s); exiting.
error    libmamba Could not set lock (Resource temporarily unavailable)
warning  libmamba Cannot lock '/home/r.dinnage/.cache/mamba/proc'
    Waiting for other mamba process to finish
[collector wgpu0] --once drained 0 checkpoint(s); exiting.
[extract] step=3284 heavy=TRUE total=100.67s | block_curvature=4.83 block_interp=41.48 block_probes=42.52 block_fitness=6.16
[collector wgpu0] gpu-pass DONE run_id=plantclef__stable_evo__s42 step=3284 blocks_ok=4 t=100.667s (all_passes_complete=True)
[collector wgpu0] FINALIZED run_id=plantclef__stable_evo__s42 step=3284 -> KEPT(->kept/,FULL latest-slot)
[collector wgpu0] --once drained 2 checkpoint(s); exiting.
[cwgpu0] drained 2 checkpoint(s); GPU-pass backlog present -> skip d90, loop.
[collector wgpu0] --once drained 0 checkpoint(s); exiting.
[extract] step=3296 SKIP heavy block block_interp (ordinal=659 basis=step_fallback heavy_every=8)
[extract] step=3296 SKIP heavy block block_probes (ordinal=659 basis=step_fallback heavy_every=8)
[extract] step=3296 heavy=FALSE total=16.90s | block_curvature=4.86 block_fitness=6.05
[collector wgpu0] gpu-pass DONE run_id=plantclef__stable_evo__s42 step=3296 blocks_ok=2 t=16.899s (all_passes_complete=True)
[collector wgpu0] FINALIZED run_id=plantclef__stable_evo__s42 step=3296 -> KEPT(->kept/,FULL latest-slot)
[collector wgpu0] --once drained 2 checkpoint(s); exiting.
[cwgpu0] drained 2 checkpoint(s); GPU-pass backlog present -> skip d90, loop.
[collector wgpu0] --once drained 0 checkpoint(s); exiting.
[collector wgpu0] --once drained 0 checkpoint(s); exiting.
[collector wgpu0] --once drained 0 checkpoint(s); exiting.
[collector wgpu0] --once drained 0 checkpoint(s); exiting.
[collector wgpu0] --once drained 0 checkpoint(s); exiting.
[collector wgpu0] --once drained 0 checkpoint(s); exiting.
error    libmamba Could not set lock (Resource temporarily unavailable)
warning  libmamba Cannot lock '/home/r.dinnage/.cache/mamba/proc'
    Waiting for other mamba process to finish
[collector wgpu0] --once drained 0 checkpoint(s); exiting.
[extract] step=3308 SKIP heavy block block_interp (ordinal=661 basis=step_fallback heavy_every=8)
[extract] step=3308 SKIP heavy block block_probes (ordinal=661 basis=step_fallback heavy_every=8)
[extract] step=3308 heavy=FALSE total=17.08s | block_curvature=5.06 block_fitness=6.08
[collector wgpu0] gpu-pass DONE run_id=plantclef__stable_evo__s42 step=3308 blocks_ok=2 t=17.076s (all_passes_complete=True)
[collector wgpu0] FINALIZED run_id=plantclef__stable_evo__s42 step=3308 -> KEPT(->kept/,FULL latest-slot)
[collector wgpu0] --once drained 2 checkpoint(s); exiting.
[cwgpu0] drained 2 checkpoint(s); GPU-pass backlog present -> skip d90, loop.
[collector wgpu0] --once drained 0 checkpoint(s); exiting.
[collector wgpu0] --once drained 0 checkpoint(s); exiting.
[collector wgpu0] --once drained 0 checkpoint(s); exiting.
error    libmamba Could not set lock (Resource temporarily unavailable)
warning  libmamba Cannot lock '/home/r.dinnage/.cache/mamba/proc'
    Waiting for other mamba process to finish
[collector wgpu0] --once drained 0 checkpoint(s); exiting.
[collector wgpu0] --once drained 0 checkpoint(s); exiting.
[extract] step=3320 heavy=TRUE total=93.88s | block_curvature=4.79 block_interp=41.26 block_probes=36.00 block_fitness=6.30
[collector wgpu0] gpu-pass DONE run_id=plantclef__stable_evo__s42 step=3320 blocks_ok=4 t=93.879s (all_passes_complete=True)
[collector wgpu0] FINALIZED run_id=plantclef__stable_evo__s42 step=3320 -> KEPT(->kept/,FULL latest-slot)
[collector wgpu0] --once drained 2 checkpoint(s); exiting.
[cwgpu0] drained 2 checkpoint(s); GPU-pass backlog present -> skip d90, loop.
[collector wgpu0] --once drained 0 checkpoint(s); exiting.
[extract] step=3332 SKIP heavy block block_interp (ordinal=666 basis=step_fallback heavy_every=8)
[extract] step=3332 SKIP heavy block block_probes (ordinal=666 basis=step_fallback heavy_every=8)
[extract] step=3332 heavy=FALSE total=16.84s | block_curvature=4.82 block_fitness=6.10
[collector wgpu0] gpu-pass DONE run_id=plantclef__stable_evo__s42 step=3332 blocks_ok=2 t=16.836s (all_passes_complete=True)
[collector wgpu0] FINALIZED run_id=plantclef__stable_evo__s42 step=3332 -> KEPT(->kept/,FULL latest-slot)
[collector wgpu0] --once drained 2 checkpoint(s); exiting.
[cwgpu0] drained 2 checkpoint(s); GPU-pass backlog present -> skip d90, loop.
[collector wgpu0] --once drained 0 checkpoint(s); exiting.
[collector wgpu0] --once drained 0 checkpoint(s); exiting.
[collector wgpu0] --once drained 0 checkpoint(s); exiting.
[collector wgpu0] --once drained 0 checkpoint(s); exiting.
[collector wgpu0] --once drained 0 checkpoint(s); exiting.
[extract] step=3344 SKIP heavy block block_interp (ordinal=668 basis=step_fallback heavy_every=8)
[extract] step=3344 SKIP heavy block block_probes (ordinal=668 basis=step_fallback heavy_every=8)
[extract] step=3344 heavy=FALSE total=16.58s | block_curvature=4.82 block_fitness=5.94
[collector wgpu0] gpu-pass DONE run_id=plantclef__stable_evo__s42 step=3344 blocks_ok=2 t=16.584s (all_passes_complete=True)
[extract] step=3346 SKIP heavy block block_interp (ordinal=669 basis=step_fallback heavy_every=8)
[extract] step=3346 SKIP heavy block block_probes (ordinal=669 basis=step_fallback heavy_every=8)
[extract] step=3346 heavy=FALSE total=17.21s | block_curvature=5.17 block_fitness=5.32
[collector wgpu0] gpu-pass DONE run_id=plantclef__stable_evo__s42 step=3346 blocks_ok=2 t=17.215s (all_passes_complete=True)
[collector wgpu0] FINALIZED run_id=plantclef__stable_evo__s42 step=3346 -> KEPT(->kept/,FULL latest-slot)
[collector wgpu0] FINALIZED run_id=plantclef__stable_evo__s42 step=3344 -> deleted
[collector wgpu0] --once drained 4 checkpoint(s); exiting.
[cwgpu0] drained 4 checkpoint(s); GPU-pass backlog present -> skip d90, loop.
[collector wgpu0] --once drained 0 checkpoint(s); exiting.
[collector wgpu0] --once drained 0 checkpoint(s); exiting.
error    libmamba Could not set lock (Resource temporarily unavailable)
warning  libmamba Cannot lock '/home/r.dinnage/.cache/mamba/proc'
    Waiting for other mamba process to finish
[collector wgpu0] --once drained 0 checkpoint(s); exiting.
[collector wgpu0] --once drained 0 checkpoint(s); exiting.
error    libmamba Could not set lock (Resource temporarily unavailable)
warning  libmamba Cannot lock '/home/r.dinnage/.cache/mamba/proc'
    Waiting for other mamba process to finish
[collector wgpu0] --once drained 0 checkpoint(s); exiting.
[extract] step=3358 SKIP heavy block block_interp (ordinal=671 basis=step_fallback heavy_every=8)
[extract] step=3358 SKIP heavy block block_probes (ordinal=671 basis=step_fallback heavy_every=8)
[extract] step=3358 heavy=FALSE total=18.21s | block_curvature=4.98 block_fitness=6.29
[collector wgpu0] gpu-pass DONE run_id=plantclef__stable_evo__s42 step=3358 blocks_ok=2 t=18.213s (all_passes_complete=True)
[collector wgpu0] FINALIZED run_id=plantclef__stable_evo__s42 step=3358 -> KEPT(->kept/,FULL latest-slot)
[collector wgpu0] --once drained 2 checkpoint(s); exiting.
[cwgpu0] drained 2 checkpoint(s); GPU-pass backlog present -> skip d90, loop.
[collector wgpu0] --once drained 0 checkpoint(s); exiting.
[collector wgpu0] --once drained 0 checkpoint(s); exiting.
[collector wgpu0] --once drained 0 checkpoint(s); exiting.
[collector wgpu0] --once drained 0 checkpoint(s); exiting.
error    libmamba Could not set lock (Resource temporarily unavailable)
warning  libmamba Cannot lock '/home/r.dinnage/.cache/mamba/proc'
    Waiting for other mamba process to finish
[collector wgpu0] --once drained 0 checkpoint(s); exiting.
[extract] step=3370 SKIP heavy block block_interp (ordinal=674 basis=step_fallback heavy_every=8)
[extract] step=3370 SKIP heavy block block_probes (ordinal=674 basis=step_fallback heavy_every=8)
[extract] step=3370 heavy=FALSE total=17.17s | block_curvature=5.26 block_fitness=6.10
[collector wgpu0] gpu-pass DONE run_id=plantclef__stable_evo__s42 step=3370 blocks_ok=2 t=17.171s (all_passes_complete=True)
[collector wgpu0] FINALIZED run_id=plantclef__stable_evo__s42 step=3370 -> KEPT(->kept/,FULL latest-slot)
[collector wgpu0] --once drained 2 checkpoint(s); exiting.
[cwgpu0] drained 2 checkpoint(s); GPU-pass backlog present -> skip d90, loop.
[collector wgpu0] --once drained 0 checkpoint(s); exiting.
[collector wgpu0] --once drained 0 checkpoint(s); exiting.
[collector wgpu0] --once drained 0 checkpoint(s); exiting.
[collector wgpu0] --once drained 0 checkpoint(s); exiting.
[collector wgpu0] --once drained 0 checkpoint(s); exiting.
[extract] step=3382 SKIP heavy block block_interp (ordinal=676 basis=step_fallback heavy_every=8)
[extract] step=3382 SKIP heavy block block_probes (ordinal=676 basis=step_fallback heavy_every=8)
[extract] step=3382 heavy=FALSE total=16.83s | block_curvature=4.82 block_fitness=6.02
[collector wgpu0] gpu-pass DONE run_id=plantclef__stable_evo__s42 step=3382 blocks_ok=2 t=16.831s (all_passes_complete=True)
[collector wgpu0] FINALIZED run_id=plantclef__stable_evo__s42 step=3382 -> KEPT(->kept/,FULL latest-slot)
[collector wgpu0] --once drained 2 checkpoint(s); exiting.
[cwgpu0] drained 2 checkpoint(s); GPU-pass backlog present -> skip d90, loop.
[collector wgpu0] --once drained 0 checkpoint(s); exiting.
[collector wgpu0] --once drained 0 checkpoint(s); exiting.
error    libmamba Could not set lock (Resource temporarily unavailable)
warning  libmamba Cannot lock '/home/r.dinnage/.cache/mamba/proc'
    Waiting for other mamba process to finish
[collector wgpu0] --once drained 0 checkpoint(s); exiting.
[collector wgpu0] --once drained 0 checkpoint(s); exiting.
[collector wgpu0] --once drained 0 checkpoint(s); exiting.
[extract] step=3394 SKIP heavy block block_interp (ordinal=678 basis=step_fallback heavy_every=8)
[extract] step=3394 SKIP heavy block block_probes (ordinal=678 basis=step_fallback heavy_every=8)
[extract] step=3394 heavy=FALSE total=16.83s | block_curvature=4.80 block_fitness=6.11
[collector wgpu0] gpu-pass DONE run_id=plantclef__stable_evo__s42 step=3394 blocks_ok=2 t=16.829s (all_passes_complete=True)
[collector wgpu0] FINALIZED run_id=plantclef__stable_evo__s42 step=3394 -> KEPT(->kept/,FULL latest-slot)
[collector wgpu0] --once drained 2 checkpoint(s); exiting.
[cwgpu0] drained 2 checkpoint(s); GPU-pass backlog present -> skip d90, loop.
[collector wgpu0] --once drained 0 checkpoint(s); exiting.
[collector wgpu0] --once drained 0 checkpoint(s); exiting.
[collector wgpu0] --once drained 0 checkpoint(s); exiting.
[collector wgpu0] --once drained 0 checkpoint(s); exiting.
[collector wgpu0] --once drained 0 checkpoint(s); exiting.
[collector wgpu0] --once drained 0 checkpoint(s); exiting.
[collector wgpu0] --once drained 0 checkpoint(s); exiting.
[collector wgpu0] --once drained 0 checkpoint(s); exiting.
[extract] step=3406 SKIP heavy block block_interp (ordinal=681 basis=step_fallback heavy_every=8)
[extract] step=3406 SKIP heavy block block_probes (ordinal=681 basis=step_fallback heavy_every=8)
[extract] step=3406 heavy=FALSE total=16.92s | block_curvature=4.87 block_fitness=6.04
[collector wgpu0] gpu-pass DONE run_id=plantclef__stable_evo__s42 step=3406 blocks_ok=2 t=16.922s (all_passes_complete=True)
[collector wgpu0] FINALIZED run_id=plantclef__stable_evo__s42 step=3406 -> KEPT(->kept/,FULL latest-slot)
[collector wgpu0] --once drained 2 checkpoint(s); exiting.
[cwgpu0] drained 2 checkpoint(s); GPU-pass backlog present -> skip d90, loop.
[collector wgpu0] --once drained 0 checkpoint(s); exiting.
error    libmamba Could not set lock (Resource temporarily unavailable)
warning  libmamba Cannot lock '/home/r.dinnage/.cache/mamba/proc'
    Waiting for other mamba process to finish
[collector wgpu0] --once drained 0 checkpoint(s); exiting.
[collector wgpu0] --once drained 0 checkpoint(s); exiting.
[collector wgpu0] --once drained 0 checkpoint(s); exiting.
[extract] step=3418 SKIP heavy block block_interp (ordinal=683 basis=step_fallback heavy_every=8)
[extract] step=3418 SKIP heavy block block_probes (ordinal=683 basis=step_fallback heavy_every=8)
[extract] step=3418 heavy=FALSE total=16.99s | block_curvature=4.84 block_fitness=6.16
[collector wgpu0] gpu-pass DONE run_id=plantclef__stable_evo__s42 step=3418 blocks_ok=2 t=16.994s (all_passes_complete=True)
[collector wgpu0] FINALIZED run_id=plantclef__stable_evo__s42 step=3418 -> KEPT(->kept/,FULL latest-slot)
[collector wgpu0] --once drained 2 checkpoint(s); exiting.
[cwgpu0] drained 2 checkpoint(s); GPU-pass backlog present -> skip d90, loop.
[collector wgpu0] --once drained 0 checkpoint(s); exiting.
[collector wgpu0] --once drained 0 checkpoint(s); exiting.
[collector wgpu0] --once drained 0 checkpoint(s); exiting.
[collector wgpu0] --once drained 0 checkpoint(s); exiting.
error    libmamba Could not set lock (Resource temporarily unavailable)
warning  libmamba Cannot lock '/home/r.dinnage/.cache/mamba/proc'
    Waiting for other mamba process to finish
[collector wgpu0] --once drained 0 checkpoint(s); exiting.
[extract] step=3430 SKIP heavy block block_interp (ordinal=686 basis=step_fallback heavy_every=8)
[extract] step=3430 SKIP heavy block block_probes (ordinal=686 basis=step_fallback heavy_every=8)
[extract] step=3430 heavy=FALSE total=16.63s | block_curvature=4.80 block_fitness=6.07
[collector wgpu0] gpu-pass DONE run_id=plantclef__stable_evo__s42 step=3430 blocks_ok=2 t=16.633s (all_passes_complete=True)
[collector wgpu0] FINALIZED run_id=plantclef__stable_evo__s42 step=3430 -> KEPT(->kept/,FULL latest-slot)
[collector wgpu0] --once drained 2 checkpoint(s); exiting.
[cwgpu0] drained 2 checkpoint(s); GPU-pass backlog present -> skip d90, loop.
[collector wgpu0] --once drained 0 checkpoint(s); exiting.
[collector wgpu0] --once drained 0 checkpoint(s); exiting.
[collector wgpu0] --once drained 0 checkpoint(s); exiting.
[collector wgpu0] --once drained 0 checkpoint(s); exiting.
[collector wgpu0] --once drained 0 checkpoint(s); exiting.
[extract] step=3442 heavy=TRUE total=92.99s | block_curvature=4.83 block_interp=40.84 block_probes=34.07 block_fitness=7.56
[collector wgpu0] gpu-pass DONE run_id=plantclef__stable_evo__s42 step=3442 blocks_ok=4 t=92.994s (all_passes_complete=True)
[collector wgpu0] FINALIZED run_id=plantclef__stable_evo__s42 step=3442 -> KEPT(->kept/,FULL latest-slot)
[collector wgpu0] --once drained 2 checkpoint(s); exiting.
[cwgpu0] drained 2 checkpoint(s); GPU-pass backlog present -> skip d90, loop.
[collector wgpu0] --once drained 0 checkpoint(s); exiting.
[extract] step=3454 SKIP heavy block block_interp (ordinal=690 basis=step_fallback heavy_every=8)
[extract] step=3454 SKIP heavy block block_probes (ordinal=690 basis=step_fallback heavy_every=8)
[extract] step=3454 heavy=FALSE total=16.99s | block_curvature=4.84 block_fitness=6.14
[collector wgpu0] gpu-pass DONE run_id=plantclef__stable_evo__s42 step=3454 blocks_ok=2 t=16.991s (all_passes_complete=True)
[collector wgpu0] FINALIZED run_id=plantclef__stable_evo__s42 step=3454 -> KEPT(->kept/,FULL latest-slot)
[collector wgpu0] --once drained 2 checkpoint(s); exiting.
[cwgpu0] drained 2 checkpoint(s); GPU-pass backlog present -> skip d90, loop.
[collector wgpu0] --once drained 0 checkpoint(s); exiting.
[collector wgpu0] --once drained 0 checkpoint(s); exiting.
[collector wgpu0] --once drained 0 checkpoint(s); exiting.
[collector wgpu0] --once drained 0 checkpoint(s); exiting.
[collector wgpu0] --once drained 0 checkpoint(s); exiting.
[extract] step=3466 SKIP heavy block block_interp (ordinal=693 basis=step_fallback heavy_every=8)
[extract] step=3466 SKIP heavy block block_probes (ordinal=693 basis=step_fallback heavy_every=8)
[extract] step=3466 heavy=FALSE total=16.68s | block_curvature=4.81 block_fitness=6.05
[collector wgpu0] gpu-pass DONE run_id=plantclef__stable_evo__s42 step=3466 blocks_ok=2 t=16.684s (all_passes_complete=True)
[collector wgpu0] FINALIZED run_id=plantclef__stable_evo__s42 step=3466 -> KEPT(->kept/,FULL latest-slot)
[collector wgpu0] --once drained 2 checkpoint(s); exiting.
[cwgpu0] drained 2 checkpoint(s); GPU-pass backlog present -> skip d90, loop.
[collector wgpu0] --once drained 0 checkpoint(s); exiting.
[collector wgpu0] --once drained 0 checkpoint(s); exiting.
[collector wgpu0] --once drained 0 checkpoint(s); exiting.
[collector wgpu0] --once drained 0 checkpoint(s); exiting.
[collector wgpu0] --once drained 0 checkpoint(s); exiting.
[extract] step=3478 SKIP heavy block block_interp (ordinal=695 basis=step_fallback heavy_every=8)
[extract] step=3478 SKIP heavy block block_probes (ordinal=695 basis=step_fallback heavy_every=8)
[extract] step=3478 heavy=FALSE total=16.82s | block_curvature=4.81 block_fitness=6.10
[collector wgpu0] gpu-pass DONE run_id=plantclef__stable_evo__s42 step=3478 blocks_ok=2 t=16.824s (all_passes_complete=True)
[collector wgpu0] FINALIZED run_id=plantclef__stable_evo__s42 step=3478 -> KEPT(->kept/,FULL latest-slot)
[collector wgpu0] --once drained 2 checkpoint(s); exiting.
[cwgpu0] drained 2 checkpoint(s); GPU-pass backlog present -> skip d90, loop.
[collector wgpu0] --once drained 0 checkpoint(s); exiting.
[collector wgpu0] --once drained 0 checkpoint(s); exiting.
[collector wgpu0] --once drained 0 checkpoint(s); exiting.
[collector wgpu0] --once drained 0 checkpoint(s); exiting.
error    libmamba Could not set lock (Resource temporarily unavailable)
warning  libmamba Cannot lock '/home/r.dinnage/.cache/mamba/proc'
    Waiting for other mamba process to finish
[collector wgpu0] --once drained 0 checkpoint(s); exiting.
[extract] step=3490 SKIP heavy block block_interp (ordinal=698 basis=step_fallback heavy_every=8)
[extract] step=3490 SKIP heavy block block_probes (ordinal=698 basis=step_fallback heavy_every=8)
[extract] step=3490 heavy=FALSE total=17.29s | block_curvature=5.45 block_fitness=6.03
[collector wgpu0] gpu-pass DONE run_id=plantclef__stable_evo__s42 step=3490 blocks_ok=2 t=17.293s (all_passes_complete=True)
[collector wgpu0] FINALIZED run_id=plantclef__stable_evo__s42 step=3490 -> KEPT(->kept/,FULL latest-slot)
[collector wgpu0] --once drained 2 checkpoint(s); exiting.
[cwgpu0] drained 2 checkpoint(s); GPU-pass backlog present -> skip d90, loop.
[collector wgpu0] --once drained 0 checkpoint(s); exiting.
[collector wgpu0] --once drained 0 checkpoint(s); exiting.
[collector wgpu0] --once drained 0 checkpoint(s); exiting.
[collector wgpu0] --once drained 0 checkpoint(s); exiting.
[collector wgpu0] --once drained 0 checkpoint(s); exiting.
[collector wgpu0] --once drained 0 checkpoint(s); exiting.
[collector wgpu0] --once drained 0 checkpoint(s); exiting.
[collector wgpu0] --once drained 0 checkpoint(s); exiting.
[extract] step=3502 SKIP heavy block block_interp (ordinal=700 basis=step_fallback heavy_every=8)
[extract] step=3502 SKIP heavy block block_probes (ordinal=700 basis=step_fallback heavy_every=8)
[extract] step=3502 heavy=FALSE total=17.40s | block_curvature=5.32 block_fitness=6.13
[collector wgpu0] gpu-pass DONE run_id=plantclef__stable_evo__s42 step=3502 blocks_ok=2 t=17.397s (all_passes_complete=True)
[collector wgpu0] FINALIZED run_id=plantclef__stable_evo__s42 step=3502 -> KEPT(->kept/,FULL latest-slot)
[collector wgpu0] --once drained 2 checkpoint(s); exiting.
[cwgpu0] drained 2 checkpoint(s); GPU-pass backlog present -> skip d90, loop.
[collector wgpu0] --once drained 0 checkpoint(s); exiting.
[collector wgpu0] --once drained 0 checkpoint(s); exiting.
[collector wgpu0] --once drained 0 checkpoint(s); exiting.
error    libmamba Could not set lock (Resource temporarily unavailable)
warning  libmamba Cannot lock '/home/r.dinnage/.cache/mamba/proc'
    Waiting for other mamba process to finish
[collector wgpu0] --once drained 0 checkpoint(s); exiting.
[extract] step=3514 SKIP heavy block block_interp (ordinal=702 basis=step_fallback heavy_every=8)
[extract] step=3514 SKIP heavy block block_probes (ordinal=702 basis=step_fallback heavy_every=8)
[extract] step=3514 heavy=FALSE total=17.15s | block_curvature=5.09 block_fitness=6.17
[collector wgpu0] gpu-pass DONE run_id=plantclef__stable_evo__s42 step=3514 blocks_ok=2 t=17.147s (all_passes_complete=True)
[collector wgpu0] FINALIZED run_id=plantclef__stable_evo__s42 step=3514 -> KEPT(->kept/,FULL latest-slot)
[collector wgpu0] --once drained 2 checkpoint(s); exiting.
[cwgpu0] drained 2 checkpoint(s); GPU-pass backlog present -> skip d90, loop.
[collector wgpu0] --once drained 0 checkpoint(s); exiting.
error    libmamba Could not set lock (Resource temporarily unavailable)
warning  libmamba Cannot lock '/home/r.dinnage/.cache/mamba/proc'
    Waiting for other mamba process to finish
[collector wgpu0] --once drained 0 checkpoint(s); exiting.
[collector wgpu0] --once drained 0 checkpoint(s); exiting.
[collector wgpu0] --once drained 0 checkpoint(s); exiting.
[collector wgpu0] --once drained 0 checkpoint(s); exiting.
[extract] step=3526 SKIP heavy block block_interp (ordinal=705 basis=step_fallback heavy_every=8)
[extract] step=3526 SKIP heavy block block_probes (ordinal=705 basis=step_fallback heavy_every=8)
[extract] step=3526 heavy=FALSE total=16.84s | block_curvature=4.80 block_fitness=6.05
[collector wgpu0] gpu-pass DONE run_id=plantclef__stable_evo__s42 step=3526 blocks_ok=2 t=16.837s (all_passes_complete=True)
[collector wgpu0] FINALIZED run_id=plantclef__stable_evo__s42 step=3526 -> KEPT(->kept/,FULL latest-slot)
[collector wgpu0] --once drained 2 checkpoint(s); exiting.
[cwgpu0] drained 2 checkpoint(s); GPU-pass backlog present -> skip d90, loop.
[collector wgpu0] --once drained 0 checkpoint(s); exiting.
[collector wgpu0] --once drained 0 checkpoint(s); exiting.
error    libmamba Could not set lock (Resource temporarily unavailable)
warning  libmamba Cannot lock '/home/r.dinnage/.cache/mamba/proc'
    Waiting for other mamba process to finish
[collector wgpu0] --once drained 0 checkpoint(s); exiting.
[collector wgpu0] --once drained 0 checkpoint(s); exiting.
[collector wgpu0] --once drained 0 checkpoint(s); exiting.
[extract] step=3538 SKIP heavy block block_interp (ordinal=707 basis=step_fallback heavy_every=8)
[extract] step=3538 SKIP heavy block block_probes (ordinal=707 basis=step_fallback heavy_every=8)
[extract] step=3538 heavy=FALSE total=17.24s | block_curvature=4.82 block_fitness=6.11
[collector wgpu0] gpu-pass DONE run_id=plantclef__stable_evo__s42 step=3538 blocks_ok=2 t=17.243s (all_passes_complete=True)
[collector wgpu0] FINALIZED run_id=plantclef__stable_evo__s42 step=3538 -> KEPT(->kept/,FULL latest-slot)
[collector wgpu0] --once drained 2 checkpoint(s); exiting.
[cwgpu0] drained 2 checkpoint(s); GPU-pass backlog present -> skip d90, loop.
[collector wgpu0] --once drained 0 checkpoint(s); exiting.
[collector wgpu0] --once drained 0 checkpoint(s); exiting.
[collector wgpu0] --once drained 0 checkpoint(s); exiting.
[collector wgpu0] --once drained 0 checkpoint(s); exiting.
[collector wgpu0] --once drained 0 checkpoint(s); exiting.
[extract] step=3550 SKIP heavy block block_interp (ordinal=710 basis=step_fallback heavy_every=8)
[extract] step=3550 SKIP heavy block block_probes (ordinal=710 basis=step_fallback heavy_every=8)
[extract] step=3550 heavy=FALSE total=16.75s | block_curvature=4.80 block_fitness=6.06
[collector wgpu0] gpu-pass DONE run_id=plantclef__stable_evo__s42 step=3550 blocks_ok=2 t=16.749s (all_passes_complete=True)
[collector wgpu0] FINALIZED run_id=plantclef__stable_evo__s42 step=3550 -> KEPT(->kept/,FULL latest-slot)
[collector wgpu0] --once drained 2 checkpoint(s); exiting.
[cwgpu0] drained 2 checkpoint(s); GPU-pass backlog present -> skip d90, loop.
[collector wgpu0] --once drained 0 checkpoint(s); exiting.
[collector wgpu0] --once drained 0 checkpoint(s); exiting.
[collector wgpu0] --once drained 0 checkpoint(s); exiting.
error    libmamba Could not set lock (Resource temporarily unavailable)
warning  libmamba Cannot lock '/home/r.dinnage/.cache/mamba/proc'
    Waiting for other mamba process to finish
[collector wgpu0] --once drained 0 checkpoint(s); exiting.
[collector wgpu0] --once drained 0 checkpoint(s); exiting.
[extract] step=3562 heavy=TRUE total=97.85s | block_curvature=4.91 block_interp=40.95 block_probes=40.05 block_fitness=6.20
[collector wgpu0] gpu-pass DONE run_id=plantclef__stable_evo__s42 step=3562 blocks_ok=4 t=97.847s (all_passes_complete=True)
[collector wgpu0] FINALIZED run_id=plantclef__stable_evo__s42 step=3562 -> KEPT(->kept/,FULL latest-slot)
[collector wgpu0] --once drained 2 checkpoint(s); exiting.
[cwgpu0] drained 2 checkpoint(s); GPU-pass backlog present -> skip d90, loop.
[extract] step=3574 SKIP heavy block block_interp (ordinal=714 basis=step_fallback heavy_every=8)
[extract] step=3574 SKIP heavy block block_probes (ordinal=714 basis=step_fallback heavy_every=8)
[extract] step=3574 heavy=FALSE total=17.59s | block_curvature=4.82 block_fitness=6.08
[collector wgpu0] gpu-pass DONE run_id=plantclef__stable_evo__s42 step=3574 blocks_ok=2 t=17.587s (all_passes_complete=True)
[collector wgpu0] FINALIZED run_id=plantclef__stable_evo__s42 step=3574 -> KEPT(->kept/,FULL latest-slot)
[collector wgpu0] --once drained 2 checkpoint(s); exiting.
[cwgpu0] drained 2 checkpoint(s); GPU-pass backlog present -> skip d90, loop.
[collector wgpu0] --once drained 0 checkpoint(s); exiting.
[collector wgpu0] --once drained 0 checkpoint(s); exiting.
error    libmamba Could not set lock (Resource temporarily unavailable)
warning  libmamba Cannot lock '/home/r.dinnage/.cache/mamba/proc'
    Waiting for other mamba process to finish
[collector wgpu0] --once drained 0 checkpoint(s); exiting.
[collector wgpu0] --once drained 0 checkpoint(s); exiting.
[collector wgpu0] --once drained 0 checkpoint(s); exiting.
[extract] step=3586 SKIP heavy block block_interp (ordinal=717 basis=step_fallback heavy_every=8)
[extract] step=3586 SKIP heavy block block_probes (ordinal=717 basis=step_fallback heavy_every=8)
[extract] step=3586 heavy=FALSE total=16.77s | block_curvature=4.81 block_fitness=5.99
[collector wgpu0] gpu-pass DONE run_id=plantclef__stable_evo__s42 step=3586 blocks_ok=2 t=16.77s (all_passes_complete=True)
[collector wgpu0] FINALIZED run_id=plantclef__stable_evo__s42 step=3586 -> KEPT(->kept/,FULL latest-slot)
[collector wgpu0] --once drained 2 checkpoint(s); exiting.
[cwgpu0] drained 2 checkpoint(s); GPU-pass backlog present -> skip d90, loop.
[collector wgpu0] --once drained 0 checkpoint(s); exiting.
[collector wgpu0] --once drained 0 checkpoint(s); exiting.
[collector wgpu0] --once drained 0 checkpoint(s); exiting.
[collector wgpu0] --once drained 0 checkpoint(s); exiting.
error    libmamba Could not set lock (Resource temporarily unavailable)
warning  libmamba Cannot lock '/home/r.dinnage/.cache/mamba/proc'
    Waiting for other mamba process to finish
[collector wgpu0] --once drained 0 checkpoint(s); exiting.
[extract] step=3598 SKIP heavy block block_interp (ordinal=719 basis=step_fallback heavy_every=8)
[extract] step=3598 SKIP heavy block block_probes (ordinal=719 basis=step_fallback heavy_every=8)
[extract] step=3598 heavy=FALSE total=16.87s | block_curvature=4.82 block_fitness=6.08
[collector wgpu0] gpu-pass DONE run_id=plantclef__stable_evo__s42 step=3598 blocks_ok=2 t=16.875s (all_passes_complete=True)
[collector wgpu0] FINALIZED run_id=plantclef__stable_evo__s42 step=3598 -> KEPT(->kept/,FULL latest-slot)
[collector wgpu0] --once drained 2 checkpoint(s); exiting.
[cwgpu0] drained 2 checkpoint(s); GPU-pass backlog present -> skip d90, loop.
[collector wgpu0] --once drained 0 checkpoint(s); exiting.
[collector wgpu0] --once drained 0 checkpoint(s); exiting.
error    libmamba Could not set lock (Resource temporarily unavailable)
warning  libmamba Cannot lock '/home/r.dinnage/.cache/mamba/proc'
    Waiting for other mamba process to finish
[collector wgpu0] --once drained 0 checkpoint(s); exiting.
error    libmamba Could not set lock (Resource temporarily unavailable)
warning  libmamba Cannot lock '/home/r.dinnage/.cache/mamba/proc'
    Waiting for other mamba process to finish
[collector wgpu0] --once drained 0 checkpoint(s); exiting.
[collector wgpu0] --once drained 0 checkpoint(s); exiting.
[collector wgpu0] --once drained 0 checkpoint(s); exiting.
[collector wgpu0] --once drained 0 checkpoint(s); exiting.
[collector wgpu0] --once drained 0 checkpoint(s); exiting.
[extract] step=3610 SKIP heavy block block_interp (ordinal=722 basis=step_fallback heavy_every=8)
[extract] step=3610 SKIP heavy block block_probes (ordinal=722 basis=step_fallback heavy_every=8)
[extract] step=3610 heavy=FALSE total=17.15s | block_curvature=4.91 block_fitness=6.17
[collector wgpu0] gpu-pass DONE run_id=plantclef__stable_evo__s42 step=3610 blocks_ok=2 t=17.152s (all_passes_complete=True)
[collector wgpu0] FINALIZED run_id=plantclef__stable_evo__s42 step=3610 -> KEPT(->kept/,FULL latest-slot)
[collector wgpu0] --once drained 2 checkpoint(s); exiting.
[cwgpu0] drained 2 checkpoint(s); GPU-pass backlog present -> skip d90, loop.
[collector wgpu0] --once drained 0 checkpoint(s); exiting.
[collector wgpu0] --once drained 0 checkpoint(s); exiting.
[collector wgpu0] --once drained 0 checkpoint(s); exiting.
[collector wgpu0] --once drained 0 checkpoint(s); exiting.
[collector wgpu0] --once drained 0 checkpoint(s); exiting.
[extract] step=3622 SKIP heavy block block_interp (ordinal=724 basis=step_fallback heavy_every=8)
[extract] step=3622 SKIP heavy block block_probes (ordinal=724 basis=step_fallback heavy_every=8)
[extract] step=3622 heavy=FALSE total=17.00s | block_curvature=4.82 block_fitness=6.09
[collector wgpu0] gpu-pass DONE run_id=plantclef__stable_evo__s42 step=3622 blocks_ok=2 t=17.002s (all_passes_complete=True)
[extract] step=3624 SKIP heavy block block_interp (ordinal=724 basis=step_fallback heavy_every=8)
[extract] step=3624 SKIP heavy block block_probes (ordinal=724 basis=step_fallback heavy_every=8)
[extract] step=3624 heavy=FALSE total=16.67s | block_curvature=5.24 block_fitness=5.49
[collector wgpu0] gpu-pass DONE run_id=plantclef__stable_evo__s42 step=3624 blocks_ok=2 t=16.665s (all_passes_complete=True)
[collector wgpu0] FINALIZED run_id=plantclef__stable_evo__s42 step=3624 -> KEPT(->kept/,FULL latest-slot)
[collector wgpu0] FINALIZED run_id=plantclef__stable_evo__s42 step=3622 -> deleted
[collector wgpu0] --once drained 4 checkpoint(s); exiting.
[cwgpu0] drained 4 checkpoint(s); GPU-pass backlog present -> skip d90, loop.
[collector wgpu0] --once drained 0 checkpoint(s); exiting.
[collector wgpu0] --once drained 0 checkpoint(s); exiting.
[collector wgpu0] --once drained 0 checkpoint(s); exiting.
[collector wgpu0] --once drained 0 checkpoint(s); exiting.
[collector wgpu0] --once drained 0 checkpoint(s); exiting.
[extract] step=3636 SKIP heavy block block_interp (ordinal=727 basis=step_fallback heavy_every=8)
[extract] step=3636 SKIP heavy block block_probes (ordinal=727 basis=step_fallback heavy_every=8)
[extract] step=3636 heavy=FALSE total=16.79s | block_curvature=4.82 block_fitness=6.08
[collector wgpu0] gpu-pass DONE run_id=plantclef__stable_evo__s42 step=3636 blocks_ok=2 t=16.79s (all_passes_complete=True)
[collector wgpu0] FINALIZED run_id=plantclef__stable_evo__s42 step=3636 -> KEPT(->kept/,FULL latest-slot)
[collector wgpu0] --once drained 2 checkpoint(s); exiting.
[cwgpu0] drained 2 checkpoint(s); GPU-pass backlog present -> skip d90, loop.
[collector wgpu0] --once drained 0 checkpoint(s); exiting.
[collector wgpu0] --once drained 0 checkpoint(s); exiting.
[collector wgpu0] --once drained 0 checkpoint(s); exiting.
[collector wgpu0] --once drained 0 checkpoint(s); exiting.
[collector wgpu0] --once drained 0 checkpoint(s); exiting.
[extract] step=3648 SKIP heavy block block_interp (ordinal=729 basis=step_fallback heavy_every=8)
[extract] step=3648 SKIP heavy block block_probes (ordinal=729 basis=step_fallback heavy_every=8)
[extract] step=3648 heavy=FALSE total=17.01s | block_curvature=4.85 block_fitness=6.13
[collector wgpu0] gpu-pass DONE run_id=plantclef__stable_evo__s42 step=3648 blocks_ok=2 t=17.007s (all_passes_complete=True)
[collector wgpu0] FINALIZED run_id=plantclef__stable_evo__s42 step=3648 -> KEPT(->kept/,FULL latest-slot)
[collector wgpu0] --once drained 2 checkpoint(s); exiting.
[cwgpu0] drained 2 checkpoint(s); GPU-pass backlog present -> skip d90, loop.
[collector wgpu0] --once drained 0 checkpoint(s); exiting.
[collector wgpu0] --once drained 0 checkpoint(s); exiting.
[collector wgpu0] --once drained 0 checkpoint(s); exiting.
[collector wgpu0] --once drained 0 checkpoint(s); exiting.
[collector wgpu0] --once drained 0 checkpoint(s); exiting.
[extract] step=3660 SKIP heavy block block_interp (ordinal=732 basis=step_fallback heavy_every=8)
[extract] step=3660 SKIP heavy block block_probes (ordinal=732 basis=step_fallback heavy_every=8)
[extract] step=3660 heavy=FALSE total=17.32s | block_curvature=4.81 block_fitness=6.08
[collector wgpu0] gpu-pass DONE run_id=plantclef__stable_evo__s42 step=3660 blocks_ok=2 t=17.324s (all_passes_complete=True)
[collector wgpu0] FINALIZED run_id=plantclef__stable_evo__s42 step=3660 -> KEPT(->kept/,FULL latest-slot)
[collector wgpu0] --once drained 2 checkpoint(s); exiting.
[cwgpu0] drained 2 checkpoint(s); GPU-pass backlog present -> skip d90, loop.
[collector wgpu0] --once drained 0 checkpoint(s); exiting.
error    libmamba Could not set lock (Resource temporarily unavailable)
warning  libmamba Cannot lock '/home/r.dinnage/.cache/mamba/proc'
    Waiting for other mamba process to finish
[collector wgpu0] --once drained 0 checkpoint(s); exiting.
[collector wgpu0] --once drained 0 checkpoint(s); exiting.
[collector wgpu0] --once drained 0 checkpoint(s); exiting.
[collector wgpu0] --once drained 0 checkpoint(s); exiting.
[extract] step=3672 SKIP heavy block block_interp (ordinal=734 basis=step_fallback heavy_every=8)
[extract] step=3672 SKIP heavy block block_probes (ordinal=734 basis=step_fallback heavy_every=8)
[extract] step=3672 heavy=FALSE total=16.96s | block_curvature=4.84 block_fitness=6.08
[collector wgpu0] gpu-pass DONE run_id=plantclef__stable_evo__s42 step=3672 blocks_ok=2 t=16.964s (all_passes_complete=True)
[collector wgpu0] FINALIZED run_id=plantclef__stable_evo__s42 step=3672 -> KEPT(->kept/,FULL latest-slot)
[collector wgpu0] --once drained 2 checkpoint(s); exiting.
[cwgpu0] drained 2 checkpoint(s); GPU-pass backlog present -> skip d90, loop.
[collector wgpu0] --once drained 0 checkpoint(s); exiting.
[collector wgpu0] --once drained 0 checkpoint(s); exiting.
[collector wgpu0] --once drained 0 checkpoint(s); exiting.
[collector wgpu0] --once drained 0 checkpoint(s); exiting.
[collector wgpu0] --once drained 0 checkpoint(s); exiting.
[extract] step=3684 heavy=TRUE total=94.02s | block_curvature=4.85 block_interp=41.52 block_probes=34.53 block_fitness=7.47
[collector wgpu0] gpu-pass DONE run_id=plantclef__stable_evo__s42 step=3684 blocks_ok=4 t=94.019s (all_passes_complete=True)
[collector wgpu0] FINALIZED run_id=plantclef__stable_evo__s42 step=3684 -> KEPT(->kept/,FULL latest-slot)
[collector wgpu0] --once drained 2 checkpoint(s); exiting.
[cwgpu0] drained 2 checkpoint(s); GPU-pass backlog present -> skip d90, loop.
[collector wgpu0] --once drained 0 checkpoint(s); exiting.
[extract] step=3696 SKIP heavy block block_interp (ordinal=739 basis=step_fallback heavy_every=8)
[extract] step=3696 SKIP heavy block block_probes (ordinal=739 basis=step_fallback heavy_every=8)
[extract] step=3696 heavy=FALSE total=17.45s | block_curvature=5.49 block_fitness=6.09
[collector wgpu0] gpu-pass DONE run_id=plantclef__stable_evo__s42 step=3696 blocks_ok=2 t=17.451s (all_passes_complete=True)
[collector wgpu0] FINALIZED run_id=plantclef__stable_evo__s42 step=3696 -> KEPT(->kept/,FULL latest-slot)
[collector wgpu0] --once drained 2 checkpoint(s); exiting.
error    libmamba Could not set lock (Resource temporarily unavailable)
warning  libmamba Cannot lock '/home/r.dinnage/.cache/mamba/proc'
    Waiting for other mamba process to finish
[cwgpu0] drained 2 checkpoint(s); GPU-pass backlog present -> skip d90, loop.
[collector wgpu0] --once drained 0 checkpoint(s); exiting.
error    libmamba Could not set lock (Resource temporarily unavailable)
warning  libmamba Cannot lock '/home/r.dinnage/.cache/mamba/proc'
    Waiting for other mamba process to finish
[collector wgpu0] --once drained 0 checkpoint(s); exiting.
[collector wgpu0] --once drained 0 checkpoint(s); exiting.
[collector wgpu0] --once drained 0 checkpoint(s); exiting.
[collector wgpu0] --once drained 0 checkpoint(s); exiting.
[collector wgpu0] --once drained 0 checkpoint(s); exiting.
[collector wgpu0] --once drained 0 checkpoint(s); exiting.
[collector wgpu0] --once drained 0 checkpoint(s); exiting.
[extract] step=3708 SKIP heavy block block_interp (ordinal=741 basis=step_fallback heavy_every=8)
[extract] step=3708 SKIP heavy block block_probes (ordinal=741 basis=step_fallback heavy_every=8)
[extract] step=3708 heavy=FALSE total=16.85s | block_curvature=4.81 block_fitness=6.11
[collector wgpu0] gpu-pass DONE run_id=plantclef__stable_evo__s42 step=3708 blocks_ok=2 t=16.852s (all_passes_complete=True)
[collector wgpu0] FINALIZED run_id=plantclef__stable_evo__s42 step=3708 -> KEPT(->kept/,FULL latest-slot)
[collector wgpu0] --once drained 2 checkpoint(s); exiting.
[cwgpu0] drained 2 checkpoint(s); GPU-pass backlog present -> skip d90, loop.
[collector wgpu0] --once drained 0 checkpoint(s); exiting.
[collector wgpu0] --once drained 0 checkpoint(s); exiting.
[collector wgpu0] --once drained 0 checkpoint(s); exiting.
[collector wgpu0] --once drained 0 checkpoint(s); exiting.
[extract] step=3720 heavy=TRUE total=94.22s | block_curvature=4.83 block_interp=40.66 block_probes=36.66 block_fitness=6.49
[collector wgpu0] gpu-pass DONE run_id=plantclef__stable_evo__s42 step=3720 blocks_ok=4 t=94.218s (all_passes_complete=True)
[collector wgpu0] FINALIZED run_id=plantclef__stable_evo__s42 step=3720 -> KEPT(->kept/,FULL latest-slot)
[collector wgpu0] --once drained 2 checkpoint(s); exiting.
[cwgpu0] drained 2 checkpoint(s); GPU-pass backlog present -> skip d90, loop.
[collector wgpu0] --once drained 0 checkpoint(s); exiting.
error    libmamba Could not set lock (Resource temporarily unavailable)
warning  libmamba Cannot lock '/home/r.dinnage/.cache/mamba/proc'
    Waiting for other mamba process to finish
[extract] step=3732 SKIP heavy block block_interp (ordinal=746 basis=step_fallback heavy_every=8)
[extract] step=3732 SKIP heavy block block_probes (ordinal=746 basis=step_fallback heavy_every=8)
[extract] step=3732 heavy=FALSE total=17.66s | block_curvature=4.78 block_fitness=6.04
[collector wgpu0] gpu-pass DONE run_id=plantclef__stable_evo__s42 step=3732 blocks_ok=2 t=17.664s (all_passes_complete=True)
[collector wgpu0] FINALIZED run_id=plantclef__stable_evo__s42 step=3732 -> KEPT(->kept/,FULL latest-slot)
[collector wgpu0] --once drained 2 checkpoint(s); exiting.
[cwgpu0] drained 2 checkpoint(s); GPU-pass backlog present -> skip d90, loop.
[collector wgpu0] --once drained 0 checkpoint(s); exiting.
[collector wgpu0] --once drained 0 checkpoint(s); exiting.
[collector wgpu0] --once drained 0 checkpoint(s); exiting.
[collector wgpu0] --once drained 0 checkpoint(s); exiting.
[collector wgpu0] --once drained 0 checkpoint(s); exiting.
[extract] step=3744 SKIP heavy block block_interp (ordinal=748 basis=step_fallback heavy_every=8)
[extract] step=3744 SKIP heavy block block_probes (ordinal=748 basis=step_fallback heavy_every=8)
[extract] step=3744 heavy=FALSE total=16.82s | block_curvature=4.81 block_fitness=6.08
[collector wgpu0] gpu-pass DONE run_id=plantclef__stable_evo__s42 step=3744 blocks_ok=2 t=16.816s (all_passes_complete=True)
[collector wgpu0] FINALIZED run_id=plantclef__stable_evo__s42 step=3744 -> KEPT(->kept/,FULL latest-slot)
[collector wgpu0] --once drained 2 checkpoint(s); exiting.
[cwgpu0] drained 2 checkpoint(s); GPU-pass backlog present -> skip d90, loop.
[collector wgpu0] --once drained 0 checkpoint(s); exiting.
[collector wgpu0] --once drained 0 checkpoint(s); exiting.
[collector wgpu0] --once drained 0 checkpoint(s); exiting.
[collector wgpu0] --once drained 0 checkpoint(s); exiting.
[collector wgpu0] --once drained 0 checkpoint(s); exiting.
[extract] step=3756 SKIP heavy block block_interp (ordinal=751 basis=step_fallback heavy_every=8)
[extract] step=3756 SKIP heavy block block_probes (ordinal=751 basis=step_fallback heavy_every=8)
[extract] step=3756 heavy=FALSE total=16.91s | block_curvature=4.83 block_fitness=6.03
[collector wgpu0] gpu-pass DONE run_id=plantclef__stable_evo__s42 step=3756 blocks_ok=2 t=16.908s (all_passes_complete=True)
[collector wgpu0] FINALIZED run_id=plantclef__stable_evo__s42 step=3756 -> KEPT(->kept/,FULL latest-slot)
[collector wgpu0] --once drained 2 checkpoint(s); exiting.
error    libmamba Could not set lock (Resource temporarily unavailable)
warning  libmamba Cannot lock '/home/r.dinnage/.cache/mamba/proc'
    Waiting for other mamba process to finish
[cwgpu0] drained 2 checkpoint(s); GPU-pass backlog present -> skip d90, loop.
[collector wgpu0] --once drained 0 checkpoint(s); exiting.
[collector wgpu0] --once drained 0 checkpoint(s); exiting.
error    libmamba Could not set lock (Resource temporarily unavailable)
warning  libmamba Cannot lock '/home/r.dinnage/.cache/mamba/proc'
    Waiting for other mamba process to finish
[collector wgpu0] --once drained 0 checkpoint(s); exiting.
[collector wgpu0] --once drained 0 checkpoint(s); exiting.
[collector wgpu0] --once drained 0 checkpoint(s); exiting.
[extract] step=3768 SKIP heavy block block_interp (ordinal=753 basis=step_fallback heavy_every=8)
[extract] step=3768 SKIP heavy block block_probes (ordinal=753 basis=step_fallback heavy_every=8)
[extract] step=3768 heavy=FALSE total=16.87s | block_curvature=4.83 block_fitness=6.07
[collector wgpu0] gpu-pass DONE run_id=plantclef__stable_evo__s42 step=3768 blocks_ok=2 t=16.87s (all_passes_complete=True)
[collector wgpu0] FINALIZED run_id=plantclef__stable_evo__s42 step=3768 -> KEPT(->kept/,FULL latest-slot)
[collector wgpu0] --once drained 2 checkpoint(s); exiting.
[cwgpu0] drained 2 checkpoint(s); GPU-pass backlog present -> skip d90, loop.
[collector wgpu0] --once drained 0 checkpoint(s); exiting.
[collector wgpu0] --once drained 0 checkpoint(s); exiting.
error    libmamba Could not set lock (Resource temporarily unavailable)
warning  libmamba Cannot lock '/home/r.dinnage/.cache/mamba/proc'
    Waiting for other mamba process to finish
[collector wgpu0] --once drained 0 checkpoint(s); exiting.
[collector wgpu0] --once drained 0 checkpoint(s); exiting.
[collector wgpu0] --once drained 0 checkpoint(s); exiting.
[extract] step=3780 SKIP heavy block block_interp (ordinal=756 basis=step_fallback heavy_every=8)
[extract] step=3780 SKIP heavy block block_probes (ordinal=756 basis=step_fallback heavy_every=8)
[extract] step=3780 heavy=FALSE total=16.84s | block_curvature=4.83 block_fitness=6.09
[collector wgpu0] gpu-pass DONE run_id=plantclef__stable_evo__s42 step=3780 blocks_ok=2 t=16.838s (all_passes_complete=True)
[collector wgpu0] FINALIZED run_id=plantclef__stable_evo__s42 step=3780 -> KEPT(->kept/,FULL latest-slot)
[collector wgpu0] --once drained 2 checkpoint(s); exiting.
[cwgpu0] drained 2 checkpoint(s); GPU-pass backlog present -> skip d90, loop.
[collector wgpu0] --once drained 0 checkpoint(s); exiting.
[collector wgpu0] --once drained 0 checkpoint(s); exiting.
[collector wgpu0] --once drained 0 checkpoint(s); exiting.
[collector wgpu0] --once drained 0 checkpoint(s); exiting.
[collector wgpu0] --once drained 0 checkpoint(s); exiting.
[extract] step=3792 SKIP heavy block block_interp (ordinal=758 basis=step_fallback heavy_every=8)
[extract] step=3792 SKIP heavy block block_probes (ordinal=758 basis=step_fallback heavy_every=8)
[extract] step=3792 heavy=FALSE total=16.84s | block_curvature=4.83 block_fitness=6.04
[collector wgpu0] gpu-pass DONE run_id=plantclef__stable_evo__s42 step=3792 blocks_ok=2 t=16.838s (all_passes_complete=True)
[collector wgpu0] FINALIZED run_id=plantclef__stable_evo__s42 step=3792 -> KEPT(->kept/,FULL latest-slot)
[collector wgpu0] --once drained 2 checkpoint(s); exiting.
[cwgpu0] drained 2 checkpoint(s); GPU-pass backlog present -> skip d90, loop.
[collector wgpu0] --once drained 0 checkpoint(s); exiting.
[collector wgpu0] --once drained 0 checkpoint(s); exiting.
[collector wgpu0] --once drained 0 checkpoint(s); exiting.
error    libmamba Could not set lock (Resource temporarily unavailable)
warning  libmamba Cannot lock '/home/r.dinnage/.cache/mamba/proc'
    Waiting for other mamba process to finish
[collector wgpu0] --once drained 0 checkpoint(s); exiting.
[collector wgpu0] --once drained 0 checkpoint(s); exiting.
[collector wgpu0] --once drained 0 checkpoint(s); exiting.
[collector wgpu0] --once drained 0 checkpoint(s); exiting.
[collector wgpu0] --once drained 0 checkpoint(s); exiting.
[extract] step=3804 heavy=TRUE total=98.78s | block_curvature=4.84 block_interp=41.12 block_probes=40.62 block_fitness=6.34
[collector wgpu0] gpu-pass DONE run_id=plantclef__stable_evo__s42 step=3804 blocks_ok=4 t=98.782s (all_passes_complete=True)
[collector wgpu0] FINALIZED run_id=plantclef__stable_evo__s42 step=3804 -> deleted
[collector wgpu0] --once drained 2 checkpoint(s); exiting.
[cwgpu0] drained 2 checkpoint(s); GPU-pass backlog present -> skip d90, loop.
[extract] step=3816 SKIP heavy block block_interp (ordinal=763 basis=step_fallback heavy_every=8)
[extract] step=3816 SKIP heavy block block_probes (ordinal=763 basis=step_fallback heavy_every=8)
[extract] step=3816 heavy=FALSE total=16.84s | block_curvature=4.76 block_fitness=6.07
[collector wgpu0] gpu-pass DONE run_id=plantclef__stable_evo__s42 step=3816 blocks_ok=2 t=16.838s (all_passes_complete=True)
[collector wgpu0] FINALIZED run_id=plantclef__stable_evo__s42 step=3816 -> KEPT(->kept/,FULL latest-slot)
[collector wgpu0] --once drained 2 checkpoint(s); exiting.
[cwgpu0] drained 2 checkpoint(s); GPU-pass backlog present -> skip d90, loop.
[collector wgpu0] --once drained 0 checkpoint(s); exiting.
[collector wgpu0] --once drained 0 checkpoint(s); exiting.
[collector wgpu0] --once drained 0 checkpoint(s); exiting.
[collector wgpu0] --once drained 0 checkpoint(s); exiting.
[collector wgpu0] --once drained 0 checkpoint(s); exiting.
[extract] step=3828 SKIP heavy block block_interp (ordinal=765 basis=step_fallback heavy_every=8)
[extract] step=3828 SKIP heavy block block_probes (ordinal=765 basis=step_fallback heavy_every=8)
[extract] step=3828 heavy=FALSE total=17.00s | block_curvature=4.83 block_fitness=6.06
[collector wgpu0] gpu-pass DONE run_id=plantclef__stable_evo__s42 step=3828 blocks_ok=2 t=17.004s (all_passes_complete=True)
[collector wgpu0] FINALIZED run_id=plantclef__stable_evo__s42 step=3828 -> KEPT(->kept/,FULL latest-slot)
[collector wgpu0] --once drained 2 checkpoint(s); exiting.
[cwgpu0] drained 2 checkpoint(s); GPU-pass backlog present -> skip d90, loop.
[collector wgpu0] --once drained 0 checkpoint(s); exiting.
[collector wgpu0] --once drained 0 checkpoint(s); exiting.
[collector wgpu0] --once drained 0 checkpoint(s); exiting.
[collector wgpu0] --once drained 0 checkpoint(s); exiting.
[collector wgpu0] --once drained 0 checkpoint(s); exiting.
error    libmamba Could not set lock (Resource temporarily unavailable)
warning  libmamba Cannot lock '/home/r.dinnage/.cache/mamba/proc'
    Waiting for other mamba process to finish
[extract] step=3840 heavy=TRUE total=99.11s | block_curvature=4.86 block_interp=41.34 block_probes=41.05 block_fitness=6.05
[collector wgpu0] gpu-pass DONE run_id=plantclef__stable_evo__s42 step=3840 blocks_ok=4 t=99.106s (all_passes_complete=True)
[collector wgpu0] FINALIZED run_id=plantclef__stable_evo__s42 step=3840 -> KEPT(->kept/,FULL latest-slot)
[collector wgpu0] --once drained 2 checkpoint(s); exiting.
[cwgpu0] drained 2 checkpoint(s); GPU-pass backlog present -> skip d90, loop.
[collector wgpu0] --once drained 0 checkpoint(s); exiting.
[extract] step=3852 SKIP heavy block block_interp (ordinal=770 basis=step_fallback heavy_every=8)
[extract] step=3852 SKIP heavy block block_probes (ordinal=770 basis=step_fallback heavy_every=8)
[extract] step=3852 heavy=FALSE total=16.76s | block_curvature=4.82 block_fitness=6.09
[collector wgpu0] gpu-pass DONE run_id=plantclef__stable_evo__s42 step=3852 blocks_ok=2 t=16.763s (all_passes_complete=True)
[collector wgpu0] FINALIZED run_id=plantclef__stable_evo__s42 step=3852 -> KEPT(->kept/,FULL latest-slot)
[collector wgpu0] --once drained 2 checkpoint(s); exiting.
[cwgpu0] drained 2 checkpoint(s); GPU-pass backlog present -> skip d90, loop.
[collector wgpu0] --once drained 0 checkpoint(s); exiting.
[collector wgpu0] --once drained 0 checkpoint(s); exiting.
error    libmamba Could not set lock (Resource temporarily unavailable)
warning  libmamba Cannot lock '/home/r.dinnage/.cache/mamba/proc'
    Waiting for other mamba process to finish
[collector wgpu0] --once drained 0 checkpoint(s); exiting.
[collector wgpu0] --once drained 0 checkpoint(s); exiting.
[collector wgpu0] --once drained 0 checkpoint(s); exiting.
[extract] step=3864 SKIP heavy block block_interp (ordinal=772 basis=step_fallback heavy_every=8)
[extract] step=3864 SKIP heavy block block_probes (ordinal=772 basis=step_fallback heavy_every=8)
[extract] step=3864 heavy=FALSE total=16.91s | block_curvature=4.82 block_fitness=6.10
[collector wgpu0] gpu-pass DONE run_id=plantclef__stable_evo__s42 step=3864 blocks_ok=2 t=16.912s (all_passes_complete=True)
[collector wgpu0] FINALIZED run_id=plantclef__stable_evo__s42 step=3864 -> KEPT(->kept/,FULL latest-slot)
[collector wgpu0] --once drained 2 checkpoint(s); exiting.
[cwgpu0] drained 2 checkpoint(s); GPU-pass backlog present -> skip d90, loop.
[collector wgpu0] --once drained 0 checkpoint(s); exiting.
[collector wgpu0] --once drained 0 checkpoint(s); exiting.
[collector wgpu0] --once drained 0 checkpoint(s); exiting.
error    libmamba Could not set lock (Resource temporarily unavailable)
warning  libmamba Cannot lock '/home/r.dinnage/.cache/mamba/proc'
    Waiting for other mamba process to finish
[collector wgpu0] --once drained 0 checkpoint(s); exiting.
[collector wgpu0] --once drained 0 checkpoint(s); exiting.
error    libmamba Could not set lock (Resource temporarily unavailable)
warning  libmamba Cannot lock '/home/r.dinnage/.cache/mamba/proc'
    Waiting for other mamba process to finish
[extract] step=3876 SKIP heavy block block_interp (ordinal=775 basis=step_fallback heavy_every=8)
[extract] step=3876 SKIP heavy block block_probes (ordinal=775 basis=step_fallback heavy_every=8)
[extract] step=3876 heavy=FALSE total=16.75s | block_curvature=4.81 block_fitness=6.02
[collector wgpu0] gpu-pass DONE run_id=plantclef__stable_evo__s42 step=3876 blocks_ok=2 t=16.748s (all_passes_complete=True)
[collector wgpu0] FINALIZED run_id=plantclef__stable_evo__s42 step=3876 -> KEPT(->kept/,FULL latest-slot)
[collector wgpu0] --once drained 2 checkpoint(s); exiting.
[cwgpu0] drained 2 checkpoint(s); GPU-pass backlog present -> skip d90, loop.
[collector wgpu0] --once drained 0 checkpoint(s); exiting.
[collector wgpu0] --once drained 0 checkpoint(s); exiting.
[collector wgpu0] --once drained 0 checkpoint(s); exiting.
[collector wgpu0] --once drained 0 checkpoint(s); exiting.
[extract] step=3888 SKIP heavy block block_interp (ordinal=777 basis=step_fallback heavy_every=8)
[extract] step=3888 SKIP heavy block block_probes (ordinal=777 basis=step_fallback heavy_every=8)
[extract] step=3888 heavy=FALSE total=17.84s | block_curvature=4.83 block_fitness=6.07
[collector wgpu0] gpu-pass DONE run_id=plantclef__stable_evo__s42 step=3888 blocks_ok=2 t=17.841s (all_passes_complete=True)
[collector wgpu0] FINALIZED run_id=plantclef__stable_evo__s42 step=3888 -> KEPT(->kept/,FULL latest-slot)
[collector wgpu0] --once drained 2 checkpoint(s); exiting.
[cwgpu0] drained 2 checkpoint(s); GPU-pass backlog present -> skip d90, loop.
[collector wgpu0] --once drained 0 checkpoint(s); exiting.
[collector wgpu0] --once drained 0 checkpoint(s); exiting.
[collector wgpu0] --once drained 0 checkpoint(s); exiting.
[collector wgpu0] --once drained 0 checkpoint(s); exiting.
[collector wgpu0] --once drained 0 checkpoint(s); exiting.
[extract] step=3900 SKIP heavy block block_interp (ordinal=780 basis=step_fallback heavy_every=8)
[extract] step=3900 SKIP heavy block block_probes (ordinal=780 basis=step_fallback heavy_every=8)
[extract] step=3900 heavy=FALSE total=17.96s | block_curvature=4.83 block_fitness=6.10
[collector wgpu0] gpu-pass DONE run_id=plantclef__stable_evo__s42 step=3900 blocks_ok=2 t=17.963s (all_passes_complete=True)
[collector wgpu0] FINALIZED run_id=plantclef__stable_evo__s42 step=3900 -> KEPT(->kept/,FULL latest-slot)
[collector wgpu0] --once drained 2 checkpoint(s); exiting.
[cwgpu0] drained 2 checkpoint(s); GPU-pass backlog present -> skip d90, loop.
[collector wgpu0] --once drained 0 checkpoint(s); exiting.
[collector wgpu0] --once drained 0 checkpoint(s); exiting.
[collector wgpu0] --once drained 0 checkpoint(s); exiting.
[extract] step=3902 SKIP heavy block block_interp (ordinal=780 basis=step_fallback heavy_every=8)
[extract] step=3902 SKIP heavy block block_probes (ordinal=780 basis=step_fallback heavy_every=8)
[extract] step=3902 heavy=FALSE total=16.92s | block_curvature=4.87 block_fitness=6.12
[collector wgpu0] gpu-pass DONE run_id=plantclef__stable_evo__s42 step=3902 blocks_ok=2 t=16.922s (all_passes_complete=True)
[collector wgpu0] FINALIZED run_id=plantclef__stable_evo__s42 step=3902 -> KEPT(->kept/,FULL latest-slot)
[collector wgpu0] --once drained 2 checkpoint(s); exiting.
[cwgpu0] drained 2 checkpoint(s); GPU-pass backlog present -> skip d90, loop.
[collector wgpu0] --once drained 0 checkpoint(s); exiting.
[collector wgpu0] --once drained 0 checkpoint(s); exiting.
[collector wgpu0] --once drained 0 checkpoint(s); exiting.
[collector wgpu0] --once drained 0 checkpoint(s); exiting.
[collector wgpu0] --once drained 0 checkpoint(s); exiting.
[extract] step=3914 SKIP heavy block block_interp (ordinal=782 basis=step_fallback heavy_every=8)
[extract] step=3914 SKIP heavy block block_probes (ordinal=782 basis=step_fallback heavy_every=8)
[extract] step=3914 heavy=FALSE total=16.97s | block_curvature=4.84 block_fitness=6.11
[collector wgpu0] gpu-pass DONE run_id=plantclef__stable_evo__s42 step=3914 blocks_ok=2 t=16.973s (all_passes_complete=True)
[collector wgpu0] FINALIZED run_id=plantclef__stable_evo__s42 step=3914 -> KEPT(->kept/,FULL latest-slot)
[collector wgpu0] --once drained 2 checkpoint(s); exiting.
[cwgpu0] drained 2 checkpoint(s); GPU-pass backlog present -> skip d90, loop.
[collector wgpu0] --once drained 0 checkpoint(s); exiting.
[collector wgpu0] --once drained 0 checkpoint(s); exiting.
[collector wgpu0] --once drained 0 checkpoint(s); exiting.
[collector wgpu0] --once drained 0 checkpoint(s); exiting.
[collector wgpu0] --once drained 0 checkpoint(s); exiting.
error    libmamba Could not set lock (Resource temporarily unavailable)
warning  libmamba Cannot lock '/home/r.dinnage/.cache/mamba/proc'
    Waiting for other mamba process to finish
[extract] step=3926 SKIP heavy block block_interp (ordinal=785 basis=step_fallback heavy_every=8)
[extract] step=3926 SKIP heavy block block_probes (ordinal=785 basis=step_fallback heavy_every=8)
[extract] step=3926 heavy=FALSE total=18.01s | block_curvature=5.34 block_fitness=6.23
[collector wgpu0] gpu-pass DONE run_id=plantclef__stable_evo__s42 step=3926 blocks_ok=2 t=18.009s (all_passes_complete=True)
[collector wgpu0] FINALIZED run_id=plantclef__stable_evo__s42 step=3926 -> KEPT(->kept/,FULL latest-slot)
[collector wgpu0] --once drained 2 checkpoint(s); exiting.
[cwgpu0] drained 2 checkpoint(s); GPU-pass backlog present -> skip d90, loop.
[collector wgpu0] --once drained 0 checkpoint(s); exiting.
[collector wgpu0] --once drained 0 checkpoint(s); exiting.
error    libmamba Could not set lock (Resource temporarily unavailable)
warning  libmamba Cannot lock '/home/r.dinnage/.cache/mamba/proc'
    Waiting for other mamba process to finish
[collector wgpu0] --once drained 0 checkpoint(s); exiting.
[collector wgpu0] --once drained 0 checkpoint(s); exiting.
error    libmamba Could not set lock (Resource temporarily unavailable)
warning  libmamba Cannot lock '/home/r.dinnage/.cache/mamba/proc'
    Waiting for other mamba process to finish
[extract] step=3938 SKIP heavy block block_interp (ordinal=787 basis=step_fallback heavy_every=8)
[extract] step=3938 SKIP heavy block block_probes (ordinal=787 basis=step_fallback heavy_every=8)
[extract] step=3938 heavy=FALSE total=19.08s | block_curvature=4.87 block_fitness=6.13
[collector wgpu0] gpu-pass DONE run_id=plantclef__stable_evo__s42 step=3938 blocks_ok=2 t=19.082s (all_passes_complete=True)
[collector wgpu0] FINALIZED run_id=plantclef__stable_evo__s42 step=3938 -> KEPT(->kept/,FULL latest-slot)
[collector wgpu0] --once drained 2 checkpoint(s); exiting.
error    libmamba Could not set lock (Resource temporarily unavailable)
warning  libmamba Cannot lock '/home/r.dinnage/.cache/mamba/proc'
    Waiting for other mamba process to finish
[cwgpu0] drained 2 checkpoint(s); GPU-pass backlog present -> skip d90, loop.
[collector wgpu0] --once drained 0 checkpoint(s); exiting.
[collector wgpu0] --once drained 0 checkpoint(s); exiting.
[collector wgpu0] --once drained 0 checkpoint(s); exiting.
[collector wgpu0] --once drained 0 checkpoint(s); exiting.
[collector wgpu0] --once drained 0 checkpoint(s); exiting.
[extract] step=3950 SKIP heavy block block_interp (ordinal=790 basis=step_fallback heavy_every=8)
[extract] step=3950 SKIP heavy block block_probes (ordinal=790 basis=step_fallback heavy_every=8)
[extract] step=3950 heavy=FALSE total=17.57s | block_curvature=5.27 block_fitness=6.15
[collector wgpu0] gpu-pass DONE run_id=plantclef__stable_evo__s42 step=3950 blocks_ok=2 t=17.567s (all_passes_complete=True)
[collector wgpu0] FINALIZED run_id=plantclef__stable_evo__s42 step=3950 -> KEPT(->kept/,FULL latest-slot)
[collector wgpu0] --once drained 2 checkpoint(s); exiting.
[cwgpu0] drained 2 checkpoint(s); GPU-pass backlog present -> skip d90, loop.
[collector wgpu0] --once drained 0 checkpoint(s); exiting.
[collector wgpu0] --once drained 0 checkpoint(s); exiting.
[collector wgpu0] --once drained 0 checkpoint(s); exiting.
error    libmamba Could not set lock (Resource temporarily unavailable)
warning  libmamba Cannot lock '/home/r.dinnage/.cache/mamba/proc'
    Waiting for other mamba process to finish
[collector wgpu0] --once drained 0 checkpoint(s); exiting.
[collector wgpu0] --once drained 0 checkpoint(s); exiting.
[extract] step=3962 heavy=TRUE total=93.84s | block_curvature=4.81 block_interp=40.89 block_probes=35.15 block_fitness=7.06
[collector wgpu0] gpu-pass DONE run_id=plantclef__stable_evo__s42 step=3962 blocks_ok=4 t=93.844s (all_passes_complete=True)
[collector wgpu0] FINALIZED run_id=plantclef__stable_evo__s42 step=3962 -> KEPT(->kept/,FULL latest-slot)
[collector wgpu0] --once drained 2 checkpoint(s); exiting.
[cwgpu0] drained 2 checkpoint(s); GPU-pass backlog present -> skip d90, loop.
[collector wgpu0] --once drained 0 checkpoint(s); exiting.
[extract] step=3974 SKIP heavy block block_interp (ordinal=794 basis=step_fallback heavy_every=8)
[extract] step=3974 SKIP heavy block block_probes (ordinal=794 basis=step_fallback heavy_every=8)
[extract] step=3974 heavy=FALSE total=17.13s | block_curvature=4.82 block_fitness=6.12
[collector wgpu0] gpu-pass DONE run_id=plantclef__stable_evo__s42 step=3974 blocks_ok=2 t=17.127s (all_passes_complete=True)
[collector wgpu0] FINALIZED run_id=plantclef__stable_evo__s42 step=3974 -> KEPT(->kept/,FULL latest-slot)
[collector wgpu0] --once drained 2 checkpoint(s); exiting.
[cwgpu0] drained 2 checkpoint(s); GPU-pass backlog present -> skip d90, loop.
[collector wgpu0] --once drained 0 checkpoint(s); exiting.
[collector wgpu0] --once drained 0 checkpoint(s); exiting.
[collector wgpu0] --once drained 0 checkpoint(s); exiting.
[collector wgpu0] --once drained 0 checkpoint(s); exiting.
error    libmamba Could not set lock (Resource temporarily unavailable)
warning  libmamba Cannot lock '/home/r.dinnage/.cache/mamba/proc'
    Waiting for other mamba process to finish
[collector wgpu0] --once drained 0 checkpoint(s); exiting.
[extract] step=3986 SKIP heavy block block_interp (ordinal=797 basis=step_fallback heavy_every=8)
[extract] step=3986 SKIP heavy block block_probes (ordinal=797 basis=step_fallback heavy_every=8)
[extract] step=3986 heavy=FALSE total=17.02s | block_curvature=4.84 block_fitness=6.07
[collector wgpu0] gpu-pass DONE run_id=plantclef__stable_evo__s42 step=3986 blocks_ok=2 t=17.022s (all_passes_complete=True)
[collector wgpu0] FINALIZED run_id=plantclef__stable_evo__s42 step=3986 -> KEPT(->kept/,FULL latest-slot)
[collector wgpu0] --once drained 2 checkpoint(s); exiting.
[cwgpu0] drained 2 checkpoint(s); GPU-pass backlog present -> skip d90, loop.
[collector wgpu0] --once drained 0 checkpoint(s); exiting.
[collector wgpu0] --once drained 0 checkpoint(s); exiting.
[collector wgpu0] --once drained 0 checkpoint(s); exiting.
error    libmamba Could not set lock (Resource temporarily unavailable)
warning  libmamba Cannot lock '/home/r.dinnage/.cache/mamba/proc'
    Waiting for other mamba process to finish
[collector wgpu0] --once drained 0 checkpoint(s); exiting.
[collector wgpu0] --once drained 0 checkpoint(s); exiting.
[extract] step=3998 SKIP heavy block block_interp (ordinal=799 basis=step_fallback heavy_every=8)
[extract] step=3998 SKIP heavy block block_probes (ordinal=799 basis=step_fallback heavy_every=8)
[extract] step=3998 heavy=FALSE total=17.09s | block_curvature=4.83 block_fitness=6.05
[collector wgpu0] gpu-pass DONE run_id=plantclef__stable_evo__s42 step=3998 blocks_ok=2 t=17.088s (all_passes_complete=True)
[collector wgpu0] FINALIZED run_id=plantclef__stable_evo__s42 step=3998 -> KEPT(->kept/,FULL latest-slot)
[collector wgpu0] --once drained 2 checkpoint(s); exiting.
[cwgpu0] drained 2 checkpoint(s); GPU-pass backlog present -> skip d90, loop.
[collector wgpu0] --once drained 0 checkpoint(s); exiting.
[collector wgpu0] --once drained 0 checkpoint(s); exiting.
[collector wgpu0] --once drained 0 checkpoint(s); exiting.
[collector wgpu0] --once drained 0 checkpoint(s); exiting.
[collector wgpu0] --once drained 0 checkpoint(s); exiting.
[collector wgpu0] --once drained 0 checkpoint(s); exiting.
[collector wgpu0] --once drained 0 checkpoint(s); exiting.
[extract] step=4010 SKIP heavy block block_interp (ordinal=802 basis=step_fallback heavy_every=8)
[extract] step=4010 SKIP heavy block block_probes (ordinal=802 basis=step_fallback heavy_every=8)
[extract] step=4010 heavy=FALSE total=16.91s | block_curvature=4.82 block_fitness=6.06
[collector wgpu0] gpu-pass DONE run_id=plantclef__stable_evo__s42 step=4010 blocks_ok=2 t=16.915s (all_passes_complete=True)
[collector wgpu0] FINALIZED run_id=plantclef__stable_evo__s42 step=4010 -> KEPT(->kept/,FULL latest-slot)
[collector wgpu0] --once drained 2 checkpoint(s); exiting.
[cwgpu0] drained 2 checkpoint(s); GPU-pass backlog present -> skip d90, loop.
[collector wgpu0] --once drained 0 checkpoint(s); exiting.
[collector wgpu0] --once drained 0 checkpoint(s); exiting.
error    libmamba Could not set lock (Resource temporarily unavailable)
warning  libmamba Cannot lock '/home/r.dinnage/.cache/mamba/proc'
    Waiting for other mamba process to finish
[collector wgpu0] --once drained 0 checkpoint(s); exiting.
[collector wgpu0] --once drained 0 checkpoint(s); exiting.
[collector wgpu0] --once drained 0 checkpoint(s); exiting.
[extract] step=4022 SKIP heavy block block_interp (ordinal=804 basis=step_fallback heavy_every=8)
[extract] step=4022 SKIP heavy block block_probes (ordinal=804 basis=step_fallback heavy_every=8)
[extract] step=4022 heavy=FALSE total=17.54s | block_curvature=5.37 block_fitness=6.18
[collector wgpu0] gpu-pass DONE run_id=plantclef__stable_evo__s42 step=4022 blocks_ok=2 t=17.54s (all_passes_complete=True)
[collector wgpu0] FINALIZED run_id=plantclef__stable_evo__s42 step=4022 -> KEPT(->kept/,FULL latest-slot)
[collector wgpu0] --once drained 2 checkpoint(s); exiting.
[cwgpu0] drained 2 checkpoint(s); GPU-pass backlog present -> skip d90, loop.
[collector wgpu0] --once drained 0 checkpoint(s); exiting.
[collector wgpu0] --once drained 0 checkpoint(s); exiting.
[collector wgpu0] --once drained 0 checkpoint(s); exiting.
[collector wgpu0] --once drained 0 checkpoint(s); exiting.
[collector wgpu0] --once drained 0 checkpoint(s); exiting.
[extract] step=4034 SKIP heavy block block_interp (ordinal=806 basis=step_fallback heavy_every=8)
[extract] step=4034 SKIP heavy block block_probes (ordinal=806 basis=step_fallback heavy_every=8)
[extract] step=4034 heavy=FALSE total=16.97s | block_curvature=4.83 block_fitness=6.08
[collector wgpu0] gpu-pass DONE run_id=plantclef__stable_evo__s42 step=4034 blocks_ok=2 t=16.974s (all_passes_complete=True)
[collector wgpu0] FINALIZED run_id=plantclef__stable_evo__s42 step=4034 -> KEPT(->kept/,FULL latest-slot)
[collector wgpu0] --once drained 2 checkpoint(s); exiting.
[cwgpu0] drained 2 checkpoint(s); GPU-pass backlog present -> skip d90, loop.
error    libmamba Could not set lock (Resource temporarily unavailable)
warning  libmamba Cannot lock '/home/r.dinnage/.cache/mamba/proc'
    Waiting for other mamba process to finish
[collector wgpu0] --once drained 0 checkpoint(s); exiting.
[collector wgpu0] --once drained 0 checkpoint(s); exiting.
[collector wgpu0] --once drained 0 checkpoint(s); exiting.
[collector wgpu0] --once drained 0 checkpoint(s); exiting.
[collector wgpu0] --once drained 0 checkpoint(s); exiting.
[extract] step=4046 SKIP heavy block block_interp (ordinal=809 basis=step_fallback heavy_every=8)
[extract] step=4046 SKIP heavy block block_probes (ordinal=809 basis=step_fallback heavy_every=8)
[extract] step=4046 heavy=FALSE total=16.86s | block_curvature=4.84 block_fitness=6.08
[collector wgpu0] gpu-pass DONE run_id=plantclef__stable_evo__s42 step=4046 blocks_ok=2 t=16.86s (all_passes_complete=True)
[collector wgpu0] FINALIZED run_id=plantclef__stable_evo__s42 step=4046 -> KEPT(->kept/,FULL latest-slot)
[collector wgpu0] --once drained 2 checkpoint(s); exiting.
[cwgpu0] drained 2 checkpoint(s); GPU-pass backlog present -> skip d90, loop.
[collector wgpu0] --once drained 0 checkpoint(s); exiting.
[collector wgpu0] --once drained 0 checkpoint(s); exiting.
[collector wgpu0] --once drained 0 checkpoint(s); exiting.
[collector wgpu0] --once drained 0 checkpoint(s); exiting.
error    libmamba Could not set lock (Resource temporarily unavailable)
warning  libmamba Cannot lock '/home/r.dinnage/.cache/mamba/proc'
    Waiting for other mamba process to finish
[collector wgpu0] --once drained 0 checkpoint(s); exiting.
[extract] step=4058 SKIP heavy block block_interp (ordinal=811 basis=step_fallback heavy_every=8)
[extract] step=4058 SKIP heavy block block_probes (ordinal=811 basis=step_fallback heavy_every=8)
[extract] step=4058 heavy=FALSE total=17.70s | block_curvature=5.30 block_fitness=6.18
[collector wgpu0] gpu-pass DONE run_id=plantclef__stable_evo__s42 step=4058 blocks_ok=2 t=17.696s (all_passes_complete=True)
[collector wgpu0] FINALIZED run_id=plantclef__stable_evo__s42 step=4058 -> KEPT(->kept/,FULL latest-slot)
[collector wgpu0] --once drained 2 checkpoint(s); exiting.
[cwgpu0] drained 2 checkpoint(s); GPU-pass backlog present -> skip d90, loop.
[collector wgpu0] --once drained 0 checkpoint(s); exiting.
[collector wgpu0] --once drained 0 checkpoint(s); exiting.
error    libmamba Could not set lock (Resource temporarily unavailable)
warning  libmamba Cannot lock '/home/r.dinnage/.cache/mamba/proc'
    Waiting for other mamba process to finish
[collector wgpu0] --once drained 0 checkpoint(s); exiting.
[collector wgpu0] --once drained 0 checkpoint(s); exiting.
[collector wgpu0] --once drained 0 checkpoint(s); exiting.
[extract] step=4070 SKIP heavy block block_interp (ordinal=814 basis=step_fallback heavy_every=8)
[extract] step=4070 SKIP heavy block block_probes (ordinal=814 basis=step_fallback heavy_every=8)
[extract] step=4070 heavy=FALSE total=16.98s | block_curvature=4.81 block_fitness=6.07
[collector wgpu0] gpu-pass DONE run_id=plantclef__stable_evo__s42 step=4070 blocks_ok=2 t=16.981s (all_passes_complete=True)
[collector wgpu0] FINALIZED run_id=plantclef__stable_evo__s42 step=4070 -> KEPT(->kept/,FULL latest-slot)
[collector wgpu0] --once drained 2 checkpoint(s); exiting.
[cwgpu0] drained 2 checkpoint(s); GPU-pass backlog present -> skip d90, loop.
[collector wgpu0] --once drained 0 checkpoint(s); exiting.
[collector wgpu0] --once drained 0 checkpoint(s); exiting.
[collector wgpu0] --once drained 0 checkpoint(s); exiting.
[collector wgpu0] --once drained 0 checkpoint(s); exiting.
[collector wgpu0] --once drained 0 checkpoint(s); exiting.
[extract] step=4082 heavy=TRUE total=99.58s | block_curvature=4.82 block_interp=40.94 block_probes=41.95 block_fitness=6.17
[collector wgpu0] gpu-pass DONE run_id=plantclef__stable_evo__s42 step=4082 blocks_ok=4 t=99.583s (all_passes_complete=True)
[collector wgpu0] FINALIZED run_id=plantclef__stable_evo__s42 step=4082 -> KEPT(->kept/,FULL latest-slot)
[collector wgpu0] --once drained 2 checkpoint(s); exiting.
[cwgpu0] drained 2 checkpoint(s); GPU-pass backlog present -> skip d90, loop.
[extract] step=4094 SKIP heavy block block_interp (ordinal=818 basis=step_fallback heavy_every=8)
[extract] step=4094 SKIP heavy block block_probes (ordinal=818 basis=step_fallback heavy_every=8)
[extract] step=4094 heavy=FALSE total=17.57s | block_curvature=5.48 block_fitness=6.08
[collector wgpu0] gpu-pass DONE run_id=plantclef__stable_evo__s42 step=4094 blocks_ok=2 t=17.57s (all_passes_complete=True)
[collector wgpu0] FINALIZED run_id=plantclef__stable_evo__s42 step=4094 -> KEPT(->kept/,FULL latest-slot)
[collector wgpu0] --once drained 2 checkpoint(s); exiting.
[cwgpu0] drained 2 checkpoint(s); GPU-pass backlog present -> skip d90, loop.
[collector wgpu0] --once drained 0 checkpoint(s); exiting.
[collector wgpu0] --once drained 0 checkpoint(s); exiting.
[collector wgpu0] --once drained 0 checkpoint(s); exiting.
[collector wgpu0] --once drained 0 checkpoint(s); exiting.
[collector wgpu0] --once drained 0 checkpoint(s); exiting.
[collector wgpu0] --once drained 0 checkpoint(s); exiting.
[collector wgpu0] --once drained 0 checkpoint(s); exiting.
error    libmamba Could not set lock (Resource temporarily unavailable)
warning  libmamba Cannot lock '/home/r.dinnage/.cache/mamba/proc'
    Waiting for other mamba process to finish
[collector wgpu0] --once drained 0 checkpoint(s); exiting.
[extract] step=4106 SKIP heavy block block_interp (ordinal=821 basis=step_fallback heavy_every=8)
[extract] step=4106 SKIP heavy block block_probes (ordinal=821 basis=step_fallback heavy_every=8)
[extract] step=4106 heavy=FALSE total=17.00s | block_curvature=4.84 block_fitness=6.03
[collector wgpu0] gpu-pass DONE run_id=plantclef__stable_evo__s42 step=4106 blocks_ok=2 t=17.002s (all_passes_complete=True)
[collector wgpu0] FINALIZED run_id=plantclef__stable_evo__s42 step=4106 -> KEPT(->kept/,ladder model-only+FULL latest-slot)
[collector wgpu0] --once drained 2 checkpoint(s); exiting.
[cwgpu0] drained 2 checkpoint(s); GPU-pass backlog present -> skip d90, loop.
[collector wgpu0] --once drained 0 checkpoint(s); exiting.
[collector wgpu0] --once drained 0 checkpoint(s); exiting.
[collector wgpu0] --once drained 0 checkpoint(s); exiting.
[collector wgpu0] --once drained 0 checkpoint(s); exiting.
[collector wgpu0] --once drained 0 checkpoint(s); exiting.
[extract] step=4118 SKIP heavy block block_interp (ordinal=823 basis=step_fallback heavy_every=8)
[extract] step=4118 SKIP heavy block block_probes (ordinal=823 basis=step_fallback heavy_every=8)
[extract] step=4118 heavy=FALSE total=17.01s | block_curvature=4.82 block_fitness=6.07
[collector wgpu0] gpu-pass DONE run_id=plantclef__stable_evo__s42 step=4118 blocks_ok=2 t=17.009s (all_passes_complete=True)
[collector wgpu0] FINALIZED run_id=plantclef__stable_evo__s42 step=4118 -> KEPT(->kept/,FULL latest-slot)
[collector wgpu0] --once drained 2 checkpoint(s); exiting.
[cwgpu0] drained 2 checkpoint(s); GPU-pass backlog present -> skip d90, loop.
[collector wgpu0] --once drained 0 checkpoint(s); exiting.
[collector wgpu0] --once drained 0 checkpoint(s); exiting.
[collector wgpu0] --once drained 0 checkpoint(s); exiting.
[collector wgpu0] --once drained 0 checkpoint(s); exiting.
[collector wgpu0] --once drained 0 checkpoint(s); exiting.
error    libmamba Could not set lock (Resource temporarily unavailable)
warning  libmamba Cannot lock '/home/r.dinnage/.cache/mamba/proc'
    Waiting for other mamba process to finish
[extract] step=4130 SKIP heavy block block_interp (ordinal=826 basis=step_fallback heavy_every=8)
[extract] step=4130 SKIP heavy block block_probes (ordinal=826 basis=step_fallback heavy_every=8)
[extract] step=4130 heavy=FALSE total=17.08s | block_curvature=4.82 block_fitness=6.10
[collector wgpu0] gpu-pass DONE run_id=plantclef__stable_evo__s42 step=4130 blocks_ok=2 t=17.084s (all_passes_complete=True)
[collector wgpu0] FINALIZED run_id=plantclef__stable_evo__s42 step=4130 -> KEPT(->kept/,FULL latest-slot)
[collector wgpu0] --once drained 2 checkpoint(s); exiting.
[cwgpu0] drained 2 checkpoint(s); GPU-pass backlog present -> skip d90, loop.
[collector wgpu0] --once drained 0 checkpoint(s); exiting.
[collector wgpu0] --once drained 0 checkpoint(s); exiting.
[collector wgpu0] --once drained 0 checkpoint(s); exiting.
[collector wgpu0] --once drained 0 checkpoint(s); exiting.
[collector wgpu0] --once drained 0 checkpoint(s); exiting.
error    libmamba Could not set lock (Resource temporarily unavailable)
warning  libmamba Cannot lock '/home/r.dinnage/.cache/mamba/proc'
    Waiting for other mamba process to finish
[extract] step=4142 SKIP heavy block block_interp (ordinal=828 basis=step_fallback heavy_every=8)
[extract] step=4142 SKIP heavy block block_probes (ordinal=828 basis=step_fallback heavy_every=8)
[extract] step=4142 heavy=FALSE total=16.97s | block_curvature=4.83 block_fitness=6.12
[collector wgpu0] gpu-pass DONE run_id=plantclef__stable_evo__s42 step=4142 blocks_ok=2 t=16.968s (all_passes_complete=True)
[collector wgpu0] FINALIZED run_id=plantclef__stable_evo__s42 step=4142 -> KEPT(->kept/,FULL latest-slot)
[collector wgpu0] --once drained 2 checkpoint(s); exiting.
[cwgpu0] drained 2 checkpoint(s); GPU-pass backlog present -> skip d90, loop.
[collector wgpu0] --once drained 0 checkpoint(s); exiting.
[collector wgpu0] --once drained 0 checkpoint(s); exiting.
[collector wgpu0] --once drained 0 checkpoint(s); exiting.
[collector wgpu0] --once drained 0 checkpoint(s); exiting.
[collector wgpu0] --once drained 0 checkpoint(s); exiting.
[extract] step=4154 SKIP heavy block block_interp (ordinal=830 basis=step_fallback heavy_every=8)
[extract] step=4154 SKIP heavy block block_probes (ordinal=830 basis=step_fallback heavy_every=8)
[extract] step=4154 heavy=FALSE total=16.94s | block_curvature=4.84 block_fitness=6.05
[collector wgpu0] gpu-pass DONE run_id=plantclef__stable_evo__s42 step=4154 blocks_ok=2 t=16.942s (all_passes_complete=True)
[collector wgpu0] FINALIZED run_id=plantclef__stable_evo__s42 step=4154 -> KEPT(->kept/,FULL latest-slot)
[collector wgpu0] --once drained 2 checkpoint(s); exiting.
[cwgpu0] drained 2 checkpoint(s); GPU-pass backlog present -> skip d90, loop.
[collector wgpu0] --once drained 0 checkpoint(s); exiting.
[collector wgpu0] --once drained 0 checkpoint(s); exiting.
[collector wgpu0] --once drained 0 checkpoint(s); exiting.
[collector wgpu0] --once drained 0 checkpoint(s); exiting.
[collector wgpu0] --once drained 0 checkpoint(s); exiting.
[extract] step=4166 SKIP heavy block block_interp (ordinal=833 basis=step_fallback heavy_every=8)
[extract] step=4166 SKIP heavy block block_probes (ordinal=833 basis=step_fallback heavy_every=8)
[extract] step=4166 heavy=FALSE total=17.07s | block_curvature=4.82 block_fitness=6.10
[collector wgpu0] gpu-pass DONE run_id=plantclef__stable_evo__s42 step=4166 blocks_ok=2 t=17.068s (all_passes_complete=True)
[collector wgpu0] FINALIZED run_id=plantclef__stable_evo__s42 step=4166 -> KEPT(->kept/,FULL latest-slot)
[collector wgpu0] --once drained 2 checkpoint(s); exiting.
[cwgpu0] drained 2 checkpoint(s); GPU-pass backlog present -> skip d90, loop.
[collector wgpu0] --once drained 0 checkpoint(s); exiting.
[collector wgpu0] --once drained 0 checkpoint(s); exiting.
[collector wgpu0] --once drained 0 checkpoint(s); exiting.
[collector wgpu0] --once drained 0 checkpoint(s); exiting.
[extract] step=4178 SKIP heavy block block_interp (ordinal=835 basis=step_fallback heavy_every=8)
[extract] step=4178 SKIP heavy block block_probes (ordinal=835 basis=step_fallback heavy_every=8)
[extract] step=4178 heavy=FALSE total=16.93s | block_curvature=4.82 block_fitness=6.08
[collector wgpu0] gpu-pass DONE run_id=plantclef__stable_evo__s42 step=4178 blocks_ok=2 t=16.933s (all_passes_complete=True)
[collector wgpu0] FINALIZED run_id=plantclef__stable_evo__s42 step=4178 -> deleted
[collector wgpu0] --once drained 2 checkpoint(s); exiting.
error    libmamba Could not set lock (Resource temporarily unavailable)
warning  libmamba Cannot lock '/home/r.dinnage/.cache/mamba/proc'
    Waiting for other mamba process to finish
[cwgpu0] drained 2 checkpoint(s); GPU-pass backlog present -> skip d90, loop.
[collector wgpu0] --once drained 0 checkpoint(s); exiting.
[extract] step=4180 SKIP heavy block block_interp (ordinal=836 basis=step_fallback heavy_every=8)
[extract] step=4180 SKIP heavy block block_probes (ordinal=836 basis=step_fallback heavy_every=8)
[extract] step=4180 heavy=FALSE total=17.04s | block_curvature=4.82 block_fitness=6.06
[collector wgpu0] gpu-pass DONE run_id=plantclef__stable_evo__s42 step=4180 blocks_ok=2 t=17.044s (all_passes_complete=True)
[collector wgpu0] FINALIZED run_id=plantclef__stable_evo__s42 step=4180 -> KEPT(->kept/,FULL latest-slot)
[collector wgpu0] --once drained 2 checkpoint(s); exiting.
[cwgpu0] drained 2 checkpoint(s); GPU-pass backlog present -> skip d90, loop.
[collector wgpu0] --once drained 0 checkpoint(s); exiting.
[collector wgpu0] --once drained 0 checkpoint(s); exiting.
[collector wgpu0] --once drained 0 checkpoint(s); exiting.
error    libmamba Could not set lock (Resource temporarily unavailable)
warning  libmamba Cannot lock '/home/r.dinnage/.cache/mamba/proc'
    Waiting for other mamba process to finish
[collector wgpu0] --once drained 0 checkpoint(s); exiting.
[collector wgpu0] --once drained 0 checkpoint(s); exiting.
[extract] step=4192 SKIP heavy block block_interp (ordinal=838 basis=step_fallback heavy_every=8)
[extract] step=4192 SKIP heavy block block_probes (ordinal=838 basis=step_fallback heavy_every=8)
[extract] step=4192 heavy=FALSE total=16.96s | block_curvature=4.82 block_fitness=6.08
[collector wgpu0] gpu-pass DONE run_id=plantclef__stable_evo__s42 step=4192 blocks_ok=2 t=16.965s (all_passes_complete=True)
[collector wgpu0] FINALIZED run_id=plantclef__stable_evo__s42 step=4192 -> KEPT(->kept/,FULL latest-slot)
[collector wgpu0] --once drained 2 checkpoint(s); exiting.
[cwgpu0] drained 2 checkpoint(s); GPU-pass backlog present -> skip d90, loop.
[collector wgpu0] --once drained 0 checkpoint(s); exiting.
[collector wgpu0] --once drained 0 checkpoint(s); exiting.
error    libmamba Could not set lock (Resource temporarily unavailable)
warning  libmamba Cannot lock '/home/r.dinnage/.cache/mamba/proc'
    Waiting for other mamba process to finish
[collector wgpu0] --once drained 0 checkpoint(s); exiting.
[collector wgpu0] --once drained 0 checkpoint(s); exiting.
error    libmamba Could not set lock (Resource temporarily unavailable)
warning  libmamba Cannot lock '/home/r.dinnage/.cache/mamba/proc'
    Waiting for other mamba process to finish
[collector wgpu0] --once drained 0 checkpoint(s); exiting.
[collector wgpu0] --once drained 0 checkpoint(s); exiting.
[collector wgpu0] --once drained 0 checkpoint(s); exiting.
[extract] step=4204 heavy=TRUE total=94.05s | block_curvature=4.87 block_interp=40.59 block_probes=34.72 block_fitness=7.16
[collector wgpu0] gpu-pass DONE run_id=plantclef__stable_evo__s42 step=4204 blocks_ok=4 t=94.053s (all_passes_complete=True)
[collector wgpu0] FINALIZED run_id=plantclef__stable_evo__s42 step=4204 -> KEPT(->kept/,FULL latest-slot)
[collector wgpu0] --once drained 2 checkpoint(s); exiting.
[cwgpu0] drained 2 checkpoint(s); GPU-pass backlog present -> skip d90, loop.
[collector wgpu0] --once drained 0 checkpoint(s); exiting.
[extract] step=4216 SKIP heavy block block_interp (ordinal=843 basis=step_fallback heavy_every=8)
[extract] step=4216 SKIP heavy block block_probes (ordinal=843 basis=step_fallback heavy_every=8)
[extract] step=4216 heavy=FALSE total=17.06s | block_curvature=4.81 block_fitness=6.09
[collector wgpu0] gpu-pass DONE run_id=plantclef__stable_evo__s42 step=4216 blocks_ok=2 t=17.06s (all_passes_complete=True)
[collector wgpu0] FINALIZED run_id=plantclef__stable_evo__s42 step=4216 -> KEPT(->kept/,FULL latest-slot)
[collector wgpu0] --once drained 2 checkpoint(s); exiting.
[cwgpu0] drained 2 checkpoint(s); GPU-pass backlog present -> skip d90, loop.
[collector wgpu0] --once drained 0 checkpoint(s); exiting.
error    libmamba Could not set lock (Resource temporarily unavailable)
warning  libmamba Cannot lock '/home/r.dinnage/.cache/mamba/proc'
    Waiting for other mamba process to finish
[collector wgpu0] --once drained 0 checkpoint(s); exiting.
[collector wgpu0] --once drained 0 checkpoint(s); exiting.
error    libmamba Could not set lock (Resource temporarily unavailable)
warning  libmamba Cannot lock '/home/r.dinnage/.cache/mamba/proc'
    Waiting for other mamba process to finish
[collector wgpu0] --once drained 0 checkpoint(s); exiting.
[collector wgpu0] --once drained 0 checkpoint(s); exiting.
[extract] step=4228 SKIP heavy block block_interp (ordinal=845 basis=step_fallback heavy_every=8)
[extract] step=4228 SKIP heavy block block_probes (ordinal=845 basis=step_fallback heavy_every=8)
[extract] step=4228 heavy=FALSE total=17.06s | block_curvature=4.82 block_fitness=6.05
[collector wgpu0] gpu-pass DONE run_id=plantclef__stable_evo__s42 step=4228 blocks_ok=2 t=17.058s (all_passes_complete=True)
[collector wgpu0] FINALIZED run_id=plantclef__stable_evo__s42 step=4228 -> KEPT(->kept/,FULL latest-slot)
[collector wgpu0] --once drained 2 checkpoint(s); exiting.
[cwgpu0] drained 2 checkpoint(s); GPU-pass backlog present -> skip d90, loop.
[collector wgpu0] --once drained 0 checkpoint(s); exiting.
[collector wgpu0] --once drained 0 checkpoint(s); exiting.
[collector wgpu0] --once drained 0 checkpoint(s); exiting.
[collector wgpu0] --once drained 0 checkpoint(s); exiting.
[collector wgpu0] --once drained 0 checkpoint(s); exiting.
error    libmamba Could not set lock (Resource temporarily unavailable)
warning  libmamba Cannot lock '/home/r.dinnage/.cache/mamba/proc'
    Waiting for other mamba process to finish
[extract] step=4240 heavy=TRUE total=93.20s | block_curvature=4.80 block_interp=40.54 block_probes=35.65 block_fitness=6.33
[collector wgpu0] gpu-pass DONE run_id=plantclef__stable_evo__s42 step=4240 blocks_ok=4 t=93.201s (all_passes_complete=True)
[collector wgpu0] FINALIZED run_id=plantclef__stable_evo__s42 step=4240 -> KEPT(->kept/,FULL latest-slot)
[collector wgpu0] --once drained 2 checkpoint(s); exiting.
error    libmamba Could not set lock (Resource temporarily unavailable)
warning  libmamba Cannot lock '/home/r.dinnage/.cache/mamba/proc'
    Waiting for other mamba process to finish
[cwgpu0] drained 2 checkpoint(s); GPU-pass backlog present -> skip d90, loop.
[collector wgpu0] --once drained 0 checkpoint(s); exiting.
[extract] step=4252 SKIP heavy block block_interp (ordinal=850 basis=step_fallback heavy_every=8)
[extract] step=4252 SKIP heavy block block_probes (ordinal=850 basis=step_fallback heavy_every=8)
[extract] step=4252 heavy=FALSE total=17.13s | block_curvature=4.86 block_fitness=6.06
[collector wgpu0] gpu-pass DONE run_id=plantclef__stable_evo__s42 step=4252 blocks_ok=2 t=17.127s (all_passes_complete=True)
[collector wgpu0] FINALIZED run_id=plantclef__stable_evo__s42 step=4252 -> KEPT(->kept/,FULL latest-slot)
[collector wgpu0] --once drained 2 checkpoint(s); exiting.
[cwgpu0] drained 2 checkpoint(s); GPU-pass backlog present -> skip d90, loop.
[collector wgpu0] --once drained 0 checkpoint(s); exiting.
[collector wgpu0] --once drained 0 checkpoint(s); exiting.
[collector wgpu0] --once drained 0 checkpoint(s); exiting.
[collector wgpu0] --once drained 0 checkpoint(s); exiting.
[collector wgpu0] --once drained 0 checkpoint(s); exiting.
[extract] step=4264 SKIP heavy block block_interp (ordinal=852 basis=step_fallback heavy_every=8)
[extract] step=4264 SKIP heavy block block_probes (ordinal=852 basis=step_fallback heavy_every=8)
[extract] step=4264 heavy=FALSE total=17.26s | block_curvature=4.83 block_fitness=6.10
[collector wgpu0] gpu-pass DONE run_id=plantclef__stable_evo__s42 step=4264 blocks_ok=2 t=17.264s (all_passes_complete=True)
[collector wgpu0] FINALIZED run_id=plantclef__stable_evo__s42 step=4264 -> KEPT(->kept/,FULL latest-slot)
[collector wgpu0] --once drained 2 checkpoint(s); exiting.
[cwgpu0] drained 2 checkpoint(s); GPU-pass backlog present -> skip d90, loop.
[collector wgpu0] --once drained 0 checkpoint(s); exiting.
[collector wgpu0] --once drained 0 checkpoint(s); exiting.
[collector wgpu0] --once drained 0 checkpoint(s); exiting.
[collector wgpu0] --once drained 0 checkpoint(s); exiting.
[extract] step=4276 SKIP heavy block block_interp (ordinal=855 basis=step_fallback heavy_every=8)
[extract] step=4276 SKIP heavy block block_probes (ordinal=855 basis=step_fallback heavy_every=8)
[extract] step=4276 heavy=FALSE total=18.15s | block_curvature=4.81 block_fitness=6.22
[collector wgpu0] gpu-pass DONE run_id=plantclef__stable_evo__s42 step=4276 blocks_ok=2 t=18.149s (all_passes_complete=True)
[collector wgpu0] FINALIZED run_id=plantclef__stable_evo__s42 step=4276 -> KEPT(->kept/,FULL latest-slot)
[collector wgpu0] --once drained 2 checkpoint(s); exiting.
[cwgpu0] drained 2 checkpoint(s); GPU-pass backlog present -> skip d90, loop.
[collector wgpu0] --once drained 0 checkpoint(s); exiting.
[collector wgpu0] --once drained 0 checkpoint(s); exiting.
[collector wgpu0] --once drained 0 checkpoint(s); exiting.
error    libmamba Could not set lock (Resource temporarily unavailable)
warning  libmamba Cannot lock '/home/r.dinnage/.cache/mamba/proc'
    Waiting for other mamba process to finish
[collector wgpu0] --once drained 0 checkpoint(s); exiting.
[collector wgpu0] --once drained 0 checkpoint(s); exiting.
[extract] step=4288 SKIP heavy block block_interp (ordinal=857 basis=step_fallback heavy_every=8)
[extract] step=4288 SKIP heavy block block_probes (ordinal=857 basis=step_fallback heavy_every=8)
[extract] step=4288 heavy=FALSE total=18.17s | block_curvature=4.98 block_fitness=6.07
[collector wgpu0] gpu-pass DONE run_id=plantclef__stable_evo__s42 step=4288 blocks_ok=2 t=18.175s (all_passes_complete=True)
[collector wgpu0] FINALIZED run_id=plantclef__stable_evo__s42 step=4288 -> KEPT(->kept/,FULL latest-slot)
[collector wgpu0] --once drained 2 checkpoint(s); exiting.
[cwgpu0] drained 2 checkpoint(s); GPU-pass backlog present -> skip d90, loop.
[collector wgpu0] --once drained 0 checkpoint(s); exiting.
[collector wgpu0] --once drained 0 checkpoint(s); exiting.
[collector wgpu0] --once drained 0 checkpoint(s); exiting.
error    libmamba Could not set lock (Resource temporarily unavailable)
warning  libmamba Cannot lock '/home/r.dinnage/.cache/mamba/proc'
    Waiting for other mamba process to finish
[collector wgpu0] --once drained 0 checkpoint(s); exiting.
[collector wgpu0] --once drained 0 checkpoint(s); exiting.
[extract] step=4300 SKIP heavy block block_interp (ordinal=860 basis=step_fallback heavy_every=8)
[extract] step=4300 SKIP heavy block block_probes (ordinal=860 basis=step_fallback heavy_every=8)
[extract] step=4300 heavy=FALSE total=16.89s | block_curvature=4.81 block_fitness=6.04
[collector wgpu0] gpu-pass DONE run_id=plantclef__stable_evo__s42 step=4300 blocks_ok=2 t=16.893s (all_passes_complete=True)
[collector wgpu0] FINALIZED run_id=plantclef__stable_evo__s42 step=4300 -> KEPT(->kept/,FULL latest-slot)
[collector wgpu0] --once drained 2 checkpoint(s); exiting.
[cwgpu0] drained 2 checkpoint(s); GPU-pass backlog present -> skip d90, loop.
[collector wgpu0] --once drained 0 checkpoint(s); exiting.
[collector wgpu0] --once drained 0 checkpoint(s); exiting.
[collector wgpu0] --once drained 0 checkpoint(s); exiting.
[collector wgpu0] --once drained 0 checkpoint(s); exiting.
[collector wgpu0] --once drained 0 checkpoint(s); exiting.
error    libmamba Could not set lock (Resource temporarily unavailable)
warning  libmamba Cannot lock '/home/r.dinnage/.cache/mamba/proc'
    Waiting for other mamba process to finish
[collector wgpu0] --once drained 0 checkpoint(s); exiting.
[collector wgpu0] --once drained 0 checkpoint(s); exiting.
[collector wgpu0] --once drained 0 checkpoint(s); exiting.
[extract] step=4312 SKIP heavy block block_interp (ordinal=862 basis=step_fallback heavy_every=8)
[extract] step=4312 SKIP heavy block block_probes (ordinal=862 basis=step_fallback heavy_every=8)
[extract] step=4312 heavy=FALSE total=17.13s | block_curvature=4.83 block_fitness=6.12
[collector wgpu0] gpu-pass DONE run_id=plantclef__stable_evo__s42 step=4312 blocks_ok=2 t=17.133s (all_passes_complete=True)
[collector wgpu0] FINALIZED run_id=plantclef__stable_evo__s42 step=4312 -> KEPT(->kept/,FULL latest-slot)
[collector wgpu0] --once drained 2 checkpoint(s); exiting.
[cwgpu0] drained 2 checkpoint(s); GPU-pass backlog present -> skip d90, loop.
[collector wgpu0] --once drained 0 checkpoint(s); exiting.
[collector wgpu0] --once drained 0 checkpoint(s); exiting.
error    libmamba Could not set lock (Resource temporarily unavailable)
warning  libmamba Cannot lock '/home/r.dinnage/.cache/mamba/proc'
    Waiting for other mamba process to finish
[collector wgpu0] --once drained 0 checkpoint(s); exiting.
[collector wgpu0] --once drained 0 checkpoint(s); exiting.
[collector wgpu0] --once drained 0 checkpoint(s); exiting.
[extract] step=4324 heavy=TRUE total=98.39s | block_curvature=4.82 block_interp=40.79 block_probes=40.71 block_fitness=6.23
[collector wgpu0] gpu-pass DONE run_id=plantclef__stable_evo__s42 step=4324 blocks_ok=4 t=98.393s (all_passes_complete=True)
[collector wgpu0] FINALIZED run_id=plantclef__stable_evo__s42 step=4324 -> KEPT(->kept/,FULL latest-slot)
[collector wgpu0] --once drained 2 checkpoint(s); exiting.
[cwgpu0] drained 2 checkpoint(s); GPU-pass backlog present -> skip d90, loop.
[extract] step=4336 SKIP heavy block block_interp (ordinal=867 basis=step_fallback heavy_every=8)
[extract] step=4336 SKIP heavy block block_probes (ordinal=867 basis=step_fallback heavy_every=8)
[extract] step=4336 heavy=FALSE total=16.64s | block_curvature=4.74 block_fitness=5.97
[collector wgpu0] gpu-pass DONE run_id=plantclef__stable_evo__s42 step=4336 blocks_ok=2 t=16.639s (all_passes_complete=True)
[collector wgpu0] FINALIZED run_id=plantclef__stable_evo__s42 step=4336 -> KEPT(->kept/,FULL latest-slot)
[collector wgpu0] --once drained 2 checkpoint(s); exiting.
[cwgpu0] drained 2 checkpoint(s); GPU-pass backlog present -> skip d90, loop.
[collector wgpu0] --once drained 0 checkpoint(s); exiting.
[collector wgpu0] --once drained 0 checkpoint(s); exiting.
[collector wgpu0] --once drained 0 checkpoint(s); exiting.
[collector wgpu0] --once drained 0 checkpoint(s); exiting.
[collector wgpu0] --once drained 0 checkpoint(s); exiting.
[extract] step=4348 SKIP heavy block block_interp (ordinal=869 basis=step_fallback heavy_every=8)
[extract] step=4348 SKIP heavy block block_probes (ordinal=869 basis=step_fallback heavy_every=8)
[extract] step=4348 heavy=FALSE total=18.10s | block_curvature=4.85 block_fitness=6.09
[collector wgpu0] gpu-pass DONE run_id=plantclef__stable_evo__s42 step=4348 blocks_ok=2 t=18.1s (all_passes_complete=True)
[collector wgpu0] FINALIZED run_id=plantclef__stable_evo__s42 step=4348 -> KEPT(->kept/,FULL latest-slot)
[collector wgpu0] --once drained 2 checkpoint(s); exiting.
[cwgpu0] drained 2 checkpoint(s); GPU-pass backlog present -> skip d90, loop.
[collector wgpu0] --once drained 0 checkpoint(s); exiting.
error    libmamba Could not set lock (Resource temporarily unavailable)
warning  libmamba Cannot lock '/home/r.dinnage/.cache/mamba/proc'
    Waiting for other mamba process to finish
[collector wgpu0] --once drained 0 checkpoint(s); exiting.
[collector wgpu0] --once drained 0 checkpoint(s); exiting.
[collector wgpu0] --once drained 0 checkpoint(s); exiting.
[collector wgpu0] --once drained 0 checkpoint(s); exiting.
[extract] step=4360 heavy=TRUE total=101.07s | block_curvature=4.84 block_interp=41.69 block_probes=41.42 block_fitness=6.24
[collector wgpu0] gpu-pass DONE run_id=plantclef__stable_evo__s42 step=4360 blocks_ok=4 t=101.074s (all_passes_complete=True)
[collector wgpu0] FINALIZED run_id=plantclef__stable_evo__s42 step=4360 -> KEPT(->kept/,FULL latest-slot)
[collector wgpu0] --once drained 2 checkpoint(s); exiting.
[cwgpu0] drained 2 checkpoint(s); GPU-pass backlog present -> skip d90, loop.
[collector wgpu0] --once drained 0 checkpoint(s); exiting.
[extract] step=4372 SKIP heavy block block_interp (ordinal=874 basis=step_fallback heavy_every=8)
[extract] step=4372 SKIP heavy block block_probes (ordinal=874 basis=step_fallback heavy_every=8)
[extract] step=4372 heavy=FALSE total=17.09s | block_curvature=4.80 block_fitness=6.07
[collector wgpu0] gpu-pass DONE run_id=plantclef__stable_evo__s42 step=4372 blocks_ok=2 t=17.089s (all_passes_complete=True)
[collector wgpu0] FINALIZED run_id=plantclef__stable_evo__s42 step=4372 -> KEPT(->kept/,FULL latest-slot)
[collector wgpu0] --once drained 2 checkpoint(s); exiting.
[cwgpu0] drained 2 checkpoint(s); GPU-pass backlog present -> skip d90, loop.
[collector wgpu0] --once drained 0 checkpoint(s); exiting.
[collector wgpu0] --once drained 0 checkpoint(s); exiting.
[collector wgpu0] --once drained 0 checkpoint(s); exiting.
[collector wgpu0] --once drained 0 checkpoint(s); exiting.
[extract] step=4384 SKIP heavy block block_interp (ordinal=876 basis=step_fallback heavy_every=8)
[extract] step=4384 SKIP heavy block block_probes (ordinal=876 basis=step_fallback heavy_every=8)
[extract] step=4384 heavy=FALSE total=18.12s | block_curvature=4.80 block_fitness=6.14
[collector wgpu0] gpu-pass DONE run_id=plantclef__stable_evo__s42 step=4384 blocks_ok=2 t=18.117s (all_passes_complete=True)
[collector wgpu0] FINALIZED run_id=plantclef__stable_evo__s42 step=4384 -> KEPT(->kept/,FULL latest-slot)
[collector wgpu0] --once drained 2 checkpoint(s); exiting.
[cwgpu0] drained 2 checkpoint(s); GPU-pass backlog present -> skip d90, loop.
[collector wgpu0] --once drained 0 checkpoint(s); exiting.
[collector wgpu0] --once drained 0 checkpoint(s); exiting.
error    libmamba Could not set lock (Resource temporarily unavailable)
warning  libmamba Cannot lock '/home/r.dinnage/.cache/mamba/proc'
    Waiting for other mamba process to finish
[collector wgpu0] --once drained 0 checkpoint(s); exiting.
[collector wgpu0] --once drained 0 checkpoint(s); exiting.
[collector wgpu0] --once drained 0 checkpoint(s); exiting.
[extract] step=4396 SKIP heavy block block_interp (ordinal=879 basis=step_fallback heavy_every=8)
[extract] step=4396 SKIP heavy block block_probes (ordinal=879 basis=step_fallback heavy_every=8)
[extract] step=4396 heavy=FALSE total=16.94s | block_curvature=4.82 block_fitness=6.12
[collector wgpu0] gpu-pass DONE run_id=plantclef__stable_evo__s42 step=4396 blocks_ok=2 t=16.942s (all_passes_complete=True)
[collector wgpu0] FINALIZED run_id=plantclef__stable_evo__s42 step=4396 -> KEPT(->kept/,FULL latest-slot)
[collector wgpu0] --once drained 2 checkpoint(s); exiting.
[cwgpu0] drained 2 checkpoint(s); GPU-pass backlog present -> skip d90, loop.
[collector wgpu0] --once drained 0 checkpoint(s); exiting.
[collector wgpu0] --once drained 0 checkpoint(s); exiting.
[collector wgpu0] --once drained 0 checkpoint(s); exiting.
[collector wgpu0] --once drained 0 checkpoint(s); exiting.
error    libmamba Could not set lock (Resource temporarily unavailable)
warning  libmamba Cannot lock '/home/r.dinnage/.cache/mamba/proc'
    Waiting for other mamba process to finish
[collector wgpu0] --once drained 0 checkpoint(s); exiting.
[collector wgpu0] --once drained 0 checkpoint(s); exiting.
[collector wgpu0] --once drained 0 checkpoint(s); exiting.
[collector wgpu0] --once drained 0 checkpoint(s); exiting.
[extract] step=4408 SKIP heavy block block_interp (ordinal=881 basis=step_fallback heavy_every=8)
[extract] step=4408 SKIP heavy block block_probes (ordinal=881 basis=step_fallback heavy_every=8)
[extract] step=4408 heavy=FALSE total=17.11s | block_curvature=4.82 block_fitness=6.12
[collector wgpu0] gpu-pass DONE run_id=plantclef__stable_evo__s42 step=4408 blocks_ok=2 t=17.112s (all_passes_complete=True)
[collector wgpu0] FINALIZED run_id=plantclef__stable_evo__s42 step=4408 -> KEPT(->kept/,FULL latest-slot)
[collector wgpu0] --once drained 2 checkpoint(s); exiting.
[cwgpu0] drained 2 checkpoint(s); GPU-pass backlog present -> skip d90, loop.
[collector wgpu0] --once drained 0 checkpoint(s); exiting.
[collector wgpu0] --once drained 0 checkpoint(s); exiting.
[collector wgpu0] --once drained 0 checkpoint(s); exiting.
[collector wgpu0] --once drained 0 checkpoint(s); exiting.
[collector wgpu0] --once drained 0 checkpoint(s); exiting.
error    libmamba Could not set lock (Resource temporarily unavailable)
warning  libmamba Cannot lock '/home/r.dinnage/.cache/mamba/proc'
    Waiting for other mamba process to finish
[extract] step=4420 SKIP heavy block block_interp (ordinal=884 basis=step_fallback heavy_every=8)
[extract] step=4420 SKIP heavy block block_probes (ordinal=884 basis=step_fallback heavy_every=8)
[extract] step=4420 heavy=FALSE total=17.12s | block_curvature=4.85 block_fitness=6.12
[collector wgpu0] gpu-pass DONE run_id=plantclef__stable_evo__s42 step=4420 blocks_ok=2 t=17.119s (all_passes_complete=True)
[collector wgpu0] FINALIZED run_id=plantclef__stable_evo__s42 step=4420 -> KEPT(->kept/,FULL latest-slot)
[collector wgpu0] --once drained 2 checkpoint(s); exiting.
[cwgpu0] drained 2 checkpoint(s); GPU-pass backlog present -> skip d90, loop.
[collector wgpu0] --once drained 0 checkpoint(s); exiting.
[collector wgpu0] --once drained 0 checkpoint(s); exiting.
[collector wgpu0] --once drained 0 checkpoint(s); exiting.
[collector wgpu0] --once drained 0 checkpoint(s); exiting.
[collector wgpu0] --once drained 0 checkpoint(s); exiting.
[extract] step=4432 SKIP heavy block block_interp (ordinal=886 basis=step_fallback heavy_every=8)
[extract] step=4432 SKIP heavy block block_probes (ordinal=886 basis=step_fallback heavy_every=8)
[extract] step=4432 heavy=FALSE total=17.10s | block_curvature=4.89 block_fitness=6.14
[collector wgpu0] gpu-pass DONE run_id=plantclef__stable_evo__s42 step=4432 blocks_ok=2 t=17.1s (all_passes_complete=True)
[collector wgpu0] FINALIZED run_id=plantclef__stable_evo__s42 step=4432 -> KEPT(->kept/,FULL latest-slot)
[collector wgpu0] --once drained 2 checkpoint(s); exiting.
[cwgpu0] drained 2 checkpoint(s); GPU-pass backlog present -> skip d90, loop.
[collector wgpu0] --once drained 0 checkpoint(s); exiting.
[collector wgpu0] --once drained 0 checkpoint(s); exiting.
error    libmamba Could not set lock (Resource temporarily unavailable)
warning  libmamba Cannot lock '/home/r.dinnage/.cache/mamba/proc'
    Waiting for other mamba process to finish
[collector wgpu0] --once drained 0 checkpoint(s); exiting.
error    libmamba Could not set lock (Resource temporarily unavailable)
warning  libmamba Cannot lock '/home/r.dinnage/.cache/mamba/proc'
    Waiting for other mamba process to finish
[collector wgpu0] --once drained 0 checkpoint(s); exiting.
[collector wgpu0] --once drained 0 checkpoint(s); exiting.
[extract] step=4444 heavy=TRUE total=99.00s | block_curvature=4.83 block_interp=41.04 block_probes=40.83 block_fitness=6.50
[collector wgpu0] gpu-pass DONE run_id=plantclef__stable_evo__s42 step=4444 blocks_ok=4 t=99.003s (all_passes_complete=True)
[collector wgpu0] FINALIZED run_id=plantclef__stable_evo__s42 step=4444 -> deleted
[collector wgpu0] --once drained 2 checkpoint(s); exiting.
[cwgpu0] drained 2 checkpoint(s); GPU-pass backlog present -> skip d90, loop.
[collector wgpu0] --once drained 0 checkpoint(s); exiting.
[extract] step=4456 SKIP heavy block block_interp (ordinal=891 basis=step_fallback heavy_every=8)
[extract] step=4456 SKIP heavy block block_probes (ordinal=891 basis=step_fallback heavy_every=8)
[extract] step=4456 heavy=FALSE total=16.95s | block_curvature=4.81 block_fitness=6.03
[collector wgpu0] gpu-pass DONE run_id=plantclef__stable_evo__s42 step=4456 blocks_ok=2 t=16.953s (all_passes_complete=True)
[extract] step=4458 SKIP heavy block block_interp (ordinal=891 basis=step_fallback heavy_every=8)
[extract] step=4458 SKIP heavy block block_probes (ordinal=891 basis=step_fallback heavy_every=8)
[extract] step=4458 heavy=FALSE total=16.79s | block_curvature=5.35 block_fitness=5.50
[collector wgpu0] gpu-pass DONE run_id=plantclef__stable_evo__s42 step=4458 blocks_ok=2 t=16.791s (all_passes_complete=True)
[collector wgpu0] FINALIZED run_id=plantclef__stable_evo__s42 step=4456 -> deleted
[collector wgpu0] FINALIZED run_id=plantclef__stable_evo__s42 step=4458 -> KEPT(->kept/,FULL latest-slot)
[collector wgpu0] --once drained 4 checkpoint(s); exiting.
[cwgpu0] drained 4 checkpoint(s); GPU-pass backlog present -> skip d90, loop.
[collector wgpu0] --once drained 0 checkpoint(s); exiting.
[collector wgpu0] --once drained 0 checkpoint(s); exiting.
[collector wgpu0] --once drained 0 checkpoint(s); exiting.
[collector wgpu0] --once drained 0 checkpoint(s); exiting.
[collector wgpu0] --once drained 0 checkpoint(s); exiting.
error    libmamba Could not set lock (Resource temporarily unavailable)
warning  libmamba Cannot lock '/home/r.dinnage/.cache/mamba/proc'
    Waiting for other mamba process to finish
[extract] step=4470 SKIP heavy block block_interp (ordinal=894 basis=step_fallback heavy_every=8)
[extract] step=4470 SKIP heavy block block_probes (ordinal=894 basis=step_fallback heavy_every=8)
[extract] step=4470 heavy=FALSE total=18.08s | block_curvature=4.86 block_fitness=6.12
[collector wgpu0] gpu-pass DONE run_id=plantclef__stable_evo__s42 step=4470 blocks_ok=2 t=18.079s (all_passes_complete=True)
[collector wgpu0] FINALIZED run_id=plantclef__stable_evo__s42 step=4470 -> KEPT(->kept/,FULL latest-slot)
[collector wgpu0] --once drained 2 checkpoint(s); exiting.
[cwgpu0] drained 2 checkpoint(s); GPU-pass backlog present -> skip d90, loop.
[collector wgpu0] --once drained 0 checkpoint(s); exiting.
[collector wgpu0] --once drained 0 checkpoint(s); exiting.
[collector wgpu0] --once drained 0 checkpoint(s); exiting.
[collector wgpu0] --once drained 0 checkpoint(s); exiting.
error    libmamba Could not set lock (Resource temporarily unavailable)
warning  libmamba Cannot lock '/home/r.dinnage/.cache/mamba/proc'
    Waiting for other mamba process to finish
[collector wgpu0] --once drained 0 checkpoint(s); exiting.
[extract] step=4482 heavy=TRUE total=95.22s | block_curvature=5.20 block_interp=40.59 block_probes=35.78 block_fitness=7.00
[collector wgpu0] gpu-pass DONE run_id=plantclef__stable_evo__s42 step=4482 blocks_ok=4 t=95.224s (all_passes_complete=True)
[collector wgpu0] FINALIZED run_id=plantclef__stable_evo__s42 step=4482 -> KEPT(->kept/,FULL latest-slot)
[collector wgpu0] --once drained 2 checkpoint(s); exiting.
error    libmamba Could not set lock (Resource temporarily unavailable)
warning  libmamba Cannot lock '/home/r.dinnage/.cache/mamba/proc'
    Waiting for other mamba process to finish
[cwgpu0] drained 2 checkpoint(s); GPU-pass backlog present -> skip d90, loop.
[collector wgpu0] --once drained 0 checkpoint(s); exiting.
[extract] step=4494 SKIP heavy block block_interp (ordinal=898 basis=step_fallback heavy_every=8)
[extract] step=4494 SKIP heavy block block_probes (ordinal=898 basis=step_fallback heavy_every=8)
[extract] step=4494 heavy=FALSE total=16.99s | block_curvature=4.82 block_fitness=6.10
[collector wgpu0] gpu-pass DONE run_id=plantclef__stable_evo__s42 step=4494 blocks_ok=2 t=16.987s (all_passes_complete=True)
[collector wgpu0] FINALIZED run_id=plantclef__stable_evo__s42 step=4494 -> KEPT(->kept/,FULL latest-slot)
[collector wgpu0] --once drained 2 checkpoint(s); exiting.
[cwgpu0] drained 2 checkpoint(s); GPU-pass backlog present -> skip d90, loop.
[collector wgpu0] --once drained 0 checkpoint(s); exiting.
[collector wgpu0] --once drained 0 checkpoint(s); exiting.
[collector wgpu0] --once drained 0 checkpoint(s); exiting.
[collector wgpu0] --once drained 0 checkpoint(s); exiting.
error    libmamba Could not set lock (Resource temporarily unavailable)
warning  libmamba Cannot lock '/home/r.dinnage/.cache/mamba/proc'
    Waiting for other mamba process to finish
[collector wgpu0] --once drained 0 checkpoint(s); exiting.
[collector wgpu0] --once drained 0 checkpoint(s); exiting.
[collector wgpu0] --once drained 0 checkpoint(s); exiting.
[collector wgpu0] --once drained 0 checkpoint(s); exiting.
[extract] step=4506 SKIP heavy block block_interp (ordinal=901 basis=step_fallback heavy_every=8)
[extract] step=4506 SKIP heavy block block_probes (ordinal=901 basis=step_fallback heavy_every=8)
[extract] step=4506 heavy=FALSE total=16.99s | block_curvature=4.81 block_fitness=6.14
[collector wgpu0] gpu-pass DONE run_id=plantclef__stable_evo__s42 step=4506 blocks_ok=2 t=16.991s (all_passes_complete=True)
[collector wgpu0] FINALIZED run_id=plantclef__stable_evo__s42 step=4506 -> KEPT(->kept/,FULL latest-slot)
[collector wgpu0] --once drained 2 checkpoint(s); exiting.
[cwgpu0] drained 2 checkpoint(s); GPU-pass backlog present -> skip d90, loop.
[collector wgpu0] --once drained 0 checkpoint(s); exiting.
[collector wgpu0] --once drained 0 checkpoint(s); exiting.
[collector wgpu0] --once drained 0 checkpoint(s); exiting.
[collector wgpu0] --once drained 0 checkpoint(s); exiting.
[collector wgpu0] --once drained 0 checkpoint(s); exiting.
[extract] step=4518 SKIP heavy block block_interp (ordinal=903 basis=step_fallback heavy_every=8)
[extract] step=4518 SKIP heavy block block_probes (ordinal=903 basis=step_fallback heavy_every=8)
[extract] step=4518 heavy=FALSE total=18.16s | block_curvature=4.97 block_fitness=6.13
[collector wgpu0] gpu-pass DONE run_id=plantclef__stable_evo__s42 step=4518 blocks_ok=2 t=18.161s (all_passes_complete=True)
[collector wgpu0] FINALIZED run_id=plantclef__stable_evo__s42 step=4518 -> KEPT(->kept/,FULL latest-slot)
[collector wgpu0] --once drained 2 checkpoint(s); exiting.
[cwgpu0] drained 2 checkpoint(s); GPU-pass backlog present -> skip d90, loop.
[collector wgpu0] --once drained 0 checkpoint(s); exiting.
[collector wgpu0] --once drained 0 checkpoint(s); exiting.
error    libmamba Could not set lock (Resource temporarily unavailable)
warning  libmamba Cannot lock '/home/r.dinnage/.cache/mamba/proc'
    Waiting for other mamba process to finish
[collector wgpu0] --once drained 0 checkpoint(s); exiting.
[collector wgpu0] --once drained 0 checkpoint(s); exiting.
error    libmamba Could not set lock (Resource temporarily unavailable)
warning  libmamba Cannot lock '/home/r.dinnage/.cache/mamba/proc'
    Waiting for other mamba process to finish
[extract] step=4530 SKIP heavy block block_interp (ordinal=906 basis=step_fallback heavy_every=8)
[extract] step=4530 SKIP heavy block block_probes (ordinal=906 basis=step_fallback heavy_every=8)
[extract] step=4530 heavy=FALSE total=17.58s | block_curvature=4.84 block_fitness=6.13
[collector wgpu0] gpu-pass DONE run_id=plantclef__stable_evo__s42 step=4530 blocks_ok=2 t=17.581s (all_passes_complete=True)
[collector wgpu0] FINALIZED run_id=plantclef__stable_evo__s42 step=4530 -> KEPT(->kept/,FULL latest-slot)
[collector wgpu0] --once drained 2 checkpoint(s); exiting.
[cwgpu0] drained 2 checkpoint(s); GPU-pass backlog present -> skip d90, loop.
[collector wgpu0] --once drained 0 checkpoint(s); exiting.
[collector wgpu0] --once drained 0 checkpoint(s); exiting.
[collector wgpu0] --once drained 0 checkpoint(s); exiting.
[collector wgpu0] --once drained 0 checkpoint(s); exiting.
[collector wgpu0] --once drained 0 checkpoint(s); exiting.
[extract] step=4542 SKIP heavy block block_interp (ordinal=908 basis=step_fallback heavy_every=8)
[extract] step=4542 SKIP heavy block block_probes (ordinal=908 basis=step_fallback heavy_every=8)
[extract] step=4542 heavy=FALSE total=17.94s | block_curvature=4.84 block_fitness=6.13
[collector wgpu0] gpu-pass DONE run_id=plantclef__stable_evo__s42 step=4542 blocks_ok=2 t=17.943s (all_passes_complete=True)
[collector wgpu0] FINALIZED run_id=plantclef__stable_evo__s42 step=4542 -> KEPT(->kept/,FULL latest-slot)
[collector wgpu0] --once drained 2 checkpoint(s); exiting.
[cwgpu0] drained 2 checkpoint(s); GPU-pass backlog present -> skip d90, loop.
[collector wgpu0] --once drained 0 checkpoint(s); exiting.
[collector wgpu0] --once drained 0 checkpoint(s); exiting.
[collector wgpu0] --once drained 0 checkpoint(s); exiting.
[collector wgpu0] --once drained 0 checkpoint(s); exiting.
[collector wgpu0] --once drained 0 checkpoint(s); exiting.
error    libmamba Could not set lock (Resource temporarily unavailable)
warning  libmamba Cannot lock '/home/r.dinnage/.cache/mamba/proc'
    Waiting for other mamba process to finish
[extract] step=4554 SKIP heavy block block_interp (ordinal=910 basis=step_fallback heavy_every=8)
[extract] step=4554 SKIP heavy block block_probes (ordinal=910 basis=step_fallback heavy_every=8)
[extract] step=4554 heavy=FALSE total=17.12s | block_curvature=5.01 block_fitness=6.10
[collector wgpu0] gpu-pass DONE run_id=plantclef__stable_evo__s42 step=4554 blocks_ok=2 t=17.12s (all_passes_complete=True)
[collector wgpu0] FINALIZED run_id=plantclef__stable_evo__s42 step=4554 -> KEPT(->kept/,FULL latest-slot)
[collector wgpu0] --once drained 2 checkpoint(s); exiting.
[cwgpu0] drained 2 checkpoint(s); GPU-pass backlog present -> skip d90, loop.
[collector wgpu0] --once drained 0 checkpoint(s); exiting.
[collector wgpu0] --once drained 0 checkpoint(s); exiting.
error    libmamba Could not set lock (Resource temporarily unavailable)
warning  libmamba Cannot lock '/home/r.dinnage/.cache/mamba/proc'
    Waiting for other mamba process to finish
[collector wgpu0] --once drained 0 checkpoint(s); exiting.
[collector wgpu0] --once drained 0 checkpoint(s); exiting.
error    libmamba Could not set lock (Resource temporarily unavailable)
warning  libmamba Cannot lock '/home/r.dinnage/.cache/mamba/proc'
    Waiting for other mamba process to finish
[collector wgpu0] --once drained 0 checkpoint(s); exiting.
[extract] step=4566 SKIP heavy block block_interp (ordinal=913 basis=step_fallback heavy_every=8)
[extract] step=4566 SKIP heavy block block_probes (ordinal=913 basis=step_fallback heavy_every=8)
[extract] step=4566 heavy=FALSE total=17.09s | block_curvature=5.04 block_fitness=6.09
[collector wgpu0] gpu-pass DONE run_id=plantclef__stable_evo__s42 step=4566 blocks_ok=2 t=17.086s (all_passes_complete=True)
[collector wgpu0] FINALIZED run_id=plantclef__stable_evo__s42 step=4566 -> KEPT(->kept/,FULL latest-slot)
[collector wgpu0] --once drained 2 checkpoint(s); exiting.
[cwgpu0] drained 2 checkpoint(s); GPU-pass backlog present -> skip d90, loop.
[collector wgpu0] --once drained 0 checkpoint(s); exiting.
[collector wgpu0] --once drained 0 checkpoint(s); exiting.
[collector wgpu0] --once drained 0 checkpoint(s); exiting.
[collector wgpu0] --once drained 0 checkpoint(s); exiting.
error    libmamba Could not set lock (Resource temporarily unavailable)
warning  libmamba Cannot lock '/home/r.dinnage/.cache/mamba/proc'
    Waiting for other mamba process to finish
[collector wgpu0] --once drained 0 checkpoint(s); exiting.
[extract] step=4578 SKIP heavy block block_interp (ordinal=915 basis=step_fallback heavy_every=8)
[extract] step=4578 SKIP heavy block block_probes (ordinal=915 basis=step_fallback heavy_every=8)
[extract] step=4578 heavy=FALSE total=16.93s | block_curvature=4.79 block_fitness=6.08
[collector wgpu0] gpu-pass DONE run_id=plantclef__stable_evo__s42 step=4578 blocks_ok=2 t=16.926s (all_passes_complete=True)
[collector wgpu0] FINALIZED run_id=plantclef__stable_evo__s42 step=4578 -> KEPT(->kept/,FULL latest-slot)
[collector wgpu0] --once drained 2 checkpoint(s); exiting.
[cwgpu0] drained 2 checkpoint(s); GPU-pass backlog present -> skip d90, loop.
[collector wgpu0] --once drained 0 checkpoint(s); exiting.
[collector wgpu0] --once drained 0 checkpoint(s); exiting.
[collector wgpu0] --once drained 0 checkpoint(s); exiting.
[collector wgpu0] --once drained 0 checkpoint(s); exiting.
[collector wgpu0] --once drained 0 checkpoint(s); exiting.
[extract] step=4590 SKIP heavy block block_interp (ordinal=918 basis=step_fallback heavy_every=8)
[extract] step=4590 SKIP heavy block block_probes (ordinal=918 basis=step_fallback heavy_every=8)
[extract] step=4590 heavy=FALSE total=17.14s | block_curvature=4.84 block_fitness=6.20
[collector wgpu0] gpu-pass DONE run_id=plantclef__stable_evo__s42 step=4590 blocks_ok=2 t=17.139s (all_passes_complete=True)
[collector wgpu0] FINALIZED run_id=plantclef__stable_evo__s42 step=4590 -> KEPT(->kept/,FULL latest-slot)
[collector wgpu0] --once drained 2 checkpoint(s); exiting.
[cwgpu0] drained 2 checkpoint(s); GPU-pass backlog present -> skip d90, loop.
[collector wgpu0] --once drained 0 checkpoint(s); exiting.
[collector wgpu0] --once drained 0 checkpoint(s); exiting.
error    libmamba Could not set lock (Resource temporarily unavailable)
warning  libmamba Cannot lock '/home/r.dinnage/.cache/mamba/proc'
    Waiting for other mamba process to finish
[collector wgpu0] --once drained 0 checkpoint(s); exiting.
[collector wgpu0] --once drained 0 checkpoint(s); exiting.
[collector wgpu0] --once drained 0 checkpoint(s); exiting.
[collector wgpu0] --once drained 0 checkpoint(s); exiting.
error    libmamba Could not set lock (Resource temporarily unavailable)
warning  libmamba Cannot lock '/home/r.dinnage/.cache/mamba/proc'
    Waiting for other mamba process to finish
[collector wgpu0] --once drained 0 checkpoint(s); exiting.
[extract] step=4602 heavy=TRUE total=97.94s | block_curvature=4.81 block_interp=41.28 block_probes=40.17 block_fitness=6.18
[collector wgpu0] gpu-pass DONE run_id=plantclef__stable_evo__s42 step=4602 blocks_ok=4 t=97.941s (all_passes_complete=True)
[collector wgpu0] FINALIZED run_id=plantclef__stable_evo__s42 step=4602 -> KEPT(->kept/,FULL latest-slot)
[collector wgpu0] --once drained 2 checkpoint(s); exiting.
[cwgpu0] drained 2 checkpoint(s); GPU-pass backlog present -> skip d90, loop.
[collector wgpu0] --once drained 0 checkpoint(s); exiting.
[extract] step=4614 SKIP heavy block block_interp (ordinal=922 basis=step_fallback heavy_every=8)
[extract] step=4614 SKIP heavy block block_probes (ordinal=922 basis=step_fallback heavy_every=8)
[extract] step=4614 heavy=FALSE total=17.79s | block_curvature=4.81 block_fitness=6.09
[collector wgpu0] gpu-pass DONE run_id=plantclef__stable_evo__s42 step=4614 blocks_ok=2 t=17.787s (all_passes_complete=True)
[collector wgpu0] FINALIZED run_id=plantclef__stable_evo__s42 step=4614 -> KEPT(->kept/,FULL latest-slot)
[collector wgpu0] --once drained 2 checkpoint(s); exiting.
[cwgpu0] drained 2 checkpoint(s); GPU-pass backlog present -> skip d90, loop.
[collector wgpu0] --once drained 0 checkpoint(s); exiting.
[collector wgpu0] --once drained 0 checkpoint(s); exiting.
[collector wgpu0] --once drained 0 checkpoint(s); exiting.
[collector wgpu0] --once drained 0 checkpoint(s); exiting.
[collector wgpu0] --once drained 0 checkpoint(s); exiting.
[extract] step=4626 SKIP heavy block block_interp (ordinal=925 basis=step_fallback heavy_every=8)
[extract] step=4626 SKIP heavy block block_probes (ordinal=925 basis=step_fallback heavy_every=8)
[extract] step=4626 heavy=FALSE total=16.93s | block_curvature=4.82 block_fitness=6.10
[collector wgpu0] gpu-pass DONE run_id=plantclef__stable_evo__s42 step=4626 blocks_ok=2 t=16.931s (all_passes_complete=True)
[collector wgpu0] FINALIZED run_id=plantclef__stable_evo__s42 step=4626 -> KEPT(->kept/,FULL latest-slot)
[collector wgpu0] --once drained 2 checkpoint(s); exiting.
error    libmamba Could not set lock (Resource temporarily unavailable)
warning  libmamba Cannot lock '/home/r.dinnage/.cache/mamba/proc'
    Waiting for other mamba process to finish
[cwgpu0] drained 2 checkpoint(s); GPU-pass backlog present -> skip d90, loop.
[collector wgpu0] --once drained 0 checkpoint(s); exiting.
[collector wgpu0] --once drained 0 checkpoint(s); exiting.
[collector wgpu0] --once drained 0 checkpoint(s); exiting.
[collector wgpu0] --once drained 0 checkpoint(s); exiting.
[collector wgpu0] --once drained 0 checkpoint(s); exiting.
[extract] step=4638 SKIP heavy block block_interp (ordinal=927 basis=step_fallback heavy_every=8)
[extract] step=4638 SKIP heavy block block_probes (ordinal=927 basis=step_fallback heavy_every=8)
[extract] step=4638 heavy=FALSE total=16.80s | block_curvature=4.84 block_fitness=6.09
[collector wgpu0] gpu-pass DONE run_id=plantclef__stable_evo__s42 step=4638 blocks_ok=2 t=16.803s (all_passes_complete=True)
[collector wgpu0] FINALIZED run_id=plantclef__stable_evo__s42 step=4638 -> KEPT(->kept/,FULL latest-slot)
[collector wgpu0] --once drained 2 checkpoint(s); exiting.
[cwgpu0] drained 2 checkpoint(s); GPU-pass backlog present -> skip d90, loop.
[collector wgpu0] --once drained 0 checkpoint(s); exiting.
[collector wgpu0] --once drained 0 checkpoint(s); exiting.
[collector wgpu0] --once drained 0 checkpoint(s); exiting.
[collector wgpu0] --once drained 0 checkpoint(s); exiting.
[collector wgpu0] --once drained 0 checkpoint(s); exiting.
[extract] step=4650 SKIP heavy block block_interp (ordinal=930 basis=step_fallback heavy_every=8)
[extract] step=4650 SKIP heavy block block_probes (ordinal=930 basis=step_fallback heavy_every=8)
[extract] step=4650 heavy=FALSE total=16.95s | block_curvature=4.82 block_fitness=6.07
[collector wgpu0] gpu-pass DONE run_id=plantclef__stable_evo__s42 step=4650 blocks_ok=2 t=16.954s (all_passes_complete=True)
[collector wgpu0] FINALIZED run_id=plantclef__stable_evo__s42 step=4650 -> KEPT(->kept/,FULL latest-slot)
[collector wgpu0] --once drained 2 checkpoint(s); exiting.
[cwgpu0] drained 2 checkpoint(s); GPU-pass backlog present -> skip d90, loop.
[collector wgpu0] --once drained 0 checkpoint(s); exiting.
[collector wgpu0] --once drained 0 checkpoint(s); exiting.
[collector wgpu0] --once drained 0 checkpoint(s); exiting.
[collector wgpu0] --once drained 0 checkpoint(s); exiting.
[collector wgpu0] --once drained 0 checkpoint(s); exiting.
[extract] step=4662 SKIP heavy block block_interp (ordinal=932 basis=step_fallback heavy_every=8)
[extract] step=4662 SKIP heavy block block_probes (ordinal=932 basis=step_fallback heavy_every=8)
[extract] step=4662 heavy=FALSE total=16.78s | block_curvature=4.83 block_fitness=6.07
[collector wgpu0] gpu-pass DONE run_id=plantclef__stable_evo__s42 step=4662 blocks_ok=2 t=16.783s (all_passes_complete=True)
[collector wgpu0] FINALIZED run_id=plantclef__stable_evo__s42 step=4662 -> KEPT(->kept/,FULL latest-slot)
[collector wgpu0] --once drained 2 checkpoint(s); exiting.
[cwgpu0] drained 2 checkpoint(s); GPU-pass backlog present -> skip d90, loop.
[collector wgpu0] --once drained 0 checkpoint(s); exiting.
[collector wgpu0] --once drained 0 checkpoint(s); exiting.
[collector wgpu0] --once drained 0 checkpoint(s); exiting.
[collector wgpu0] --once drained 0 checkpoint(s); exiting.
[collector wgpu0] --once drained 0 checkpoint(s); exiting.
[extract] step=4674 SKIP heavy block block_interp (ordinal=934 basis=step_fallback heavy_every=8)
[extract] step=4674 SKIP heavy block block_probes (ordinal=934 basis=step_fallback heavy_every=8)
[extract] step=4674 heavy=FALSE total=16.76s | block_curvature=4.80 block_fitness=6.13
[collector wgpu0] gpu-pass DONE run_id=plantclef__stable_evo__s42 step=4674 blocks_ok=2 t=16.763s (all_passes_complete=True)
[collector wgpu0] FINALIZED run_id=plantclef__stable_evo__s42 step=4674 -> KEPT(->kept/,FULL latest-slot)
[collector wgpu0] --once drained 2 checkpoint(s); exiting.
[cwgpu0] drained 2 checkpoint(s); GPU-pass backlog present -> skip d90, loop.
[collector wgpu0] --once drained 0 checkpoint(s); exiting.
[collector wgpu0] --once drained 0 checkpoint(s); exiting.
error    libmamba Could not set lock (Resource temporarily unavailable)
warning  libmamba Cannot lock '/home/r.dinnage/.cache/mamba/proc'
    Waiting for other mamba process to finish
[collector wgpu0] --once drained 0 checkpoint(s); exiting.
[collector wgpu0] --once drained 0 checkpoint(s); exiting.
error    libmamba Could not set lock (Resource temporarily unavailable)
warning  libmamba Cannot lock '/home/r.dinnage/.cache/mamba/proc'
    Waiting for other mamba process to finish
[extract] step=4686 SKIP heavy block block_interp (ordinal=937 basis=step_fallback heavy_every=8)
[extract] step=4686 SKIP heavy block block_probes (ordinal=937 basis=step_fallback heavy_every=8)
[extract] step=4686 heavy=FALSE total=17.01s | block_curvature=4.84 block_fitness=6.12
[collector wgpu0] gpu-pass DONE run_id=plantclef__stable_evo__s42 step=4686 blocks_ok=2 t=17.008s (all_passes_complete=True)
[collector wgpu0] FINALIZED run_id=plantclef__stable_evo__s42 step=4686 -> KEPT(->kept/,FULL latest-slot)
[collector wgpu0] --once drained 2 checkpoint(s); exiting.
[cwgpu0] drained 2 checkpoint(s); GPU-pass backlog present -> skip d90, loop.
[collector wgpu0] --once drained 0 checkpoint(s); exiting.
[collector wgpu0] --once drained 0 checkpoint(s); exiting.
[collector wgpu0] --once drained 0 checkpoint(s); exiting.
[collector wgpu0] --once drained 0 checkpoint(s); exiting.
[collector wgpu0] --once drained 0 checkpoint(s); exiting.
error    libmamba Could not set lock (Resource temporarily unavailable)
warning  libmamba Cannot lock '/home/r.dinnage/.cache/mamba/proc'
    Waiting for other mamba process to finish
[extract] step=4698 SKIP heavy block block_interp (ordinal=939 basis=step_fallback heavy_every=8)
[extract] step=4698 SKIP heavy block block_probes (ordinal=939 basis=step_fallback heavy_every=8)
[extract] step=4698 heavy=FALSE total=16.79s | block_curvature=4.82 block_fitness=6.08
[collector wgpu0] gpu-pass DONE run_id=plantclef__stable_evo__s42 step=4698 blocks_ok=2 t=16.79s (all_passes_complete=True)
[collector wgpu0] FINALIZED run_id=plantclef__stable_evo__s42 step=4698 -> KEPT(->kept/,FULL latest-slot)
[collector wgpu0] --once drained 2 checkpoint(s); exiting.
[cwgpu0] drained 2 checkpoint(s); GPU-pass backlog present -> skip d90, loop.
[collector wgpu0] --once drained 0 checkpoint(s); exiting.
[collector wgpu0] --once drained 0 checkpoint(s); exiting.
[collector wgpu0] --once drained 0 checkpoint(s); exiting.
[collector wgpu0] --once drained 0 checkpoint(s); exiting.
[collector wgpu0] --once drained 0 checkpoint(s); exiting.
[collector wgpu0] --once drained 0 checkpoint(s); exiting.
[collector wgpu0] --once drained 0 checkpoint(s); exiting.
[collector wgpu0] --once drained 0 checkpoint(s); exiting.
error    libmamba Could not set lock (Resource temporarily unavailable)
warning  libmamba Cannot lock '/home/r.dinnage/.cache/mamba/proc'
    Waiting for other mamba process to finish
[extract] step=4710 SKIP heavy block block_interp (ordinal=942 basis=step_fallback heavy_every=8)
[extract] step=4710 SKIP heavy block block_probes (ordinal=942 basis=step_fallback heavy_every=8)
[extract] step=4710 heavy=FALSE total=16.85s | block_curvature=4.81 block_fitness=6.10
[collector wgpu0] gpu-pass DONE run_id=plantclef__stable_evo__s42 step=4710 blocks_ok=2 t=16.85s (all_passes_complete=True)
[collector wgpu0] FINALIZED run_id=plantclef__stable_evo__s42 step=4710 -> KEPT(->kept/,FULL latest-slot)
[collector wgpu0] --once drained 2 checkpoint(s); exiting.
[cwgpu0] drained 2 checkpoint(s); GPU-pass backlog present -> skip d90, loop.
[collector wgpu0] --once drained 0 checkpoint(s); exiting.
[collector wgpu0] --once drained 0 checkpoint(s); exiting.
[collector wgpu0] --once drained 0 checkpoint(s); exiting.
[collector wgpu0] --once drained 0 checkpoint(s); exiting.
[collector wgpu0] --once drained 0 checkpoint(s); exiting.
error    libmamba Could not set lock (Resource temporarily unavailable)
warning  libmamba Cannot lock '/home/r.dinnage/.cache/mamba/proc'
    Waiting for other mamba process to finish
[extract] step=4722 heavy=TRUE total=92.89s | block_curvature=4.81 block_interp=40.97 block_probes=33.90 block_fitness=7.50
[collector wgpu0] gpu-pass DONE run_id=plantclef__stable_evo__s42 step=4722 blocks_ok=4 t=92.894s (all_passes_complete=True)
[collector wgpu0] FINALIZED run_id=plantclef__stable_evo__s42 step=4722 -> KEPT(->kept/,FULL latest-slot)
[collector wgpu0] --once drained 2 checkpoint(s); exiting.
[cwgpu0] drained 2 checkpoint(s); GPU-pass backlog present -> skip d90, loop.
[collector wgpu0] --once drained 0 checkpoint(s); exiting.
[extract] step=4734 SKIP heavy block block_interp (ordinal=946 basis=step_fallback heavy_every=8)
[extract] step=4734 SKIP heavy block block_probes (ordinal=946 basis=step_fallback heavy_every=8)
[extract] step=4734 heavy=FALSE total=16.91s | block_curvature=4.84 block_fitness=6.08
[collector wgpu0] gpu-pass DONE run_id=plantclef__stable_evo__s42 step=4734 blocks_ok=2 t=16.91s (all_passes_complete=True)
[extract] step=4736 SKIP heavy block block_interp (ordinal=947 basis=step_fallback heavy_every=8)
[extract] step=4736 SKIP heavy block block_probes (ordinal=947 basis=step_fallback heavy_every=8)
[extract] step=4736 heavy=FALSE total=16.98s | block_curvature=4.68 block_fitness=5.46
[collector wgpu0] gpu-pass DONE run_id=plantclef__stable_evo__s42 step=4736 blocks_ok=2 t=16.984s (all_passes_complete=True)
[collector wgpu0] FINALIZED run_id=plantclef__stable_evo__s42 step=4736 -> KEPT(->kept/,FULL latest-slot)
[collector wgpu0] FINALIZED run_id=plantclef__stable_evo__s42 step=4734 -> deleted
[collector wgpu0] --once drained 4 checkpoint(s); exiting.
[cwgpu0] drained 4 checkpoint(s); GPU-pass backlog present -> skip d90, loop.
[collector wgpu0] --once drained 0 checkpoint(s); exiting.
[collector wgpu0] --once drained 0 checkpoint(s); exiting.
[collector wgpu0] --once drained 0 checkpoint(s); exiting.
[collector wgpu0] --once drained 0 checkpoint(s); exiting.
[collector wgpu0] --once drained 0 checkpoint(s); exiting.
error    libmamba Could not set lock (Resource temporarily unavailable)
warning  libmamba Cannot lock '/home/r.dinnage/.cache/mamba/proc'
    Waiting for other mamba process to finish
[extract] step=4748 SKIP heavy block block_interp (ordinal=949 basis=step_fallback heavy_every=8)
[extract] step=4748 SKIP heavy block block_probes (ordinal=949 basis=step_fallback heavy_every=8)
[extract] step=4748 heavy=FALSE total=17.01s | block_curvature=4.83 block_fitness=6.05
[collector wgpu0] gpu-pass DONE run_id=plantclef__stable_evo__s42 step=4748 blocks_ok=2 t=17.005s (all_passes_complete=True)
[collector wgpu0] FINALIZED run_id=plantclef__stable_evo__s42 step=4748 -> KEPT(->kept/,FULL latest-slot)
[collector wgpu0] --once drained 2 checkpoint(s); exiting.
[cwgpu0] drained 2 checkpoint(s); GPU-pass backlog present -> skip d90, loop.
[collector wgpu0] --once drained 0 checkpoint(s); exiting.
[collector wgpu0] --once drained 0 checkpoint(s); exiting.
error    libmamba Could not set lock (Resource temporarily unavailable)
warning  libmamba Cannot lock '/home/r.dinnage/.cache/mamba/proc'
    Waiting for other mamba process to finish
[collector wgpu0] --once drained 0 checkpoint(s); exiting.
[collector wgpu0] --once drained 0 checkpoint(s); exiting.
error    libmamba Could not set lock (Resource temporarily unavailable)
warning  libmamba Cannot lock '/home/r.dinnage/.cache/mamba/proc'
    Waiting for other mamba process to finish
[collector wgpu0] --once drained 0 checkpoint(s); exiting.
error    libmamba Could not set lock (Resource temporarily unavailable)
warning  libmamba Cannot lock '/home/r.dinnage/.cache/mamba/proc'
    Waiting for other mamba process to finish
[extract] step=4760 heavy=TRUE total=94.84s | block_curvature=4.81 block_interp=40.71 block_probes=36.81 block_fitness=6.82
[collector wgpu0] gpu-pass DONE run_id=plantclef__stable_evo__s42 step=4760 blocks_ok=4 t=94.836s (all_passes_complete=True)
[collector wgpu0] FINALIZED run_id=plantclef__stable_evo__s42 step=4760 -> KEPT(->kept/,FULL latest-slot)
[collector wgpu0] --once drained 2 checkpoint(s); exiting.
[cwgpu0] drained 2 checkpoint(s); GPU-pass backlog present -> skip d90, loop.
[collector wgpu0] --once drained 0 checkpoint(s); exiting.
[extract] step=4772 SKIP heavy block block_interp (ordinal=954 basis=step_fallback heavy_every=8)
[extract] step=4772 SKIP heavy block block_probes (ordinal=954 basis=step_fallback heavy_every=8)
[extract] step=4772 heavy=FALSE total=16.83s | block_curvature=4.82 block_fitness=5.98
[collector wgpu0] gpu-pass DONE run_id=plantclef__stable_evo__s42 step=4772 blocks_ok=2 t=16.826s (all_passes_complete=True)
[collector wgpu0] FINALIZED run_id=plantclef__stable_evo__s42 step=4772 -> KEPT(->kept/,FULL latest-slot)
[collector wgpu0] --once drained 2 checkpoint(s); exiting.
[cwgpu0] drained 2 checkpoint(s); GPU-pass backlog present -> skip d90, loop.
[collector wgpu0] --once drained 0 checkpoint(s); exiting.
[collector wgpu0] --once drained 0 checkpoint(s); exiting.
[collector wgpu0] --once drained 0 checkpoint(s); exiting.
[collector wgpu0] --once drained 0 checkpoint(s); exiting.
[collector wgpu0] --once drained 0 checkpoint(s); exiting.
error    libmamba Could not set lock (Resource temporarily unavailable)
warning  libmamba Cannot lock '/home/r.dinnage/.cache/mamba/proc'
    Waiting for other mamba process to finish
[extract] step=4784 SKIP heavy block block_interp (ordinal=956 basis=step_fallback heavy_every=8)
[extract] step=4784 SKIP heavy block block_probes (ordinal=956 basis=step_fallback heavy_every=8)
[extract] step=4784 heavy=FALSE total=16.35s | block_curvature=4.80 block_fitness=5.94
[collector wgpu0] gpu-pass DONE run_id=plantclef__stable_evo__s42 step=4784 blocks_ok=2 t=16.347s (all_passes_complete=True)
[collector wgpu0] FINALIZED run_id=plantclef__stable_evo__s42 step=4784 -> KEPT(->kept/,FULL latest-slot)
[collector wgpu0] --once drained 2 checkpoint(s); exiting.
error    libmamba Could not set lock (Resource temporarily unavailable)
warning  libmamba Cannot lock '/home/r.dinnage/.cache/mamba/proc'
    Waiting for other mamba process to finish
[cwgpu0] drained 2 checkpoint(s); GPU-pass backlog present -> skip d90, loop.
[collector wgpu0] --once drained 0 checkpoint(s); exiting.
[collector wgpu0] --once drained 0 checkpoint(s); exiting.
[collector wgpu0] --once drained 0 checkpoint(s); exiting.
[collector wgpu0] --once drained 0 checkpoint(s); exiting.
[collector wgpu0] --once drained 0 checkpoint(s); exiting.
[extract] step=4796 SKIP heavy block block_interp (ordinal=959 basis=step_fallback heavy_every=8)
[extract] step=4796 SKIP heavy block block_probes (ordinal=959 basis=step_fallback heavy_every=8)
[extract] step=4796 heavy=FALSE total=16.50s | block_curvature=4.78 block_fitness=5.96
[collector wgpu0] gpu-pass DONE run_id=plantclef__stable_evo__s42 step=4796 blocks_ok=2 t=16.498s (all_passes_complete=True)
[collector wgpu0] FINALIZED run_id=plantclef__stable_evo__s42 step=4796 -> KEPT(->kept/,FULL latest-slot)
[collector wgpu0] --once drained 2 checkpoint(s); exiting.
[cwgpu0] drained 2 checkpoint(s); GPU-pass backlog present -> skip d90, loop.
[collector wgpu0] --once drained 0 checkpoint(s); exiting.
[collector wgpu0] --once drained 0 checkpoint(s); exiting.
[collector wgpu0] --once drained 0 checkpoint(s); exiting.
[collector wgpu0] --once drained 0 checkpoint(s); exiting.
[extract] step=4800 heavy=TRUE total=93.52s | block_curvature=4.82 block_interp=39.79 block_probes=37.34 block_fitness=6.14
[collector wgpu0] gpu-pass DONE run_id=plantclef__stable_evo__s42 step=4800 blocks_ok=4 t=93.518s (all_passes_complete=True)
[collector wgpu0] FINALIZED run_id=plantclef__stable_evo__s42 step=4800 -> KEPT(->kept/,FULL latest-slot)
[collector wgpu0] --once drained 2 checkpoint(s); exiting.
[cwgpu0] drained 2 checkpoint(s); GPU-pass backlog present -> skip d90, loop.
[collector wgpu0] --once drained 0 checkpoint(s); exiting.
[cwgpu0] all RUN_COMPLETE sentinels present; performing FINAL drain...
[cwgpu0] final drain found nothing new and GPU-pass queue depth=0 -> GPU pass complete on all runs. Exiting (CPU pass may still finalize).
Done: Fri Jun 19 05:47:49 PM EDT 2026
