Tue Jun 16 05:36:27 PM EDT 2026
host=c0604a-s20.ufhpc
pwd=/blue/guralnick/share/r.dinnage/Projects/phenovision
=== preadapt collector worker 0 ===
run_dir=xAI/output/preadapt/mae__adamw__s42 variant=adamw seed=42
watch_dir=xAI/output/preadapt/mae__adamw__s42/checkpoints
sentinel=xAI/output/preadapt/mae__adamw__s42/RUN_COMPLETE
out_store=xAI/output/preadapt/_extract_store
val_csv=data/inat/val_v1.1.0.csv
poll=15s heavy_every=3 retention_latest_keep=2 keep_full_latest=2
train_jid=34869937
d90_queue=xAI/output/preadapt/_d90_queue
[collector w0] --once drained 0 checkpoint(s); exiting.
[cw0] d90 START 000_mae_d100_s42.args  (claim=34869938_w0)
[cw0] d90 args: --condition mae --d 100 --seed 42 --shared-tokenizer mae --variant stable_evo --step_cap 4000 --patience 8 --eps 0.0001 --eval_every 50 --batch_size 384 --lr 0.001 --train_csv data/inat/train_v1.1.0.csv --val_csv data/inat/val_v1.1.0.csv --out xAI/output/preadapt/_d90_queue/d90_results.csv
[collector w0] --once drained 0 checkpoint(s); exiting.
[cw0] d90 START 002_mae_d100_s44.args  (claim=34869938_w0)
[cw0] d90 args: --condition mae --d 100 --seed 44 --shared-tokenizer mae --variant stable_evo --step_cap 4000 --patience 8 --eps 0.0001 --eval_every 50 --batch_size 384 --lr 0.001 --train_csv data/inat/train_v1.1.0.csv --val_csv data/inat/val_v1.1.0.csv --out xAI/output/preadapt/_d90_queue/d90_results.csv
[collector w0] --once drained 0 checkpoint(s); exiting.
[cw0] d90 START 004_mae_d100_s46.args  (claim=34869938_w0)
[cw0] d90 args: --condition mae --d 100 --seed 46 --shared-tokenizer mae --variant stable_evo --step_cap 4000 --patience 8 --eps 0.0001 --eval_every 50 --batch_size 384 --lr 0.001 --train_csv data/inat/train_v1.1.0.csv --val_csv data/inat/val_v1.1.0.csv --out xAI/output/preadapt/_d90_queue/d90_results.csv
[collector w0] --once drained 0 checkpoint(s); exiting.
[cw0] d90 START 006_mae_d300_s43.args  (claim=34869938_w0)
[cw0] d90 args: --condition mae --d 300 --seed 43 --shared-tokenizer mae --variant stable_evo --step_cap 4000 --patience 8 --eps 0.0001 --eval_every 50 --batch_size 384 --lr 0.001 --train_csv data/inat/train_v1.1.0.csv --val_csv data/inat/val_v1.1.0.csv --out xAI/output/preadapt/_d90_queue/d90_results.csv
[collector w0] --once drained 0 checkpoint(s); exiting.
[cw0] d90 START 008_mae_d300_s45.args  (claim=34869938_w0)
[cw0] d90 args: --condition mae --d 300 --seed 45 --shared-tokenizer mae --variant stable_evo --step_cap 4000 --patience 8 --eps 0.0001 --eval_every 50 --batch_size 384 --lr 0.001 --train_csv data/inat/train_v1.1.0.csv --val_csv data/inat/val_v1.1.0.csv --out xAI/output/preadapt/_d90_queue/d90_results.csv
[collector w0] --once drained 0 checkpoint(s); exiting.
[cw0] d90 START 010_mae_d1000_s42.args  (claim=34869938_w0)
[cw0] d90 args: --condition mae --d 1000 --seed 42 --shared-tokenizer mae --variant stable_evo --step_cap 4000 --patience 8 --eps 0.0001 --eval_every 50 --batch_size 384 --lr 0.001 --train_csv data/inat/train_v1.1.0.csv --val_csv data/inat/val_v1.1.0.csv --out xAI/output/preadapt/_d90_queue/d90_results.csv
[collector w0] --once drained 0 checkpoint(s); exiting.
[cw0] d90 START 012_mae_d1000_s44.args  (claim=34869938_w0)
[cw0] d90 args: --condition mae --d 1000 --seed 44 --shared-tokenizer mae --variant stable_evo --step_cap 4000 --patience 8 --eps 0.0001 --eval_every 50 --batch_size 384 --lr 0.001 --train_csv data/inat/train_v1.1.0.csv --val_csv data/inat/val_v1.1.0.csv --out xAI/output/preadapt/_d90_queue/d90_results.csv
[collector w0] --once drained 0 checkpoint(s); exiting.
[cw0] d90 START 014_mae_d1000_s46.args  (claim=34869938_w0)
[cw0] d90 args: --condition mae --d 1000 --seed 46 --shared-tokenizer mae --variant stable_evo --step_cap 4000 --patience 8 --eps 0.0001 --eval_every 50 --batch_size 384 --lr 0.001 --train_csv data/inat/train_v1.1.0.csv --val_csv data/inat/val_v1.1.0.csv --out xAI/output/preadapt/_d90_queue/d90_results.csv
[collector w0] --once drained 0 checkpoint(s); exiting.
[cw0] d90 START 016_mae_d3000_s43.args  (claim=34869938_w0)
[cw0] d90 args: --condition mae --d 3000 --seed 43 --shared-tokenizer mae --variant stable_evo --step_cap 4000 --patience 8 --eps 0.0001 --eval_every 50 --batch_size 384 --lr 0.001 --train_csv data/inat/train_v1.1.0.csv --val_csv data/inat/val_v1.1.0.csv --out xAI/output/preadapt/_d90_queue/d90_results.csv
[collector w0] --once drained 0 checkpoint(s); exiting.
error    libmamba Could not set lock (Resource temporarily unavailable)
warning  libmamba Cannot lock '/home/r.dinnage/.cache/mamba/proc'
    Waiting for other mamba process to finish
[cw0] d90 START 018_mae_d3000_s45.args  (claim=34869938_w0)
[cw0] d90 args: --condition mae --d 3000 --seed 45 --shared-tokenizer mae --variant stable_evo --step_cap 4000 --patience 8 --eps 0.0001 --eval_every 50 --batch_size 384 --lr 0.001 --train_csv data/inat/train_v1.1.0.csv --val_csv data/inat/val_v1.1.0.csv --out xAI/output/preadapt/_d90_queue/d90_results.csv
[collector w0] --once drained 0 checkpoint(s); exiting.
[cw0] d90 START 019_mae_d3000_s46.args  (claim=34869938_w0)
[cw0] d90 args: --condition mae --d 3000 --seed 46 --shared-tokenizer mae --variant stable_evo --step_cap 4000 --patience 8 --eps 0.0001 --eval_every 50 --batch_size 384 --lr 0.001 --train_csv data/inat/train_v1.1.0.csv --val_csv data/inat/val_v1.1.0.csv --out xAI/output/preadapt/_d90_queue/d90_results.csv
[collector w0] --once drained 0 checkpoint(s); exiting.
[cw0] d90 START 021_mae_d10000_s43.args  (claim=34869938_w0)
[cw0] d90 args: --condition mae --d 10000 --seed 43 --shared-tokenizer mae --variant stable_evo --step_cap 4000 --patience 8 --eps 0.0001 --eval_every 50 --batch_size 384 --lr 0.001 --train_csv data/inat/train_v1.1.0.csv --val_csv data/inat/val_v1.1.0.csv --out xAI/output/preadapt/_d90_queue/d90_results.csv
[collector w0] --once drained 0 checkpoint(s); exiting.
[cw0] d90 START 023_mae_d10000_s45.args  (claim=34869938_w0)
[cw0] d90 args: --condition mae --d 10000 --seed 45 --shared-tokenizer mae --variant stable_evo --step_cap 4000 --patience 8 --eps 0.0001 --eval_every 50 --batch_size 384 --lr 0.001 --train_csv data/inat/train_v1.1.0.csv --val_csv data/inat/val_v1.1.0.csv --out xAI/output/preadapt/_d90_queue/d90_results.csv
[collector w0] --once drained 0 checkpoint(s); exiting.
[cw0] d90 START 025_mae_d30000_s42.args  (claim=34869938_w0)
[cw0] d90 args: --condition mae --d 30000 --seed 42 --shared-tokenizer mae --variant stable_evo --step_cap 4000 --patience 8 --eps 0.0001 --eval_every 50 --batch_size 384 --lr 0.001 --train_csv data/inat/train_v1.1.0.csv --val_csv data/inat/val_v1.1.0.csv --out xAI/output/preadapt/_d90_queue/d90_results.csv
[collector w0] --once drained 0 checkpoint(s); exiting.
error    libmamba Could not set lock (Resource temporarily unavailable)
warning  libmamba Cannot lock '/home/r.dinnage/.cache/mamba/proc'
    Waiting for other mamba process to finish
[cw0] d90 START 027_mae_d30000_s44.args  (claim=34869938_w0)
[cw0] d90 args: --condition mae --d 30000 --seed 44 --shared-tokenizer mae --variant stable_evo --step_cap 4000 --patience 8 --eps 0.0001 --eval_every 50 --batch_size 384 --lr 0.001 --train_csv data/inat/train_v1.1.0.csv --val_csv data/inat/val_v1.1.0.csv --out xAI/output/preadapt/_d90_queue/d90_results.csv
[collector w0] --once drained 0 checkpoint(s); exiting.
[cw0] d90 START 029_mae_d30000_s46.args  (claim=34869938_w0)
[cw0] d90 args: --condition mae --d 30000 --seed 46 --shared-tokenizer mae --variant stable_evo --step_cap 4000 --patience 8 --eps 0.0001 --eval_every 50 --batch_size 384 --lr 0.001 --train_csv data/inat/train_v1.1.0.csv --val_csv data/inat/val_v1.1.0.csv --out xAI/output/preadapt/_d90_queue/d90_results.csv
[collector w0] --once drained 0 checkpoint(s); exiting.
[cw0] d90 START 031_mae_d100000_s43.args  (claim=34869938_w0)
[cw0] d90 args: --condition mae --d 100000 --seed 43 --shared-tokenizer mae --variant stable_evo --step_cap 4000 --patience 8 --eps 0.0001 --eval_every 50 --batch_size 384 --lr 0.001 --train_csv data/inat/train_v1.1.0.csv --val_csv data/inat/val_v1.1.0.csv --out xAI/output/preadapt/_d90_queue/d90_results.csv
[collector w0] --once drained 0 checkpoint(s); exiting.
[cw0] d90 START 033_mae_d100000_s45.args  (claim=34869938_w0)
[cw0] d90 args: --condition mae --d 100000 --seed 45 --shared-tokenizer mae --variant stable_evo --step_cap 4000 --patience 8 --eps 0.0001 --eval_every 50 --batch_size 384 --lr 0.001 --train_csv data/inat/train_v1.1.0.csv --val_csv data/inat/val_v1.1.0.csv --out xAI/output/preadapt/_d90_queue/d90_results.csv
[collector w0] --once drained 0 checkpoint(s); exiting.
[cw0] d90 START 035_mae_d300000_s42.args  (claim=34869938_w0)
[cw0] d90 args: --condition mae --d 300000 --seed 42 --shared-tokenizer mae --variant stable_evo --step_cap 4000 --patience 8 --eps 0.0001 --eval_every 50 --batch_size 384 --lr 0.001 --train_csv data/inat/train_v1.1.0.csv --val_csv data/inat/val_v1.1.0.csv --out xAI/output/preadapt/_d90_queue/d90_results.csv
[collector w0] --once drained 0 checkpoint(s); exiting.
[cw0] d90 START 037_mae_d300000_s44.args  (claim=34869938_w0)
[cw0] d90 args: --condition mae --d 300000 --seed 44 --shared-tokenizer mae --variant stable_evo --step_cap 4000 --patience 8 --eps 0.0001 --eval_every 50 --batch_size 384 --lr 0.001 --train_csv data/inat/train_v1.1.0.csv --val_csv data/inat/val_v1.1.0.csv --out xAI/output/preadapt/_d90_queue/d90_results.csv
[collector w0] --once drained 0 checkpoint(s); exiting.
[cw0] d90 START 038_mae_d300000_s45.args  (claim=34869938_w0)
[cw0] d90 args: --condition mae --d 300000 --seed 45 --shared-tokenizer mae --variant stable_evo --step_cap 4000 --patience 8 --eps 0.0001 --eval_every 50 --batch_size 384 --lr 0.001 --train_csv data/inat/train_v1.1.0.csv --val_csv data/inat/val_v1.1.0.csv --out xAI/output/preadapt/_d90_queue/d90_results.csv
[collector w0] --once drained 0 checkpoint(s); exiting.
[cw0] d90 START 040_plantclef_d100_s42.args  (claim=34869938_w0)
[cw0] d90 args: --condition plantclef --d 100 --seed 42 --shared-tokenizer mae --variant stable_evo --step_cap 4000 --patience 8 --eps 0.0001 --eval_every 50 --batch_size 384 --lr 0.001 --train_csv data/inat/train_v1.1.0.csv --val_csv data/inat/val_v1.1.0.csv --out xAI/output/preadapt/_d90_queue/d90_results.csv
[collector w0] --once drained 0 checkpoint(s); exiting.
[cw0] d90 START 042_plantclef_d100_s44.args  (claim=34869938_w0)
[cw0] d90 args: --condition plantclef --d 100 --seed 44 --shared-tokenizer mae --variant stable_evo --step_cap 4000 --patience 8 --eps 0.0001 --eval_every 50 --batch_size 384 --lr 0.001 --train_csv data/inat/train_v1.1.0.csv --val_csv data/inat/val_v1.1.0.csv --out xAI/output/preadapt/_d90_queue/d90_results.csv
[collector w0] --once drained 0 checkpoint(s); exiting.
[cw0] d90 START 044_plantclef_d100_s46.args  (claim=34869938_w0)
[cw0] d90 args: --condition plantclef --d 100 --seed 46 --shared-tokenizer mae --variant stable_evo --step_cap 4000 --patience 8 --eps 0.0001 --eval_every 50 --batch_size 384 --lr 0.001 --train_csv data/inat/train_v1.1.0.csv --val_csv data/inat/val_v1.1.0.csv --out xAI/output/preadapt/_d90_queue/d90_results.csv
[collector w0] --once drained 0 checkpoint(s); exiting.
[cw0] d90 START 046_plantclef_d300_s43.args  (claim=34869938_w0)
[cw0] d90 args: --condition plantclef --d 300 --seed 43 --shared-tokenizer mae --variant stable_evo --step_cap 4000 --patience 8 --eps 0.0001 --eval_every 50 --batch_size 384 --lr 0.001 --train_csv data/inat/train_v1.1.0.csv --val_csv data/inat/val_v1.1.0.csv --out xAI/output/preadapt/_d90_queue/d90_results.csv
[collector w0] --once drained 0 checkpoint(s); exiting.
[cw0] d90 START 048_plantclef_d300_s45.args  (claim=34869938_w0)
[cw0] d90 args: --condition plantclef --d 300 --seed 45 --shared-tokenizer mae --variant stable_evo --step_cap 4000 --patience 8 --eps 0.0001 --eval_every 50 --batch_size 384 --lr 0.001 --train_csv data/inat/train_v1.1.0.csv --val_csv data/inat/val_v1.1.0.csv --out xAI/output/preadapt/_d90_queue/d90_results.csv
[collector w0] --once drained 0 checkpoint(s); exiting.
[cw0] d90 START 050_plantclef_d1000_s42.args  (claim=34869938_w0)
[cw0] d90 args: --condition plantclef --d 1000 --seed 42 --shared-tokenizer mae --variant stable_evo --step_cap 4000 --patience 8 --eps 0.0001 --eval_every 50 --batch_size 384 --lr 0.001 --train_csv data/inat/train_v1.1.0.csv --val_csv data/inat/val_v1.1.0.csv --out xAI/output/preadapt/_d90_queue/d90_results.csv
[collector w0] --once drained 0 checkpoint(s); exiting.
error    libmamba Could not set lock (Resource temporarily unavailable)
warning  libmamba Cannot lock '/home/r.dinnage/.cache/mamba/proc'
    Waiting for other mamba process to finish
[cw0] d90 START 052_plantclef_d1000_s44.args  (claim=34869938_w0)
[cw0] d90 args: --condition plantclef --d 1000 --seed 44 --shared-tokenizer mae --variant stable_evo --step_cap 4000 --patience 8 --eps 0.0001 --eval_every 50 --batch_size 384 --lr 0.001 --train_csv data/inat/train_v1.1.0.csv --val_csv data/inat/val_v1.1.0.csv --out xAI/output/preadapt/_d90_queue/d90_results.csv
[collector w0] --once drained 0 checkpoint(s); exiting.
[cw0] d90 START 053_plantclef_d1000_s45.args  (claim=34869938_w0)
[cw0] d90 args: --condition plantclef --d 1000 --seed 45 --shared-tokenizer mae --variant stable_evo --step_cap 4000 --patience 8 --eps 0.0001 --eval_every 50 --batch_size 384 --lr 0.001 --train_csv data/inat/train_v1.1.0.csv --val_csv data/inat/val_v1.1.0.csv --out xAI/output/preadapt/_d90_queue/d90_results.csv
[collector w0] --once drained 0 checkpoint(s); exiting.
[cw0] d90 START 055_plantclef_d3000_s42.args  (claim=34869938_w0)
[cw0] d90 args: --condition plantclef --d 3000 --seed 42 --shared-tokenizer mae --variant stable_evo --step_cap 4000 --patience 8 --eps 0.0001 --eval_every 50 --batch_size 384 --lr 0.001 --train_csv data/inat/train_v1.1.0.csv --val_csv data/inat/val_v1.1.0.csv --out xAI/output/preadapt/_d90_queue/d90_results.csv
[collector w0] --once drained 0 checkpoint(s); exiting.
[cw0] d90 START 057_plantclef_d3000_s44.args  (claim=34869938_w0)
[cw0] d90 args: --condition plantclef --d 3000 --seed 44 --shared-tokenizer mae --variant stable_evo --step_cap 4000 --patience 8 --eps 0.0001 --eval_every 50 --batch_size 384 --lr 0.001 --train_csv data/inat/train_v1.1.0.csv --val_csv data/inat/val_v1.1.0.csv --out xAI/output/preadapt/_d90_queue/d90_results.csv
[collector w0] --once drained 0 checkpoint(s); exiting.
[cw0] d90 START 059_plantclef_d3000_s46.args  (claim=34869938_w0)
[cw0] d90 args: --condition plantclef --d 3000 --seed 46 --shared-tokenizer mae --variant stable_evo --step_cap 4000 --patience 8 --eps 0.0001 --eval_every 50 --batch_size 384 --lr 0.001 --train_csv data/inat/train_v1.1.0.csv --val_csv data/inat/val_v1.1.0.csv --out xAI/output/preadapt/_d90_queue/d90_results.csv
[collector w0] --once drained 0 checkpoint(s); exiting.
[cw0] d90 START 061_plantclef_d10000_s43.args  (claim=34869938_w0)
[cw0] d90 args: --condition plantclef --d 10000 --seed 43 --shared-tokenizer mae --variant stable_evo --step_cap 4000 --patience 8 --eps 0.0001 --eval_every 50 --batch_size 384 --lr 0.001 --train_csv data/inat/train_v1.1.0.csv --val_csv data/inat/val_v1.1.0.csv --out xAI/output/preadapt/_d90_queue/d90_results.csv
[collector w0] --once drained 0 checkpoint(s); exiting.
[cw0] d90 START 063_plantclef_d10000_s45.args  (claim=34869938_w0)
[cw0] d90 args: --condition plantclef --d 10000 --seed 45 --shared-tokenizer mae --variant stable_evo --step_cap 4000 --patience 8 --eps 0.0001 --eval_every 50 --batch_size 384 --lr 0.001 --train_csv data/inat/train_v1.1.0.csv --val_csv data/inat/val_v1.1.0.csv --out xAI/output/preadapt/_d90_queue/d90_results.csv
[collector w0] --once drained 0 checkpoint(s); exiting.
[cw0] d90 START 065_plantclef_d30000_s42.args  (claim=34869938_w0)
[cw0] d90 args: --condition plantclef --d 30000 --seed 42 --shared-tokenizer mae --variant stable_evo --step_cap 4000 --patience 8 --eps 0.0001 --eval_every 50 --batch_size 384 --lr 0.001 --train_csv data/inat/train_v1.1.0.csv --val_csv data/inat/val_v1.1.0.csv --out xAI/output/preadapt/_d90_queue/d90_results.csv
[collector w0] --once drained 0 checkpoint(s); exiting.
[cw0] d90 START 067_plantclef_d30000_s44.args  (claim=34869938_w0)
[cw0] d90 args: --condition plantclef --d 30000 --seed 44 --shared-tokenizer mae --variant stable_evo --step_cap 4000 --patience 8 --eps 0.0001 --eval_every 50 --batch_size 384 --lr 0.001 --train_csv data/inat/train_v1.1.0.csv --val_csv data/inat/val_v1.1.0.csv --out xAI/output/preadapt/_d90_queue/d90_results.csv
[collector w0] --once drained 0 checkpoint(s); exiting.
[cw0] d90 START 068_plantclef_d30000_s45.args  (claim=34869938_w0)
[cw0] d90 args: --condition plantclef --d 30000 --seed 45 --shared-tokenizer mae --variant stable_evo --step_cap 4000 --patience 8 --eps 0.0001 --eval_every 50 --batch_size 384 --lr 0.001 --train_csv data/inat/train_v1.1.0.csv --val_csv data/inat/val_v1.1.0.csv --out xAI/output/preadapt/_d90_queue/d90_results.csv
[collector w0] --once drained 0 checkpoint(s); exiting.
[cw0] d90 START 070_plantclef_d100000_s42.args  (claim=34869938_w0)
[cw0] d90 args: --condition plantclef --d 100000 --seed 42 --shared-tokenizer mae --variant stable_evo --step_cap 4000 --patience 8 --eps 0.0001 --eval_every 50 --batch_size 384 --lr 0.001 --train_csv data/inat/train_v1.1.0.csv --val_csv data/inat/val_v1.1.0.csv --out xAI/output/preadapt/_d90_queue/d90_results.csv
[collector w0] --once drained 0 checkpoint(s); exiting.
[cw0] d90 START 072_plantclef_d100000_s44.args  (claim=34869938_w0)
[cw0] d90 args: --condition plantclef --d 100000 --seed 44 --shared-tokenizer mae --variant stable_evo --step_cap 4000 --patience 8 --eps 0.0001 --eval_every 50 --batch_size 384 --lr 0.001 --train_csv data/inat/train_v1.1.0.csv --val_csv data/inat/val_v1.1.0.csv --out xAI/output/preadapt/_d90_queue/d90_results.csv
[collector w0] --once drained 0 checkpoint(s); exiting.
[cw0] d90 START 074_plantclef_d100000_s46.args  (claim=34869938_w0)
[cw0] d90 args: --condition plantclef --d 100000 --seed 46 --shared-tokenizer mae --variant stable_evo --step_cap 4000 --patience 8 --eps 0.0001 --eval_every 50 --batch_size 384 --lr 0.001 --train_csv data/inat/train_v1.1.0.csv --val_csv data/inat/val_v1.1.0.csv --out xAI/output/preadapt/_d90_queue/d90_results.csv
[collector w0] --once drained 0 checkpoint(s); exiting.
[cw0] d90 START 076_plantclef_d300000_s43.args  (claim=34869938_w0)
[cw0] d90 args: --condition plantclef --d 300000 --seed 43 --shared-tokenizer mae --variant stable_evo --step_cap 4000 --patience 8 --eps 0.0001 --eval_every 50 --batch_size 384 --lr 0.001 --train_csv data/inat/train_v1.1.0.csv --val_csv data/inat/val_v1.1.0.csv --out xAI/output/preadapt/_d90_queue/d90_results.csv
[collector w0] --once drained 0 checkpoint(s); exiting.
[cw0] d90 START 078_plantclef_d300000_s45.args  (claim=34869938_w0)
[cw0] d90 args: --condition plantclef --d 300000 --seed 45 --shared-tokenizer mae --variant stable_evo --step_cap 4000 --patience 8 --eps 0.0001 --eval_every 50 --batch_size 384 --lr 0.001 --train_csv data/inat/train_v1.1.0.csv --val_csv data/inat/val_v1.1.0.csv --out xAI/output/preadapt/_d90_queue/d90_results.csv
[collector w0] --once drained 0 checkpoint(s); exiting.
[cw0] d90 START 080_naive_d100_s42.args  (claim=34869938_w0)
[cw0] d90 args: --condition naive --d 100 --seed 42 --shared-tokenizer mae --variant stable_evo --step_cap 4000 --patience 8 --eps 0.0001 --eval_every 50 --batch_size 384 --lr 0.001 --train_csv data/inat/train_v1.1.0.csv --val_csv data/inat/val_v1.1.0.csv --out xAI/output/preadapt/_d90_queue/d90_results.csv
[collector w0] --once drained 0 checkpoint(s); exiting.
[cw0] d90 START 082_naive_d100_s44.args  (claim=34869938_w0)
[cw0] d90 args: --condition naive --d 100 --seed 44 --shared-tokenizer mae --variant stable_evo --step_cap 4000 --patience 8 --eps 0.0001 --eval_every 50 --batch_size 384 --lr 0.001 --train_csv data/inat/train_v1.1.0.csv --val_csv data/inat/val_v1.1.0.csv --out xAI/output/preadapt/_d90_queue/d90_results.csv
[collector w0] --once drained 0 checkpoint(s); exiting.
[cw0] d90 START 083_naive_d100_s45.args  (claim=34869938_w0)
[cw0] d90 args: --condition naive --d 100 --seed 45 --shared-tokenizer mae --variant stable_evo --step_cap 4000 --patience 8 --eps 0.0001 --eval_every 50 --batch_size 384 --lr 0.001 --train_csv data/inat/train_v1.1.0.csv --val_csv data/inat/val_v1.1.0.csv --out xAI/output/preadapt/_d90_queue/d90_results.csv
[collector w0] --once drained 0 checkpoint(s); exiting.
[cw0] d90 START 085_naive_d300_s42.args  (claim=34869938_w0)
[cw0] d90 args: --condition naive --d 300 --seed 42 --shared-tokenizer mae --variant stable_evo --step_cap 4000 --patience 8 --eps 0.0001 --eval_every 50 --batch_size 384 --lr 0.001 --train_csv data/inat/train_v1.1.0.csv --val_csv data/inat/val_v1.1.0.csv --out xAI/output/preadapt/_d90_queue/d90_results.csv
[collector w0] --once drained 0 checkpoint(s); exiting.
[cw0] d90 backfill queue exhausted (no pending configs); idle-collecting only.
[collector w0] --once drained 0 checkpoint(s); exiting.
[cw0] d90 START 001_mae_d100_s43.args  (claim=34869938_w0)
[cw0] d90 args: --backfill --condition mae --d 100 --seed 43 --shared-tokenizer mae --variant stable_evo --step_cap 4000 --patience 8 --eps 0.0001 --eval_every 50 --batch_size 384 --lr 0.001 --train_csv data/inat/train_v1.1.0.csv --val_csv data/inat/val_v1.1.0.csv --out xAI/output/preadapt/_d90_queue/d90_results.csv
============================================================
d90 subspace run (theta = theta0 + P v) [BACKFILL]
  condition        : mae
  d                : 100
  seed             : 43
  shared-tokenizer : mae
  perf_init/full   : <measure> / <post-hoc>
  device           : cuda:0
============================================================
[preadapt_models] init_model(condition='mae', exact_control_tokenizer=False): 303,303,682 params (303,303,682 currently trainable, pre-freeze).
[preadapt_train] applied MAE shared input stage (patch_embed + pos_embed).
[preadapt_models] freeze_input_stage: froze 3 input-stage tensors.
  D_trainable      : 302,314,498  ->  d=100  (P: {'method': 'achlioptas', 'seed': 43, 'd': 100, 'D_trainable': 302314498, 'density': 5.751359468564455e-05})
  perf_init (measured at v=0): 0.4101
  target (90%-gain): <post-hoc; running to plateau/step_cap>
[collector w0] --once drained 0 checkpoint(s); exiting.
[cw0] d90 START 003_mae_d100_s45.args  (claim=34869938_w0)
[cw0] d90 args: --backfill --condition mae --d 100 --seed 45 --shared-tokenizer mae --variant stable_evo --step_cap 4000 --patience 8 --eps 0.0001 --eval_every 50 --batch_size 384 --lr 0.001 --train_csv data/inat/train_v1.1.0.csv --val_csv data/inat/val_v1.1.0.csv --out xAI/output/preadapt/_d90_queue/d90_results.csv
============================================================
d90 subspace run (theta = theta0 + P v) [BACKFILL]
  condition        : mae
  d                : 100
  seed             : 45
  shared-tokenizer : mae
  perf_init/full   : <measure> / <post-hoc>
  device           : cuda:0
============================================================
[preadapt_models] init_model(condition='mae', exact_control_tokenizer=False): 303,303,682 params (303,303,682 currently trainable, pre-freeze).
[preadapt_train] applied MAE shared input stage (patch_embed + pos_embed).
[preadapt_models] freeze_input_stage: froze 3 input-stage tensors.
  D_trainable      : 302,314,498  ->  d=100  (P: {'method': 'achlioptas', 'seed': 45, 'd': 100, 'D_trainable': 302314498, 'density': 5.751359468564455e-05})
  perf_init (measured at v=0): 0.4070
  target (90%-gain): <post-hoc; running to plateau/step_cap>
[collector w0] --once drained 0 checkpoint(s); exiting.
[cw0] d90 START 005_mae_d300_s42.args  (claim=34869938_w0)
[cw0] d90 args: --backfill --condition mae --d 300 --seed 42 --shared-tokenizer mae --variant stable_evo --step_cap 4000 --patience 8 --eps 0.0001 --eval_every 50 --batch_size 384 --lr 0.001 --train_csv data/inat/train_v1.1.0.csv --val_csv data/inat/val_v1.1.0.csv --out xAI/output/preadapt/_d90_queue/d90_results.csv
============================================================
d90 subspace run (theta = theta0 + P v) [BACKFILL]
  condition        : mae
  d                : 300
  seed             : 42
  shared-tokenizer : mae
  perf_init/full   : <measure> / <post-hoc>
  device           : cuda:0
============================================================
[preadapt_models] init_model(condition='mae', exact_control_tokenizer=False): 303,303,682 params (303,303,682 currently trainable, pre-freeze).
[preadapt_train] applied MAE shared input stage (patch_embed + pos_embed).
[preadapt_models] freeze_input_stage: froze 3 input-stage tensors.
  D_trainable      : 302,314,498  ->  d=300  (P: {'method': 'achlioptas', 'seed': 42, 'd': 300, 'D_trainable': 302314498, 'density': 5.751359468564455e-05})
  perf_init (measured at v=0): 0.4103
  target (90%-gain): <post-hoc; running to plateau/step_cap>
[collector w0] --once drained 0 checkpoint(s); exiting.
[cw0] d90 START 007_mae_d300_s44.args  (claim=34869938_w0)
[cw0] d90 args: --backfill --condition mae --d 300 --seed 44 --shared-tokenizer mae --variant stable_evo --step_cap 4000 --patience 8 --eps 0.0001 --eval_every 50 --batch_size 384 --lr 0.001 --train_csv data/inat/train_v1.1.0.csv --val_csv data/inat/val_v1.1.0.csv --out xAI/output/preadapt/_d90_queue/d90_results.csv
============================================================
d90 subspace run (theta = theta0 + P v) [BACKFILL]
  condition        : mae
  d                : 300
  seed             : 44
  shared-tokenizer : mae
  perf_init/full   : <measure> / <post-hoc>
  device           : cuda:0
============================================================
[preadapt_models] init_model(condition='mae', exact_control_tokenizer=False): 303,303,682 params (303,303,682 currently trainable, pre-freeze).
[preadapt_train] applied MAE shared input stage (patch_embed + pos_embed).
[preadapt_models] freeze_input_stage: froze 3 input-stage tensors.
  D_trainable      : 302,314,498  ->  d=300  (P: {'method': 'achlioptas', 'seed': 44, 'd': 300, 'D_trainable': 302314498, 'density': 5.751359468564455e-05})
  perf_init (measured at v=0): 0.4045
  target (90%-gain): <post-hoc; running to plateau/step_cap>
[collector w0] --once drained 0 checkpoint(s); exiting.
[cw0] d90 START 009_mae_d300_s46.args  (claim=34869938_w0)
[cw0] d90 args: --backfill --condition mae --d 300 --seed 46 --shared-tokenizer mae --variant stable_evo --step_cap 4000 --patience 8 --eps 0.0001 --eval_every 50 --batch_size 384 --lr 0.001 --train_csv data/inat/train_v1.1.0.csv --val_csv data/inat/val_v1.1.0.csv --out xAI/output/preadapt/_d90_queue/d90_results.csv
============================================================
d90 subspace run (theta = theta0 + P v) [BACKFILL]
  condition        : mae
  d                : 300
  seed             : 46
  shared-tokenizer : mae
  perf_init/full   : <measure> / <post-hoc>
  device           : cuda:0
============================================================
[preadapt_models] init_model(condition='mae', exact_control_tokenizer=False): 303,303,682 params (303,303,682 currently trainable, pre-freeze).
[preadapt_train] applied MAE shared input stage (patch_embed + pos_embed).
[preadapt_models] freeze_input_stage: froze 3 input-stage tensors.
  D_trainable      : 302,314,498  ->  d=300  (P: {'method': 'achlioptas', 'seed': 46, 'd': 300, 'D_trainable': 302314498, 'density': 5.751359468564455e-05})
  perf_init (measured at v=0): 0.4069
  target (90%-gain): <post-hoc; running to plateau/step_cap>
[collector w0] --once drained 0 checkpoint(s); exiting.
[cw0] d90 START 010_mae_d1000_s42.args  (claim=34869938_w0)
[cw0] d90 args: --backfill --condition mae --d 1000 --seed 42 --shared-tokenizer mae --variant stable_evo --step_cap 4000 --patience 8 --eps 0.0001 --eval_every 50 --batch_size 384 --lr 0.001 --train_csv data/inat/train_v1.1.0.csv --val_csv data/inat/val_v1.1.0.csv --out xAI/output/preadapt/_d90_queue/d90_results.csv
============================================================
d90 subspace run (theta = theta0 + P v) [BACKFILL]
  condition        : mae
  d                : 1000
  seed             : 42
  shared-tokenizer : mae
  perf_init/full   : <measure> / <post-hoc>
  device           : cuda:0
============================================================
[preadapt_models] init_model(condition='mae', exact_control_tokenizer=False): 303,303,682 params (303,303,682 currently trainable, pre-freeze).
[preadapt_train] applied MAE shared input stage (patch_embed + pos_embed).
[preadapt_models] freeze_input_stage: froze 3 input-stage tensors.
  D_trainable      : 302,314,498  ->  d=1000  (P: {'method': 'achlioptas', 'seed': 42, 'd': 1000, 'D_trainable': 302314498, 'density': 5.751359468564455e-05})
  perf_init (measured at v=0): 0.4103
  target (90%-gain): <post-hoc; running to plateau/step_cap>
[collector w0] --once drained 0 checkpoint(s); exiting.
[cw0] d90 START 012_mae_d1000_s44.args  (claim=34869938_w0)
[cw0] d90 args: --backfill --condition mae --d 1000 --seed 44 --shared-tokenizer mae --variant stable_evo --step_cap 4000 --patience 8 --eps 0.0001 --eval_every 50 --batch_size 384 --lr 0.001 --train_csv data/inat/train_v1.1.0.csv --val_csv data/inat/val_v1.1.0.csv --out xAI/output/preadapt/_d90_queue/d90_results.csv
============================================================
d90 subspace run (theta = theta0 + P v) [BACKFILL]
  condition        : mae
  d                : 1000
  seed             : 44
  shared-tokenizer : mae
  perf_init/full   : <measure> / <post-hoc>
  device           : cuda:0
============================================================
[preadapt_models] init_model(condition='mae', exact_control_tokenizer=False): 303,303,682 params (303,303,682 currently trainable, pre-freeze).
[preadapt_train] applied MAE shared input stage (patch_embed + pos_embed).
[preadapt_models] freeze_input_stage: froze 3 input-stage tensors.
  D_trainable      : 302,314,498  ->  d=1000  (P: {'method': 'achlioptas', 'seed': 44, 'd': 1000, 'D_trainable': 302314498, 'density': 5.751359468564455e-05})
  perf_init (measured at v=0): 0.4045
  target (90%-gain): <post-hoc; running to plateau/step_cap>
[collector w0] --once drained 0 checkpoint(s); exiting.
[cw0] d90 START 014_mae_d1000_s46.args  (claim=34869938_w0)
[cw0] d90 args: --backfill --condition mae --d 1000 --seed 46 --shared-tokenizer mae --variant stable_evo --step_cap 4000 --patience 8 --eps 0.0001 --eval_every 50 --batch_size 384 --lr 0.001 --train_csv data/inat/train_v1.1.0.csv --val_csv data/inat/val_v1.1.0.csv --out xAI/output/preadapt/_d90_queue/d90_results.csv
============================================================
d90 subspace run (theta = theta0 + P v) [BACKFILL]
  condition        : mae
  d                : 1000
  seed             : 46
  shared-tokenizer : mae
  perf_init/full   : <measure> / <post-hoc>
  device           : cuda:0
============================================================
[preadapt_models] init_model(condition='mae', exact_control_tokenizer=False): 303,303,682 params (303,303,682 currently trainable, pre-freeze).
[preadapt_train] applied MAE shared input stage (patch_embed + pos_embed).
[preadapt_models] freeze_input_stage: froze 3 input-stage tensors.
  D_trainable      : 302,314,498  ->  d=1000  (P: {'method': 'achlioptas', 'seed': 46, 'd': 1000, 'D_trainable': 302314498, 'density': 5.751359468564455e-05})
  perf_init (measured at v=0): 0.4069
  target (90%-gain): <post-hoc; running to plateau/step_cap>
[collector w0] --once drained 0 checkpoint(s); exiting.
[cw0] d90 START 016_mae_d3000_s43.args  (claim=34869938_w0)
[cw0] d90 args: --backfill --condition mae --d 3000 --seed 43 --shared-tokenizer mae --variant stable_evo --step_cap 4000 --patience 8 --eps 0.0001 --eval_every 50 --batch_size 384 --lr 0.001 --train_csv data/inat/train_v1.1.0.csv --val_csv data/inat/val_v1.1.0.csv --out xAI/output/preadapt/_d90_queue/d90_results.csv
============================================================
d90 subspace run (theta = theta0 + P v) [BACKFILL]
  condition        : mae
  d                : 3000
  seed             : 43
  shared-tokenizer : mae
  perf_init/full   : <measure> / <post-hoc>
  device           : cuda:0
============================================================
[preadapt_models] init_model(condition='mae', exact_control_tokenizer=False): 303,303,682 params (303,303,682 currently trainable, pre-freeze).
[preadapt_train] applied MAE shared input stage (patch_embed + pos_embed).
[preadapt_models] freeze_input_stage: froze 3 input-stage tensors.
  D_trainable      : 302,314,498  ->  d=3000  (P: {'method': 'achlioptas', 'seed': 43, 'd': 3000, 'D_trainable': 302314498, 'density': 5.751359468564455e-05})
  perf_init (measured at v=0): 0.4101
  target (90%-gain): <post-hoc; running to plateau/step_cap>
[collector w0] --once drained 0 checkpoint(s); exiting.
[cw0] d90 backfill queue exhausted (no pending configs); idle-collecting only.
[collector w0] --once drained 0 checkpoint(s); exiting.
[cw0] d90 START 000_mae_d100_s42.args  (claim=34869938_w0)
[cw0] d90 args: --backfill --condition mae --d 100 --seed 42 --shared-tokenizer mae --variant stable_evo --step_cap 4000 --patience 8 --eps 0.0001 --eval_every 50 --batch_size 64 --lr 0.001 --train_csv data/inat/train_v1.1.0.csv --val_csv data/inat/val_v1.1.0.csv --out xAI/output/preadapt/_d90_queue/d90_results.csv
============================================================
d90 subspace run (theta = theta0 + P v) [BACKFILL]
  condition        : mae
  d                : 100
  seed             : 42
  shared-tokenizer : mae
  perf_init/full   : <measure> / <post-hoc>
  device           : cuda:0
============================================================
[preadapt_models] init_model(condition='mae', exact_control_tokenizer=False): 303,303,682 params (303,303,682 currently trainable, pre-freeze).
[preadapt_train] applied MAE shared input stage (patch_embed + pos_embed).
[preadapt_models] freeze_input_stage: froze 3 input-stage tensors.
  D_trainable      : 302,314,498  ->  d=100  (P: {'method': 'achlioptas', 'seed': 42, 'd': 100, 'D_trainable': 302314498, 'density': 5.751359468564455e-05})
  perf_init (measured at v=0): 0.4103
  target (90%-gain): <post-hoc; running to plateau/step_cap>
  step=50 loss=0.6930 auc_pr_mean=0.4103 best=0.4103 target=<post-hoc> (6.0 min)
  step=100 loss=0.6928 auc_pr_mean=0.4103 best=0.4103 target=<post-hoc> (12.0 min)
  step=150 loss=0.6928 auc_pr_mean=0.4103 best=0.4103 target=<post-hoc> (18.1 min)
  step=200 loss=0.6928 auc_pr_mean=0.4105 best=0.4103 target=<post-hoc> (24.3 min)
  step=250 loss=0.6927 auc_pr_mean=0.4103 best=0.4105 target=<post-hoc> (30.4 min)
  step=300 loss=0.6927 auc_pr_mean=0.4103 best=0.4105 target=<post-hoc> (36.6 min)
  step=350 loss=0.6928 auc_pr_mean=0.4101 best=0.4105 target=<post-hoc> (42.8 min)
  step=400 loss=0.6927 auc_pr_mean=0.4100 best=0.4105 target=<post-hoc> (48.9 min)
  step=450 loss=0.6927 auc_pr_mean=0.4095 best=0.4105 target=<post-hoc> (54.8 min)
  step=500 loss=0.6927 auc_pr_mean=0.4071 best=0.4105 target=<post-hoc> (60.8 min)
  step=550 loss=0.6927 auc_pr_mean=0.4091 best=0.4105 target=<post-hoc> (67.0 min)
  step=600 loss=0.6928 auc_pr_mean=0.4064 best=0.4105 target=<post-hoc> (73.2 min)
[d90] DONE condition=mae d=100 seed=42 perf=0.4105 criterion_met=False steps=600 reason=plateau (73.2 min)
[d90] appended row -> xAI/output/preadapt/_d90_queue/d90_results.csv (now 1 rows)
[cw0] d90 DONE  000_mae_d100_s42.args -> done/
[collector w0] --once drained 0 checkpoint(s); exiting.
[cw0] d90 START 002_mae_d100_s44.args  (claim=34869938_w0)
[cw0] d90 args: --backfill --condition mae --d 100 --seed 44 --shared-tokenizer mae --variant stable_evo --step_cap 4000 --patience 8 --eps 0.0001 --eval_every 50 --batch_size 64 --lr 0.001 --train_csv data/inat/train_v1.1.0.csv --val_csv data/inat/val_v1.1.0.csv --max_wall_seconds 600 --state_dir xAI/output/preadapt/_d90_queue/state --out xAI/output/preadapt/_d90_queue/d90_results.csv
============================================================
d90 subspace run (theta = theta0 + P v) [BACKFILL]
  condition        : mae
  d                : 100
  seed             : 44
  shared-tokenizer : mae
  perf_init/full   : <measure> / <post-hoc>
  device           : cuda:0
============================================================
[preadapt_models] init_model(condition='mae', exact_control_tokenizer=False): 303,303,682 params (303,303,682 currently trainable, pre-freeze).
[preadapt_train] applied MAE shared input stage (patch_embed + pos_embed).
[preadapt_models] freeze_input_stage: froze 3 input-stage tensors.
  D_trainable      : 302,314,498  ->  d=100  (P: {'method': 'achlioptas', 'seed': 44, 'd': 100, 'D_trainable': 302314498, 'density': 5.751359468564455e-05})
  perf_init (measured at v=0): 0.4045
  target (90%-gain): <post-hoc; running to plateau/step_cap>
  step=50 loss=0.6929 auc_pr_mean=0.4045 best=0.4045 target=<post-hoc> (6.1 min)
[d90] YIELD condition=mae d=100 seed=44 step=86 best=0.4045 -> state saved xAI/output/preadapt/_d90_queue/state/mae_d100_s44.pt (10.0 min this claim); re-queue to resume.
[d90] INCOMPLETE (wall_timeout): state saved; exit 2 -> caller should re-queue.
[collector w0] --once drained 0 checkpoint(s); exiting.
[cw0] d90 START 003_mae_d100_s45.args  (claim=34869938_w0)
[cw0] d90 args: --backfill --condition mae --d 100 --seed 45 --shared-tokenizer mae --variant stable_evo --step_cap 4000 --patience 8 --eps 0.0001 --eval_every 50 --batch_size 64 --lr 0.001 --train_csv data/inat/train_v1.1.0.csv --val_csv data/inat/val_v1.1.0.csv --max_wall_seconds 600 --state_dir xAI/output/preadapt/_d90_queue/state --out xAI/output/preadapt/_d90_queue/d90_results.csv
============================================================
d90 subspace run (theta = theta0 + P v) [BACKFILL]
  condition        : mae
  d                : 100
  seed             : 45
  shared-tokenizer : mae
  perf_init/full   : <measure> / <post-hoc>
  device           : cuda:0
============================================================
[preadapt_models] init_model(condition='mae', exact_control_tokenizer=False): 303,303,682 params (303,303,682 currently trainable, pre-freeze).
[preadapt_train] applied MAE shared input stage (patch_embed + pos_embed).
[preadapt_models] freeze_input_stage: froze 3 input-stage tensors.
  D_trainable      : 302,314,498  ->  d=100  (P: {'method': 'achlioptas', 'seed': 45, 'd': 100, 'D_trainable': 302314498, 'density': 5.751359468564455e-05})
  perf_init (measured at v=0): 0.4070
  target (90%-gain): <post-hoc; running to plateau/step_cap>
  step=50 loss=0.6930 auc_pr_mean=0.4070 best=0.4070 target=<post-hoc> (6.2 min)
[d90] YIELD condition=mae d=100 seed=45 step=86 best=0.4070 -> state saved xAI/output/preadapt/_d90_queue/state/mae_d100_s45.pt (10.0 min this claim); re-queue to resume.
[d90] INCOMPLETE (wall_timeout): state saved; exit 2 -> caller should re-queue.
[extract] step=1900 SKIP heavy block block_circuits (ordinal=380 basis=step_fallback heavy_every=3)
[extract] step=1900 SKIP heavy block block_interp (ordinal=380 basis=step_fallback heavy_every=3)
[extract] step=1900 SKIP heavy block block_probes (ordinal=380 basis=step_fallback heavy_every=3)
[extract] step=1900 heavy=FALSE total=26.91s | block_optim=0.00 block_curvature=5.23 block_weights=12.28 block_trajectory=0.47 block_fitness=5.87
[collector w0] processed run_id=mae__adamw__s42 step=0 heavy=False blocks_ok=5 blocks_err=0 t=26.905s -> KEPT(->kept/,FULL anchor)
[extract] step=1905 heavy=TRUE total=183.89s | block_optim=30.11 block_curvature=4.52 block_weights=9.15 block_trajectory=0.44 block_circuits=3.20 block_interp=89.04 block_probes=38.31 block_fitness=5.14
[collector w0] processed run_id=mae__adamw__s42 step=1905 heavy=True blocks_ok=8 blocks_err=0 t=183.892s -> deleted
[extract] step=1925 SKIP heavy block block_circuits (ordinal=385 basis=step_fallback heavy_every=3)
[extract] step=1925 SKIP heavy block block_interp (ordinal=385 basis=step_fallback heavy_every=3)
[extract] step=1925 SKIP heavy block block_probes (ordinal=385 basis=step_fallback heavy_every=3)
[extract] step=1925 heavy=FALSE total=53.21s | block_optim=29.64 block_curvature=4.53 block_weights=9.13 block_trajectory=0.46 block_fitness=5.11
[collector w0] processed run_id=mae__adamw__s42 step=1925 heavy=False blocks_ok=5 blocks_err=0 t=53.209s -> deleted
[extract] step=1930 SKIP heavy block block_circuits (ordinal=386 basis=step_fallback heavy_every=3)
[extract] step=1930 SKIP heavy block block_interp (ordinal=386 basis=step_fallback heavy_every=3)
[extract] step=1930 SKIP heavy block block_probes (ordinal=386 basis=step_fallback heavy_every=3)
[extract] step=1930 heavy=FALSE total=53.10s | block_optim=29.31 block_curvature=4.49 block_weights=8.79 block_trajectory=0.49 block_fitness=5.10
[collector w0] processed run_id=mae__adamw__s42 step=1930 heavy=False blocks_ok=5 blocks_err=0 t=53.103s -> deleted
[extract] step=1935 heavy=TRUE total=177.41s | block_optim=29.44 block_curvature=4.54 block_weights=8.91 block_trajectory=0.47 block_circuits=2.47 block_interp=87.89 block_probes=33.05 block_fitness=6.28
[collector w0] processed run_id=mae__adamw__s42 step=1935 heavy=True blocks_ok=8 blocks_err=0 t=177.407s -> deleted
[extract] step=1956 SKIP heavy block block_circuits (ordinal=391 basis=step_fallback heavy_every=3)
[extract] step=1956 SKIP heavy block block_interp (ordinal=391 basis=step_fallback heavy_every=3)
[extract] step=1956 SKIP heavy block block_probes (ordinal=391 basis=step_fallback heavy_every=3)
[extract] step=1956 heavy=FALSE total=53.53s | block_optim=29.88 block_curvature=4.50 block_weights=9.38 block_trajectory=0.47 block_fitness=5.10
[collector w0] processed run_id=mae__adamw__s42 step=1956 heavy=False blocks_ok=5 blocks_err=0 t=53.528s -> deleted
[extract] step=1962 SKIP heavy block block_circuits (ordinal=392 basis=step_fallback heavy_every=3)
[extract] step=1962 SKIP heavy block block_interp (ordinal=392 basis=step_fallback heavy_every=3)
[extract] step=1962 SKIP heavy block block_probes (ordinal=392 basis=step_fallback heavy_every=3)
[extract] step=1962 heavy=FALSE total=52.86s | block_optim=29.32 block_curvature=4.52 block_weights=8.99 block_trajectory=0.47 block_fitness=5.25
[collector w0] processed run_id=mae__adamw__s42 step=1962 heavy=False blocks_ok=5 blocks_err=0 t=52.858s -> deleted
[extract] step=1968 heavy=TRUE total=182.30s | block_optim=29.52 block_curvature=4.53 block_weights=8.84 block_trajectory=0.49 block_circuits=2.57 block_interp=89.11 block_probes=38.07 block_fitness=5.09
[collector w0] processed run_id=mae__adamw__s42 step=1968 heavy=True blocks_ok=8 blocks_err=0 t=182.305s -> KEPT(->kept/,FULL latest2)
[extract] step=1989 SKIP heavy block block_circuits (ordinal=397 basis=step_fallback heavy_every=3)
[extract] step=1989 SKIP heavy block block_interp (ordinal=397 basis=step_fallback heavy_every=3)
[extract] step=1989 SKIP heavy block block_probes (ordinal=397 basis=step_fallback heavy_every=3)
[extract] step=1989 heavy=FALSE total=53.49s | block_optim=29.82 block_curvature=4.55 block_weights=9.07 block_trajectory=0.50 block_fitness=5.30
[collector w0] processed run_id=mae__adamw__s42 step=1989 heavy=False blocks_ok=5 blocks_err=0 t=53.491s -> KEPT(->kept/,FULL latest2)
[extract] step=1996 heavy=TRUE total=183.12s | block_optim=29.35 block_curvature=4.55 block_weights=9.00 block_trajectory=0.47 block_circuits=2.48 block_interp=89.24 block_probes=38.61 block_fitness=5.32
[collector w0] re-slimmed kept run_id=mae__adamw__s42 step=1968 MODEL-ONLY (bumped out of latest-2).
[collector w0] processed run_id=mae__adamw__s42 step=1996 heavy=True blocks_ok=8 blocks_err=0 t=183.121s -> KEPT(->kept/,FULL latest2)
[extract] step=2015 SKIP heavy block block_circuits (ordinal=403 basis=step_fallback heavy_every=3)
[extract] step=2015 SKIP heavy block block_interp (ordinal=403 basis=step_fallback heavy_every=3)
[extract] step=2015 SKIP heavy block block_probes (ordinal=403 basis=step_fallback heavy_every=3)
[extract] step=2015 heavy=FALSE total=52.87s | block_optim=29.57 block_curvature=4.58 block_weights=9.19 block_trajectory=0.47 block_fitness=5.10
[collector w0] re-slimmed kept run_id=mae__adamw__s42 step=1989 MODEL-ONLY (bumped out of latest-2).
[collector w0] processed run_id=mae__adamw__s42 step=2015 heavy=False blocks_ok=5 blocks_err=0 t=52.874s -> KEPT(->kept/,FULL latest2)
[extract] step=2021 SKIP heavy block block_circuits (ordinal=404 basis=step_fallback heavy_every=3)
[extract] step=2021 SKIP heavy block block_interp (ordinal=404 basis=step_fallback heavy_every=3)
[extract] step=2021 SKIP heavy block block_probes (ordinal=404 basis=step_fallback heavy_every=3)
[extract] step=2021 heavy=FALSE total=52.32s | block_optim=29.50 block_curvature=4.54 block_weights=8.83 block_trajectory=0.49 block_fitness=5.11
[collector w0] re-slimmed kept run_id=mae__adamw__s42 step=1996 MODEL-ONLY (bumped out of latest-2).
[collector w0] processed run_id=mae__adamw__s42 step=2021 heavy=False blocks_ok=5 blocks_err=0 t=52.319s -> KEPT(->kept/,FULL latest2)
[extract] step=2027 heavy=TRUE total=180.44s | block_optim=29.30 block_curvature=4.56 block_weights=8.88 block_trajectory=0.47 block_circuits=2.49 block_interp=88.76 block_probes=37.29 block_fitness=5.06
[collector w0] re-slimmed kept run_id=mae__adamw__s42 step=2015 MODEL-ONLY (bumped out of latest-2).
[collector w0] processed run_id=mae__adamw__s42 step=2027 heavy=True blocks_ok=8 blocks_err=0 t=180.441s -> KEPT(->kept/,FULL latest2)
[extract] step=2042 heavy=TRUE total=180.38s | block_optim=29.49 block_curvature=4.58 block_weights=9.22 block_trajectory=0.47 block_circuits=2.32 block_interp=88.21 block_probes=37.34 block_fitness=5.13
[collector w0] processed run_id=mae__adamw__s42 step=2042 heavy=True blocks_ok=8 blocks_err=0 t=180.377s -> deleted
[extract] step=2062 SKIP heavy block block_circuits (ordinal=412 basis=step_fallback heavy_every=3)
[extract] step=2062 SKIP heavy block block_interp (ordinal=412 basis=step_fallback heavy_every=3)
[extract] step=2062 SKIP heavy block block_probes (ordinal=412 basis=step_fallback heavy_every=3)
[extract] step=2062 heavy=FALSE total=53.18s | block_optim=29.57 block_curvature=4.55 block_weights=9.12 block_trajectory=0.50 block_fitness=5.10
[collector w0] processed run_id=mae__adamw__s42 step=2062 heavy=False blocks_ok=5 blocks_err=0 t=53.178s -> deleted
[extract] step=2067 SKIP heavy block block_circuits (ordinal=413 basis=step_fallback heavy_every=3)
[extract] step=2067 SKIP heavy block block_interp (ordinal=413 basis=step_fallback heavy_every=3)
[extract] step=2067 SKIP heavy block block_probes (ordinal=413 basis=step_fallback heavy_every=3)
[extract] step=2067 heavy=FALSE total=52.84s | block_optim=29.41 block_curvature=4.58 block_weights=8.89 block_trajectory=0.48 block_fitness=5.08
[collector w0] processed run_id=mae__adamw__s42 step=2067 heavy=False blocks_ok=5 blocks_err=0 t=52.841s -> deleted
[extract] step=2072 heavy=TRUE total=178.06s | block_optim=29.36 block_curvature=4.56 block_weights=8.76 block_trajectory=0.47 block_circuits=2.50 block_interp=88.11 block_probes=34.16 block_fitness=5.89
[collector w0] processed run_id=mae__adamw__s42 step=2072 heavy=True blocks_ok=8 blocks_err=0 t=178.057s -> deleted
[extract] step=2092 SKIP heavy block block_circuits (ordinal=418 basis=step_fallback heavy_every=3)
[extract] step=2092 SKIP heavy block block_interp (ordinal=418 basis=step_fallback heavy_every=3)
[extract] step=2092 SKIP heavy block block_probes (ordinal=418 basis=step_fallback heavy_every=3)
[extract] step=2092 heavy=FALSE total=53.59s | block_optim=29.79 block_curvature=4.60 block_weights=9.23 block_trajectory=0.47 block_fitness=5.12
[collector w0] re-slimmed kept run_id=mae__adamw__s42 step=2021 MODEL-ONLY (bumped out of latest-2).
[collector w0] processed run_id=mae__adamw__s42 step=2092 heavy=False blocks_ok=5 blocks_err=0 t=53.587s -> KEPT(->kept/,FULL latest2)
[extract] step=2097 SKIP heavy block block_circuits (ordinal=419 basis=step_fallback heavy_every=3)
[extract] step=2097 SKIP heavy block block_interp (ordinal=419 basis=step_fallback heavy_every=3)
[extract] step=2097 SKIP heavy block block_probes (ordinal=419 basis=step_fallback heavy_every=3)
[extract] step=2097 heavy=FALSE total=52.72s | block_optim=29.65 block_curvature=4.58 block_weights=9.07 block_trajectory=0.47 block_fitness=5.08
[collector w0] re-slimmed kept run_id=mae__adamw__s42 step=2027 MODEL-ONLY (bumped out of latest-2).
[collector w0] processed run_id=mae__adamw__s42 step=2097 heavy=False blocks_ok=5 blocks_err=0 t=52.725s -> KEPT(->kept/,FULL latest2)
[extract] step=2102 heavy=TRUE total=179.98s | block_optim=29.36 block_curvature=4.56 block_weights=8.87 block_trajectory=0.49 block_circuits=2.44 block_interp=88.23 block_probes=37.32 block_fitness=5.06
[collector w0] processed run_id=mae__adamw__s42 step=2102 heavy=True blocks_ok=8 blocks_err=0 t=179.985s -> deleted
[extract] step=2117 heavy=TRUE total=181.37s | block_optim=29.77 block_curvature=4.56 block_weights=9.30 block_trajectory=0.48 block_circuits=2.32 block_interp=88.74 block_probes=37.09 block_fitness=5.09
[collector w0] processed run_id=mae__adamw__s42 step=2117 heavy=True blocks_ok=8 blocks_err=0 t=181.374s -> deleted
[extract] step=2137 SKIP heavy block block_circuits (ordinal=427 basis=step_fallback heavy_every=3)
[extract] step=2137 SKIP heavy block block_interp (ordinal=427 basis=step_fallback heavy_every=3)
[extract] step=2137 SKIP heavy block block_probes (ordinal=427 basis=step_fallback heavy_every=3)
[extract] step=2137 heavy=FALSE total=53.38s | block_optim=29.60 block_curvature=4.56 block_weights=9.36 block_trajectory=0.48 block_fitness=5.09
[collector w0] processed run_id=mae__adamw__s42 step=2137 heavy=False blocks_ok=5 blocks_err=0 t=53.38s -> deleted
[extract] step=2142 SKIP heavy block block_circuits (ordinal=428 basis=step_fallback heavy_every=3)
[extract] step=2142 SKIP heavy block block_interp (ordinal=428 basis=step_fallback heavy_every=3)
[extract] step=2142 SKIP heavy block block_probes (ordinal=428 basis=step_fallback heavy_every=3)
[extract] step=2142 heavy=FALSE total=52.61s | block_optim=29.38 block_curvature=4.54 block_weights=8.82 block_trajectory=0.49 block_fitness=5.10
[collector w0] processed run_id=mae__adamw__s42 step=2142 heavy=False blocks_ok=5 blocks_err=0 t=52.614s -> deleted
[extract] step=2147 heavy=TRUE total=182.74s | block_optim=29.53 block_curvature=4.58 block_weights=8.80 block_trajectory=0.50 block_circuits=2.61 block_interp=89.11 block_probes=38.32 block_fitness=5.16
[collector w0] processed run_id=mae__adamw__s42 step=2147 heavy=True blocks_ok=8 blocks_err=0 t=182.742s -> deleted
[extract] step=2162 heavy=TRUE total=182.36s | block_optim=29.58 block_curvature=4.55 block_weights=9.11 block_trajectory=0.49 block_circuits=2.30 block_interp=89.21 block_probes=37.81 block_fitness=5.20
[collector w0] processed run_id=mae__adamw__s42 step=2162 heavy=True blocks_ok=8 blocks_err=0 t=182.362s -> deleted
[extract] step=2182 SKIP heavy block block_circuits (ordinal=436 basis=step_fallback heavy_every=3)
[extract] step=2182 SKIP heavy block block_interp (ordinal=436 basis=step_fallback heavy_every=3)
[extract] step=2182 SKIP heavy block block_probes (ordinal=436 basis=step_fallback heavy_every=3)
[extract] step=2182 heavy=FALSE total=53.32s | block_optim=29.46 block_curvature=4.56 block_weights=9.23 block_trajectory=0.49 block_fitness=5.19
[collector w0] processed run_id=mae__adamw__s42 step=2182 heavy=False blocks_ok=5 blocks_err=0 t=53.323s -> deleted
[extract] step=2187 SKIP heavy block block_circuits (ordinal=437 basis=step_fallback heavy_every=3)
[extract] step=2187 SKIP heavy block block_interp (ordinal=437 basis=step_fallback heavy_every=3)
[extract] step=2187 SKIP heavy block block_probes (ordinal=437 basis=step_fallback heavy_every=3)
[extract] step=2187 heavy=FALSE total=52.88s | block_optim=29.34 block_curvature=4.58 block_weights=8.89 block_trajectory=0.51 block_fitness=5.19
[collector w0] processed run_id=mae__adamw__s42 step=2187 heavy=False blocks_ok=5 blocks_err=0 t=52.877s -> deleted
[extract] step=2192 heavy=TRUE total=182.05s | block_optim=29.42 block_curvature=4.59 block_weights=8.93 block_trajectory=0.50 block_circuits=2.54 block_interp=88.73 block_probes=37.99 block_fitness=5.19
[collector w0] processed run_id=mae__adamw__s42 step=2192 heavy=True blocks_ok=8 blocks_err=0 t=182.052s -> deleted
[extract] step=2212 SKIP heavy block block_circuits (ordinal=442 basis=step_fallback heavy_every=3)
[extract] step=2212 SKIP heavy block block_interp (ordinal=442 basis=step_fallback heavy_every=3)
[extract] step=2212 SKIP heavy block block_probes (ordinal=442 basis=step_fallback heavy_every=3)
[extract] step=2212 heavy=FALSE total=53.74s | block_optim=29.68 block_curvature=4.61 block_weights=9.32 block_trajectory=0.50 block_fitness=5.23
[collector w0] processed run_id=mae__adamw__s42 step=2212 heavy=False blocks_ok=5 blocks_err=0 t=53.74s -> deleted
[extract] step=2217 SKIP heavy block block_circuits (ordinal=443 basis=step_fallback heavy_every=3)
[extract] step=2217 SKIP heavy block block_interp (ordinal=443 basis=step_fallback heavy_every=3)
[extract] step=2217 SKIP heavy block block_probes (ordinal=443 basis=step_fallback heavy_every=3)
[extract] step=2217 heavy=FALSE total=53.05s | block_optim=29.42 block_curvature=4.56 block_weights=9.04 block_trajectory=0.48 block_fitness=5.12
[collector w0] processed run_id=mae__adamw__s42 step=2217 heavy=False blocks_ok=5 blocks_err=0 t=53.053s -> deleted
[extract] step=2222 heavy=TRUE total=182.74s | block_optim=29.25 block_curvature=4.59 block_weights=9.12 block_trajectory=0.47 block_circuits=2.60 block_interp=89.45 block_probes=37.93 block_fitness=5.19
[collector w0] processed run_id=mae__adamw__s42 step=2222 heavy=True blocks_ok=8 blocks_err=0 t=182.74s -> deleted
[extract] step=2237 heavy=TRUE total=178.15s | block_optim=29.67 block_curvature=4.58 block_weights=9.32 block_trajectory=0.50 block_circuits=2.37 block_interp=88.36 block_probes=33.04 block_fitness=6.19
[collector w0] processed run_id=mae__adamw__s42 step=2237 heavy=True blocks_ok=8 blocks_err=0 t=178.151s -> deleted
[extract] step=2257 SKIP heavy block block_circuits (ordinal=451 basis=step_fallback heavy_every=3)
[extract] step=2257 SKIP heavy block block_interp (ordinal=451 basis=step_fallback heavy_every=3)
[extract] step=2257 SKIP heavy block block_probes (ordinal=451 basis=step_fallback heavy_every=3)
[extract] step=2257 heavy=FALSE total=53.98s | block_optim=29.77 block_curvature=4.57 block_weights=9.38 block_trajectory=0.47 block_fitness=5.19
[collector w0] processed run_id=mae__adamw__s42 step=2257 heavy=False blocks_ok=5 blocks_err=0 t=53.978s -> deleted
[extract] step=2262 SKIP heavy block block_circuits (ordinal=452 basis=step_fallback heavy_every=3)
[extract] step=2262 SKIP heavy block block_interp (ordinal=452 basis=step_fallback heavy_every=3)
[extract] step=2262 SKIP heavy block block_probes (ordinal=452 basis=step_fallback heavy_every=3)
[extract] step=2262 heavy=FALSE total=52.88s | block_optim=29.27 block_curvature=4.57 block_weights=8.95 block_trajectory=0.47 block_fitness=5.17
[collector w0] processed run_id=mae__adamw__s42 step=2262 heavy=False blocks_ok=5 blocks_err=0 t=52.884s -> deleted
[extract] step=2267 heavy=TRUE total=181.67s | block_optim=29.39 block_curvature=4.56 block_weights=8.89 block_trajectory=0.47 block_circuits=2.52 block_interp=88.72 block_probes=37.89 block_fitness=5.20
[collector w0] processed run_id=mae__adamw__s42 step=2267 heavy=True blocks_ok=8 blocks_err=0 t=181.673s -> deleted
[extract] step=2282 heavy=TRUE total=182.43s | block_optim=29.68 block_curvature=4.57 block_weights=9.06 block_trajectory=0.47 block_circuits=2.34 block_interp=89.02 block_probes=38.04 block_fitness=5.20
[collector w0] processed run_id=mae__adamw__s42 step=2282 heavy=True blocks_ok=8 blocks_err=0 t=182.431s -> deleted
[extract] step=2302 SKIP heavy block block_circuits (ordinal=460 basis=step_fallback heavy_every=3)
[extract] step=2302 SKIP heavy block block_interp (ordinal=460 basis=step_fallback heavy_every=3)
[extract] step=2302 SKIP heavy block block_probes (ordinal=460 basis=step_fallback heavy_every=3)
[extract] step=2302 heavy=FALSE total=53.48s | block_optim=29.51 block_curvature=4.55 block_weights=9.40 block_trajectory=0.50 block_fitness=5.17
[collector w0] processed run_id=mae__adamw__s42 step=2302 heavy=False blocks_ok=5 blocks_err=0 t=53.479s -> deleted
[extract] step=2307 SKIP heavy block block_circuits (ordinal=461 basis=step_fallback heavy_every=3)
[extract] step=2307 SKIP heavy block block_interp (ordinal=461 basis=step_fallback heavy_every=3)
[extract] step=2307 SKIP heavy block block_probes (ordinal=461 basis=step_fallback heavy_every=3)
[extract] step=2307 heavy=FALSE total=53.03s | block_optim=29.65 block_curvature=4.55 block_weights=8.88 block_trajectory=0.47 block_fitness=5.17
[collector w0] processed run_id=mae__adamw__s42 step=2307 heavy=False blocks_ok=5 blocks_err=0 t=53.029s -> deleted
[extract] step=2312 heavy=TRUE total=183.27s | block_optim=29.31 block_curvature=4.59 block_weights=9.05 block_trajectory=0.50 block_circuits=2.58 block_interp=89.41 block_probes=38.41 block_fitness=5.25
[collector w0] processed run_id=mae__adamw__s42 step=2312 heavy=True blocks_ok=8 blocks_err=0 t=183.272s -> deleted
[extract] step=2327 heavy=TRUE total=182.83s | block_optim=29.74 block_curvature=4.59 block_weights=9.37 block_trajectory=0.47 block_circuits=2.52 block_interp=89.04 block_probes=37.76 block_fitness=5.21
[collector w0] processed run_id=mae__adamw__s42 step=2327 heavy=True blocks_ok=8 blocks_err=0 t=182.827s -> deleted
[extract] step=2347 SKIP heavy block block_circuits (ordinal=469 basis=step_fallback heavy_every=3)
[extract] step=2347 SKIP heavy block block_interp (ordinal=469 basis=step_fallback heavy_every=3)
[extract] step=2347 SKIP heavy block block_probes (ordinal=469 basis=step_fallback heavy_every=3)
[extract] step=2347 heavy=FALSE total=53.84s | block_optim=29.99 block_curvature=4.57 block_weights=9.38 block_trajectory=0.47 block_fitness=5.14
[collector w0] processed run_id=mae__adamw__s42 step=2347 heavy=False blocks_ok=5 blocks_err=0 t=53.84s -> deleted
[extract] step=2352 SKIP heavy block block_circuits (ordinal=470 basis=step_fallback heavy_every=3)
[extract] step=2352 SKIP heavy block block_interp (ordinal=470 basis=step_fallback heavy_every=3)
[extract] step=2352 SKIP heavy block block_probes (ordinal=470 basis=step_fallback heavy_every=3)
[extract] step=2352 heavy=FALSE total=52.89s | block_optim=29.38 block_curvature=4.55 block_weights=8.92 block_trajectory=0.47 block_fitness=5.17
[collector w0] processed run_id=mae__adamw__s42 step=2352 heavy=False blocks_ok=5 blocks_err=0 t=52.892s -> deleted
[extract] step=2357 heavy=TRUE total=182.92s | block_optim=29.33 block_curvature=4.59 block_weights=8.97 block_trajectory=0.50 block_circuits=2.59 block_interp=89.73 block_probes=37.82 block_fitness=5.18
[collector w0] processed run_id=mae__adamw__s42 step=2357 heavy=True blocks_ok=8 blocks_err=0 t=182.924s -> deleted
[extract] step=2372 heavy=TRUE total=182.10s | block_optim=29.71 block_curvature=4.55 block_weights=9.37 block_trajectory=0.50 block_circuits=2.33 block_interp=88.46 block_probes=37.77 block_fitness=5.24
[collector w0] processed run_id=mae__adamw__s42 step=2372 heavy=True blocks_ok=8 blocks_err=0 t=182.101s -> deleted
[extract] step=2392 SKIP heavy block block_circuits (ordinal=478 basis=step_fallback heavy_every=3)
[extract] step=2392 SKIP heavy block block_interp (ordinal=478 basis=step_fallback heavy_every=3)
[extract] step=2392 SKIP heavy block block_probes (ordinal=478 basis=step_fallback heavy_every=3)
[extract] step=2392 heavy=FALSE total=53.36s | block_optim=29.66 block_curvature=4.58 block_weights=9.18 block_trajectory=0.47 block_fitness=5.16
[collector w0] processed run_id=mae__adamw__s42 step=2392 heavy=False blocks_ok=5 blocks_err=0 t=53.365s -> deleted
[extract] step=2397 SKIP heavy block block_circuits (ordinal=479 basis=step_fallback heavy_every=3)
[extract] step=2397 SKIP heavy block block_interp (ordinal=479 basis=step_fallback heavy_every=3)
[extract] step=2397 SKIP heavy block block_probes (ordinal=479 basis=step_fallback heavy_every=3)
[extract] step=2397 heavy=FALSE total=53.09s | block_optim=29.39 block_curvature=4.58 block_weights=9.06 block_trajectory=0.50 block_fitness=5.14
[collector w0] processed run_id=mae__adamw__s42 step=2397 heavy=False blocks_ok=5 blocks_err=0 t=53.092s -> deleted
[extract] step=2402 heavy=TRUE total=182.38s | block_optim=29.45 block_curvature=4.55 block_weights=9.02 block_trajectory=0.50 block_circuits=2.56 block_interp=88.90 block_probes=38.06 block_fitness=5.17
[collector w0] processed run_id=mae__adamw__s42 step=2402 heavy=True blocks_ok=8 blocks_err=0 t=182.381s -> deleted
[extract] step=2422 SKIP heavy block block_circuits (ordinal=484 basis=step_fallback heavy_every=3)
[extract] step=2422 SKIP heavy block block_interp (ordinal=484 basis=step_fallback heavy_every=3)
[extract] step=2422 SKIP heavy block block_probes (ordinal=484 basis=step_fallback heavy_every=3)
[extract] step=2422 heavy=FALSE total=53.82s | block_optim=29.93 block_curvature=4.56 block_weights=9.33 block_trajectory=0.47 block_fitness=5.10
[collector w0] processed run_id=mae__adamw__s42 step=2422 heavy=False blocks_ok=5 blocks_err=0 t=53.818s -> deleted
[extract] step=2427 SKIP heavy block block_circuits (ordinal=485 basis=step_fallback heavy_every=3)
[extract] step=2427 SKIP heavy block block_interp (ordinal=485 basis=step_fallback heavy_every=3)
[extract] step=2427 SKIP heavy block block_probes (ordinal=485 basis=step_fallback heavy_every=3)
[extract] step=2427 heavy=FALSE total=52.86s | block_optim=29.40 block_curvature=4.56 block_weights=8.88 block_trajectory=0.48 block_fitness=5.14
[collector w0] processed run_id=mae__adamw__s42 step=2427 heavy=False blocks_ok=5 blocks_err=0 t=52.857s -> deleted
[extract] step=2432 heavy=TRUE total=181.47s | block_optim=29.54 block_curvature=4.59 block_weights=8.94 block_trajectory=0.47 block_circuits=2.59 block_interp=88.22 block_probes=37.89 block_fitness=5.20
[collector w0] processed run_id=mae__adamw__s42 step=2432 heavy=True blocks_ok=8 blocks_err=0 t=181.469s -> deleted
[extract] step=2447 heavy=TRUE total=179.35s | block_optim=29.68 block_curvature=4.58 block_weights=9.21 block_trajectory=0.47 block_circuits=2.36 block_interp=88.41 block_probes=34.21 block_fitness=6.10
[collector w0] processed run_id=mae__adamw__s42 step=2447 heavy=True blocks_ok=8 blocks_err=0 t=179.352s -> deleted
[extract] step=2467 SKIP heavy block block_circuits (ordinal=493 basis=step_fallback heavy_every=3)
[extract] step=2467 SKIP heavy block block_interp (ordinal=493 basis=step_fallback heavy_every=3)
[extract] step=2467 SKIP heavy block block_probes (ordinal=493 basis=step_fallback heavy_every=3)
[extract] step=2467 heavy=FALSE total=53.73s | block_optim=29.78 block_curvature=4.58 block_weights=9.32 block_trajectory=0.47 block_fitness=5.16
[collector w0] processed run_id=mae__adamw__s42 step=2467 heavy=False blocks_ok=5 blocks_err=0 t=53.735s -> deleted
[extract] step=2472 SKIP heavy block block_circuits (ordinal=494 basis=step_fallback heavy_every=3)
[extract] step=2472 SKIP heavy block block_interp (ordinal=494 basis=step_fallback heavy_every=3)
[extract] step=2472 SKIP heavy block block_probes (ordinal=494 basis=step_fallback heavy_every=3)
[extract] step=2472 heavy=FALSE total=53.27s | block_optim=29.63 block_curvature=4.59 block_weights=9.02 block_trajectory=0.50 block_fitness=5.16
[collector w0] processed run_id=mae__adamw__s42 step=2472 heavy=False blocks_ok=5 blocks_err=0 t=53.266s -> deleted
[extract] step=2477 heavy=TRUE total=178.84s | block_optim=29.43 block_curvature=4.56 block_weights=8.95 block_trajectory=0.51 block_circuits=2.55 block_interp=88.75 block_probes=34.31 block_fitness=5.48
[collector w0] processed run_id=mae__adamw__s42 step=2477 heavy=True blocks_ok=8 blocks_err=0 t=178.84s -> deleted
[extract] step=2492 heavy=TRUE total=180.81s | block_optim=29.64 block_curvature=4.56 block_weights=9.33 block_trajectory=0.47 block_circuits=2.44 block_interp=88.89 block_probes=36.02 block_fitness=5.24
[collector w0] processed run_id=mae__adamw__s42 step=2492 heavy=True blocks_ok=8 blocks_err=0 t=180.806s -> deleted
[extract] step=2512 SKIP heavy block block_circuits (ordinal=502 basis=step_fallback heavy_every=3)
[extract] step=2512 SKIP heavy block block_interp (ordinal=502 basis=step_fallback heavy_every=3)
[extract] step=2512 SKIP heavy block block_probes (ordinal=502 basis=step_fallback heavy_every=3)
[extract] step=2512 heavy=FALSE total=53.87s | block_optim=29.92 block_curvature=4.56 block_weights=9.35 block_trajectory=0.47 block_fitness=5.16
[collector w0] processed run_id=mae__adamw__s42 step=2512 heavy=False blocks_ok=5 blocks_err=0 t=53.87s -> deleted
[extract] step=2517 SKIP heavy block block_circuits (ordinal=503 basis=step_fallback heavy_every=3)
[extract] step=2517 SKIP heavy block block_interp (ordinal=503 basis=step_fallback heavy_every=3)
[extract] step=2517 SKIP heavy block block_probes (ordinal=503 basis=step_fallback heavy_every=3)
[extract] step=2517 heavy=FALSE total=53.08s | block_optim=29.55 block_curvature=4.57 block_weights=8.99 block_trajectory=0.50 block_fitness=5.19
[collector w0] processed run_id=mae__adamw__s42 step=2517 heavy=False blocks_ok=5 blocks_err=0 t=53.077s -> deleted
[extract] step=2522 heavy=TRUE total=178.43s | block_optim=29.46 block_curvature=4.58 block_weights=8.99 block_trajectory=0.50 block_circuits=2.50 block_interp=89.09 block_probes=33.84 block_fitness=5.33
[collector w0] processed run_id=mae__adamw__s42 step=2522 heavy=True blocks_ok=8 blocks_err=0 t=178.429s -> deleted
[extract] step=2537 heavy=TRUE total=179.75s | block_optim=29.56 block_curvature=4.60 block_weights=9.29 block_trajectory=0.50 block_circuits=2.33 block_interp=89.33 block_probes=34.62 block_fitness=5.32
[collector w0] processed run_id=mae__adamw__s42 step=2537 heavy=True blocks_ok=8 blocks_err=0 t=179.745s -> deleted
[extract] step=2557 SKIP heavy block block_circuits (ordinal=511 basis=step_fallback heavy_every=3)
[extract] step=2557 SKIP heavy block block_interp (ordinal=511 basis=step_fallback heavy_every=3)
[extract] step=2557 SKIP heavy block block_probes (ordinal=511 basis=step_fallback heavy_every=3)
[extract] step=2557 heavy=FALSE total=53.57s | block_optim=29.68 block_curvature=4.61 block_weights=9.27 block_trajectory=0.51 block_fitness=5.20
[collector w0] processed run_id=mae__adamw__s42 step=2557 heavy=False blocks_ok=5 blocks_err=0 t=53.575s -> deleted
[extract] step=2562 SKIP heavy block block_circuits (ordinal=512 basis=step_fallback heavy_every=3)
[extract] step=2562 SKIP heavy block block_interp (ordinal=512 basis=step_fallback heavy_every=3)
[extract] step=2562 SKIP heavy block block_probes (ordinal=512 basis=step_fallback heavy_every=3)
[extract] step=2562 heavy=FALSE total=53.05s | block_optim=29.52 block_curvature=4.56 block_weights=8.93 block_trajectory=0.50 block_fitness=5.17
[collector w0] processed run_id=mae__adamw__s42 step=2562 heavy=False blocks_ok=5 blocks_err=0 t=53.053s -> deleted
[extract] step=2567 heavy=TRUE total=182.96s | block_optim=29.68 block_curvature=4.57 block_weights=8.97 block_trajectory=0.47 block_circuits=2.67 block_interp=89.00 block_probes=38.21 block_fitness=5.24
[collector w0] processed run_id=mae__adamw__s42 step=2567 heavy=True blocks_ok=8 blocks_err=0 t=182.957s -> deleted
[extract] step=2587 SKIP heavy block block_circuits (ordinal=517 basis=step_fallback heavy_every=3)
[extract] step=2587 SKIP heavy block block_interp (ordinal=517 basis=step_fallback heavy_every=3)
[extract] step=2587 SKIP heavy block block_probes (ordinal=517 basis=step_fallback heavy_every=3)
[extract] step=2587 heavy=FALSE total=54.05s | block_optim=29.93 block_curvature=4.59 block_weights=9.48 block_trajectory=0.47 block_fitness=5.17
[collector w0] processed run_id=mae__adamw__s42 step=2587 heavy=False blocks_ok=5 blocks_err=0 t=54.047s -> deleted
[extract] step=2592 SKIP heavy block block_circuits (ordinal=518 basis=step_fallback heavy_every=3)
[extract] step=2592 SKIP heavy block block_interp (ordinal=518 basis=step_fallback heavy_every=3)
[extract] step=2592 SKIP heavy block block_probes (ordinal=518 basis=step_fallback heavy_every=3)
[extract] step=2592 heavy=FALSE total=53.10s | block_optim=29.36 block_curvature=4.60 block_weights=9.10 block_trajectory=0.50 block_fitness=5.17
[collector w0] processed run_id=mae__adamw__s42 step=2592 heavy=False blocks_ok=5 blocks_err=0 t=53.101s -> deleted
[extract] step=2597 heavy=TRUE total=182.30s | block_optim=29.41 block_curvature=4.55 block_weights=8.93 block_trajectory=0.50 block_circuits=2.53 block_interp=89.24 block_probes=37.85 block_fitness=5.19
[collector w0] processed run_id=mae__adamw__s42 step=2597 heavy=True blocks_ok=8 blocks_err=0 t=182.3s -> deleted
[extract] step=2612 heavy=TRUE total=178.97s | block_optim=29.73 block_curvature=4.55 block_weights=9.37 block_trajectory=0.47 block_circuits=2.33 block_interp=88.97 block_probes=34.01 block_fitness=5.33
[collector w0] processed run_id=mae__adamw__s42 step=2612 heavy=True blocks_ok=8 blocks_err=0 t=178.972s -> deleted
[extract] step=2632 SKIP heavy block block_circuits (ordinal=526 basis=step_fallback heavy_every=3)
[extract] step=2632 SKIP heavy block block_interp (ordinal=526 basis=step_fallback heavy_every=3)
[extract] step=2632 SKIP heavy block block_probes (ordinal=526 basis=step_fallback heavy_every=3)
[extract] step=2632 heavy=FALSE total=54.07s | block_optim=29.68 block_curvature=4.58 block_weights=9.25 block_trajectory=0.46 block_fitness=5.16
[collector w0] re-slimmed kept run_id=mae__adamw__s42 step=2092 MODEL-ONLY (bumped out of latest-2).
[collector w0] processed run_id=mae__adamw__s42 step=2632 heavy=False blocks_ok=5 blocks_err=0 t=54.074s -> KEPT(->kept/,FULL latest2)
[extract] step=2637 SKIP heavy block block_circuits (ordinal=527 basis=step_fallback heavy_every=3)
[extract] step=2637 SKIP heavy block block_interp (ordinal=527 basis=step_fallback heavy_every=3)
[extract] step=2637 SKIP heavy block block_probes (ordinal=527 basis=step_fallback heavy_every=3)
[extract] step=2637 heavy=FALSE total=53.11s | block_optim=29.51 block_curvature=4.61 block_weights=8.92 block_trajectory=0.47 block_fitness=5.14
[collector w0] re-slimmed kept run_id=mae__adamw__s42 step=2097 MODEL-ONLY (bumped out of latest-2).
[collector w0] processed run_id=mae__adamw__s42 step=2637 heavy=False blocks_ok=5 blocks_err=0 t=53.106s -> KEPT(->kept/,FULL latest2)
[extract] step=2642 heavy=TRUE total=178.87s | block_optim=29.48 block_curvature=4.59 block_weights=8.96 block_trajectory=0.50 block_circuits=2.55 block_interp=89.09 block_probes=34.05 block_fitness=5.40
[collector w0] re-slimmed kept run_id=mae__adamw__s42 step=2637 MODEL-ONLY (bumped out of latest-2).
[collector w0] processed run_id=mae__adamw__s42 step=2642 heavy=True blocks_ok=8 blocks_err=0 t=178.872s -> KEPT(->kept/,FULL latest2)
[extract] step=2657 heavy=TRUE total=179.76s | block_optim=29.67 block_curvature=4.62 block_weights=9.16 block_trajectory=0.47 block_circuits=2.36 block_interp=89.27 block_probes=34.67 block_fitness=5.86
[collector w0] processed run_id=mae__adamw__s42 step=2657 heavy=True blocks_ok=8 blocks_err=0 t=179.762s -> KEPT(->kept/,model-only)
[extract] step=2677 SKIP heavy block block_circuits (ordinal=535 basis=step_fallback heavy_every=3)
[extract] step=2677 SKIP heavy block block_interp (ordinal=535 basis=step_fallback heavy_every=3)
[extract] step=2677 SKIP heavy block block_probes (ordinal=535 basis=step_fallback heavy_every=3)
[extract] step=2677 heavy=FALSE total=53.58s | block_optim=29.58 block_curvature=4.57 block_weights=9.28 block_trajectory=0.50 block_fitness=5.16
[collector w0] re-slimmed kept run_id=mae__adamw__s42 step=2662 MODEL-ONLY (bumped out of latest-2).
[collector w0] processed run_id=mae__adamw__s42 step=2677 heavy=False blocks_ok=5 blocks_err=0 t=53.581s -> KEPT(->kept/,FULL latest2)
[extract] step=2682 SKIP heavy block block_circuits (ordinal=536 basis=step_fallback heavy_every=3)
[extract] step=2682 SKIP heavy block block_interp (ordinal=536 basis=step_fallback heavy_every=3)
[extract] step=2682 SKIP heavy block block_probes (ordinal=536 basis=step_fallback heavy_every=3)
[extract] step=2682 heavy=FALSE total=52.69s | block_optim=29.53 block_curvature=4.59 block_weights=8.98 block_trajectory=0.50 block_fitness=5.18
[collector w0] processed run_id=mae__adamw__s42 step=2682 heavy=False blocks_ok=5 blocks_err=0 t=52.688s -> deleted
[extract] step=2687 heavy=TRUE total=182.15s | block_optim=29.49 block_curvature=4.59 block_weights=8.96 block_trajectory=0.47 block_circuits=2.47 block_interp=89.14 block_probes=37.83 block_fitness=5.16
[collector w0] processed run_id=mae__adamw__s42 step=2687 heavy=True blocks_ok=8 blocks_err=0 t=182.149s -> deleted
[extract] step=2702 heavy=TRUE total=182.65s | block_optim=29.72 block_curvature=4.61 block_weights=9.22 block_trajectory=0.48 block_circuits=2.33 block_interp=89.27 block_probes=37.66 block_fitness=5.22
[collector w0] processed run_id=mae__adamw__s42 step=2702 heavy=True blocks_ok=8 blocks_err=0 t=182.653s -> deleted
[extract] step=2722 SKIP heavy block block_circuits (ordinal=544 basis=step_fallback heavy_every=3)
[extract] step=2722 SKIP heavy block block_interp (ordinal=544 basis=step_fallback heavy_every=3)
[extract] step=2722 SKIP heavy block block_probes (ordinal=544 basis=step_fallback heavy_every=3)
[extract] step=2722 heavy=FALSE total=54.10s | block_optim=29.56 block_curvature=4.57 block_weights=9.22 block_trajectory=0.48 block_fitness=5.22
[collector w0] re-slimmed kept run_id=mae__adamw__s42 step=2707 MODEL-ONLY (bumped out of latest-2).
[collector w0] processed run_id=mae__adamw__s42 step=2722 heavy=False blocks_ok=5 blocks_err=0 t=54.104s -> KEPT(->kept/,FULL latest2)
[extract] step=2727 SKIP heavy block block_circuits (ordinal=545 basis=step_fallback heavy_every=3)
[extract] step=2727 SKIP heavy block block_interp (ordinal=545 basis=step_fallback heavy_every=3)
[extract] step=2727 SKIP heavy block block_probes (ordinal=545 basis=step_fallback heavy_every=3)
[extract] step=2727 heavy=FALSE total=52.52s | block_optim=29.56 block_curvature=4.59 block_weights=8.85 block_trajectory=0.47 block_fitness=5.18
[collector w0] processed run_id=mae__adamw__s42 step=2727 heavy=False blocks_ok=5 blocks_err=0 t=52.516s -> deleted
[extract] step=2732 heavy=TRUE total=182.09s | block_optim=29.47 block_curvature=4.59 block_weights=8.92 block_trajectory=0.49 block_circuits=2.45 block_interp=88.79 block_probes=38.23 block_fitness=5.17
[collector w0] processed run_id=mae__adamw__s42 step=2732 heavy=True blocks_ok=8 blocks_err=0 t=182.089s -> deleted
[extract] step=2747 heavy=TRUE total=182.35s | block_optim=29.79 block_curvature=4.61 block_weights=9.28 block_trajectory=0.47 block_circuits=2.33 block_interp=88.63 block_probes=37.94 block_fitness=5.13
[collector w0] processed run_id=mae__adamw__s42 step=2747 heavy=True blocks_ok=8 blocks_err=0 t=182.351s -> deleted
[extract] step=2767 SKIP heavy block block_circuits (ordinal=553 basis=step_fallback heavy_every=3)
[extract] step=2767 SKIP heavy block block_interp (ordinal=553 basis=step_fallback heavy_every=3)
[extract] step=2767 SKIP heavy block block_probes (ordinal=553 basis=step_fallback heavy_every=3)
[extract] step=2767 heavy=FALSE total=53.49s | block_optim=29.79 block_curvature=4.57 block_weights=9.25 block_trajectory=0.48 block_fitness=5.14
[collector w0] processed run_id=mae__adamw__s42 step=2767 heavy=False blocks_ok=5 blocks_err=0 t=53.486s -> deleted
[extract] step=2772 SKIP heavy block block_circuits (ordinal=554 basis=step_fallback heavy_every=3)
[extract] step=2772 SKIP heavy block block_interp (ordinal=554 basis=step_fallback heavy_every=3)
[extract] step=2772 SKIP heavy block block_probes (ordinal=554 basis=step_fallback heavy_every=3)
[extract] step=2772 heavy=FALSE total=52.82s | block_optim=29.50 block_curvature=4.56 block_weights=8.84 block_trajectory=0.47 block_fitness=5.10
[collector w0] processed run_id=mae__adamw__s42 step=2772 heavy=False blocks_ok=5 blocks_err=0 t=52.817s -> deleted
[extract] step=2777 heavy=TRUE total=183.89s | block_optim=29.41 block_curvature=4.56 block_weights=9.08 block_trajectory=0.47 block_circuits=2.70 block_interp=89.58 block_probes=38.55 block_fitness=5.24
[collector w0] processed run_id=mae__adamw__s42 step=2777 heavy=True blocks_ok=8 blocks_err=0 t=183.889s -> deleted
[extract] step=2792 heavy=TRUE total=178.12s | block_optim=29.64 block_curvature=4.58 block_weights=9.29 block_trajectory=0.51 block_circuits=2.34 block_interp=88.48 block_probes=33.75 block_fitness=5.38
[collector w0] processed run_id=mae__adamw__s42 step=2792 heavy=True blocks_ok=8 blocks_err=0 t=178.12s -> deleted
[extract] step=2812 SKIP heavy block block_circuits (ordinal=562 basis=step_fallback heavy_every=3)
[extract] step=2812 SKIP heavy block block_interp (ordinal=562 basis=step_fallback heavy_every=3)
[extract] step=2812 SKIP heavy block block_probes (ordinal=562 basis=step_fallback heavy_every=3)
[extract] step=2812 heavy=FALSE total=53.89s | block_optim=29.89 block_curvature=4.63 block_weights=9.24 block_trajectory=0.50 block_fitness=5.25
[collector w0] processed run_id=mae__adamw__s42 step=2812 heavy=False blocks_ok=5 blocks_err=0 t=53.889s -> deleted
[extract] step=2817 SKIP heavy block block_circuits (ordinal=563 basis=step_fallback heavy_every=3)
[extract] step=2817 SKIP heavy block block_interp (ordinal=563 basis=step_fallback heavy_every=3)
[extract] step=2817 SKIP heavy block block_probes (ordinal=563 basis=step_fallback heavy_every=3)
[extract] step=2817 heavy=FALSE total=53.54s | block_optim=29.58 block_curvature=4.65 block_weights=9.11 block_trajectory=0.50 block_fitness=5.24
[collector w0] processed run_id=mae__adamw__s42 step=2817 heavy=False blocks_ok=5 blocks_err=0 t=53.537s -> deleted
[extract] step=2822 heavy=TRUE total=184.51s | block_optim=29.80 block_curvature=4.59 block_weights=8.94 block_trajectory=0.49 block_circuits=2.45 block_interp=90.00 block_probes=38.77 block_fitness=5.25
[collector w0] processed run_id=mae__adamw__s42 step=2822 heavy=True blocks_ok=8 blocks_err=0 t=184.509s -> deleted
[extract] step=2842 SKIP heavy block block_circuits (ordinal=568 basis=step_fallback heavy_every=3)
[extract] step=2842 SKIP heavy block block_interp (ordinal=568 basis=step_fallback heavy_every=3)
[extract] step=2842 SKIP heavy block block_probes (ordinal=568 basis=step_fallback heavy_every=3)
[extract] step=2842 heavy=FALSE total=54.58s | block_optim=30.21 block_curvature=4.62 block_weights=9.64 block_trajectory=0.55 block_fitness=5.19
[collector w0] processed run_id=mae__adamw__s42 step=2842 heavy=False blocks_ok=5 blocks_err=0 t=54.577s -> deleted
[extract] step=2847 SKIP heavy block block_circuits (ordinal=569 basis=step_fallback heavy_every=3)
[extract] step=2847 SKIP heavy block block_interp (ordinal=569 basis=step_fallback heavy_every=3)
[extract] step=2847 SKIP heavy block block_probes (ordinal=569 basis=step_fallback heavy_every=3)
[extract] step=2847 heavy=FALSE total=53.27s | block_optim=29.68 block_curvature=4.58 block_weights=8.93 block_trajectory=0.50 block_fitness=5.17
[collector w0] processed run_id=mae__adamw__s42 step=2847 heavy=False blocks_ok=5 blocks_err=0 t=53.267s -> deleted
[extract] step=2852 heavy=TRUE total=186.48s | block_optim=29.64 block_curvature=4.63 block_weights=9.13 block_trajectory=0.55 block_circuits=2.58 block_interp=91.78 block_probes=38.69 block_fitness=5.26
[collector w0] processed run_id=mae__adamw__s42 step=2852 heavy=True blocks_ok=8 blocks_err=0 t=186.48s -> deleted
[extract] step=2867 heavy=TRUE total=180.69s | block_optim=30.10 block_curvature=4.65 block_weights=9.52 block_trajectory=0.50 block_circuits=2.32 block_interp=89.13 block_probes=34.29 block_fitness=5.94
[collector w0] processed run_id=mae__adamw__s42 step=2867 heavy=True blocks_ok=8 blocks_err=0 t=180.686s -> deleted
[extract] step=2887 SKIP heavy block block_circuits (ordinal=577 basis=step_fallback heavy_every=3)
[extract] step=2887 SKIP heavy block block_interp (ordinal=577 basis=step_fallback heavy_every=3)
[extract] step=2887 SKIP heavy block block_probes (ordinal=577 basis=step_fallback heavy_every=3)
[extract] step=2887 heavy=FALSE total=53.86s | block_optim=29.87 block_curvature=4.57 block_weights=9.20 block_trajectory=0.47 block_fitness=5.19
[collector w0] processed run_id=mae__adamw__s42 step=2887 heavy=False blocks_ok=5 blocks_err=0 t=53.864s -> deleted
[extract] step=2892 SKIP heavy block block_circuits (ordinal=578 basis=step_fallback heavy_every=3)
[extract] step=2892 SKIP heavy block block_interp (ordinal=578 basis=step_fallback heavy_every=3)
[extract] step=2892 SKIP heavy block block_probes (ordinal=578 basis=step_fallback heavy_every=3)
[extract] step=2892 heavy=FALSE total=52.86s | block_optim=29.34 block_curvature=4.57 block_weights=8.92 block_trajectory=0.47 block_fitness=5.18
[collector w0] processed run_id=mae__adamw__s42 step=2892 heavy=False blocks_ok=5 blocks_err=0 t=52.86s -> deleted
[extract] step=2897 heavy=TRUE total=181.90s | block_optim=29.63 block_curvature=4.56 block_weights=8.97 block_trajectory=0.47 block_circuits=2.62 block_interp=88.61 block_probes=37.74 block_fitness=5.21
[collector w0] processed run_id=mae__adamw__s42 step=2897 heavy=True blocks_ok=8 blocks_err=0 t=181.904s -> deleted
[extract] step=2912 heavy=TRUE total=178.56s | block_optim=29.42 block_curvature=4.59 block_weights=8.97 block_trajectory=0.47 block_circuits=2.28 block_interp=88.31 block_probes=33.40 block_fitness=6.57
[collector w0] processed run_id=mae__adamw__s42 step=2912 heavy=True blocks_ok=8 blocks_err=0 t=178.558s -> deleted
[extract] step=2932 SKIP heavy block block_circuits (ordinal=586 basis=step_fallback heavy_every=3)
[extract] step=2932 SKIP heavy block block_interp (ordinal=586 basis=step_fallback heavy_every=3)
[extract] step=2932 SKIP heavy block block_probes (ordinal=586 basis=step_fallback heavy_every=3)
[extract] step=2932 heavy=FALSE total=53.47s | block_optim=29.57 block_curvature=4.57 block_weights=9.19 block_trajectory=0.47 block_fitness=5.24
[collector w0] processed run_id=mae__adamw__s42 step=2932 heavy=False blocks_ok=5 blocks_err=0 t=53.469s -> deleted
[extract] step=2937 SKIP heavy block block_circuits (ordinal=587 basis=step_fallback heavy_every=3)
[extract] step=2937 SKIP heavy block block_interp (ordinal=587 basis=step_fallback heavy_every=3)
[extract] step=2937 SKIP heavy block block_probes (ordinal=587 basis=step_fallback heavy_every=3)
[extract] step=2937 heavy=FALSE total=52.95s | block_optim=29.48 block_curvature=4.55 block_weights=8.86 block_trajectory=0.48 block_fitness=5.24
[collector w0] processed run_id=mae__adamw__s42 step=2937 heavy=False blocks_ok=5 blocks_err=0 t=52.948s -> deleted
[extract] step=2942 heavy=TRUE total=182.04s | block_optim=29.39 block_curvature=4.57 block_weights=8.82 block_trajectory=0.47 block_circuits=2.53 block_interp=88.76 block_probes=38.04 block_fitness=5.27
[collector w0] processed run_id=mae__adamw__s42 step=2942 heavy=True blocks_ok=8 blocks_err=0 t=182.042s -> deleted
[extract] step=2962 SKIP heavy block block_circuits (ordinal=592 basis=step_fallback heavy_every=3)
[extract] step=2962 SKIP heavy block block_interp (ordinal=592 basis=step_fallback heavy_every=3)
[extract] step=2962 SKIP heavy block block_probes (ordinal=592 basis=step_fallback heavy_every=3)
[extract] step=2962 heavy=FALSE total=53.56s | block_optim=29.65 block_curvature=4.56 block_weights=9.32 block_trajectory=0.46 block_fitness=5.20
[collector w0] processed run_id=mae__adamw__s42 step=2962 heavy=False blocks_ok=5 blocks_err=0 t=53.56s -> deleted
[extract] step=2967 SKIP heavy block block_circuits (ordinal=593 basis=step_fallback heavy_every=3)
[extract] step=2967 SKIP heavy block block_interp (ordinal=593 basis=step_fallback heavy_every=3)
[extract] step=2967 SKIP heavy block block_probes (ordinal=593 basis=step_fallback heavy_every=3)
[extract] step=2967 heavy=FALSE total=52.83s | block_optim=29.40 block_curvature=4.56 block_weights=8.81 block_trajectory=0.47 block_fitness=5.19
[collector w0] processed run_id=mae__adamw__s42 step=2967 heavy=False blocks_ok=5 blocks_err=0 t=52.832s -> deleted
[extract] step=2972 heavy=TRUE total=184.33s | block_optim=29.36 block_curvature=4.54 block_weights=8.89 block_trajectory=0.50 block_circuits=2.47 block_interp=90.26 block_probes=38.94 block_fitness=5.21
[collector w0] processed run_id=mae__adamw__s42 step=2972 heavy=True blocks_ok=8 blocks_err=0 t=184.326s -> deleted
[extract] step=2987 heavy=TRUE total=184.71s | block_optim=29.97 block_curvature=4.58 block_weights=9.33 block_trajectory=0.49 block_circuits=2.32 block_interp=89.91 block_probes=38.78 block_fitness=5.22
[collector w0] processed run_id=mae__adamw__s42 step=2987 heavy=True blocks_ok=8 blocks_err=0 t=184.706s -> deleted
[extract] step=3007 SKIP heavy block block_circuits (ordinal=601 basis=step_fallback heavy_every=3)
[extract] step=3007 SKIP heavy block block_interp (ordinal=601 basis=step_fallback heavy_every=3)
[extract] step=3007 SKIP heavy block block_probes (ordinal=601 basis=step_fallback heavy_every=3)
[extract] step=3007 heavy=FALSE total=54.11s | block_optim=29.85 block_curvature=4.64 block_weights=9.44 block_trajectory=0.50 block_fitness=5.24
[collector w0] processed run_id=mae__adamw__s42 step=3007 heavy=False blocks_ok=5 blocks_err=0 t=54.111s -> deleted
[extract] step=3012 SKIP heavy block block_circuits (ordinal=602 basis=step_fallback heavy_every=3)
[extract] step=3012 SKIP heavy block block_interp (ordinal=602 basis=step_fallback heavy_every=3)
[extract] step=3012 SKIP heavy block block_probes (ordinal=602 basis=step_fallback heavy_every=3)
[extract] step=3012 heavy=FALSE total=53.49s | block_optim=29.67 block_curvature=4.61 block_weights=8.99 block_trajectory=0.50 block_fitness=5.24
[collector w0] processed run_id=mae__adamw__s42 step=3012 heavy=False blocks_ok=5 blocks_err=0 t=53.493s -> deleted
[extract] step=3014 SKIP heavy block block_circuits (ordinal=602 basis=step_fallback heavy_every=3)
[extract] step=3014 SKIP heavy block block_interp (ordinal=602 basis=step_fallback heavy_every=3)
[extract] step=3014 SKIP heavy block block_probes (ordinal=602 basis=step_fallback heavy_every=3)
[extract] step=3014 heavy=FALSE total=53.64s | block_optim=29.72 block_curvature=4.58 block_weights=9.07 block_trajectory=0.55 block_fitness=5.25
[collector w0] processed run_id=mae__adamw__s42 step=3014 heavy=False blocks_ok=5 blocks_err=0 t=53.643s -> deleted
[extract] step=3019 heavy=TRUE total=180.87s | block_optim=29.63 block_curvature=4.60 block_weights=8.96 block_trajectory=0.50 block_circuits=2.47 block_interp=89.73 block_probes=35.18 block_fitness=5.59
[collector w0] processed run_id=mae__adamw__s42 step=3019 heavy=True blocks_ok=8 blocks_err=0 t=180.867s -> deleted
[extract] step=3039 SKIP heavy block block_circuits (ordinal=607 basis=step_fallback heavy_every=3)
[extract] step=3039 SKIP heavy block block_interp (ordinal=607 basis=step_fallback heavy_every=3)
[extract] step=3039 SKIP heavy block block_probes (ordinal=607 basis=step_fallback heavy_every=3)
[extract] step=3039 heavy=FALSE total=53.85s | block_optim=29.83 block_curvature=4.60 block_weights=9.34 block_trajectory=0.49 block_fitness=5.19
[collector w0] processed run_id=mae__adamw__s42 step=3039 heavy=False blocks_ok=5 blocks_err=0 t=53.848s -> deleted
[extract] step=3044 SKIP heavy block block_circuits (ordinal=608 basis=step_fallback heavy_every=3)
[extract] step=3044 SKIP heavy block block_interp (ordinal=608 basis=step_fallback heavy_every=3)
[extract] step=3044 SKIP heavy block block_probes (ordinal=608 basis=step_fallback heavy_every=3)
[extract] step=3044 heavy=FALSE total=53.35s | block_optim=29.47 block_curvature=4.59 block_weights=9.05 block_trajectory=0.50 block_fitness=5.27
[collector w0] processed run_id=mae__adamw__s42 step=3044 heavy=False blocks_ok=5 blocks_err=0 t=53.347s -> deleted
[extract] step=3049 heavy=TRUE total=184.17s | block_optim=29.49 block_curvature=4.60 block_weights=9.07 block_trajectory=0.50 block_circuits=2.54 block_interp=89.85 block_probes=38.66 block_fitness=5.23
[collector w0] processed run_id=mae__adamw__s42 step=3049 heavy=True blocks_ok=8 blocks_err=0 t=184.171s -> deleted
[extract] step=3064 heavy=TRUE total=185.05s | block_optim=30.03 block_curvature=4.60 block_weights=9.40 block_trajectory=0.50 block_circuits=2.39 block_interp=90.34 block_probes=38.27 block_fitness=5.33
[collector w0] processed run_id=mae__adamw__s42 step=3064 heavy=True blocks_ok=8 blocks_err=0 t=185.051s -> deleted
[extract] step=3084 SKIP heavy block block_circuits (ordinal=616 basis=step_fallback heavy_every=3)
[extract] step=3084 SKIP heavy block block_interp (ordinal=616 basis=step_fallback heavy_every=3)
[extract] step=3084 SKIP heavy block block_probes (ordinal=616 basis=step_fallback heavy_every=3)
[extract] step=3084 heavy=FALSE total=54.04s | block_optim=30.02 block_curvature=4.61 block_weights=9.23 block_trajectory=0.50 block_fitness=5.26
[collector w0] processed run_id=mae__adamw__s42 step=3084 heavy=False blocks_ok=5 blocks_err=0 t=54.039s -> deleted
[extract] step=3089 SKIP heavy block block_circuits (ordinal=617 basis=step_fallback heavy_every=3)
[extract] step=3089 SKIP heavy block block_interp (ordinal=617 basis=step_fallback heavy_every=3)
[extract] step=3089 SKIP heavy block block_probes (ordinal=617 basis=step_fallback heavy_every=3)
[extract] step=3089 heavy=FALSE total=53.42s | block_optim=29.67 block_curvature=4.60 block_weights=8.98 block_trajectory=0.50 block_fitness=5.24
[collector w0] processed run_id=mae__adamw__s42 step=3089 heavy=False blocks_ok=5 blocks_err=0 t=53.416s -> deleted
[extract] step=3094 heavy=TRUE total=184.55s | block_optim=29.63 block_curvature=4.59 block_weights=9.13 block_trajectory=0.50 block_circuits=2.50 block_interp=90.07 block_probes=38.66 block_fitness=5.25
[collector w0] processed run_id=mae__adamw__s42 step=3094 heavy=True blocks_ok=8 blocks_err=0 t=184.55s -> deleted
[extract] step=3114 SKIP heavy block block_circuits (ordinal=622 basis=step_fallback heavy_every=3)
[extract] step=3114 SKIP heavy block block_interp (ordinal=622 basis=step_fallback heavy_every=3)
[extract] step=3114 SKIP heavy block block_probes (ordinal=622 basis=step_fallback heavy_every=3)
[extract] step=3114 heavy=FALSE total=54.16s | block_optim=30.13 block_curvature=4.60 block_weights=9.38 block_trajectory=0.51 block_fitness=5.21
[collector w0] processed run_id=mae__adamw__s42 step=3114 heavy=False blocks_ok=5 blocks_err=0 t=54.159s -> deleted
[extract] step=3119 SKIP heavy block block_circuits (ordinal=623 basis=step_fallback heavy_every=3)
[extract] step=3119 SKIP heavy block block_interp (ordinal=623 basis=step_fallback heavy_every=3)
[extract] step=3119 SKIP heavy block block_probes (ordinal=623 basis=step_fallback heavy_every=3)
[extract] step=3119 heavy=FALSE total=53.28s | block_optim=29.59 block_curvature=4.59 block_weights=9.01 block_trajectory=0.49 block_fitness=5.23
[collector w0] processed run_id=mae__adamw__s42 step=3119 heavy=False blocks_ok=5 blocks_err=0 t=53.278s -> deleted
[extract] step=3124 heavy=TRUE total=185.72s | block_optim=29.61 block_curvature=4.60 block_weights=9.48 block_trajectory=0.50 block_circuits=2.69 block_interp=90.85 block_probes=38.57 block_fitness=5.23
[collector w0] processed run_id=mae__adamw__s42 step=3124 heavy=True blocks_ok=8 blocks_err=0 t=185.721s -> deleted
[extract] step=3139 heavy=TRUE total=185.66s | block_optim=29.83 block_curvature=4.59 block_weights=9.42 block_trajectory=0.50 block_circuits=2.36 block_interp=90.54 block_probes=39.05 block_fitness=5.30
[collector w0] processed run_id=mae__adamw__s42 step=3139 heavy=True blocks_ok=8 blocks_err=0 t=185.664s -> deleted
[extract] step=3159 SKIP heavy block block_circuits (ordinal=631 basis=step_fallback heavy_every=3)
[extract] step=3159 SKIP heavy block block_interp (ordinal=631 basis=step_fallback heavy_every=3)
[extract] step=3159 SKIP heavy block block_probes (ordinal=631 basis=step_fallback heavy_every=3)
[extract] step=3159 heavy=FALSE total=54.08s | block_optim=29.98 block_curvature=4.58 block_weights=9.39 block_trajectory=0.50 block_fitness=5.23
[collector w0] re-slimmed kept run_id=mae__adamw__s42 step=2712 MODEL-ONLY (bumped out of latest-2).
[collector w0] processed run_id=mae__adamw__s42 step=3159 heavy=False blocks_ok=5 blocks_err=0 t=54.078s -> KEPT(->kept/,FULL latest2)
[extract] step=3164 SKIP heavy block block_circuits (ordinal=632 basis=step_fallback heavy_every=3)
[extract] step=3164 SKIP heavy block block_interp (ordinal=632 basis=step_fallback heavy_every=3)
[extract] step=3164 SKIP heavy block block_probes (ordinal=632 basis=step_fallback heavy_every=3)
[extract] step=3164 heavy=FALSE total=53.60s | block_optim=29.80 block_curvature=4.60 block_weights=9.09 block_trajectory=0.51 block_fitness=5.20
[collector w0] re-slimmed kept run_id=mae__adamw__s42 step=2722 MODEL-ONLY (bumped out of latest-2).
[collector w0] processed run_id=mae__adamw__s42 step=3164 heavy=False blocks_ok=5 blocks_err=0 t=53.604s -> KEPT(->kept/,FULL latest2)
[extract] step=3169 heavy=TRUE total=184.06s | block_optim=29.59 block_curvature=4.59 block_weights=9.07 block_trajectory=0.51 block_circuits=2.51 block_interp=90.24 block_probes=38.65 block_fitness=5.27
[collector w0] re-slimmed kept run_id=mae__adamw__s42 step=3164 MODEL-ONLY (bumped out of latest-2).
[collector w0] processed run_id=mae__adamw__s42 step=3169 heavy=True blocks_ok=8 blocks_err=0 t=184.058s -> KEPT(->kept/,FULL latest2)
[extract] step=3189 SKIP heavy block block_circuits (ordinal=637 basis=step_fallback heavy_every=3)
[extract] step=3189 SKIP heavy block block_interp (ordinal=637 basis=step_fallback heavy_every=3)
[extract] step=3189 SKIP heavy block block_probes (ordinal=637 basis=step_fallback heavy_every=3)
[extract] step=3189 heavy=FALSE total=53.45s | block_optim=29.83 block_curvature=4.53 block_weights=9.57 block_trajectory=0.50 block_fitness=5.23
[collector w0] re-slimmed kept run_id=mae__adamw__s42 step=3169 MODEL-ONLY (bumped out of latest-2).
[collector w0] processed run_id=mae__adamw__s42 step=3189 heavy=False blocks_ok=5 blocks_err=0 t=53.45s -> KEPT(->kept/,FULL latest2)
[extract] step=3194 SKIP heavy block block_circuits (ordinal=638 basis=step_fallback heavy_every=3)
[extract] step=3194 SKIP heavy block block_interp (ordinal=638 basis=step_fallback heavy_every=3)
[extract] step=3194 SKIP heavy block block_probes (ordinal=638 basis=step_fallback heavy_every=3)
[extract] step=3194 heavy=FALSE total=52.41s | block_optim=29.30 block_curvature=4.52 block_weights=9.03 block_trajectory=0.48 block_fitness=5.15
[collector w0] re-slimmed kept run_id=mae__adamw__s42 step=3174 MODEL-ONLY (bumped out of latest-2).
[collector w0] processed run_id=mae__adamw__s42 step=3194 heavy=False blocks_ok=5 blocks_err=0 t=52.409s -> KEPT(->kept/,FULL latest2)
[extract] step=3199 heavy=TRUE total=179.71s | block_optim=29.28 block_curvature=4.48 block_weights=9.07 block_trajectory=0.50 block_circuits=2.52 block_interp=91.79 block_probes=33.21 block_fitness=5.32
[collector w0] re-slimmed kept run_id=mae__adamw__s42 step=3189 MODEL-ONLY (bumped out of latest-2).
[collector w0] processed run_id=mae__adamw__s42 step=3199 heavy=True blocks_ok=8 blocks_err=0 t=179.715s -> KEPT(->kept/,FULL latest2)
[extract] step=3214 heavy=TRUE total=179.28s | block_optim=29.86 block_curvature=4.52 block_weights=9.57 block_trajectory=0.47 block_circuits=2.30 block_interp=89.59 block_probes=34.06 block_fitness=5.29
[collector w0] processed run_id=mae__adamw__s42 step=3214 heavy=True blocks_ok=8 blocks_err=0 t=179.275s -> deleted
[extract] step=3234 SKIP heavy block block_circuits (ordinal=646 basis=step_fallback heavy_every=3)
[extract] step=3234 SKIP heavy block block_interp (ordinal=646 basis=step_fallback heavy_every=3)
[extract] step=3234 SKIP heavy block block_probes (ordinal=646 basis=step_fallback heavy_every=3)
[extract] step=3234 heavy=FALSE total=53.65s | block_optim=29.77 block_curvature=4.54 block_weights=9.46 block_trajectory=0.47 block_fitness=5.13
[collector w0] re-slimmed kept run_id=mae__adamw__s42 step=3199 MODEL-ONLY (bumped out of latest-2).
[collector w0] processed run_id=mae__adamw__s42 step=3234 heavy=False blocks_ok=5 blocks_err=0 t=53.649s -> KEPT(->kept/,FULL latest2)
[extract] step=3239 SKIP heavy block block_circuits (ordinal=647 basis=step_fallback heavy_every=3)
[extract] step=3239 SKIP heavy block block_interp (ordinal=647 basis=step_fallback heavy_every=3)
[extract] step=3239 SKIP heavy block block_probes (ordinal=647 basis=step_fallback heavy_every=3)
[extract] step=3239 heavy=FALSE total=52.45s | block_optim=29.58 block_curvature=4.52 block_weights=8.95 block_trajectory=0.50 block_fitness=5.10
[collector w0] processed run_id=mae__adamw__s42 step=3239 heavy=False blocks_ok=5 blocks_err=0 t=52.446s -> deleted
[extract] step=3244 heavy=TRUE total=182.50s | block_optim=29.50 block_curvature=4.55 block_weights=9.01 block_trajectory=0.48 block_circuits=2.43 block_interp=90.21 block_probes=37.21 block_fitness=5.06
[collector w0] processed run_id=mae__adamw__s42 step=3244 heavy=True blocks_ok=8 blocks_err=0 t=182.497s -> deleted
[extract] step=3259 heavy=TRUE total=181.61s | block_optim=29.80 block_curvature=4.53 block_weights=9.33 block_trajectory=0.47 block_circuits=2.34 block_interp=88.90 block_probes=37.25 block_fitness=5.10
[collector w0] processed run_id=mae__adamw__s42 step=3259 heavy=True blocks_ok=8 blocks_err=0 t=181.61s -> deleted
[extract] step=3279 SKIP heavy block block_circuits (ordinal=655 basis=step_fallback heavy_every=3)
[extract] step=3279 SKIP heavy block block_interp (ordinal=655 basis=step_fallback heavy_every=3)
[extract] step=3279 SKIP heavy block block_probes (ordinal=655 basis=step_fallback heavy_every=3)
[extract] step=3279 heavy=FALSE total=53.52s | block_optim=29.76 block_curvature=4.52 block_weights=9.47 block_trajectory=0.47 block_fitness=5.02
[collector w0] processed run_id=mae__adamw__s42 step=3279 heavy=False blocks_ok=5 blocks_err=0 t=53.523s -> deleted
[extract] step=3284 SKIP heavy block block_circuits (ordinal=656 basis=step_fallback heavy_every=3)
[extract] step=3284 SKIP heavy block block_interp (ordinal=656 basis=step_fallback heavy_every=3)
[extract] step=3284 SKIP heavy block block_probes (ordinal=656 basis=step_fallback heavy_every=3)
[extract] step=3284 heavy=FALSE total=52.81s | block_optim=29.34 block_curvature=4.52 block_weights=8.90 block_trajectory=0.50 block_fitness=5.09
[collector w0] processed run_id=mae__adamw__s42 step=3284 heavy=False blocks_ok=5 blocks_err=0 t=52.812s -> deleted
[extract] step=3289 heavy=TRUE total=181.65s | block_optim=29.35 block_curvature=4.54 block_weights=8.89 block_trajectory=0.51 block_circuits=2.39 block_interp=88.51 block_probes=38.18 block_fitness=5.20
[collector w0] processed run_id=mae__adamw__s42 step=3289 heavy=True blocks_ok=8 blocks_err=0 t=181.648s -> deleted
[extract] step=3304 heavy=TRUE total=182.41s | block_optim=29.74 block_curvature=4.53 block_weights=9.25 block_trajectory=0.47 block_circuits=2.27 block_interp=89.13 block_probes=37.55 block_fitness=5.27
[collector w0] processed run_id=mae__adamw__s42 step=3304 heavy=True blocks_ok=8 blocks_err=0 t=182.412s -> deleted
[extract] step=3324 SKIP heavy block block_circuits (ordinal=664 basis=step_fallback heavy_every=3)
[extract] step=3324 SKIP heavy block block_interp (ordinal=664 basis=step_fallback heavy_every=3)
[extract] step=3324 SKIP heavy block block_probes (ordinal=664 basis=step_fallback heavy_every=3)
[extract] step=3324 heavy=FALSE total=53.55s | block_optim=29.71 block_curvature=4.52 block_weights=9.28 block_trajectory=0.47 block_fitness=5.15
[collector w0] processed run_id=mae__adamw__s42 step=3324 heavy=False blocks_ok=5 blocks_err=0 t=53.549s -> deleted
[extract] step=3329 SKIP heavy block block_circuits (ordinal=665 basis=step_fallback heavy_every=3)
[extract] step=3329 SKIP heavy block block_interp (ordinal=665 basis=step_fallback heavy_every=3)
[extract] step=3329 SKIP heavy block block_probes (ordinal=665 basis=step_fallback heavy_every=3)
[extract] step=3329 heavy=FALSE total=52.70s | block_optim=29.37 block_curvature=4.51 block_weights=8.88 block_trajectory=0.48 block_fitness=5.12
[collector w0] processed run_id=mae__adamw__s42 step=3329 heavy=False blocks_ok=5 blocks_err=0 t=52.699s -> deleted
[extract] step=3334 heavy=TRUE total=183.07s | block_optim=29.37 block_curvature=4.49 block_weights=8.94 block_trajectory=0.47 block_circuits=2.56 block_interp=89.37 block_probes=38.43 block_fitness=5.31
[collector w0] processed run_id=mae__adamw__s42 step=3334 heavy=True blocks_ok=8 blocks_err=0 t=183.075s -> deleted
[extract] step=3349 heavy=TRUE total=179.77s | block_optim=29.73 block_curvature=4.52 block_weights=9.46 block_trajectory=0.51 block_circuits=2.57 block_interp=88.66 block_probes=34.05 block_fitness=6.19
[collector w0] processed run_id=mae__adamw__s42 step=3349 heavy=True blocks_ok=8 blocks_err=0 t=179.769s -> deleted
[extract] step=3369 SKIP heavy block block_circuits (ordinal=673 basis=step_fallback heavy_every=3)
[extract] step=3369 SKIP heavy block block_interp (ordinal=673 basis=step_fallback heavy_every=3)
[extract] step=3369 SKIP heavy block block_probes (ordinal=673 basis=step_fallback heavy_every=3)
[extract] step=3369 heavy=FALSE total=53.95s | block_optim=29.76 block_curvature=4.53 block_weights=9.29 block_trajectory=0.49 block_fitness=5.20
[collector w0] processed run_id=mae__adamw__s42 step=3369 heavy=False blocks_ok=5 blocks_err=0 t=53.955s -> deleted
[extract] step=3374 SKIP heavy block block_circuits (ordinal=674 basis=step_fallback heavy_every=3)
[extract] step=3374 SKIP heavy block block_interp (ordinal=674 basis=step_fallback heavy_every=3)
[extract] step=3374 SKIP heavy block block_probes (ordinal=674 basis=step_fallback heavy_every=3)
[extract] step=3374 heavy=FALSE total=52.90s | block_optim=29.45 block_curvature=4.49 block_weights=8.90 block_trajectory=0.47 block_fitness=5.18
[collector w0] processed run_id=mae__adamw__s42 step=3374 heavy=False blocks_ok=5 blocks_err=0 t=52.899s -> deleted
[extract] step=3379 heavy=TRUE total=177.29s | block_optim=29.44 block_curvature=4.53 block_weights=8.99 block_trajectory=0.50 block_circuits=2.47 block_interp=88.33 block_probes=33.71 block_fitness=5.24
[collector w0] processed run_id=mae__adamw__s42 step=3379 heavy=True blocks_ok=8 blocks_err=0 t=177.287s -> deleted
[extract] step=3394 heavy=TRUE total=182.04s | block_optim=29.54 block_curvature=4.51 block_weights=9.10 block_trajectory=0.47 block_circuits=2.27 block_interp=88.59 block_probes=38.32 block_fitness=5.18
[collector w0] processed run_id=mae__adamw__s42 step=3394 heavy=True blocks_ok=8 blocks_err=0 t=182.035s -> deleted
[extract] step=3414 SKIP heavy block block_circuits (ordinal=682 basis=step_fallback heavy_every=3)
[extract] step=3414 SKIP heavy block block_interp (ordinal=682 basis=step_fallback heavy_every=3)
[extract] step=3414 SKIP heavy block block_probes (ordinal=682 basis=step_fallback heavy_every=3)
[extract] step=3414 heavy=FALSE total=53.54s | block_optim=29.69 block_curvature=4.54 block_weights=9.28 block_trajectory=0.50 block_fitness=5.10
[collector w0] processed run_id=mae__adamw__s42 step=3414 heavy=False blocks_ok=5 blocks_err=0 t=53.544s -> deleted
[extract] step=3419 SKIP heavy block block_circuits (ordinal=683 basis=step_fallback heavy_every=3)
[extract] step=3419 SKIP heavy block block_interp (ordinal=683 basis=step_fallback heavy_every=3)
[extract] step=3419 SKIP heavy block block_probes (ordinal=683 basis=step_fallback heavy_every=3)
[extract] step=3419 heavy=FALSE total=52.79s | block_optim=29.31 block_curvature=4.52 block_weights=8.94 block_trajectory=0.47 block_fitness=5.15
[collector w0] processed run_id=mae__adamw__s42 step=3419 heavy=False blocks_ok=5 blocks_err=0 t=52.787s -> deleted
[extract] step=3424 heavy=TRUE total=178.59s | block_optim=29.39 block_curvature=4.54 block_weights=9.05 block_trajectory=0.48 block_circuits=2.51 block_interp=88.07 block_probes=33.62 block_fitness=6.85
[collector w0] processed run_id=mae__adamw__s42 step=3424 heavy=True blocks_ok=8 blocks_err=0 t=178.588s -> deleted
[extract] step=3444 SKIP heavy block block_circuits (ordinal=688 basis=step_fallback heavy_every=3)
[extract] step=3444 SKIP heavy block block_interp (ordinal=688 basis=step_fallback heavy_every=3)
[extract] step=3444 SKIP heavy block block_probes (ordinal=688 basis=step_fallback heavy_every=3)
[extract] step=3444 heavy=FALSE total=55.59s | block_optim=29.93 block_curvature=4.53 block_weights=9.32 block_trajectory=0.50 block_fitness=6.84
[collector w0] processed run_id=mae__adamw__s42 step=3444 heavy=False blocks_ok=5 blocks_err=0 t=55.59s -> deleted
[extract] step=3449 SKIP heavy block block_circuits (ordinal=689 basis=step_fallback heavy_every=3)
[extract] step=3449 SKIP heavy block block_interp (ordinal=689 basis=step_fallback heavy_every=3)
[extract] step=3449 SKIP heavy block block_probes (ordinal=689 basis=step_fallback heavy_every=3)
[extract] step=3449 heavy=FALSE total=55.69s | block_optim=29.99 block_curvature=4.52 block_weights=9.36 block_trajectory=0.51 block_fitness=6.90
[collector w0] processed run_id=mae__adamw__s42 step=3449 heavy=False blocks_ok=5 blocks_err=0 t=55.686s -> deleted
[extract] step=3454 heavy=TRUE total=188.76s | block_optim=29.66 block_curvature=4.56 block_weights=9.31 block_trajectory=0.50 block_circuits=2.52 block_interp=95.53 block_probes=34.50 block_fitness=7.36
[collector w0] processed run_id=mae__adamw__s42 step=3454 heavy=True blocks_ok=8 blocks_err=0 t=188.758s -> deleted
[extract] step=3469 heavy=TRUE total=179.93s | block_optim=29.99 block_curvature=4.50 block_weights=9.25 block_trajectory=0.47 block_circuits=2.60 block_interp=88.75 block_probes=34.98 block_fitness=5.30
[collector w0] processed run_id=mae__adamw__s42 step=3469 heavy=True blocks_ok=8 blocks_err=0 t=179.928s -> deleted
[extract] step=3489 SKIP heavy block block_circuits (ordinal=697 basis=step_fallback heavy_every=3)
[extract] step=3489 SKIP heavy block block_interp (ordinal=697 basis=step_fallback heavy_every=3)
[extract] step=3489 SKIP heavy block block_probes (ordinal=697 basis=step_fallback heavy_every=3)
[extract] step=3489 heavy=FALSE total=53.74s | block_optim=29.61 block_curvature=4.51 block_weights=9.58 block_trajectory=0.50 block_fitness=5.14
[collector w0] processed run_id=mae__adamw__s42 step=3489 heavy=False blocks_ok=5 blocks_err=0 t=53.735s -> deleted
[extract] step=3494 SKIP heavy block block_circuits (ordinal=698 basis=step_fallback heavy_every=3)
[extract] step=3494 SKIP heavy block block_interp (ordinal=698 basis=step_fallback heavy_every=3)
[extract] step=3494 SKIP heavy block block_probes (ordinal=698 basis=step_fallback heavy_every=3)
[extract] step=3494 heavy=FALSE total=52.74s | block_optim=29.37 block_curvature=4.51 block_weights=8.94 block_trajectory=0.48 block_fitness=5.17
[collector w0] processed run_id=mae__adamw__s42 step=3494 heavy=False blocks_ok=5 blocks_err=0 t=52.742s -> deleted
[extract] step=3499 heavy=TRUE total=180.62s | block_optim=29.24 block_curvature=4.51 block_weights=8.84 block_trajectory=0.47 block_circuits=2.54 block_interp=88.05 block_probes=37.58 block_fitness=5.26
[collector w0] processed run_id=mae__adamw__s42 step=3499 heavy=True blocks_ok=8 blocks_err=0 t=180.624s -> deleted
[extract] step=3514 heavy=TRUE total=179.03s | block_optim=29.76 block_curvature=4.53 block_weights=9.25 block_trajectory=0.47 block_circuits=2.22 block_interp=88.67 block_probes=34.27 block_fitness=5.55
[collector w0] processed run_id=mae__adamw__s42 step=3514 heavy=True blocks_ok=8 blocks_err=0 t=179.033s -> deleted
[extract] step=3534 SKIP heavy block block_circuits (ordinal=706 basis=step_fallback heavy_every=3)
[extract] step=3534 SKIP heavy block block_interp (ordinal=706 basis=step_fallback heavy_every=3)
[extract] step=3534 SKIP heavy block block_probes (ordinal=706 basis=step_fallback heavy_every=3)
[extract] step=3534 heavy=FALSE total=53.32s | block_optim=29.72 block_curvature=4.48 block_weights=9.26 block_trajectory=0.47 block_fitness=5.07
[collector w0] processed run_id=mae__adamw__s42 step=3534 heavy=False blocks_ok=5 blocks_err=0 t=53.321s -> deleted
[extract] step=3539 SKIP heavy block block_circuits (ordinal=707 basis=step_fallback heavy_every=3)
[extract] step=3539 SKIP heavy block block_interp (ordinal=707 basis=step_fallback heavy_every=3)
[extract] step=3539 SKIP heavy block block_probes (ordinal=707 basis=step_fallback heavy_every=3)
[extract] step=3539 heavy=FALSE total=53.14s | block_optim=29.66 block_curvature=4.50 block_weights=8.92 block_trajectory=0.47 block_fitness=5.20
[collector w0] processed run_id=mae__adamw__s42 step=3539 heavy=False blocks_ok=5 blocks_err=0 t=53.135s -> deleted
[extract] step=3544 heavy=TRUE total=181.65s | block_optim=29.41 block_curvature=4.50 block_weights=8.95 block_trajectory=0.47 block_circuits=2.49 block_interp=88.67 block_probes=37.91 block_fitness=5.17
[collector w0] processed run_id=mae__adamw__s42 step=3544 heavy=True blocks_ok=8 blocks_err=0 t=181.654s -> deleted
[extract] step=3559 heavy=TRUE total=181.62s | block_optim=29.74 block_curvature=4.54 block_weights=9.18 block_trajectory=0.47 block_circuits=2.26 block_interp=88.26 block_probes=37.86 block_fitness=5.18
[collector w0] processed run_id=mae__adamw__s42 step=3559 heavy=True blocks_ok=8 blocks_err=0 t=181.623s -> deleted
[extract] step=3576 SKIP heavy block block_circuits (ordinal=715 basis=step_fallback heavy_every=3)
[extract] step=3576 SKIP heavy block block_interp (ordinal=715 basis=step_fallback heavy_every=3)
[extract] step=3576 SKIP heavy block block_probes (ordinal=715 basis=step_fallback heavy_every=3)
[extract] step=3576 heavy=FALSE total=53.54s | block_optim=29.70 block_curvature=4.52 block_weights=9.24 block_trajectory=0.48 block_fitness=5.12
[collector w0] processed run_id=mae__adamw__s42 step=3576 heavy=False blocks_ok=5 blocks_err=0 t=53.536s -> deleted
[extract] step=3581 SKIP heavy block block_circuits (ordinal=716 basis=step_fallback heavy_every=3)
[extract] step=3581 SKIP heavy block block_interp (ordinal=716 basis=step_fallback heavy_every=3)
[extract] step=3581 SKIP heavy block block_probes (ordinal=716 basis=step_fallback heavy_every=3)
[extract] step=3581 heavy=FALSE total=53.19s | block_optim=29.61 block_curvature=4.50 block_weights=9.03 block_trajectory=0.47 block_fitness=5.14
[collector w0] processed run_id=mae__adamw__s42 step=3581 heavy=False blocks_ok=5 blocks_err=0 t=53.189s -> deleted
[extract] step=3586 heavy=TRUE total=181.61s | block_optim=29.52 block_curvature=4.51 block_weights=8.81 block_trajectory=0.47 block_circuits=2.62 block_interp=88.72 block_probes=37.70 block_fitness=5.16
[collector w0] processed run_id=mae__adamw__s42 step=3586 heavy=True blocks_ok=8 blocks_err=0 t=181.612s -> deleted
[extract] step=3601 heavy=TRUE total=181.14s | block_optim=29.67 block_curvature=4.52 block_weights=9.13 block_trajectory=0.47 block_circuits=2.33 block_interp=88.02 block_probes=37.71 block_fitness=5.22
[collector w0] processed run_id=mae__adamw__s42 step=3601 heavy=True blocks_ok=8 blocks_err=0 t=181.137s -> deleted
[extract] step=3621 SKIP heavy block block_circuits (ordinal=724 basis=step_fallback heavy_every=3)
[extract] step=3621 SKIP heavy block block_interp (ordinal=724 basis=step_fallback heavy_every=3)
[extract] step=3621 SKIP heavy block block_probes (ordinal=724 basis=step_fallback heavy_every=3)
[extract] step=3621 heavy=FALSE total=53.23s | block_optim=29.42 block_curvature=4.52 block_weights=9.18 block_trajectory=0.47 block_fitness=5.22
[collector w0] processed run_id=mae__adamw__s42 step=3621 heavy=False blocks_ok=5 blocks_err=0 t=53.229s -> deleted
[extract] step=3626 SKIP heavy block block_circuits (ordinal=725 basis=step_fallback heavy_every=3)
[extract] step=3626 SKIP heavy block block_interp (ordinal=725 basis=step_fallback heavy_every=3)
[extract] step=3626 SKIP heavy block block_probes (ordinal=725 basis=step_fallback heavy_every=3)
[extract] step=3626 heavy=FALSE total=52.98s | block_optim=29.49 block_curvature=4.51 block_weights=8.93 block_trajectory=0.47 block_fitness=5.26
[collector w0] processed run_id=mae__adamw__s42 step=3626 heavy=False blocks_ok=5 blocks_err=0 t=52.985s -> deleted
[extract] step=3631 heavy=TRUE total=177.63s | block_optim=29.23 block_curvature=4.50 block_weights=8.91 block_trajectory=0.47 block_circuits=2.45 block_interp=87.56 block_probes=34.72 block_fitness=5.59
[collector w0] processed run_id=mae__adamw__s42 step=3631 heavy=True blocks_ok=8 blocks_err=0 t=177.633s -> deleted
[extract] step=3651 SKIP heavy block block_circuits (ordinal=730 basis=step_fallback heavy_every=3)
[extract] step=3651 SKIP heavy block block_interp (ordinal=730 basis=step_fallback heavy_every=3)
[extract] step=3651 SKIP heavy block block_probes (ordinal=730 basis=step_fallback heavy_every=3)
[extract] step=3651 heavy=FALSE total=53.37s | block_optim=29.57 block_curvature=4.50 block_weights=9.50 block_trajectory=0.47 block_fitness=5.08
[collector w0] processed run_id=mae__adamw__s42 step=3651 heavy=False blocks_ok=5 blocks_err=0 t=53.365s -> deleted
[extract] step=3656 SKIP heavy block block_circuits (ordinal=731 basis=step_fallback heavy_every=3)
[extract] step=3656 SKIP heavy block block_interp (ordinal=731 basis=step_fallback heavy_every=3)
[extract] step=3656 SKIP heavy block block_probes (ordinal=731 basis=step_fallback heavy_every=3)
[extract] step=3656 heavy=FALSE total=52.42s | block_optim=29.28 block_curvature=4.49 block_weights=8.75 block_trajectory=0.47 block_fitness=5.08
[collector w0] processed run_id=mae__adamw__s42 step=3656 heavy=False blocks_ok=5 blocks_err=0 t=52.416s -> deleted
[extract] step=3661 heavy=TRUE total=176.51s | block_optim=29.24 block_curvature=4.51 block_weights=8.83 block_trajectory=0.47 block_circuits=2.44 block_interp=86.95 block_probes=33.78 block_fitness=5.93
[collector w0] processed run_id=mae__adamw__s42 step=3661 heavy=True blocks_ok=8 blocks_err=0 t=176.511s -> deleted
[extract] step=3676 heavy=TRUE total=180.87s | block_optim=29.78 block_curvature=4.50 block_weights=9.48 block_trajectory=0.47 block_circuits=2.34 block_interp=87.46 block_probes=37.66 block_fitness=5.12
[collector w0] re-slimmed kept run_id=mae__adamw__s42 step=3671 MODEL-ONLY (bumped out of latest-2).
[collector w0] processed run_id=mae__adamw__s42 step=3676 heavy=True blocks_ok=8 blocks_err=0 t=180.866s -> KEPT(->kept/,FULL latest2)
[extract] step=3691 heavy=TRUE total=177.56s | block_optim=29.71 block_curvature=4.50 block_weights=9.29 block_trajectory=0.46 block_circuits=2.42 block_interp=88.41 block_probes=33.36 block_fitness=5.41
[collector w0] processed run_id=mae__adamw__s42 step=3691 heavy=True blocks_ok=8 blocks_err=0 t=177.556s -> KEPT(->kept/,model-only)
[extract] step=3711 SKIP heavy block block_circuits (ordinal=742 basis=step_fallback heavy_every=3)
[extract] step=3711 SKIP heavy block block_interp (ordinal=742 basis=step_fallback heavy_every=3)
[extract] step=3711 SKIP heavy block block_probes (ordinal=742 basis=step_fallback heavy_every=3)
[extract] step=3711 heavy=FALSE total=53.70s | block_optim=29.59 block_curvature=4.52 block_weights=9.54 block_trajectory=0.48 block_fitness=5.19
[collector w0] re-slimmed kept run_id=mae__adamw__s42 step=3696 MODEL-ONLY (bumped out of latest-2).
[collector w0] processed run_id=mae__adamw__s42 step=3711 heavy=False blocks_ok=5 blocks_err=0 t=53.703s -> KEPT(->kept/,FULL latest2)
[extract] step=3716 SKIP heavy block block_circuits (ordinal=743 basis=step_fallback heavy_every=3)
[extract] step=3716 SKIP heavy block block_interp (ordinal=743 basis=step_fallback heavy_every=3)
[extract] step=3716 SKIP heavy block block_probes (ordinal=743 basis=step_fallback heavy_every=3)
[extract] step=3716 heavy=FALSE total=52.87s | block_optim=29.49 block_curvature=4.51 block_weights=8.98 block_trajectory=0.47 block_fitness=5.17
[collector w0] re-slimmed kept run_id=mae__adamw__s42 step=3701 MODEL-ONLY (bumped out of latest-2).
[collector w0] processed run_id=mae__adamw__s42 step=3716 heavy=False blocks_ok=5 blocks_err=0 t=52.872s -> KEPT(->kept/,FULL latest2)
[extract] step=3721 heavy=TRUE total=177.73s | block_optim=29.32 block_curvature=4.49 block_weights=8.94 block_trajectory=0.47 block_circuits=2.46 block_interp=89.35 block_probes=32.19 block_fitness=6.12
[collector w0] re-slimmed kept run_id=mae__adamw__s42 step=3716 MODEL-ONLY (bumped out of latest-2).
[collector w0] processed run_id=mae__adamw__s42 step=3721 heavy=True blocks_ok=8 blocks_err=0 t=177.726s -> KEPT(->kept/,FULL latest2)
[extract] step=3736 heavy=TRUE total=181.91s | block_optim=29.46 block_curvature=4.53 block_weights=9.77 block_trajectory=0.47 block_circuits=2.25 block_interp=89.42 block_probes=37.44 block_fitness=5.10
[collector w0] processed run_id=mae__adamw__s42 step=3736 heavy=True blocks_ok=8 blocks_err=0 t=181.911s -> deleted
[extract] step=3756 SKIP heavy block block_circuits (ordinal=751 basis=step_fallback heavy_every=3)
[extract] step=3756 SKIP heavy block block_interp (ordinal=751 basis=step_fallback heavy_every=3)
[extract] step=3756 SKIP heavy block block_probes (ordinal=751 basis=step_fallback heavy_every=3)
[extract] step=3756 heavy=FALSE total=53.30s | block_optim=29.38 block_curvature=4.51 block_weights=9.63 block_trajectory=0.48 block_fitness=5.12
[collector w0] processed run_id=mae__adamw__s42 step=3756 heavy=False blocks_ok=5 blocks_err=0 t=53.3s -> deleted
[extract] step=3761 SKIP heavy block block_circuits (ordinal=752 basis=step_fallback heavy_every=3)
[extract] step=3761 SKIP heavy block block_interp (ordinal=752 basis=step_fallback heavy_every=3)
[extract] step=3761 SKIP heavy block block_probes (ordinal=752 basis=step_fallback heavy_every=3)
[extract] step=3761 heavy=FALSE total=52.81s | block_optim=29.31 block_curvature=4.51 block_weights=9.18 block_trajectory=0.46 block_fitness=5.08
[collector w0] processed run_id=mae__adamw__s42 step=3761 heavy=False blocks_ok=5 blocks_err=0 t=52.809s -> deleted
[extract] step=3766 heavy=TRUE total=177.15s | block_optim=29.33 block_curvature=4.52 block_weights=9.21 block_trajectory=0.47 block_circuits=2.48 block_interp=87.24 block_probes=34.30 block_fitness=5.43
[collector w0] processed run_id=mae__adamw__s42 step=3766 heavy=True blocks_ok=8 blocks_err=0 t=177.15s -> deleted
[extract] step=3781 heavy=TRUE total=178.38s | block_optim=29.50 block_curvature=4.51 block_weights=9.58 block_trajectory=0.47 block_circuits=2.23 block_interp=87.42 block_probes=34.75 block_fitness=5.74
[collector w0] processed run_id=mae__adamw__s42 step=3781 heavy=True blocks_ok=8 blocks_err=0 t=178.385s -> deleted
[extract] step=3801 SKIP heavy block block_circuits (ordinal=760 basis=step_fallback heavy_every=3)
[extract] step=3801 SKIP heavy block block_interp (ordinal=760 basis=step_fallback heavy_every=3)
[extract] step=3801 SKIP heavy block block_probes (ordinal=760 basis=step_fallback heavy_every=3)
[extract] step=3801 heavy=FALSE total=53.70s | block_optim=29.69 block_curvature=4.51 block_weights=9.68 block_trajectory=0.47 block_fitness=5.09
[collector w0] processed run_id=mae__adamw__s42 step=3801 heavy=False blocks_ok=5 blocks_err=0 t=53.699s -> deleted
[extract] step=3806 SKIP heavy block block_circuits (ordinal=761 basis=step_fallback heavy_every=3)
[extract] step=3806 SKIP heavy block block_interp (ordinal=761 basis=step_fallback heavy_every=3)
[extract] step=3806 SKIP heavy block block_probes (ordinal=761 basis=step_fallback heavy_every=3)
[extract] step=3806 heavy=FALSE total=53.17s | block_optim=29.43 block_curvature=4.50 block_weights=9.34 block_trajectory=0.47 block_fitness=5.11
[collector w0] processed run_id=mae__adamw__s42 step=3806 heavy=False blocks_ok=5 blocks_err=0 t=53.175s -> deleted
[extract] step=3811 heavy=TRUE total=180.80s | block_optim=29.28 block_curvature=4.51 block_weights=9.17 block_trajectory=0.47 block_circuits=2.58 block_interp=86.99 block_probes=37.81 block_fitness=5.13
[collector w0] processed run_id=mae__adamw__s42 step=3811 heavy=True blocks_ok=8 blocks_err=0 t=180.797s -> deleted
[extract] step=3826 heavy=TRUE total=180.43s | block_optim=29.51 block_curvature=4.53 block_weights=9.56 block_trajectory=0.46 block_circuits=2.19 block_interp=87.33 block_probes=37.65 block_fitness=5.18
[collector w0] processed run_id=mae__adamw__s42 step=3826 heavy=True blocks_ok=8 blocks_err=0 t=180.425s -> deleted
[extract] step=3846 SKIP heavy block block_circuits (ordinal=769 basis=step_fallback heavy_every=3)
[extract] step=3846 SKIP heavy block block_interp (ordinal=769 basis=step_fallback heavy_every=3)
[extract] step=3846 SKIP heavy block block_probes (ordinal=769 basis=step_fallback heavy_every=3)
[extract] step=3846 heavy=FALSE total=53.42s | block_optim=29.46 block_curvature=4.51 block_weights=9.56 block_trajectory=0.47 block_fitness=5.12
[collector w0] processed run_id=mae__adamw__s42 step=3846 heavy=False blocks_ok=5 blocks_err=0 t=53.418s -> deleted
[extract] step=3851 SKIP heavy block block_circuits (ordinal=770 basis=step_fallback heavy_every=3)
[extract] step=3851 SKIP heavy block block_interp (ordinal=770 basis=step_fallback heavy_every=3)
[extract] step=3851 SKIP heavy block block_probes (ordinal=770 basis=step_fallback heavy_every=3)
[extract] step=3851 heavy=FALSE total=52.57s | block_optim=29.15 block_curvature=4.51 block_weights=9.03 block_trajectory=0.47 block_fitness=5.10
[collector w0] processed run_id=mae__adamw__s42 step=3851 heavy=False blocks_ok=5 blocks_err=0 t=52.573s -> deleted
[extract] step=3856 heavy=TRUE total=177.09s | block_optim=29.28 block_curvature=4.50 block_weights=9.09 block_trajectory=0.48 block_circuits=2.36 block_interp=87.40 block_probes=33.28 block_fitness=6.32
[collector w0] processed run_id=mae__adamw__s42 step=3856 heavy=True blocks_ok=8 blocks_err=0 t=177.087s -> deleted
[extract] step=3871 heavy=TRUE total=181.10s | block_optim=29.69 block_curvature=4.53 block_weights=9.52 block_trajectory=0.47 block_circuits=2.21 block_interp=87.74 block_probes=37.66 block_fitness=5.16
[collector w0] processed run_id=mae__adamw__s42 step=3871 heavy=True blocks_ok=8 blocks_err=0 t=181.099s -> deleted
[extract] step=3891 SKIP heavy block block_circuits (ordinal=778 basis=step_fallback heavy_every=3)
[extract] step=3891 SKIP heavy block block_interp (ordinal=778 basis=step_fallback heavy_every=3)
[extract] step=3891 SKIP heavy block block_probes (ordinal=778 basis=step_fallback heavy_every=3)
[extract] step=3891 heavy=FALSE total=53.30s | block_optim=29.56 block_curvature=4.52 block_weights=9.28 block_trajectory=0.47 block_fitness=5.05
[collector w0] processed run_id=mae__adamw__s42 step=3891 heavy=False blocks_ok=5 blocks_err=0 t=53.295s -> deleted
[extract] step=3896 SKIP heavy block block_circuits (ordinal=779 basis=step_fallback heavy_every=3)
[extract] step=3896 SKIP heavy block block_interp (ordinal=779 basis=step_fallback heavy_every=3)
[extract] step=3896 SKIP heavy block block_probes (ordinal=779 basis=step_fallback heavy_every=3)
[extract] step=3896 heavy=FALSE total=52.64s | block_optim=29.24 block_curvature=4.51 block_weights=9.01 block_trajectory=0.47 block_fitness=5.07
[collector w0] processed run_id=mae__adamw__s42 step=3896 heavy=False blocks_ok=5 blocks_err=0 t=52.639s -> deleted
[extract] step=3901 heavy=TRUE total=179.47s | block_optim=29.23 block_curvature=4.50 block_weights=9.07 block_trajectory=0.47 block_circuits=2.27 block_interp=87.01 block_probes=37.67 block_fitness=5.14
[collector w0] processed run_id=mae__adamw__s42 step=3901 heavy=True blocks_ok=8 blocks_err=0 t=179.474s -> deleted
[extract] step=3916 heavy=TRUE total=175.75s | block_optim=29.49 block_curvature=4.52 block_weights=9.10 block_trajectory=0.46 block_circuits=2.05 block_interp=86.51 block_probes=32.33 block_fitness=6.97
[collector w0] processed run_id=mae__adamw__s42 step=3916 heavy=True blocks_ok=8 blocks_err=0 t=175.752s -> deleted
[extract] step=3936 SKIP heavy block block_circuits (ordinal=787 basis=step_fallback heavy_every=3)
[extract] step=3936 SKIP heavy block block_interp (ordinal=787 basis=step_fallback heavy_every=3)
[extract] step=3936 SKIP heavy block block_probes (ordinal=787 basis=step_fallback heavy_every=3)
[extract] step=3936 heavy=FALSE total=54.70s | block_optim=29.59 block_curvature=4.51 block_weights=9.60 block_trajectory=0.47 block_fitness=6.15
[collector w0] processed run_id=mae__adamw__s42 step=3936 heavy=False blocks_ok=5 blocks_err=0 t=54.698s -> deleted
[extract] step=3941 SKIP heavy block block_circuits (ordinal=788 basis=step_fallback heavy_every=3)
[extract] step=3941 SKIP heavy block block_interp (ordinal=788 basis=step_fallback heavy_every=3)
[extract] step=3941 SKIP heavy block block_probes (ordinal=788 basis=step_fallback heavy_every=3)
[extract] step=3941 heavy=FALSE total=53.65s | block_optim=29.14 block_curvature=4.52 block_weights=9.14 block_trajectory=0.47 block_fitness=6.05
[collector w0] processed run_id=mae__adamw__s42 step=3941 heavy=False blocks_ok=5 blocks_err=0 t=53.647s -> deleted
[extract] step=3946 heavy=TRUE total=182.14s | block_optim=29.11 block_curvature=4.50 block_weights=9.14 block_trajectory=0.47 block_circuits=2.44 block_interp=91.79 block_probes=33.90 block_fitness=6.73
[collector w0] processed run_id=mae__adamw__s42 step=3946 heavy=True blocks_ok=8 blocks_err=0 t=182.137s -> deleted
[extract] step=3966 SKIP heavy block block_circuits (ordinal=793 basis=step_fallback heavy_every=3)
[extract] step=3966 SKIP heavy block block_interp (ordinal=793 basis=step_fallback heavy_every=3)
[extract] step=3966 SKIP heavy block block_probes (ordinal=793 basis=step_fallback heavy_every=3)
[extract] step=3966 heavy=FALSE total=53.93s | block_optim=29.66 block_curvature=4.51 block_weights=9.39 block_trajectory=0.47 block_fitness=5.09
[collector w0] processed run_id=mae__adamw__s42 step=3966 heavy=False blocks_ok=5 blocks_err=0 t=53.926s -> deleted
[extract] step=3971 SKIP heavy block block_circuits (ordinal=794 basis=step_fallback heavy_every=3)
[extract] step=3971 SKIP heavy block block_interp (ordinal=794 basis=step_fallback heavy_every=3)
[extract] step=3971 SKIP heavy block block_probes (ordinal=794 basis=step_fallback heavy_every=3)
[extract] step=3971 heavy=FALSE total=52.88s | block_optim=29.35 block_curvature=4.49 block_weights=9.08 block_trajectory=0.46 block_fitness=5.08
[collector w0] processed run_id=mae__adamw__s42 step=3971 heavy=False blocks_ok=5 blocks_err=0 t=52.876s -> deleted
[extract] step=3976 heavy=TRUE total=179.75s | block_optim=29.17 block_curvature=4.51 block_weights=9.17 block_trajectory=0.47 block_circuits=2.34 block_interp=87.70 block_probes=37.16 block_fitness=5.11
[collector w0] processed run_id=mae__adamw__s42 step=3976 heavy=True blocks_ok=8 blocks_err=0 t=179.753s -> deleted
[extract] step=3991 heavy=TRUE total=179.67s | block_optim=29.55 block_curvature=4.49 block_weights=9.60 block_trajectory=0.47 block_circuits=2.26 block_interp=87.28 block_probes=36.73 block_fitness=5.23
[collector w0] processed run_id=mae__adamw__s42 step=3991 heavy=True blocks_ok=8 blocks_err=0 t=179.673s -> deleted
[extract] step=4011 SKIP heavy block block_circuits (ordinal=802 basis=step_fallback heavy_every=3)
[extract] step=4011 SKIP heavy block block_interp (ordinal=802 basis=step_fallback heavy_every=3)
[extract] step=4011 SKIP heavy block block_probes (ordinal=802 basis=step_fallback heavy_every=3)
[extract] step=4011 heavy=FALSE total=53.36s | block_optim=29.42 block_curvature=4.49 block_weights=9.51 block_trajectory=0.47 block_fitness=5.18
[collector w0] processed run_id=mae__adamw__s42 step=4011 heavy=False blocks_ok=5 blocks_err=0 t=53.36s -> deleted
[extract] step=4016 SKIP heavy block block_circuits (ordinal=803 basis=step_fallback heavy_every=3)
[extract] step=4016 SKIP heavy block block_interp (ordinal=803 basis=step_fallback heavy_every=3)
[extract] step=4016 SKIP heavy block block_probes (ordinal=803 basis=step_fallback heavy_every=3)
[extract] step=4016 heavy=FALSE total=53.22s | block_optim=29.28 block_curvature=4.51 block_weights=9.49 block_trajectory=0.47 block_fitness=5.16
[collector w0] processed run_id=mae__adamw__s42 step=4016 heavy=False blocks_ok=5 blocks_err=0 t=53.217s -> deleted
[extract] step=4021 heavy=TRUE total=180.10s | block_optim=29.16 block_curvature=4.49 block_weights=9.22 block_trajectory=0.47 block_circuits=2.53 block_interp=87.32 block_probes=37.64 block_fitness=5.14
[collector w0] processed run_id=mae__adamw__s42 step=4021 heavy=True blocks_ok=8 blocks_err=0 t=180.097s -> deleted
[extract] step=4036 heavy=TRUE total=181.12s | block_optim=29.71 block_curvature=4.51 block_weights=9.81 block_trajectory=0.47 block_circuits=2.50 block_interp=87.45 block_probes=37.41 block_fitness=5.18
[collector w0] processed run_id=mae__adamw__s42 step=4036 heavy=True blocks_ok=8 blocks_err=0 t=181.123s -> deleted
[extract] step=4056 SKIP heavy block block_circuits (ordinal=811 basis=step_fallback heavy_every=3)
[extract] step=4056 SKIP heavy block block_interp (ordinal=811 basis=step_fallback heavy_every=3)
[extract] step=4056 SKIP heavy block block_probes (ordinal=811 basis=step_fallback heavy_every=3)
[extract] step=4056 heavy=FALSE total=53.42s | block_optim=29.55 block_curvature=4.50 block_weights=9.43 block_trajectory=0.47 block_fitness=5.11
[collector w0] processed run_id=mae__adamw__s42 step=4056 heavy=False blocks_ok=5 blocks_err=0 t=53.422s -> deleted
[extract] step=4061 SKIP heavy block block_circuits (ordinal=812 basis=step_fallback heavy_every=3)
[extract] step=4061 SKIP heavy block block_interp (ordinal=812 basis=step_fallback heavy_every=3)
[extract] step=4061 SKIP heavy block block_probes (ordinal=812 basis=step_fallback heavy_every=3)
[extract] step=4061 heavy=FALSE total=53.10s | block_optim=29.33 block_curvature=4.51 block_weights=9.26 block_trajectory=0.47 block_fitness=5.17
[collector w0] processed run_id=mae__adamw__s42 step=4061 heavy=False blocks_ok=5 blocks_err=0 t=53.095s -> deleted
[extract] step=4066 heavy=TRUE total=176.26s | block_optim=29.06 block_curvature=4.50 block_weights=9.19 block_trajectory=0.47 block_circuits=2.45 block_interp=87.69 block_probes=33.42 block_fitness=5.28
[collector w0] processed run_id=mae__adamw__s42 step=4066 heavy=True blocks_ok=8 blocks_err=0 t=176.263s -> deleted
[extract] step=4081 heavy=TRUE total=180.33s | block_optim=29.55 block_curvature=4.52 block_weights=9.54 block_trajectory=0.50 block_circuits=2.32 block_interp=89.68 block_probes=34.65 block_fitness=5.42
[collector w0] processed run_id=mae__adamw__s42 step=4081 heavy=True blocks_ok=8 blocks_err=0 t=180.328s -> deleted
[extract] step=4101 SKIP heavy block block_circuits (ordinal=820 basis=step_fallback heavy_every=3)
[extract] step=4101 SKIP heavy block block_interp (ordinal=820 basis=step_fallback heavy_every=3)
[extract] step=4101 SKIP heavy block block_probes (ordinal=820 basis=step_fallback heavy_every=3)
[extract] step=4101 heavy=FALSE total=54.16s | block_optim=29.86 block_curvature=4.52 block_weights=9.68 block_trajectory=0.48 block_fitness=5.19
[collector w0] processed run_id=mae__adamw__s42 step=4101 heavy=False blocks_ok=5 blocks_err=0 t=54.157s -> deleted
[extract] step=4106 SKIP heavy block block_circuits (ordinal=821 basis=step_fallback heavy_every=3)
[extract] step=4106 SKIP heavy block block_interp (ordinal=821 basis=step_fallback heavy_every=3)
[extract] step=4106 SKIP heavy block block_probes (ordinal=821 basis=step_fallback heavy_every=3)
[extract] step=4106 heavy=FALSE total=53.59s | block_optim=29.63 block_curvature=4.54 block_weights=9.38 block_trajectory=0.50 block_fitness=5.18
[collector w0] processed run_id=mae__adamw__s42 step=4106 heavy=False blocks_ok=5 blocks_err=0 t=53.59s -> deleted
[extract] step=4111 heavy=TRUE total=185.07s | block_optim=29.80 block_curvature=4.54 block_weights=9.36 block_trajectory=0.47 block_circuits=2.45 block_interp=90.01 block_probes=39.09 block_fitness=5.19
[collector w0] processed run_id=mae__adamw__s42 step=4111 heavy=True blocks_ok=8 blocks_err=0 t=185.074s -> deleted
[extract] step=4126 heavy=TRUE total=184.88s | block_optim=30.04 block_curvature=4.51 block_weights=9.65 block_trajectory=0.51 block_circuits=2.36 block_interp=89.69 block_probes=38.67 block_fitness=5.21
[collector w0] processed run_id=mae__adamw__s42 step=4126 heavy=True blocks_ok=8 blocks_err=0 t=184.88s -> deleted
[extract] step=4133 SKIP heavy block block_circuits (ordinal=826 basis=step_fallback heavy_every=3)
[extract] step=4133 SKIP heavy block block_interp (ordinal=826 basis=step_fallback heavy_every=3)
[extract] step=4133 SKIP heavy block block_probes (ordinal=826 basis=step_fallback heavy_every=3)
[extract] step=4133 heavy=FALSE total=54.34s | block_optim=30.08 block_curvature=4.53 block_weights=9.68 block_trajectory=0.50 block_fitness=5.18
[collector w0] processed run_id=mae__adamw__s42 step=4133 heavy=False blocks_ok=5 blocks_err=0 t=54.344s -> deleted
[extract] step=4138 SKIP heavy block block_circuits (ordinal=827 basis=step_fallback heavy_every=3)
[extract] step=4138 SKIP heavy block block_interp (ordinal=827 basis=step_fallback heavy_every=3)
[extract] step=4138 SKIP heavy block block_probes (ordinal=827 basis=step_fallback heavy_every=3)
[extract] step=4138 heavy=FALSE total=53.65s | block_optim=29.48 block_curvature=4.54 block_weights=9.48 block_trajectory=0.50 block_fitness=5.18
[collector w0] processed run_id=mae__adamw__s42 step=4138 heavy=False blocks_ok=5 blocks_err=0 t=53.653s -> deleted
[extract] step=4148 SKIP heavy block block_circuits (ordinal=829 basis=step_fallback heavy_every=3)
[extract] step=4148 SKIP heavy block block_interp (ordinal=829 basis=step_fallback heavy_every=3)
[extract] step=4148 SKIP heavy block block_probes (ordinal=829 basis=step_fallback heavy_every=3)
[extract] step=4148 heavy=FALSE total=54.49s | block_optim=30.25 block_curvature=4.53 block_weights=9.58 block_trajectory=0.49 block_fitness=5.18
[collector w0] re-slimmed kept run_id=mae__adamw__s42 step=3741 MODEL-ONLY (bumped out of latest-2).
[collector w0] processed run_id=mae__adamw__s42 step=4148 heavy=False blocks_ok=5 blocks_err=0 t=54.49s -> KEPT(->kept/,FULL latest2)
[extract] step=4153 SKIP heavy block block_circuits (ordinal=830 basis=step_fallback heavy_every=3)
[extract] step=4153 SKIP heavy block block_interp (ordinal=830 basis=step_fallback heavy_every=3)
[extract] step=4153 SKIP heavy block block_probes (ordinal=830 basis=step_fallback heavy_every=3)
[extract] step=4153 heavy=FALSE total=53.57s | block_optim=29.65 block_curvature=4.55 block_weights=9.27 block_trajectory=0.50 block_fitness=5.21
[collector w0] re-slimmed kept run_id=mae__adamw__s42 step=4096 MODEL-ONLY (bumped out of latest-2).
[collector w0] processed run_id=mae__adamw__s42 step=4153 heavy=False blocks_ok=5 blocks_err=0 t=53.565s -> KEPT(->kept/,FULL latest2)
[extract] step=4158 heavy=TRUE total=187.07s | block_optim=29.62 block_curvature=4.52 block_weights=9.43 block_trajectory=0.48 block_circuits=2.55 block_interp=92.82 block_probes=38.83 block_fitness=5.23
[collector w0] re-slimmed kept run_id=mae__adamw__s42 step=4153 MODEL-ONLY (bumped out of latest-2).
[collector w0] processed run_id=mae__adamw__s42 step=4158 heavy=True blocks_ok=8 blocks_err=0 t=187.071s -> KEPT(->kept/,FULL latest2)
[extract] step=4178 SKIP heavy block block_circuits (ordinal=835 basis=step_fallback heavy_every=3)
[extract] step=4178 SKIP heavy block block_interp (ordinal=835 basis=step_fallback heavy_every=3)
[extract] step=4178 SKIP heavy block block_probes (ordinal=835 basis=step_fallback heavy_every=3)
[extract] step=4178 heavy=FALSE total=53.56s | block_optim=29.78 block_curvature=4.52 block_weights=9.76 block_trajectory=0.49 block_fitness=5.19
[collector w0] processed run_id=mae__adamw__s42 step=4178 heavy=False blocks_ok=5 blocks_err=0 t=53.555s -> deleted
[extract] step=4183 SKIP heavy block block_circuits (ordinal=836 basis=step_fallback heavy_every=3)
[extract] step=4183 SKIP heavy block block_interp (ordinal=836 basis=step_fallback heavy_every=3)
[extract] step=4183 SKIP heavy block block_probes (ordinal=836 basis=step_fallback heavy_every=3)
[extract] step=4183 heavy=FALSE total=53.43s | block_optim=29.56 block_curvature=4.54 block_weights=9.45 block_trajectory=0.50 block_fitness=5.17
[collector w0] processed run_id=mae__adamw__s42 step=4183 heavy=False blocks_ok=5 blocks_err=0 t=53.433s -> deleted
[extract] step=4188 heavy=TRUE total=188.63s | block_optim=29.42 block_curvature=4.53 block_weights=9.25 block_trajectory=0.50 block_circuits=2.45 block_interp=93.66 block_probes=39.00 block_fitness=5.14
[collector w0] processed run_id=mae__adamw__s42 step=4188 heavy=True blocks_ok=8 blocks_err=0 t=188.632s -> deleted
[extract] step=4203 heavy=TRUE total=178.19s | block_optim=29.80 block_curvature=4.51 block_weights=9.90 block_trajectory=0.47 block_circuits=2.40 block_interp=88.18 block_probes=33.59 block_fitness=5.30
[collector w0] processed run_id=mae__adamw__s42 step=4203 heavy=True blocks_ok=8 blocks_err=0 t=178.193s -> deleted
[extract] step=4218 heavy=TRUE total=178.60s | block_optim=29.50 block_curvature=4.52 block_weights=9.51 block_trajectory=0.47 block_circuits=2.25 block_interp=87.58 block_probes=34.95 block_fitness=5.64
[collector w0] processed run_id=mae__adamw__s42 step=4218 heavy=True blocks_ok=8 blocks_err=0 t=178.598s -> deleted
[extract] step=4238 SKIP heavy block block_circuits (ordinal=847 basis=step_fallback heavy_every=3)
[extract] step=4238 SKIP heavy block block_interp (ordinal=847 basis=step_fallback heavy_every=3)
[extract] step=4238 SKIP heavy block block_probes (ordinal=847 basis=step_fallback heavy_every=3)
[extract] step=4238 heavy=FALSE total=54.06s | block_optim=29.73 block_curvature=4.53 block_weights=9.77 block_trajectory=0.48 block_fitness=5.12
[collector w0] processed run_id=mae__adamw__s42 step=4238 heavy=False blocks_ok=5 blocks_err=0 t=54.057s -> deleted
[extract] step=4243 SKIP heavy block block_circuits (ordinal=848 basis=step_fallback heavy_every=3)
[extract] step=4243 SKIP heavy block block_interp (ordinal=848 basis=step_fallback heavy_every=3)
[extract] step=4243 SKIP heavy block block_probes (ordinal=848 basis=step_fallback heavy_every=3)
[extract] step=4243 heavy=FALSE total=52.85s | block_optim=29.27 block_curvature=4.51 block_weights=9.10 block_trajectory=0.46 block_fitness=5.18
[collector w0] processed run_id=mae__adamw__s42 step=4243 heavy=False blocks_ok=5 blocks_err=0 t=52.853s -> deleted
[extract] step=4248 heavy=TRUE total=179.58s | block_optim=29.46 block_curvature=4.50 block_weights=9.04 block_trajectory=0.47 block_circuits=2.76 block_interp=86.83 block_probes=37.34 block_fitness=5.08
[collector w0] processed run_id=mae__adamw__s42 step=4248 heavy=True blocks_ok=8 blocks_err=0 t=179.583s -> deleted
[extract] step=4263 heavy=TRUE total=179.35s | block_optim=29.80 block_curvature=4.51 block_weights=9.69 block_trajectory=0.47 block_circuits=2.35 block_interp=87.61 block_probes=35.62 block_fitness=5.28
[collector w0] processed run_id=mae__adamw__s42 step=4263 heavy=True blocks_ok=8 blocks_err=0 t=179.352s -> deleted
[extract] step=4283 SKIP heavy block block_circuits (ordinal=856 basis=step_fallback heavy_every=3)
[extract] step=4283 SKIP heavy block block_interp (ordinal=856 basis=step_fallback heavy_every=3)
[extract] step=4283 SKIP heavy block block_probes (ordinal=856 basis=step_fallback heavy_every=3)
[extract] step=4283 heavy=FALSE total=53.46s | block_optim=29.54 block_curvature=4.57 block_weights=9.45 block_trajectory=0.47 block_fitness=5.13
[collector w0] processed run_id=mae__adamw__s42 step=4283 heavy=False blocks_ok=5 blocks_err=0 t=53.458s -> deleted
[extract] step=4288 SKIP heavy block block_circuits (ordinal=857 basis=step_fallback heavy_every=3)
[extract] step=4288 SKIP heavy block block_interp (ordinal=857 basis=step_fallback heavy_every=3)
[extract] step=4288 SKIP heavy block block_probes (ordinal=857 basis=step_fallback heavy_every=3)
[extract] step=4288 heavy=FALSE total=53.02s | block_optim=29.19 block_curvature=4.52 block_weights=9.31 block_trajectory=0.47 block_fitness=5.22
[collector w0] processed run_id=mae__adamw__s42 step=4288 heavy=False blocks_ok=5 blocks_err=0 t=53.018s -> deleted
[extract] step=4293 heavy=TRUE total=180.58s | block_optim=29.45 block_curvature=4.50 block_weights=9.03 block_trajectory=0.47 block_circuits=2.48 block_interp=87.49 block_probes=37.86 block_fitness=5.18
[collector w0] processed run_id=mae__adamw__s42 step=4293 heavy=True blocks_ok=8 blocks_err=0 t=180.579s -> deleted
[extract] step=4308 heavy=TRUE total=176.08s | block_optim=29.50 block_curvature=4.50 block_weights=9.59 block_trajectory=0.47 block_circuits=2.36 block_interp=86.24 block_probes=32.47 block_fitness=6.82
[collector w0] processed run_id=mae__adamw__s42 step=4308 heavy=True blocks_ok=8 blocks_err=0 t=176.083s -> deleted
[extract] step=4328 SKIP heavy block block_circuits (ordinal=865 basis=step_fallback heavy_every=3)
[extract] step=4328 SKIP heavy block block_interp (ordinal=865 basis=step_fallback heavy_every=3)
[extract] step=4328 SKIP heavy block block_probes (ordinal=865 basis=step_fallback heavy_every=3)
[extract] step=4328 heavy=FALSE total=55.05s | block_optim=29.51 block_curvature=4.49 block_weights=9.53 block_trajectory=0.46 block_fitness=6.71
[collector w0] processed run_id=mae__adamw__s42 step=4328 heavy=False blocks_ok=5 blocks_err=0 t=55.045s -> deleted
[extract] step=4333 SKIP heavy block block_circuits (ordinal=866 basis=step_fallback heavy_every=3)
[extract] step=4333 SKIP heavy block block_interp (ordinal=866 basis=step_fallback heavy_every=3)
[extract] step=4333 SKIP heavy block block_probes (ordinal=866 basis=step_fallback heavy_every=3)
[extract] step=4333 heavy=FALSE total=54.60s | block_optim=29.19 block_curvature=4.51 block_weights=9.25 block_trajectory=0.47 block_fitness=6.81
[collector w0] processed run_id=mae__adamw__s42 step=4333 heavy=False blocks_ok=5 blocks_err=0 t=54.596s -> deleted
[extract] step=4338 heavy=TRUE total=187.21s | block_optim=29.51 block_curvature=4.50 block_weights=9.24 block_trajectory=0.47 block_circuits=2.57 block_interp=94.82 block_probes=33.63 block_fitness=7.64
[collector w0] processed run_id=mae__adamw__s42 step=4338 heavy=True blocks_ok=8 blocks_err=0 t=187.211s -> deleted
[extract] step=4353 heavy=TRUE total=180.33s | block_optim=29.69 block_curvature=4.52 block_weights=9.52 block_trajectory=0.46 block_circuits=2.33 block_interp=87.19 block_probes=37.43 block_fitness=5.16
[collector w0] processed run_id=mae__adamw__s42 step=4353 heavy=True blocks_ok=8 blocks_err=0 t=180.33s -> deleted
[extract] step=4373 SKIP heavy block block_circuits (ordinal=874 basis=step_fallback heavy_every=3)
[extract] step=4373 SKIP heavy block block_interp (ordinal=874 basis=step_fallback heavy_every=3)
[extract] step=4373 SKIP heavy block block_probes (ordinal=874 basis=step_fallback heavy_every=3)
[extract] step=4373 heavy=FALSE total=53.50s | block_optim=29.43 block_curvature=4.50 block_weights=9.59 block_trajectory=0.46 block_fitness=5.14
[collector w0] processed run_id=mae__adamw__s42 step=4373 heavy=False blocks_ok=5 blocks_err=0 t=53.501s -> deleted
[extract] step=4378 SKIP heavy block block_circuits (ordinal=875 basis=step_fallback heavy_every=3)
[extract] step=4378 SKIP heavy block block_interp (ordinal=875 basis=step_fallback heavy_every=3)
[extract] step=4378 SKIP heavy block block_probes (ordinal=875 basis=step_fallback heavy_every=3)
[extract] step=4378 heavy=FALSE total=53.01s | block_optim=29.23 block_curvature=4.51 block_weights=9.27 block_trajectory=0.47 block_fitness=5.18
[collector w0] processed run_id=mae__adamw__s42 step=4378 heavy=False blocks_ok=5 blocks_err=0 t=53.011s -> deleted
[extract] step=4383 heavy=TRUE total=180.52s | block_optim=29.22 block_curvature=4.51 block_weights=9.29 block_trajectory=0.47 block_circuits=2.50 block_interp=87.67 block_probes=37.58 block_fitness=5.16
[collector w0] processed run_id=mae__adamw__s42 step=4383 heavy=True blocks_ok=8 blocks_err=0 t=180.52s -> deleted
[extract] step=4398 heavy=TRUE total=180.15s | block_optim=29.35 block_curvature=4.51 block_weights=9.50 block_trajectory=0.46 block_circuits=2.35 block_interp=87.30 block_probes=37.39 block_fitness=5.19
[collector w0] processed run_id=mae__adamw__s42 step=4398 heavy=True blocks_ok=8 blocks_err=0 t=180.148s -> deleted
[extract] step=4418 SKIP heavy block block_circuits (ordinal=883 basis=step_fallback heavy_every=3)
[extract] step=4418 SKIP heavy block block_interp (ordinal=883 basis=step_fallback heavy_every=3)
[extract] step=4418 SKIP heavy block block_probes (ordinal=883 basis=step_fallback heavy_every=3)
[extract] step=4418 heavy=FALSE total=53.34s | block_optim=29.49 block_curvature=4.50 block_weights=9.41 block_trajectory=0.47 block_fitness=5.13
[collector w0] processed run_id=mae__adamw__s42 step=4418 heavy=False blocks_ok=5 blocks_err=0 t=53.336s -> deleted
[extract] step=4423 SKIP heavy block block_circuits (ordinal=884 basis=step_fallback heavy_every=3)
[extract] step=4423 SKIP heavy block block_interp (ordinal=884 basis=step_fallback heavy_every=3)
[extract] step=4423 SKIP heavy block block_probes (ordinal=884 basis=step_fallback heavy_every=3)
[extract] step=4423 heavy=FALSE total=53.28s | block_optim=29.54 block_curvature=4.52 block_weights=9.25 block_trajectory=0.47 block_fitness=5.13
[collector w0] processed run_id=mae__adamw__s42 step=4423 heavy=False blocks_ok=5 blocks_err=0 t=53.284s -> deleted
[extract] step=4428 heavy=TRUE total=179.98s | block_optim=29.31 block_curvature=4.50 block_weights=9.25 block_trajectory=0.47 block_circuits=2.48 block_interp=87.18 block_probes=37.54 block_fitness=5.16
[collector w0] processed run_id=mae__adamw__s42 step=4428 heavy=True blocks_ok=8 blocks_err=0 t=179.978s -> deleted
[extract] step=4443 heavy=TRUE total=180.05s | block_optim=29.43 block_curvature=4.51 block_weights=9.42 block_trajectory=0.47 block_circuits=2.33 block_interp=87.28 block_probes=37.30 block_fitness=5.23
[collector w0] processed run_id=mae__adamw__s42 step=4443 heavy=True blocks_ok=8 blocks_err=0 t=180.05s -> deleted
[extract] step=4463 SKIP heavy block block_circuits (ordinal=892 basis=step_fallback heavy_every=3)
[extract] step=4463 SKIP heavy block block_interp (ordinal=892 basis=step_fallback heavy_every=3)
[extract] step=4463 SKIP heavy block block_probes (ordinal=892 basis=step_fallback heavy_every=3)
[extract] step=4463 heavy=FALSE total=53.66s | block_optim=29.63 block_curvature=4.50 block_weights=9.41 block_trajectory=0.47 block_fitness=5.25
[collector w0] processed run_id=mae__adamw__s42 step=4463 heavy=False blocks_ok=5 blocks_err=0 t=53.657s -> deleted
[extract] step=4468 SKIP heavy block block_circuits (ordinal=893 basis=step_fallback heavy_every=3)
[extract] step=4468 SKIP heavy block block_interp (ordinal=893 basis=step_fallback heavy_every=3)
[extract] step=4468 SKIP heavy block block_probes (ordinal=893 basis=step_fallback heavy_every=3)
[extract] step=4468 heavy=FALSE total=53.64s | block_optim=29.41 block_curvature=4.51 block_weights=8.92 block_trajectory=0.47 block_fitness=5.21
[collector w0] processed run_id=mae__adamw__s42 step=4468 heavy=False blocks_ok=5 blocks_err=0 t=53.645s -> deleted
[extract] step=4473 heavy=TRUE total=181.29s | block_optim=29.33 block_curvature=4.51 block_weights=8.98 block_trajectory=0.47 block_circuits=2.67 block_interp=87.72 block_probes=37.78 block_fitness=5.12
[collector w0] processed run_id=mae__adamw__s42 step=4473 heavy=True blocks_ok=8 blocks_err=0 t=181.294s -> deleted
[extract] step=4493 SKIP heavy block block_circuits (ordinal=898 basis=step_fallback heavy_every=3)
[extract] step=4493 SKIP heavy block block_interp (ordinal=898 basis=step_fallback heavy_every=3)
[extract] step=4493 SKIP heavy block block_probes (ordinal=898 basis=step_fallback heavy_every=3)
[extract] step=4493 heavy=FALSE total=53.56s | block_optim=29.58 block_curvature=4.51 block_weights=9.47 block_trajectory=0.47 block_fitness=5.14
[collector w0] re-slimmed kept run_id=mae__adamw__s42 step=4163 MODEL-ONLY (bumped out of latest-2).
[collector w0] processed run_id=mae__adamw__s42 step=4493 heavy=False blocks_ok=5 blocks_err=0 t=53.556s -> KEPT(->kept/,FULL latest2)
[extract] step=4498 SKIP heavy block block_circuits (ordinal=899 basis=step_fallback heavy_every=3)
[extract] step=4498 SKIP heavy block block_interp (ordinal=899 basis=step_fallback heavy_every=3)
[extract] step=4498 SKIP heavy block block_probes (ordinal=899 basis=step_fallback heavy_every=3)
[extract] step=4498 heavy=FALSE total=52.13s | block_optim=29.26 block_curvature=4.51 block_weights=8.91 block_trajectory=0.47 block_fitness=5.14
[collector w0] processed run_id=mae__adamw__s42 step=4498 heavy=False blocks_ok=5 blocks_err=0 t=52.127s -> deleted
[extract] step=4503 heavy=TRUE total=180.69s | block_optim=29.31 block_curvature=4.51 block_weights=8.90 block_trajectory=0.46 block_circuits=2.45 block_interp=91.08 block_probes=34.38 block_fitness=5.51
[collector w0] processed run_id=mae__adamw__s42 step=4503 heavy=True blocks_ok=8 blocks_err=0 t=180.687s -> deleted
[extract] step=4518 heavy=TRUE total=179.89s | block_optim=29.39 block_curvature=4.53 block_weights=9.11 block_trajectory=0.46 block_circuits=2.22 block_interp=87.29 block_probes=37.76 block_fitness=5.17
[collector w0] processed run_id=mae__adamw__s42 step=4518 heavy=True blocks_ok=8 blocks_err=0 t=179.893s -> deleted
[extract] step=4538 SKIP heavy block block_circuits (ordinal=907 basis=step_fallback heavy_every=3)
[extract] step=4538 SKIP heavy block block_interp (ordinal=907 basis=step_fallback heavy_every=3)
[extract] step=4538 SKIP heavy block block_probes (ordinal=907 basis=step_fallback heavy_every=3)
[extract] step=4538 heavy=FALSE total=53.23s | block_optim=29.36 block_curvature=4.50 block_weights=9.20 block_trajectory=0.47 block_fitness=5.17
[collector w0] processed run_id=mae__adamw__s42 step=4538 heavy=False blocks_ok=5 blocks_err=0 t=53.227s -> deleted
[extract] step=4543 SKIP heavy block block_circuits (ordinal=908 basis=step_fallback heavy_every=3)
[extract] step=4543 SKIP heavy block block_interp (ordinal=908 basis=step_fallback heavy_every=3)
[extract] step=4543 SKIP heavy block block_probes (ordinal=908 basis=step_fallback heavy_every=3)
[extract] step=4543 heavy=FALSE total=52.59s | block_optim=29.09 block_curvature=4.51 block_weights=8.94 block_trajectory=0.47 block_fitness=5.16
[collector w0] processed run_id=mae__adamw__s42 step=4543 heavy=False blocks_ok=5 blocks_err=0 t=52.589s -> deleted
[extract] step=4548 heavy=TRUE total=181.22s | block_optim=29.13 block_curvature=4.51 block_weights=8.92 block_trajectory=0.47 block_circuits=2.55 block_interp=87.33 block_probes=38.95 block_fitness=5.21
[collector w0] processed run_id=mae__adamw__s42 step=4548 heavy=True blocks_ok=8 blocks_err=0 t=181.22s -> deleted
[extract] step=4568 SKIP heavy block block_circuits (ordinal=913 basis=step_fallback heavy_every=3)
[extract] step=4568 SKIP heavy block block_interp (ordinal=913 basis=step_fallback heavy_every=3)
[extract] step=4568 SKIP heavy block block_probes (ordinal=913 basis=step_fallback heavy_every=3)
[extract] step=4568 heavy=FALSE total=53.14s | block_optim=29.42 block_curvature=4.51 block_weights=9.13 block_trajectory=0.47 block_fitness=5.21
[collector w0] processed run_id=mae__adamw__s42 step=4568 heavy=False blocks_ok=5 blocks_err=0 t=53.145s -> deleted
[extract] step=4573 SKIP heavy block block_circuits (ordinal=914 basis=step_fallback heavy_every=3)
[extract] step=4573 SKIP heavy block block_interp (ordinal=914 basis=step_fallback heavy_every=3)
[extract] step=4573 SKIP heavy block block_probes (ordinal=914 basis=step_fallback heavy_every=3)
[extract] step=4573 heavy=FALSE total=53.03s | block_optim=29.36 block_curvature=4.50 block_weights=9.23 block_trajectory=0.47 block_fitness=5.18
[collector w0] processed run_id=mae__adamw__s42 step=4573 heavy=False blocks_ok=5 blocks_err=0 t=53.028s -> deleted
[extract] step=4578 heavy=TRUE total=180.05s | block_optim=29.06 block_curvature=4.51 block_weights=8.88 block_trajectory=0.47 block_circuits=2.47 block_interp=87.35 block_probes=37.53 block_fitness=5.16
[collector w0] processed run_id=mae__adamw__s42 step=4578 heavy=True blocks_ok=8 blocks_err=0 t=180.047s -> deleted
[extract] step=4593 heavy=TRUE total=180.15s | block_optim=29.50 block_curvature=4.50 block_weights=9.27 block_trajectory=0.46 block_circuits=2.40 block_interp=87.23 block_probes=37.47 block_fitness=5.18
[collector w0] re-slimmed kept run_id=mae__adamw__s42 step=4493 MODEL-ONLY (bumped out of latest-2).
[collector w0] processed run_id=mae__adamw__s42 step=4593 heavy=True blocks_ok=8 blocks_err=0 t=180.15s -> KEPT(->kept/,FULL latest2)
[extract] step=4613 SKIP heavy block block_circuits (ordinal=922 basis=step_fallback heavy_every=3)
[extract] step=4613 SKIP heavy block block_interp (ordinal=922 basis=step_fallback heavy_every=3)
[extract] step=4613 SKIP heavy block block_probes (ordinal=922 basis=step_fallback heavy_every=3)
[extract] step=4613 heavy=FALSE total=52.97s | block_optim=29.45 block_curvature=4.53 block_weights=9.50 block_trajectory=0.47 block_fitness=5.15
[collector w0] re-slimmed kept run_id=mae__adamw__s42 step=4593 MODEL-ONLY (bumped out of latest-2).
[collector w0] processed run_id=mae__adamw__s42 step=4613 heavy=False blocks_ok=5 blocks_err=0 t=52.968s -> KEPT(->kept/,FULL latest2)
[extract] step=4618 SKIP heavy block block_circuits (ordinal=923 basis=step_fallback heavy_every=3)
[extract] step=4618 SKIP heavy block block_interp (ordinal=923 basis=step_fallback heavy_every=3)
[extract] step=4618 SKIP heavy block block_probes (ordinal=923 basis=step_fallback heavy_every=3)
[extract] step=4618 heavy=FALSE total=52.04s | block_optim=29.12 block_curvature=4.50 block_weights=8.94 block_trajectory=0.47 block_fitness=5.15
[collector w0] processed run_id=mae__adamw__s42 step=4618 heavy=False blocks_ok=5 blocks_err=0 t=52.043s -> deleted
[extract] step=4623 heavy=TRUE total=185.31s | block_optim=29.27 block_curvature=4.50 block_weights=8.73 block_trajectory=0.46 block_circuits=2.54 block_interp=91.53 block_probes=38.37 block_fitness=5.22
[collector w0] processed run_id=mae__adamw__s42 step=4623 heavy=True blocks_ok=8 blocks_err=0 t=185.306s -> deleted
[extract] step=4633 SKIP heavy block block_circuits (ordinal=926 basis=step_fallback heavy_every=3)
[extract] step=4633 SKIP heavy block block_interp (ordinal=926 basis=step_fallback heavy_every=3)
[extract] step=4633 SKIP heavy block block_probes (ordinal=926 basis=step_fallback heavy_every=3)
[extract] step=4633 heavy=FALSE total=53.07s | block_optim=29.48 block_curvature=4.50 block_weights=9.17 block_trajectory=0.47 block_fitness=5.09
[collector w0] processed run_id=mae__adamw__s42 step=4633 heavy=False blocks_ok=5 blocks_err=0 t=53.07s -> deleted
[extract] step=4643 SKIP heavy block block_circuits (ordinal=928 basis=step_fallback heavy_every=3)
[extract] step=4643 SKIP heavy block block_interp (ordinal=928 basis=step_fallback heavy_every=3)
[extract] step=4643 SKIP heavy block block_probes (ordinal=928 basis=step_fallback heavy_every=3)
[extract] step=4643 heavy=FALSE total=52.97s | block_optim=29.30 block_curvature=4.51 block_weights=9.19 block_trajectory=0.46 block_fitness=5.10
[collector w0] processed run_id=mae__adamw__s42 step=4643 heavy=False blocks_ok=5 blocks_err=0 t=52.972s -> deleted
[extract] step=4648 SKIP heavy block block_circuits (ordinal=929 basis=step_fallback heavy_every=3)
[extract] step=4648 SKIP heavy block block_interp (ordinal=929 basis=step_fallback heavy_every=3)
[extract] step=4648 SKIP heavy block block_probes (ordinal=929 basis=step_fallback heavy_every=3)
[extract] step=4648 heavy=FALSE total=52.48s | block_optim=29.31 block_curvature=4.49 block_weights=8.80 block_trajectory=0.47 block_fitness=5.15
[collector w0] processed run_id=mae__adamw__s42 step=4648 heavy=False blocks_ok=5 blocks_err=0 t=52.482s -> deleted
[extract] step=4653 heavy=TRUE total=175.73s | block_optim=29.25 block_curvature=4.51 block_weights=8.87 block_trajectory=0.47 block_circuits=2.55 block_interp=86.84 block_probes=34.00 block_fitness=5.11
[collector w0] processed run_id=mae__adamw__s42 step=4653 heavy=True blocks_ok=8 blocks_err=0 t=175.726s -> deleted
[extract] step=4668 heavy=TRUE total=179.86s | block_optim=29.79 block_curvature=4.54 block_weights=9.14 block_trajectory=0.46 block_circuits=2.29 block_interp=86.99 block_probes=37.50 block_fitness=5.13
[collector w0] processed run_id=mae__adamw__s42 step=4668 heavy=True blocks_ok=8 blocks_err=0 t=179.855s -> deleted
[extract] step=4685 SKIP heavy block block_circuits (ordinal=937 basis=step_fallback heavy_every=3)
[extract] step=4685 SKIP heavy block block_interp (ordinal=937 basis=step_fallback heavy_every=3)
[extract] step=4685 SKIP heavy block block_probes (ordinal=937 basis=step_fallback heavy_every=3)
[extract] step=4685 heavy=FALSE total=53.20s | block_optim=29.54 block_curvature=4.51 block_weights=9.27 block_trajectory=0.47 block_fitness=5.09
[collector w0] processed run_id=mae__adamw__s42 step=4685 heavy=False blocks_ok=5 blocks_err=0 t=53.199s -> deleted
[extract] step=4690 SKIP heavy block block_circuits (ordinal=938 basis=step_fallback heavy_every=3)
[extract] step=4690 SKIP heavy block block_interp (ordinal=938 basis=step_fallback heavy_every=3)
[extract] step=4690 SKIP heavy block block_probes (ordinal=938 basis=step_fallback heavy_every=3)
[extract] step=4690 heavy=FALSE total=52.61s | block_optim=29.19 block_curvature=4.50 block_weights=9.01 block_trajectory=0.47 block_fitness=5.14
[collector w0] processed run_id=mae__adamw__s42 step=4690 heavy=False blocks_ok=5 blocks_err=0 t=52.61s -> deleted
[extract] step=4695 heavy=TRUE total=179.19s | block_optim=29.24 block_curvature=4.49 block_weights=8.81 block_trajectory=0.47 block_circuits=2.58 block_interp=86.78 block_probes=37.50 block_fitness=5.16
[collector w0] processed run_id=mae__adamw__s42 step=4695 heavy=True blocks_ok=8 blocks_err=0 t=179.189s -> deleted
[extract] step=4710 heavy=TRUE total=177.14s | block_optim=29.42 block_curvature=4.52 block_weights=9.39 block_trajectory=0.47 block_circuits=2.47 block_interp=87.47 block_probes=33.51 block_fitness=5.62
[collector w0] processed run_id=mae__adamw__s42 step=4710 heavy=True blocks_ok=8 blocks_err=0 t=177.141s -> deleted
[extract] step=4730 SKIP heavy block block_circuits (ordinal=946 basis=step_fallback heavy_every=3)
[extract] step=4730 SKIP heavy block block_interp (ordinal=946 basis=step_fallback heavy_every=3)
[extract] step=4730 SKIP heavy block block_probes (ordinal=946 basis=step_fallback heavy_every=3)
[extract] step=4730 heavy=FALSE total=53.76s | block_optim=29.81 block_curvature=4.50 block_weights=9.37 block_trajectory=0.49 block_fitness=5.20
[collector w0] re-slimmed kept run_id=mae__adamw__s42 step=4613 MODEL-ONLY (bumped out of latest-2).
[collector w0] processed run_id=mae__adamw__s42 step=4730 heavy=False blocks_ok=5 blocks_err=0 t=53.758s -> KEPT(->kept/,FULL latest2)
[extract] step=4735 SKIP heavy block block_circuits (ordinal=947 basis=step_fallback heavy_every=3)
[extract] step=4735 SKIP heavy block block_interp (ordinal=947 basis=step_fallback heavy_every=3)
[extract] step=4735 SKIP heavy block block_probes (ordinal=947 basis=step_fallback heavy_every=3)
[extract] step=4735 heavy=FALSE total=52.90s | block_optim=29.66 block_curvature=4.55 block_weights=9.22 block_trajectory=0.51 block_fitness=5.15
[collector w0] processed run_id=mae__adamw__s42 step=4735 heavy=False blocks_ok=5 blocks_err=0 t=52.899s -> deleted
[extract] step=4740 heavy=TRUE total=186.07s | block_optim=29.70 block_curvature=4.53 block_weights=9.20 block_trajectory=0.50 block_circuits=2.53 block_interp=95.27 block_probes=34.75 block_fitness=5.34
[collector w0] processed run_id=mae__adamw__s42 step=4740 heavy=True blocks_ok=8 blocks_err=0 t=186.07s -> deleted
[extract] step=4755 heavy=TRUE total=185.73s | block_optim=30.16 block_curvature=4.53 block_weights=9.50 block_trajectory=0.50 block_circuits=2.43 block_interp=90.58 block_probes=38.64 block_fitness=5.22
[collector w0] processed run_id=mae__adamw__s42 step=4755 heavy=True blocks_ok=8 blocks_err=0 t=185.726s -> deleted
[extract] step=4775 SKIP heavy block block_circuits (ordinal=955 basis=step_fallback heavy_every=3)
[extract] step=4775 SKIP heavy block block_interp (ordinal=955 basis=step_fallback heavy_every=3)
[extract] step=4775 SKIP heavy block block_probes (ordinal=955 basis=step_fallback heavy_every=3)
[extract] step=4775 heavy=FALSE total=54.68s | block_optim=30.15 block_curvature=4.53 block_weights=9.82 block_trajectory=0.50 block_fitness=5.24
[collector w0] processed run_id=mae__adamw__s42 step=4775 heavy=False blocks_ok=5 blocks_err=0 t=54.678s -> deleted
[extract] step=4780 SKIP heavy block block_circuits (ordinal=956 basis=step_fallback heavy_every=3)
[extract] step=4780 SKIP heavy block block_interp (ordinal=956 basis=step_fallback heavy_every=3)
[extract] step=4780 SKIP heavy block block_probes (ordinal=956 basis=step_fallback heavy_every=3)
[extract] step=4780 heavy=FALSE total=53.49s | block_optim=29.65 block_curvature=4.53 block_weights=9.20 block_trajectory=0.51 block_fitness=5.17
[collector w0] processed run_id=mae__adamw__s42 step=4780 heavy=False blocks_ok=5 blocks_err=0 t=53.486s -> deleted
[extract] step=4785 heavy=TRUE total=181.01s | block_optim=29.98 block_curvature=4.55 block_weights=9.16 block_trajectory=0.50 block_circuits=2.54 block_interp=90.26 block_probes=34.66 block_fitness=5.17
[collector w0] processed run_id=mae__adamw__s42 step=4785 heavy=True blocks_ok=8 blocks_err=0 t=181.01s -> deleted
[extract] step=4800 heavy=TRUE total=185.44s | block_optim=29.93 block_curvature=4.53 block_weights=9.67 block_trajectory=0.49 block_circuits=2.36 block_interp=90.31 block_probes=38.79 block_fitness=5.23
[collector w0] processed run_id=mae__adamw__s42 step=4800 heavy=True blocks_ok=8 blocks_err=0 t=185.438s -> deleted
[extract] step=4820 SKIP heavy block block_circuits (ordinal=964 basis=step_fallback heavy_every=3)
[extract] step=4820 SKIP heavy block block_interp (ordinal=964 basis=step_fallback heavy_every=3)
[extract] step=4820 SKIP heavy block block_probes (ordinal=964 basis=step_fallback heavy_every=3)
[extract] step=4820 heavy=FALSE total=54.70s | block_optim=30.25 block_curvature=4.56 block_weights=9.79 block_trajectory=0.50 block_fitness=5.20
[collector w0] processed run_id=mae__adamw__s42 step=4820 heavy=False blocks_ok=5 blocks_err=0 t=54.7s -> deleted
[extract] step=4825 SKIP heavy block block_circuits (ordinal=965 basis=step_fallback heavy_every=3)
[extract] step=4825 SKIP heavy block block_interp (ordinal=965 basis=step_fallback heavy_every=3)
[extract] step=4825 SKIP heavy block block_probes (ordinal=965 basis=step_fallback heavy_every=3)
[extract] step=4825 heavy=FALSE total=53.53s | block_optim=29.75 block_curvature=4.53 block_weights=9.23 block_trajectory=0.50 block_fitness=5.15
[collector w0] processed run_id=mae__adamw__s42 step=4825 heavy=False blocks_ok=5 blocks_err=0 t=53.525s -> deleted
[extract] step=4830 heavy=TRUE total=182.43s | block_optim=30.12 block_curvature=4.53 block_weights=9.16 block_trajectory=0.51 block_circuits=2.57 block_interp=90.56 block_probes=35.19 block_fitness=5.53
[collector w0] processed run_id=mae__adamw__s42 step=4830 heavy=True blocks_ok=8 blocks_err=0 t=182.427s -> deleted
[extract] step=4840 SKIP heavy block block_circuits (ordinal=968 basis=step_fallback heavy_every=3)
[extract] step=4840 SKIP heavy block block_interp (ordinal=968 basis=step_fallback heavy_every=3)
[extract] step=4840 SKIP heavy block block_probes (ordinal=968 basis=step_fallback heavy_every=3)
[extract] step=4840 heavy=FALSE total=54.83s | block_optim=30.37 block_curvature=4.55 block_weights=9.66 block_trajectory=0.50 block_fitness=5.11
[collector w0] processed run_id=mae__adamw__s42 step=4840 heavy=False blocks_ok=5 blocks_err=0 t=54.834s -> deleted
[extract] step=4850 SKIP heavy block block_circuits (ordinal=970 basis=step_fallback heavy_every=3)
[extract] step=4850 SKIP heavy block block_interp (ordinal=970 basis=step_fallback heavy_every=3)
[extract] step=4850 SKIP heavy block block_probes (ordinal=970 basis=step_fallback heavy_every=3)
[extract] step=4850 heavy=FALSE total=54.15s | block_optim=29.95 block_curvature=4.54 block_weights=9.53 block_trajectory=0.50 block_fitness=5.15
[collector w0] processed run_id=mae__adamw__s42 step=4850 heavy=False blocks_ok=5 blocks_err=0 t=54.149s -> deleted
[extract] step=4855 SKIP heavy block block_circuits (ordinal=971 basis=step_fallback heavy_every=3)
[extract] step=4855 SKIP heavy block block_interp (ordinal=971 basis=step_fallback heavy_every=3)
[extract] step=4855 SKIP heavy block block_probes (ordinal=971 basis=step_fallback heavy_every=3)
[extract] step=4855 heavy=FALSE total=53.53s | block_optim=29.62 block_curvature=4.54 block_weights=9.20 block_trajectory=0.51 block_fitness=5.15
[collector w0] processed run_id=mae__adamw__s42 step=4855 heavy=False blocks_ok=5 blocks_err=0 t=53.534s -> deleted
[extract] step=4860 heavy=TRUE total=181.12s | block_optim=29.86 block_curvature=4.53 block_weights=9.11 block_trajectory=0.50 block_circuits=2.50 block_interp=89.71 block_probes=35.02 block_fitness=5.64
[collector w0] processed run_id=mae__adamw__s42 step=4860 heavy=True blocks_ok=8 blocks_err=0 t=181.117s -> deleted
[extract] step=4875 heavy=TRUE total=184.36s | block_optim=29.85 block_curvature=4.53 block_weights=9.31 block_trajectory=0.50 block_circuits=2.37 block_interp=90.34 block_probes=38.19 block_fitness=5.20
[collector w0] processed run_id=mae__adamw__s42 step=4875 heavy=True blocks_ok=8 blocks_err=0 t=184.361s -> deleted
[extract] step=4895 SKIP heavy block block_circuits (ordinal=979 basis=step_fallback heavy_every=3)
[extract] step=4895 SKIP heavy block block_interp (ordinal=979 basis=step_fallback heavy_every=3)
[extract] step=4895 SKIP heavy block block_probes (ordinal=979 basis=step_fallback heavy_every=3)
[extract] step=4895 heavy=FALSE total=53.95s | block_optim=30.00 block_curvature=4.55 block_weights=9.28 block_trajectory=0.49 block_fitness=5.19
[collector w0] processed run_id=mae__adamw__s42 step=4895 heavy=False blocks_ok=5 blocks_err=0 t=53.948s -> deleted
[extract] step=4900 SKIP heavy block block_circuits (ordinal=980 basis=step_fallback heavy_every=3)
[extract] step=4900 SKIP heavy block block_interp (ordinal=980 basis=step_fallback heavy_every=3)
[extract] step=4900 SKIP heavy block block_probes (ordinal=980 basis=step_fallback heavy_every=3)
[extract] step=4900 heavy=FALSE total=53.32s | block_optim=29.66 block_curvature=4.54 block_weights=8.94 block_trajectory=0.49 block_fitness=5.16
[collector w0] processed run_id=mae__adamw__s42 step=4900 heavy=False blocks_ok=5 blocks_err=0 t=53.318s -> deleted
[extract] step=4905 heavy=TRUE total=183.79s | block_optim=29.59 block_curvature=4.54 block_weights=9.19 block_trajectory=0.50 block_circuits=2.57 block_interp=89.58 block_probes=38.44 block_fitness=5.19
[collector w0] processed run_id=mae__adamw__s42 step=4905 heavy=True blocks_ok=8 blocks_err=0 t=183.792s -> deleted
[extract] step=4925 SKIP heavy block block_circuits (ordinal=985 basis=step_fallback heavy_every=3)
[extract] step=4925 SKIP heavy block block_interp (ordinal=985 basis=step_fallback heavy_every=3)
[extract] step=4925 SKIP heavy block block_probes (ordinal=985 basis=step_fallback heavy_every=3)
[extract] step=4925 heavy=FALSE total=53.73s | block_optim=29.83 block_curvature=4.52 block_weights=9.27 block_trajectory=0.49 block_fitness=5.17
[collector w0] re-slimmed kept run_id=mae__adamw__s42 step=4730 MODEL-ONLY (bumped out of latest-2).
[collector w0] processed run_id=mae__adamw__s42 step=4925 heavy=False blocks_ok=5 blocks_err=0 t=53.733s -> KEPT(->kept/,FULL latest2)
[extract] step=4930 SKIP heavy block block_circuits (ordinal=986 basis=step_fallback heavy_every=3)
[extract] step=4930 SKIP heavy block block_interp (ordinal=986 basis=step_fallback heavy_every=3)
[extract] step=4930 SKIP heavy block block_probes (ordinal=986 basis=step_fallback heavy_every=3)
[extract] step=4930 heavy=FALSE total=52.97s | block_optim=29.68 block_curvature=4.53 block_weights=9.34 block_trajectory=0.49 block_fitness=5.15
[collector w0] processed run_id=mae__adamw__s42 step=4930 heavy=False blocks_ok=5 blocks_err=0 t=52.973s -> deleted
[extract] step=4935 heavy=TRUE total=189.52s | block_optim=29.51 block_curvature=4.53 block_weights=9.12 block_trajectory=0.50 block_circuits=2.48 block_interp=94.74 block_probes=39.51 block_fitness=5.22
[collector w0] processed run_id=mae__adamw__s42 step=4935 heavy=True blocks_ok=8 blocks_err=0 t=189.519s -> deleted
[extract] step=4950 heavy=TRUE total=181.36s | block_optim=29.42 block_curvature=4.53 block_weights=9.26 block_trajectory=0.50 block_circuits=2.29 block_interp=88.07 block_probes=38.03 block_fitness=5.17
[collector w0] processed run_id=mae__adamw__s42 step=4950 heavy=True blocks_ok=8 blocks_err=0 t=181.362s -> deleted
[extract] step=4970 SKIP heavy block block_circuits (ordinal=994 basis=step_fallback heavy_every=3)
[extract] step=4970 SKIP heavy block block_interp (ordinal=994 basis=step_fallback heavy_every=3)
[extract] step=4970 SKIP heavy block block_probes (ordinal=994 basis=step_fallback heavy_every=3)
[extract] step=4970 heavy=FALSE total=53.28s | block_optim=29.58 block_curvature=4.55 block_weights=9.16 block_trajectory=0.46 block_fitness=5.17
[collector w0] processed run_id=mae__adamw__s42 step=4970 heavy=False blocks_ok=5 blocks_err=0 t=53.278s -> deleted
[extract] step=4976 SKIP heavy block block_circuits (ordinal=995 basis=step_fallback heavy_every=3)
[extract] step=4976 SKIP heavy block block_interp (ordinal=995 basis=step_fallback heavy_every=3)
[extract] step=4976 SKIP heavy block block_probes (ordinal=995 basis=step_fallback heavy_every=3)
[extract] step=4976 heavy=FALSE total=52.94s | block_optim=29.27 block_curvature=4.52 block_weights=9.06 block_trajectory=0.50 block_fitness=5.15
[collector w0] processed run_id=mae__adamw__s42 step=4976 heavy=False blocks_ok=5 blocks_err=0 t=52.941s -> deleted
[extract] step=4982 heavy=TRUE total=181.48s | block_optim=29.30 block_curvature=4.53 block_weights=9.12 block_trajectory=0.50 block_circuits=2.58 block_interp=87.90 block_probes=38.36 block_fitness=5.10
[collector w0] processed run_id=mae__adamw__s42 step=4982 heavy=True blocks_ok=8 blocks_err=0 t=181.478s -> deleted
[extract] step=5003 SKIP heavy block block_circuits (ordinal=1000 basis=step_fallback heavy_every=3)
[extract] step=5003 SKIP heavy block block_interp (ordinal=1000 basis=step_fallback heavy_every=3)
[extract] step=5003 SKIP heavy block block_probes (ordinal=1000 basis=step_fallback heavy_every=3)
[extract] step=5003 heavy=FALSE total=53.44s | block_optim=29.71 block_curvature=4.49 block_weights=9.32 block_trajectory=0.46 block_fitness=5.11
[collector w0] re-slimmed kept run_id=mae__adamw__s42 step=4805 MODEL-ONLY (bumped out of latest-2).
[collector w0] processed run_id=mae__adamw__s42 step=5003 heavy=False blocks_ok=5 blocks_err=0 t=53.442s -> KEPT(->kept/,FULL latest2)
[extract] step=5008 SKIP heavy block block_circuits (ordinal=1001 basis=step_fallback heavy_every=3)
[extract] step=5008 SKIP heavy block block_interp (ordinal=1001 basis=step_fallback heavy_every=3)
[extract] step=5008 SKIP heavy block block_probes (ordinal=1001 basis=step_fallback heavy_every=3)
[extract] step=5008 heavy=FALSE total=52.09s | block_optim=29.28 block_curvature=4.51 block_weights=8.81 block_trajectory=0.47 block_fitness=5.10
[collector w0] processed run_id=mae__adamw__s42 step=5008 heavy=False blocks_ok=5 blocks_err=0 t=52.089s -> deleted
[extract] step=5013 heavy=TRUE total=189.47s | block_optim=29.62 block_curvature=4.50 block_weights=9.06 block_trajectory=0.47 block_circuits=2.51 block_interp=94.11 block_probes=40.01 block_fitness=5.26
[collector w0] processed run_id=mae__adamw__s42 step=5013 heavy=True blocks_ok=8 blocks_err=0 t=189.475s -> deleted
[extract] step=5033 SKIP heavy block block_circuits (ordinal=1006 basis=step_fallback heavy_every=3)
[extract] step=5033 SKIP heavy block block_interp (ordinal=1006 basis=step_fallback heavy_every=3)
[extract] step=5033 SKIP heavy block block_probes (ordinal=1006 basis=step_fallback heavy_every=3)
[extract] step=5033 heavy=FALSE total=54.29s | block_optim=30.03 block_curvature=4.54 block_weights=9.56 block_trajectory=0.51 block_fitness=5.25
[collector w0] processed run_id=mae__adamw__s42 step=5033 heavy=False blocks_ok=5 blocks_err=0 t=54.285s -> deleted
[extract] step=5038 SKIP heavy block block_circuits (ordinal=1007 basis=step_fallback heavy_every=3)
[extract] step=5038 SKIP heavy block block_interp (ordinal=1007 basis=step_fallback heavy_every=3)
[extract] step=5038 SKIP heavy block block_probes (ordinal=1007 basis=step_fallback heavy_every=3)
[extract] step=5038 heavy=FALSE total=53.54s | block_optim=29.60 block_curvature=4.53 block_weights=9.22 block_trajectory=0.51 block_fitness=5.28
[collector w0] processed run_id=mae__adamw__s42 step=5038 heavy=False blocks_ok=5 blocks_err=0 t=53.544s -> deleted
[extract] step=5043 heavy=TRUE total=185.10s | block_optim=29.94 block_curvature=4.56 block_weights=9.29 block_trajectory=0.51 block_circuits=2.71 block_interp=90.27 block_probes=38.58 block_fitness=5.17
[collector w0] processed run_id=mae__adamw__s42 step=5043 heavy=True blocks_ok=8 blocks_err=0 t=185.096s -> deleted
[extract] step=5063 SKIP heavy block block_circuits (ordinal=1012 basis=step_fallback heavy_every=3)
[extract] step=5063 SKIP heavy block block_interp (ordinal=1012 basis=step_fallback heavy_every=3)
[extract] step=5063 SKIP heavy block block_probes (ordinal=1012 basis=step_fallback heavy_every=3)
[extract] step=5063 heavy=FALSE total=54.42s | block_optim=30.11 block_curvature=4.53 block_weights=9.55 block_trajectory=0.50 block_fitness=5.18
[collector w0] processed run_id=mae__adamw__s42 step=5063 heavy=False blocks_ok=5 blocks_err=0 t=54.417s -> deleted
[extract] step=5068 SKIP heavy block block_circuits (ordinal=1013 basis=step_fallback heavy_every=3)
[extract] step=5068 SKIP heavy block block_interp (ordinal=1013 basis=step_fallback heavy_every=3)
[extract] step=5068 SKIP heavy block block_probes (ordinal=1013 basis=step_fallback heavy_every=3)
[extract] step=5068 heavy=FALSE total=53.56s | block_optim=29.68 block_curvature=4.54 block_weights=9.17 block_trajectory=0.50 block_fitness=5.18
[collector w0] processed run_id=mae__adamw__s42 step=5068 heavy=False blocks_ok=5 blocks_err=0 t=53.559s -> deleted
[extract] step=5073 heavy=TRUE total=180.33s | block_optim=29.61 block_curvature=4.55 block_weights=9.24 block_trajectory=0.51 block_circuits=2.53 block_interp=89.93 block_probes=34.49 block_fitness=5.32
[collector w0] processed run_id=mae__adamw__s42 step=5073 heavy=True blocks_ok=8 blocks_err=0 t=180.332s -> deleted
[extract] step=5093 SKIP heavy block block_circuits (ordinal=1018 basis=step_fallback heavy_every=3)
[extract] step=5093 SKIP heavy block block_interp (ordinal=1018 basis=step_fallback heavy_every=3)
[extract] step=5093 SKIP heavy block block_probes (ordinal=1018 basis=step_fallback heavy_every=3)
[extract] step=5093 heavy=FALSE total=53.86s | block_optim=29.79 block_curvature=4.54 block_weights=9.41 block_trajectory=0.50 block_fitness=5.14
[collector w0] re-slimmed kept run_id=mae__adamw__s42 step=4925 MODEL-ONLY (bumped out of latest-2).
[collector w0] processed run_id=mae__adamw__s42 step=5093 heavy=False blocks_ok=5 blocks_err=0 t=53.86s -> KEPT(->kept/,FULL latest2)
[extract] step=5098 SKIP heavy block block_circuits (ordinal=1019 basis=step_fallback heavy_every=3)
[extract] step=5098 SKIP heavy block block_interp (ordinal=1019 basis=step_fallback heavy_every=3)
[extract] step=5098 SKIP heavy block block_probes (ordinal=1019 basis=step_fallback heavy_every=3)
[extract] step=5098 heavy=FALSE total=53.09s | block_optim=29.61 block_curvature=4.56 block_weights=9.48 block_trajectory=0.50 block_fitness=5.15
[collector w0] processed run_id=mae__adamw__s42 step=5098 heavy=False blocks_ok=5 blocks_err=0 t=53.087s -> deleted
[extract] step=5103 heavy=TRUE total=188.15s | block_optim=29.67 block_curvature=4.54 block_weights=9.16 block_trajectory=0.51 block_circuits=2.55 block_interp=94.56 block_probes=38.04 block_fitness=5.20
[collector w0] processed run_id=mae__adamw__s42 step=5103 heavy=True blocks_ok=8 blocks_err=0 t=188.145s -> deleted
[extract] step=5126 SKIP heavy block block_circuits (ordinal=1025 basis=step_fallback heavy_every=3)
[extract] step=5126 SKIP heavy block block_interp (ordinal=1025 basis=step_fallback heavy_every=3)
[extract] step=5126 SKIP heavy block block_probes (ordinal=1025 basis=step_fallback heavy_every=3)
[extract] step=5126 heavy=FALSE total=54.31s | block_optim=29.74 block_curvature=4.52 block_weights=9.40 block_trajectory=0.48 block_fitness=5.23
[collector w0] re-slimmed kept run_id=mae__adamw__s42 step=5003 MODEL-ONLY (bumped out of latest-2).
[collector w0] processed run_id=mae__adamw__s42 step=5126 heavy=False blocks_ok=5 blocks_err=0 t=54.313s -> KEPT(->kept/,FULL latest2)
[extract] step=5138 SKIP heavy block block_circuits (ordinal=1027 basis=step_fallback heavy_every=3)
[extract] step=5138 SKIP heavy block block_interp (ordinal=1027 basis=step_fallback heavy_every=3)
[extract] step=5138 SKIP heavy block block_probes (ordinal=1027 basis=step_fallback heavy_every=3)
[extract] step=5138 heavy=FALSE total=53.65s | block_optim=29.85 block_curvature=4.55 block_weights=9.22 block_trajectory=0.47 block_fitness=5.26
[collector w0] re-slimmed kept run_id=mae__adamw__s42 step=5093 MODEL-ONLY (bumped out of latest-2).
[collector w0] processed run_id=mae__adamw__s42 step=5138 heavy=False blocks_ok=5 blocks_err=0 t=53.655s -> KEPT(->kept/,FULL latest2)
[extract] step=5143 SKIP heavy block block_circuits (ordinal=1028 basis=step_fallback heavy_every=3)
[extract] step=5143 SKIP heavy block block_interp (ordinal=1028 basis=step_fallback heavy_every=3)
[extract] step=5143 SKIP heavy block block_probes (ordinal=1028 basis=step_fallback heavy_every=3)
[extract] step=5143 heavy=FALSE total=53.00s | block_optim=29.45 block_curvature=4.57 block_weights=9.47 block_trajectory=0.47 block_fitness=5.21
[collector w0] re-slimmed kept run_id=mae__adamw__s42 step=5126 MODEL-ONLY (bumped out of latest-2).
[collector w0] processed run_id=mae__adamw__s42 step=5143 heavy=False blocks_ok=5 blocks_err=0 t=53.001s -> KEPT(->kept/,FULL latest2)
[extract] step=5148 heavy=TRUE total=187.43s | block_optim=29.40 block_curvature=4.51 block_weights=9.04 block_trajectory=0.48 block_circuits=2.47 block_interp=94.97 block_probes=37.78 block_fitness=5.15
[collector w0] processed run_id=mae__adamw__s42 step=5148 heavy=True blocks_ok=8 blocks_err=0 t=187.429s -> KEPT(->kept/,model-only)
[extract] step=5170 SKIP heavy block block_circuits (ordinal=1034 basis=step_fallback heavy_every=3)
[extract] step=5170 SKIP heavy block block_interp (ordinal=1034 basis=step_fallback heavy_every=3)
[extract] step=5170 SKIP heavy block block_probes (ordinal=1034 basis=step_fallback heavy_every=3)
[extract] step=5170 heavy=FALSE total=53.06s | block_optim=29.71 block_curvature=4.51 block_weights=9.41 block_trajectory=0.47 block_fitness=5.11
[collector w0] re-slimmed kept run_id=mae__adamw__s42 step=5159 MODEL-ONLY (bumped out of latest-2).
[collector w0] processed run_id=mae__adamw__s42 step=5170 heavy=False blocks_ok=5 blocks_err=0 t=53.064s -> KEPT(->kept/,FULL latest2)
[extract] step=5182 SKIP heavy block block_circuits (ordinal=1036 basis=step_fallback heavy_every=3)
[extract] step=5182 SKIP heavy block block_interp (ordinal=1036 basis=step_fallback heavy_every=3)
[extract] step=5182 SKIP heavy block block_probes (ordinal=1036 basis=step_fallback heavy_every=3)
[extract] step=5182 heavy=FALSE total=53.56s | block_optim=29.73 block_curvature=4.50 block_weights=9.32 block_trajectory=0.48 block_fitness=5.13
[collector w0] re-slimmed kept run_id=mae__adamw__s42 step=5165 MODEL-ONLY (bumped out of latest-2).
[collector w0] processed run_id=mae__adamw__s42 step=5182 heavy=False blocks_ok=5 blocks_err=0 t=53.556s -> KEPT(->kept/,FULL latest2)
[extract] step=5188 SKIP heavy block block_circuits (ordinal=1037 basis=step_fallback heavy_every=3)
[extract] step=5188 SKIP heavy block block_interp (ordinal=1037 basis=step_fallback heavy_every=3)
[extract] step=5188 SKIP heavy block block_probes (ordinal=1037 basis=step_fallback heavy_every=3)
[extract] step=5188 heavy=FALSE total=52.88s | block_optim=29.37 block_curvature=4.51 block_weights=9.01 block_trajectory=0.47 block_fitness=5.09
[collector w0] re-slimmed kept run_id=mae__adamw__s42 step=5170 MODEL-ONLY (bumped out of latest-2).
[collector w0] processed run_id=mae__adamw__s42 step=5188 heavy=False blocks_ok=5 blocks_err=0 t=52.878s -> KEPT(->kept/,FULL latest2)
[extract] step=5194 heavy=TRUE total=187.85s | block_optim=29.40 block_curvature=4.52 block_weights=9.06 block_trajectory=0.47 block_circuits=2.58 block_interp=94.57 block_probes=38.15 block_fitness=5.10
[collector w0] re-slimmed kept run_id=mae__adamw__s42 step=5188 MODEL-ONLY (bumped out of latest-2).
[collector w0] processed run_id=mae__adamw__s42 step=5194 heavy=True blocks_ok=8 blocks_err=0 t=187.846s -> KEPT(->kept/,FULL latest2)
[extract] step=5213 SKIP heavy block block_circuits (ordinal=1042 basis=step_fallback heavy_every=3)
[extract] step=5213 SKIP heavy block block_interp (ordinal=1042 basis=step_fallback heavy_every=3)
[extract] step=5213 SKIP heavy block block_probes (ordinal=1042 basis=step_fallback heavy_every=3)
[extract] step=5213 heavy=FALSE total=54.04s | block_optim=29.91 block_curvature=4.56 block_weights=9.58 block_trajectory=0.47 block_fitness=5.13
[collector w0] re-slimmed kept run_id=mae__adamw__s42 step=5194 MODEL-ONLY (bumped out of latest-2).
[collector w0] processed run_id=mae__adamw__s42 step=5213 heavy=False blocks_ok=5 blocks_err=0 t=54.04s -> KEPT(->kept/,FULL latest2)
[extract] step=5219 SKIP heavy block block_circuits (ordinal=1043 basis=step_fallback heavy_every=3)
[extract] step=5219 SKIP heavy block block_interp (ordinal=1043 basis=step_fallback heavy_every=3)
[extract] step=5219 SKIP heavy block block_probes (ordinal=1043 basis=step_fallback heavy_every=3)
[extract] step=5219 heavy=FALSE total=53.23s | block_optim=29.65 block_curvature=4.50 block_weights=9.01 block_trajectory=0.47 block_fitness=5.16
[collector w0] re-slimmed kept run_id=mae__adamw__s42 step=5200 MODEL-ONLY (bumped out of latest-2).
[collector w0] processed run_id=mae__adamw__s42 step=5219 heavy=False blocks_ok=5 blocks_err=0 t=53.232s -> KEPT(->kept/,FULL latest2)
[extract] step=5225 SKIP heavy block block_circuits (ordinal=1045 basis=step_fallback heavy_every=3)
[extract] step=5225 SKIP heavy block block_interp (ordinal=1045 basis=step_fallback heavy_every=3)
[extract] step=5225 SKIP heavy block block_probes (ordinal=1045 basis=step_fallback heavy_every=3)
[extract] step=5225 heavy=FALSE total=52.86s | block_optim=29.35 block_curvature=4.51 block_weights=8.90 block_trajectory=0.46 block_fitness=5.17
[collector w0] re-slimmed kept run_id=mae__adamw__s42 step=5213 MODEL-ONLY (bumped out of latest-2).
[collector w0] processed run_id=mae__adamw__s42 step=5225 heavy=False blocks_ok=5 blocks_err=0 t=52.861s -> KEPT(->kept/,FULL latest2)
[extract] step=5235 heavy=TRUE total=189.83s | block_optim=29.55 block_curvature=4.54 block_weights=9.83 block_trajectory=0.47 block_circuits=2.57 block_interp=95.54 block_probes=38.15 block_fitness=5.08
[collector w0] re-slimmed kept run_id=mae__adamw__s42 step=5230 MODEL-ONLY (bumped out of latest-2).
[collector w0] processed run_id=mae__adamw__s42 step=5235 heavy=True blocks_ok=8 blocks_err=0 t=189.832s -> KEPT(->kept/,FULL latest2)
[extract] step=5247 SKIP heavy block block_circuits (ordinal=1049 basis=step_fallback heavy_every=3)
[extract] step=5247 SKIP heavy block block_interp (ordinal=1049 basis=step_fallback heavy_every=3)
[extract] step=5247 SKIP heavy block block_probes (ordinal=1049 basis=step_fallback heavy_every=3)
[extract] step=5247 heavy=FALSE total=52.96s | block_optim=29.65 block_curvature=4.50 block_weights=9.33 block_trajectory=0.47 block_fitness=5.12
[collector w0] processed run_id=mae__adamw__s42 step=5247 heavy=False blocks_ok=5 blocks_err=0 t=52.964s -> deleted
[extract] step=5258 SKIP heavy block block_circuits (ordinal=1051 basis=step_fallback heavy_every=3)
[extract] step=5258 SKIP heavy block block_interp (ordinal=1051 basis=step_fallback heavy_every=3)
[extract] step=5258 SKIP heavy block block_probes (ordinal=1051 basis=step_fallback heavy_every=3)
[extract] step=5258 heavy=FALSE total=54.18s | block_optim=29.67 block_curvature=4.54 block_weights=10.13 block_trajectory=0.47 block_fitness=5.14
[collector w0] re-slimmed kept run_id=mae__adamw__s42 step=5241 MODEL-ONLY (bumped out of latest-2).
[collector w0] processed run_id=mae__adamw__s42 step=5258 heavy=False blocks_ok=5 blocks_err=0 t=54.182s -> KEPT(->kept/,FULL latest2)
[extract] step=5265 heavy=TRUE total=189.45s | block_optim=29.43 block_curvature=4.53 block_weights=9.79 block_trajectory=0.47 block_circuits=2.51 block_interp=95.62 block_probes=38.47 block_fitness=5.16
[collector w0] re-slimmed kept run_id=mae__adamw__s42 step=5252 MODEL-ONLY (bumped out of latest-2).
[collector w0] processed run_id=mae__adamw__s42 step=5265 heavy=True blocks_ok=8 blocks_err=0 t=189.451s -> KEPT(->kept/,FULL latest2)
[extract] step=5277 SKIP heavy block block_circuits (ordinal=1055 basis=step_fallback heavy_every=3)
[extract] step=5277 SKIP heavy block block_interp (ordinal=1055 basis=step_fallback heavy_every=3)
[extract] step=5277 SKIP heavy block block_probes (ordinal=1055 basis=step_fallback heavy_every=3)
[extract] step=5277 heavy=FALSE total=54.25s | block_optim=29.74 block_curvature=4.52 block_weights=9.45 block_trajectory=0.47 block_fitness=5.17
[collector w0] processed run_id=mae__adamw__s42 step=5277 heavy=False blocks_ok=5 blocks_err=0 t=54.252s -> deleted
[extract] step=5291 SKIP heavy block block_circuits (ordinal=1058 basis=step_fallback heavy_every=3)
[extract] step=5291 SKIP heavy block block_interp (ordinal=1058 basis=step_fallback heavy_every=3)
[extract] step=5291 SKIP heavy block block_probes (ordinal=1058 basis=step_fallback heavy_every=3)
[extract] step=5291 heavy=FALSE total=53.67s | block_optim=30.02 block_curvature=4.49 block_weights=9.30 block_trajectory=0.48 block_fitness=5.18
[collector w0] re-slimmed kept run_id=mae__adamw__s42 step=5258 MODEL-ONLY (bumped out of latest-2).
[collector w0] processed run_id=mae__adamw__s42 step=5291 heavy=False blocks_ok=5 blocks_err=0 t=53.671s -> KEPT(->kept/,FULL latest2)
[extract] step=5298 heavy=TRUE total=189.16s | block_optim=29.49 block_curvature=4.50 block_weights=9.00 block_trajectory=0.47 block_circuits=2.54 block_interp=95.50 block_probes=38.13 block_fitness=5.20
[collector w0] re-slimmed kept run_id=mae__adamw__s42 step=5265 MODEL-ONLY (bumped out of latest-2).
[collector w0] processed run_id=mae__adamw__s42 step=5298 heavy=True blocks_ok=8 blocks_err=0 t=189.157s -> KEPT(->kept/,FULL latest2)
[extract] step=5320 SKIP heavy block block_circuits (ordinal=1064 basis=step_fallback heavy_every=3)
[extract] step=5320 SKIP heavy block block_interp (ordinal=1064 basis=step_fallback heavy_every=3)
[extract] step=5320 SKIP heavy block block_probes (ordinal=1064 basis=step_fallback heavy_every=3)
[extract] step=5320 heavy=FALSE total=54.51s | block_optim=29.79 block_curvature=4.50 block_weights=9.69 block_trajectory=0.47 block_fitness=5.16
[collector w0] re-slimmed kept run_id=mae__adamw__s42 step=5291 MODEL-ONLY (bumped out of latest-2).
[collector w0] processed run_id=mae__adamw__s42 step=5320 heavy=False blocks_ok=5 blocks_err=0 t=54.512s -> KEPT(->kept/,FULL latest2)
[extract] step=5328 heavy=TRUE total=188.26s | block_optim=29.59 block_curvature=4.50 block_weights=8.93 block_trajectory=0.49 block_circuits=2.63 block_interp=95.04 block_probes=37.42 block_fitness=5.10
[collector w0] re-slimmed kept run_id=mae__adamw__s42 step=5298 MODEL-ONLY (bumped out of latest-2).
[collector w0] processed run_id=mae__adamw__s42 step=5328 heavy=True blocks_ok=8 blocks_err=0 t=188.259s -> KEPT(->kept/,FULL latest2)
[extract] step=5351 SKIP heavy block block_circuits (ordinal=1070 basis=step_fallback heavy_every=3)
[extract] step=5351 SKIP heavy block block_interp (ordinal=1070 basis=step_fallback heavy_every=3)
[extract] step=5351 SKIP heavy block block_probes (ordinal=1070 basis=step_fallback heavy_every=3)
[extract] step=5351 heavy=FALSE total=54.15s | block_optim=29.74 block_curvature=4.54 block_weights=9.35 block_trajectory=0.48 block_fitness=5.14
[collector w0] re-slimmed kept run_id=mae__adamw__s42 step=5320 MODEL-ONLY (bumped out of latest-2).
[collector w0] processed run_id=mae__adamw__s42 step=5351 heavy=False blocks_ok=5 blocks_err=0 t=54.155s -> KEPT(->kept/,FULL latest2)
[extract] step=5358 heavy=TRUE total=184.69s | block_optim=29.56 block_curvature=4.54 block_weights=9.12 block_trajectory=0.48 block_circuits=2.59 block_interp=93.98 block_probes=34.37 block_fitness=6.16
[collector w0] re-slimmed kept run_id=mae__adamw__s42 step=5351 MODEL-ONLY (bumped out of latest-2).
[collector w0] processed run_id=mae__adamw__s42 step=5358 heavy=True blocks_ok=8 blocks_err=0 t=184.694s -> KEPT(->kept/,FULL latest2)
[extract] step=5385 heavy=TRUE total=190.20s | block_optim=29.89 block_curvature=4.52 block_weights=9.58 block_trajectory=0.47 block_circuits=2.42 block_interp=95.29 block_probes=38.14 block_fitness=5.26
[collector w0] re-slimmed kept run_id=mae__adamw__s42 step=5366 MODEL-ONLY (bumped out of latest-2).
[collector w0] processed run_id=mae__adamw__s42 step=5385 heavy=True blocks_ok=8 blocks_err=0 t=190.204s -> KEPT(->kept/,FULL latest2)
[extract] step=5408 SKIP heavy block block_circuits (ordinal=1081 basis=step_fallback heavy_every=3)
[extract] step=5408 SKIP heavy block block_interp (ordinal=1081 basis=step_fallback heavy_every=3)
[extract] step=5408 SKIP heavy block block_probes (ordinal=1081 basis=step_fallback heavy_every=3)
[extract] step=5408 heavy=FALSE total=54.45s | block_optim=29.98 block_curvature=4.51 block_weights=9.40 block_trajectory=0.47 block_fitness=5.24
[collector w0] re-slimmed kept run_id=mae__adamw__s42 step=5385 MODEL-ONLY (bumped out of latest-2).
[collector w0] processed run_id=mae__adamw__s42 step=5408 heavy=False blocks_ok=5 blocks_err=0 t=54.454s -> KEPT(->kept/,FULL latest2)
[extract] step=5418 heavy=TRUE total=189.98s | block_optim=29.77 block_curvature=4.57 block_weights=9.13 block_trajectory=0.51 block_circuits=2.57 block_interp=94.97 block_probes=38.72 block_fitness=5.16
[collector w0] re-slimmed kept run_id=mae__adamw__s42 step=5401 MODEL-ONLY (bumped out of latest-2).
[collector w0] processed run_id=mae__adamw__s42 step=5418 heavy=True blocks_ok=8 blocks_err=0 t=189.978s -> KEPT(->kept/,FULL latest2)
[extract] step=5445 heavy=TRUE total=189.37s | block_optim=30.04 block_curvature=4.50 block_weights=9.47 block_trajectory=0.47 block_circuits=2.37 block_interp=94.52 block_probes=38.21 block_fitness=5.22
[collector w0] re-slimmed kept run_id=mae__adamw__s42 step=5418 MODEL-ONLY (bumped out of latest-2).
[collector w0] processed run_id=mae__adamw__s42 step=5445 heavy=True blocks_ok=8 blocks_err=0 t=189.373s -> KEPT(->kept/,FULL latest2)
[extract] step=5476 heavy=TRUE total=185.68s | block_optim=29.72 block_curvature=4.50 block_weights=9.38 block_trajectory=0.50 block_circuits=2.49 block_interp=92.81 block_probes=35.91 block_fitness=5.29
[collector w0] re-slimmed kept run_id=mae__adamw__s42 step=5465 MODEL-ONLY (bumped out of latest-2).
[collector w0] processed run_id=mae__adamw__s42 step=5476 heavy=True blocks_ok=8 blocks_err=0 t=185.683s -> KEPT(->kept/,FULL latest2)
[collector w0] --once drained 325 checkpoint(s); exiting.
[cw0] drained 325 checkpoint(s); extraction backlog present -> skip d90, loop.
[collector w0] --once drained 0 checkpoint(s); exiting.
[cw0] d90 START 004_mae_d100_s46.args  (claim=34869938_w0)
[cw0] d90 args: --backfill --condition mae --d 100 --seed 46 --shared-tokenizer mae --variant stable_evo --step_cap 4000 --patience 8 --eps 0.0001 --eval_every 50 --batch_size 64 --lr 0.001 --train_csv data/inat/train_v1.1.0.csv --val_csv data/inat/val_v1.1.0.csv --max_wall_seconds 600 --state_dir xAI/output/preadapt/_d90_queue/state --out xAI/output/preadapt/_d90_queue/d90_results.csv
============================================================
d90 subspace run (theta = theta0 + P v) [BACKFILL]
  condition        : mae
  d                : 100
  seed             : 46
  shared-tokenizer : mae
  perf_init/full   : <measure> / <post-hoc>
  device           : cuda:0
============================================================
[preadapt_models] init_model(condition='mae', exact_control_tokenizer=False): 303,303,682 params (303,303,682 currently trainable, pre-freeze).
[preadapt_train] applied MAE shared input stage (patch_embed + pos_embed).
[preadapt_models] freeze_input_stage: froze 3 input-stage tensors.
  D_trainable      : 302,314,498  ->  d=100  (P: {'method': 'achlioptas', 'seed': 46, 'd': 100, 'D_trainable': 302314498, 'density': 5.751359468564455e-05})
  perf_init (measured at v=0): 0.4069
  target (90%-gain): <post-hoc; running to plateau/step_cap>
  step=50 loss=0.6930 auc_pr_mean=0.4069 best=0.4069 target=<post-hoc> (5.8 min)
[d90] YIELD condition=mae d=100 seed=46 step=91 best=0.4069 -> state saved xAI/output/preadapt/_d90_queue/state/mae_d100_s46.pt (10.0 min this claim); re-queue to resume.
[d90] INCOMPLETE (wall_timeout): state saved; exit 2 -> caller should re-queue.
[extract] step=5553 heavy=TRUE total=182.54s | block_optim=29.64 block_curvature=5.12 block_weights=9.27 block_trajectory=0.46 block_circuits=2.67 block_interp=87.80 block_probes=37.37 block_fitness=6.25
[collector w0] processed run_id=mae__adamw__s42 step=5553 heavy=True blocks_ok=8 blocks_err=0 t=182.541s -> deleted
[extract] step=5576 SKIP heavy block block_circuits (ordinal=1115 basis=step_fallback heavy_every=3)
[extract] step=5576 SKIP heavy block block_interp (ordinal=1115 basis=step_fallback heavy_every=3)
[extract] step=5576 SKIP heavy block block_probes (ordinal=1115 basis=step_fallback heavy_every=3)
[extract] step=5576 heavy=FALSE total=53.46s | block_optim=29.74 block_curvature=4.52 block_weights=9.27 block_trajectory=0.46 block_fitness=5.19
[collector w0] re-slimmed kept run_id=mae__adamw__s42 step=5522 MODEL-ONLY (bumped out of latest-2).
[collector w0] processed run_id=mae__adamw__s42 step=5576 heavy=False blocks_ok=5 blocks_err=0 t=53.458s -> KEPT(->kept/,FULL latest2)
[extract] step=5592 SKIP heavy block block_circuits (ordinal=1118 basis=step_fallback heavy_every=3)
[extract] step=5592 SKIP heavy block block_interp (ordinal=1118 basis=step_fallback heavy_every=3)
[extract] step=5592 SKIP heavy block block_probes (ordinal=1118 basis=step_fallback heavy_every=3)
[extract] step=5592 heavy=FALSE total=52.89s | block_optim=29.64 block_curvature=4.50 block_weights=8.98 block_trajectory=0.46 block_fitness=5.23
[collector w0] re-slimmed kept run_id=mae__adamw__s42 step=5565 MODEL-ONLY (bumped out of latest-2).
[collector w0] processed run_id=mae__adamw__s42 step=5592 heavy=False blocks_ok=5 blocks_err=0 t=52.887s -> KEPT(->kept/,FULL latest2)
[extract] step=5621 SKIP heavy block block_circuits (ordinal=1124 basis=step_fallback heavy_every=3)
[extract] step=5621 SKIP heavy block block_interp (ordinal=1124 basis=step_fallback heavy_every=3)
[extract] step=5621 SKIP heavy block block_probes (ordinal=1124 basis=step_fallback heavy_every=3)
[extract] step=5621 heavy=FALSE total=53.99s | block_optim=29.43 block_curvature=4.50 block_weights=9.04 block_trajectory=0.49 block_fitness=5.26
[collector w0] re-slimmed kept run_id=mae__adamw__s42 step=5592 MODEL-ONLY (bumped out of latest-2).
[collector w0] processed run_id=mae__adamw__s42 step=5621 heavy=False blocks_ok=5 blocks_err=0 t=53.987s -> KEPT(->kept/,FULL latest2)
[collector w0] --once drained 4 checkpoint(s); exiting.
[cw0] drained 4 checkpoint(s); extraction backlog present -> skip d90, loop.
[collector w0] --once drained 0 checkpoint(s); exiting.
[cw0] d90 START 005_mae_d300_s42.args  (claim=34869938_w0)
[cw0] d90 args: --backfill --condition mae --d 300 --seed 42 --shared-tokenizer mae --variant stable_evo --step_cap 4000 --patience 8 --eps 0.0001 --eval_every 50 --batch_size 64 --lr 0.001 --train_csv data/inat/train_v1.1.0.csv --val_csv data/inat/val_v1.1.0.csv --max_wall_seconds 600 --state_dir xAI/output/preadapt/_d90_queue/state --out xAI/output/preadapt/_d90_queue/d90_results.csv
============================================================
d90 subspace run (theta = theta0 + P v) [BACKFILL]
  condition        : mae
  d                : 300
  seed             : 42
  shared-tokenizer : mae
  perf_init/full   : <measure> / <post-hoc>
  device           : cuda:0
============================================================
[preadapt_models] init_model(condition='mae', exact_control_tokenizer=False): 303,303,682 params (303,303,682 currently trainable, pre-freeze).
[preadapt_train] applied MAE shared input stage (patch_embed + pos_embed).
[preadapt_models] freeze_input_stage: froze 3 input-stage tensors.
  D_trainable      : 302,314,498  ->  d=300  (P: {'method': 'achlioptas', 'seed': 42, 'd': 300, 'D_trainable': 302314498, 'density': 5.751359468564455e-05})
  perf_init (measured at v=0): 0.4103
  target (90%-gain): <post-hoc; running to plateau/step_cap>
  step=50 loss=0.6929 auc_pr_mean=0.4105 best=0.4103 target=<post-hoc> (5.8 min)
[d90] YIELD condition=mae d=300 seed=42 step=92 best=0.4105 -> state saved xAI/output/preadapt/_d90_queue/state/mae_d300_s42.pt (10.0 min this claim); re-queue to resume.
[d90] INCOMPLETE (wall_timeout): state saved; exit 2 -> caller should re-queue.
[extract] step=5668 SKIP heavy block block_circuits (ordinal=1133 basis=step_fallback heavy_every=3)
[extract] step=5668 SKIP heavy block block_interp (ordinal=1133 basis=step_fallback heavy_every=3)
[extract] step=5668 SKIP heavy block block_probes (ordinal=1133 basis=step_fallback heavy_every=3)
[extract] step=5668 heavy=FALSE total=55.25s | block_optim=29.93 block_curvature=5.12 block_weights=9.40 block_trajectory=0.46 block_fitness=6.01
[collector w0] processed run_id=mae__adamw__s42 step=5668 heavy=False blocks_ok=5 blocks_err=0 t=55.251s -> deleted
[extract] step=5686 heavy=TRUE total=177.59s | block_optim=29.63 block_curvature=4.51 block_weights=8.86 block_trajectory=0.45 block_circuits=2.44 block_interp=87.77 block_probes=34.39 block_fitness=5.63
[collector w0] processed run_id=mae__adamw__s42 step=5686 heavy=True blocks_ok=8 blocks_err=0 t=177.587s -> deleted
[extract] step=5719 heavy=TRUE total=180.91s | block_optim=29.70 block_curvature=4.50 block_weights=9.13 block_trajectory=0.47 block_circuits=2.52 block_interp=90.22 block_probes=34.82 block_fitness=5.69
[collector w0] re-slimmed kept run_id=mae__adamw__s42 step=5652 MODEL-ONLY (bumped out of latest-2).
[collector w0] re-slimmed kept run_id=mae__adamw__s42 step=5636 MODEL-ONLY (bumped out of latest-2).
[collector w0] processed run_id=mae__adamw__s42 step=5719 heavy=True blocks_ok=8 blocks_err=0 t=180.913s -> KEPT(->kept/,FULL latest2)
[extract] step=5740 SKIP heavy block block_circuits (ordinal=1148 basis=step_fallback heavy_every=3)
[extract] step=5740 SKIP heavy block block_interp (ordinal=1148 basis=step_fallback heavy_every=3)
[extract] step=5740 SKIP heavy block block_probes (ordinal=1148 basis=step_fallback heavy_every=3)
[extract] step=5740 heavy=FALSE total=54.81s | block_optim=29.86 block_curvature=4.56 block_weights=9.07 block_trajectory=0.50 block_fitness=5.78
[collector w0] re-slimmed kept run_id=mae__adamw__s42 step=5701 MODEL-ONLY (bumped out of latest-2).
[collector w0] processed run_id=mae__adamw__s42 step=5740 heavy=False blocks_ok=5 blocks_err=0 t=54.805s -> KEPT(->kept/,FULL latest2)
[extract] step=5786 SKIP heavy block block_circuits (ordinal=1157 basis=step_fallback heavy_every=3)
[extract] step=5786 SKIP heavy block block_interp (ordinal=1157 basis=step_fallback heavy_every=3)
[extract] step=5786 SKIP heavy block block_probes (ordinal=1157 basis=step_fallback heavy_every=3)
[extract] step=5786 heavy=FALSE total=55.60s | block_optim=30.15 block_curvature=4.53 block_weights=9.33 block_trajectory=0.49 block_fitness=5.75
[collector w0] re-slimmed kept run_id=mae__adamw__s42 step=5719 MODEL-ONLY (bumped out of latest-2).
[collector w0] processed run_id=mae__adamw__s42 step=5786 heavy=False blocks_ok=5 blocks_err=0 t=55.599s -> KEPT(->kept/,FULL latest2)
[collector w0] --once drained 5 checkpoint(s); exiting.
[cw0] drained 5 checkpoint(s); extraction backlog present -> skip d90, loop.
[collector w0] --once drained 0 checkpoint(s); exiting.
[cw0] d90 START 007_mae_d300_s44.args  (claim=34869938_w0)
[cw0] d90 args: --backfill --condition mae --d 300 --seed 44 --shared-tokenizer mae --variant stable_evo --step_cap 4000 --patience 8 --eps 0.0001 --eval_every 50 --batch_size 64 --lr 0.001 --train_csv data/inat/train_v1.1.0.csv --val_csv data/inat/val_v1.1.0.csv --max_wall_seconds 600 --state_dir xAI/output/preadapt/_d90_queue/state --out xAI/output/preadapt/_d90_queue/d90_results.csv
============================================================
d90 subspace run (theta = theta0 + P v) [BACKFILL]
  condition        : mae
  d                : 300
  seed             : 44
  shared-tokenizer : mae
  perf_init/full   : <measure> / <post-hoc>
  device           : cuda:0
============================================================
[preadapt_models] init_model(condition='mae', exact_control_tokenizer=False): 303,303,682 params (303,303,682 currently trainable, pre-freeze).
[preadapt_train] applied MAE shared input stage (patch_embed + pos_embed).
[preadapt_models] freeze_input_stage: froze 3 input-stage tensors.
  D_trainable      : 302,314,498  ->  d=300  (P: {'method': 'achlioptas', 'seed': 44, 'd': 300, 'D_trainable': 302314498, 'density': 5.751359468564455e-05})
  perf_init (measured at v=0): 0.4045
  target (90%-gain): <post-hoc; running to plateau/step_cap>
  step=50 loss=0.6928 auc_pr_mean=0.4109 best=0.4045 target=<post-hoc> (5.9 min)
[d90] YIELD condition=mae d=300 seed=44 step=91 best=0.4109 -> state saved xAI/output/preadapt/_d90_queue/state/mae_d300_s44.pt (10.1 min this claim); re-queue to resume.
[d90] INCOMPLETE (wall_timeout): state saved; exit 2 -> caller should re-queue.
[extract] step=5824 heavy=TRUE total=184.47s | block_optim=29.70 block_curvature=5.14 block_weights=9.02 block_trajectory=0.48 block_circuits=2.43 block_interp=88.80 block_probes=38.79 block_fitness=6.22
[collector w0] re-slimmed kept run_id=mae__adamw__s42 step=5786 MODEL-ONLY (bumped out of latest-2).
[collector w0] processed run_id=mae__adamw__s42 step=5824 heavy=True blocks_ok=8 blocks_err=0 t=184.465s -> KEPT(->kept/,FULL latest2)
[extract] step=5894 SKIP heavy block block_circuits (ordinal=1178 basis=step_fallback heavy_every=3)
[extract] step=5894 SKIP heavy block block_interp (ordinal=1178 basis=step_fallback heavy_every=3)
[extract] step=5894 SKIP heavy block block_probes (ordinal=1178 basis=step_fallback heavy_every=3)
[extract] step=5894 heavy=FALSE total=53.88s | block_optim=29.80 block_curvature=4.50 block_weights=9.16 block_trajectory=0.50 block_fitness=5.07
[collector w0] re-slimmed kept run_id=mae__adamw__s42 step=5799 MODEL-ONLY (bumped out of latest-2).
[collector w0] processed run_id=mae__adamw__s42 step=5894 heavy=False blocks_ok=5 blocks_err=0 t=53.879s -> KEPT(->kept/,FULL latest2)
[collector w0] --once drained 2 checkpoint(s); exiting.
[cw0] drained 2 checkpoint(s); extraction backlog present -> skip d90, loop.
[collector w0] --once drained 0 checkpoint(s); exiting.
[cw0] d90 START 009_mae_d300_s46.args  (claim=34869938_w0)
[cw0] d90 args: --backfill --condition mae --d 300 --seed 46 --shared-tokenizer mae --variant stable_evo --step_cap 4000 --patience 8 --eps 0.0001 --eval_every 50 --batch_size 64 --lr 0.001 --train_csv data/inat/train_v1.1.0.csv --val_csv data/inat/val_v1.1.0.csv --max_wall_seconds 600 --state_dir xAI/output/preadapt/_d90_queue/state --out xAI/output/preadapt/_d90_queue/d90_results.csv
============================================================
d90 subspace run (theta = theta0 + P v) [BACKFILL]
  condition        : mae
  d                : 300
  seed             : 46
  shared-tokenizer : mae
  perf_init/full   : <measure> / <post-hoc>
  device           : cuda:0
============================================================
[preadapt_models] init_model(condition='mae', exact_control_tokenizer=False): 303,303,682 params (303,303,682 currently trainable, pre-freeze).
[preadapt_train] applied MAE shared input stage (patch_embed + pos_embed).
[preadapt_models] freeze_input_stage: froze 3 input-stage tensors.
  D_trainable      : 302,314,498  ->  d=300  (P: {'method': 'achlioptas', 'seed': 46, 'd': 300, 'D_trainable': 302314498, 'density': 5.751359468564455e-05})
  perf_init (measured at v=0): 0.4069
  target (90%-gain): <post-hoc; running to plateau/step_cap>
  step=50 loss=0.6928 auc_pr_mean=0.4069 best=0.4069 target=<post-hoc> (5.8 min)
[d90] YIELD condition=mae d=300 seed=46 step=91 best=0.4069 -> state saved xAI/output/preadapt/_d90_queue/state/mae_d300_s46.pt (10.1 min this claim); re-queue to resume.
[d90] INCOMPLETE (wall_timeout): state saved; exit 2 -> caller should re-queue.
[extract] step=5946 SKIP heavy block block_circuits (ordinal=1189 basis=step_fallback heavy_every=3)
[extract] step=5946 SKIP heavy block block_interp (ordinal=1189 basis=step_fallback heavy_every=3)
[extract] step=5946 SKIP heavy block block_probes (ordinal=1189 basis=step_fallback heavy_every=3)
[extract] step=5946 heavy=FALSE total=54.79s | block_optim=29.63 block_curvature=5.15 block_weights=9.14 block_trajectory=0.50 block_fitness=6.07
[collector w0] re-slimmed kept run_id=mae__adamw__s42 step=5853 MODEL-ONLY (bumped out of latest-2).
[collector w0] processed run_id=mae__adamw__s42 step=5946 heavy=False blocks_ok=5 blocks_err=0 t=54.789s -> KEPT(->kept/,FULL latest2)
[collector w0] --once drained 1 checkpoint(s); exiting.
[cw0] drained 1 checkpoint(s); extraction backlog present -> skip d90, loop.
[collector w0] --once drained 0 checkpoint(s); exiting.
[cw0] d90 START 012_mae_d1000_s44.args  (claim=34869938_w0)
[cw0] d90 args: --backfill --condition mae --d 1000 --seed 44 --shared-tokenizer mae --variant stable_evo --step_cap 4000 --patience 8 --eps 0.0001 --eval_every 50 --batch_size 64 --lr 0.001 --train_csv data/inat/train_v1.1.0.csv --val_csv data/inat/val_v1.1.0.csv --max_wall_seconds 600 --state_dir xAI/output/preadapt/_d90_queue/state --out xAI/output/preadapt/_d90_queue/d90_results.csv
============================================================
d90 subspace run (theta = theta0 + P v) [BACKFILL]
  condition        : mae
  d                : 1000
  seed             : 44
  shared-tokenizer : mae
  perf_init/full   : <measure> / <post-hoc>
  device           : cuda:0
============================================================
[preadapt_models] init_model(condition='mae', exact_control_tokenizer=False): 303,303,682 params (303,303,682 currently trainable, pre-freeze).
[preadapt_train] applied MAE shared input stage (patch_embed + pos_embed).
[preadapt_models] freeze_input_stage: froze 3 input-stage tensors.
  D_trainable      : 302,314,498  ->  d=1000  (P: {'method': 'achlioptas', 'seed': 44, 'd': 1000, 'D_trainable': 302314498, 'density': 5.751359468564455e-05})
  perf_init (measured at v=0): 0.4045
  target (90%-gain): <post-hoc; running to plateau/step_cap>
  step=50 loss=0.6926 auc_pr_mean=0.4130 best=0.4045 target=<post-hoc> (5.8 min)
[d90] YIELD condition=mae d=1000 seed=44 step=91 best=0.4130 -> state saved xAI/output/preadapt/_d90_queue/state/mae_d1000_s44.pt (10.0 min this claim); re-queue to resume.
[d90] INCOMPLETE (wall_timeout): state saved; exit 2 -> caller should re-queue.
[collector w0] --once drained 0 checkpoint(s); exiting.
[cw0] d90 START 013_mae_d1000_s45.args  (claim=34869938_w0)
[cw0] d90 args: --backfill --condition mae --d 1000 --seed 45 --shared-tokenizer mae --variant stable_evo --step_cap 4000 --patience 8 --eps 0.0001 --eval_every 50 --batch_size 64 --lr 0.001 --train_csv data/inat/train_v1.1.0.csv --val_csv data/inat/val_v1.1.0.csv --max_wall_seconds 600 --state_dir xAI/output/preadapt/_d90_queue/state --out xAI/output/preadapt/_d90_queue/d90_results.csv
============================================================
d90 subspace run (theta = theta0 + P v) [BACKFILL]
  condition        : mae
  d                : 1000
  seed             : 45
  shared-tokenizer : mae
  perf_init/full   : <measure> / <post-hoc>
  device           : cuda:0
============================================================
[preadapt_models] init_model(condition='mae', exact_control_tokenizer=False): 303,303,682 params (303,303,682 currently trainable, pre-freeze).
[preadapt_train] applied MAE shared input stage (patch_embed + pos_embed).
[preadapt_models] freeze_input_stage: froze 3 input-stage tensors.
  D_trainable      : 302,314,498  ->  d=1000  (P: {'method': 'achlioptas', 'seed': 45, 'd': 1000, 'D_trainable': 302314498, 'density': 5.751359468564455e-05})
  perf_init (measured at v=0): 0.4070
  target (90%-gain): <post-hoc; running to plateau/step_cap>
  step=50 loss=0.6926 auc_pr_mean=0.4071 best=0.4070 target=<post-hoc> (5.7 min)
[d90] YIELD condition=mae d=1000 seed=45 step=93 best=0.4071 -> state saved xAI/output/preadapt/_d90_queue/state/mae_d1000_s45.pt (10.0 min this claim); re-queue to resume.
[d90] INCOMPLETE (wall_timeout): state saved; exit 2 -> caller should re-queue.
[collector w0] --once drained 0 checkpoint(s); exiting.
[cw0] d90 START 015_mae_d3000_s42.args  (claim=34869938_w0)
[cw0] d90 args: --backfill --condition mae --d 3000 --seed 42 --shared-tokenizer mae --variant stable_evo --step_cap 4000 --patience 8 --eps 0.0001 --eval_every 50 --batch_size 64 --lr 0.001 --train_csv data/inat/train_v1.1.0.csv --val_csv data/inat/val_v1.1.0.csv --max_wall_seconds 600 --state_dir xAI/output/preadapt/_d90_queue/state --out xAI/output/preadapt/_d90_queue/d90_results.csv
============================================================
d90 subspace run (theta = theta0 + P v) [BACKFILL]
  condition        : mae
  d                : 3000
  seed             : 42
  shared-tokenizer : mae
  perf_init/full   : <measure> / <post-hoc>
  device           : cuda:0
============================================================
[preadapt_models] init_model(condition='mae', exact_control_tokenizer=False): 303,303,682 params (303,303,682 currently trainable, pre-freeze).
[preadapt_train] applied MAE shared input stage (patch_embed + pos_embed).
[preadapt_models] freeze_input_stage: froze 3 input-stage tensors.
  D_trainable      : 302,314,498  ->  d=3000  (P: {'method': 'achlioptas', 'seed': 42, 'd': 3000, 'D_trainable': 302314498, 'density': 5.751359468564455e-05})
  perf_init (measured at v=0): 0.4103
  target (90%-gain): <post-hoc; running to plateau/step_cap>
  step=50 loss=0.6925 auc_pr_mean=0.4103 best=0.4103 target=<post-hoc> (5.9 min)
[d90] YIELD condition=mae d=3000 seed=42 step=91 best=0.4103 -> state saved xAI/output/preadapt/_d90_queue/state/mae_d3000_s42.pt (10.1 min this claim); re-queue to resume.
[d90] INCOMPLETE (wall_timeout): state saved; exit 2 -> caller should re-queue.
[collector w0] --once drained 0 checkpoint(s); exiting.
[cw0] d90 START 017_mae_d3000_s44.args  (claim=34869938_w0)
[cw0] d90 args: --backfill --condition mae --d 3000 --seed 44 --shared-tokenizer mae --variant stable_evo --step_cap 4000 --patience 8 --eps 0.0001 --eval_every 50 --batch_size 64 --lr 0.001 --train_csv data/inat/train_v1.1.0.csv --val_csv data/inat/val_v1.1.0.csv --max_wall_seconds 600 --state_dir xAI/output/preadapt/_d90_queue/state --out xAI/output/preadapt/_d90_queue/d90_results.csv
============================================================
d90 subspace run (theta = theta0 + P v) [BACKFILL]
  condition        : mae
  d                : 3000
  seed             : 44
  shared-tokenizer : mae
  perf_init/full   : <measure> / <post-hoc>
  device           : cuda:0
============================================================
[preadapt_models] init_model(condition='mae', exact_control_tokenizer=False): 303,303,682 params (303,303,682 currently trainable, pre-freeze).
[preadapt_train] applied MAE shared input stage (patch_embed + pos_embed).
[preadapt_models] freeze_input_stage: froze 3 input-stage tensors.
  D_trainable      : 302,314,498  ->  d=3000  (P: {'method': 'achlioptas', 'seed': 44, 'd': 3000, 'D_trainable': 302314498, 'density': 5.751359468564455e-05})
  perf_init (measured at v=0): 0.4045
  target (90%-gain): <post-hoc; running to plateau/step_cap>
  step=50 loss=0.6922 auc_pr_mean=0.4045 best=0.4045 target=<post-hoc> (5.8 min)
[d90] YIELD condition=mae d=3000 seed=44 step=92 best=0.4045 -> state saved xAI/output/preadapt/_d90_queue/state/mae_d3000_s44.pt (10.1 min this claim); re-queue to resume.
[d90] INCOMPLETE (wall_timeout): state saved; exit 2 -> caller should re-queue.
[collector w0] --once drained 0 checkpoint(s); exiting.
[cw0] d90 START 019_mae_d3000_s46.args  (claim=34869938_w0)
[cw0] d90 args: --backfill --condition mae --d 3000 --seed 46 --shared-tokenizer mae --variant stable_evo --step_cap 4000 --patience 8 --eps 0.0001 --eval_every 50 --batch_size 64 --lr 0.001 --train_csv data/inat/train_v1.1.0.csv --val_csv data/inat/val_v1.1.0.csv --max_wall_seconds 600 --state_dir xAI/output/preadapt/_d90_queue/state --out xAI/output/preadapt/_d90_queue/d90_results.csv
============================================================
d90 subspace run (theta = theta0 + P v) [BACKFILL]
  condition        : mae
  d                : 3000
  seed             : 46
  shared-tokenizer : mae
  perf_init/full   : <measure> / <post-hoc>
  device           : cuda:0
============================================================
[preadapt_models] init_model(condition='mae', exact_control_tokenizer=False): 303,303,682 params (303,303,682 currently trainable, pre-freeze).
[preadapt_train] applied MAE shared input stage (patch_embed + pos_embed).
[preadapt_models] freeze_input_stage: froze 3 input-stage tensors.
  D_trainable      : 302,314,498  ->  d=3000  (P: {'method': 'achlioptas', 'seed': 46, 'd': 3000, 'D_trainable': 302314498, 'density': 5.751359468564455e-05})
  perf_init (measured at v=0): 0.4069
  target (90%-gain): <post-hoc; running to plateau/step_cap>
  step=50 loss=0.6922 auc_pr_mean=0.4076 best=0.4069 target=<post-hoc> (5.8 min)
[d90] YIELD condition=mae d=3000 seed=46 step=92 best=0.4076 -> state saved xAI/output/preadapt/_d90_queue/state/mae_d3000_s46.pt (10.1 min this claim); re-queue to resume.
[d90] INCOMPLETE (wall_timeout): state saved; exit 2 -> caller should re-queue.
[extract] step=6356 SKIP heavy block block_circuits (ordinal=1271 basis=step_fallback heavy_every=3)
[extract] step=6356 SKIP heavy block block_interp (ordinal=1271 basis=step_fallback heavy_every=3)
[extract] step=6356 SKIP heavy block block_probes (ordinal=1271 basis=step_fallback heavy_every=3)
[extract] step=6356 heavy=FALSE total=54.99s | block_optim=29.80 block_curvature=5.19 block_weights=9.15 block_trajectory=0.45 block_fitness=6.12
[collector w0] re-slimmed kept run_id=mae__adamw__s42 step=6037 MODEL-ONLY (bumped out of latest-2).
[collector w0] processed run_id=mae__adamw__s42 step=6356 heavy=False blocks_ok=5 blocks_err=0 t=54.986s -> KEPT(->kept/,FULL latest2)
[collector w0] --once drained 1 checkpoint(s); exiting.
[cw0] drained 1 checkpoint(s); extraction backlog present -> skip d90, loop.
[collector w0] --once drained 0 checkpoint(s); exiting.
[cw0] RUN_COMPLETE present; performing FINAL drain...
[cw0] final drain found nothing new and queue depth=0 -> run collected. Exiting.
Done: Wed Jun 17 08:15:53 AM EDT 2026
