Fri Jun 19 05:52:16 PM EDT 2026
host=c0707a-s23.ufhpc
pwd=/blue/guralnick/share/r.dinnage/Projects/phenovision
=== preadapt CPU collector worker 2 ===
run_dirs=xAI/output/preadapt_v2/mae__stable_evo__s42
watch_dirs=xAI/output/preadapt_v2/mae__stable_evo__s42/checkpoints
sentinels=xAI/output/preadapt_v2/mae__stable_evo__s42/RUN_COMPLETE
out_store=xAI/output/preadapt_v2/_extract_store
nthreads=8
poll=15s heavy_every=8 retention_latest_keep=2 keep_full_latest=2
train_jids=35120240
error    libmamba Could not set lock (Resource temporarily unavailable)
warning  libmamba Cannot lock '/home/r.dinnage/.cache/mamba/proc'
    Waiting for other mamba process to finish
[collector wcpu2] --once drained 0 checkpoint(s); exiting.
[collector wcpu2] --once drained 0 checkpoint(s); exiting.
error    libmamba Could not set lock (Resource temporarily unavailable)
warning  libmamba Cannot lock '/home/r.dinnage/.cache/mamba/proc'
    Waiting for other mamba process to finish
[collector wcpu2] --once drained 0 checkpoint(s); exiting.
error    libmamba Could not set lock (Resource temporarily unavailable)
warning  libmamba Cannot lock '/home/r.dinnage/.cache/mamba/proc'
    Waiting for other mamba process to finish
[collector wcpu2] --once drained 0 checkpoint(s); exiting.
error    libmamba Could not set lock (Resource temporarily unavailable)
warning  libmamba Cannot lock '/home/r.dinnage/.cache/mamba/proc'
    Waiting for other mamba process to finish
[collector wcpu2] --once drained 0 checkpoint(s); exiting.
[collector wcpu2] --once drained 0 checkpoint(s); exiting.
error    libmamba Could not set lock (Resource temporarily unavailable)
warning  libmamba Cannot lock '/home/r.dinnage/.cache/mamba/proc'
    Waiting for other mamba process to finish
[collector wcpu2] --once drained 0 checkpoint(s); exiting.
error    libmamba Could not set lock (Resource temporarily unavailable)
warning  libmamba Cannot lock '/home/r.dinnage/.cache/mamba/proc'
    Waiting for other mamba process to finish
[collector wcpu2] --once drained 0 checkpoint(s); exiting.
error    libmamba Could not set lock (Resource temporarily unavailable)
warning  libmamba Cannot lock '/home/r.dinnage/.cache/mamba/proc'
    Waiting for other mamba process to finish
error    libmamba Could not set lock (Resource temporarily unavailable)
warning  libmamba Cannot lock '/home/r.dinnage/.cache/mamba/proc'
    Waiting for other mamba process to finish
[collector wcpu2] --once drained 0 checkpoint(s); exiting.
error    libmamba Could not set lock (Resource temporarily unavailable)
warning  libmamba Cannot lock '/home/r.dinnage/.cache/mamba/proc'
    Waiting for other mamba process to finish
[collector wcpu2] --once drained 0 checkpoint(s); exiting.
error    libmamba Could not set lock (Resource temporarily unavailable)
warning  libmamba Cannot lock '/home/r.dinnage/.cache/mamba/proc'
    Waiting for other mamba process to finish
[collector wcpu2] --once drained 0 checkpoint(s); exiting.
error    libmamba Could not set lock (Resource temporarily unavailable)
warning  libmamba Cannot lock '/home/r.dinnage/.cache/mamba/proc'
    Waiting for other mamba process to finish
[collector wcpu2] --once drained 0 checkpoint(s); exiting.
error    libmamba Could not set lock (Resource temporarily unavailable)
warning  libmamba Cannot lock '/home/r.dinnage/.cache/mamba/proc'
    Waiting for other mamba process to finish
[collector wcpu2] --once drained 0 checkpoint(s); exiting.
error    libmamba Could not set lock (Resource temporarily unavailable)
warning  libmamba Cannot lock '/home/r.dinnage/.cache/mamba/proc'
    Waiting for other mamba process to finish
[collector wcpu2] --once drained 0 checkpoint(s); exiting.
error    libmamba Could not set lock (Resource temporarily unavailable)
warning  libmamba Cannot lock '/home/r.dinnage/.cache/mamba/proc'
    Waiting for other mamba process to finish
[collector wcpu2] --once drained 0 checkpoint(s); exiting.
error    libmamba Could not set lock (Resource temporarily unavailable)
warning  libmamba Cannot lock '/home/r.dinnage/.cache/mamba/proc'
    Waiting for other mamba process to finish
[collector wcpu2] --once drained 0 checkpoint(s); exiting.
error    libmamba Could not set lock (Resource temporarily unavailable)
warning  libmamba Cannot lock '/home/r.dinnage/.cache/mamba/proc'
    Waiting for other mamba process to finish
[collector wcpu2] --once drained 0 checkpoint(s); exiting.
error    libmamba Could not set lock (Resource temporarily unavailable)
warning  libmamba Cannot lock '/home/r.dinnage/.cache/mamba/proc'
    Waiting for other mamba process to finish
[collector wcpu2] --once drained 0 checkpoint(s); exiting.
error    libmamba Could not set lock (Resource temporarily unavailable)
warning  libmamba Cannot lock '/home/r.dinnage/.cache/mamba/proc'
    Waiting for other mamba process to finish
[collector wcpu2] --once drained 0 checkpoint(s); exiting.
[collector wcpu2] --once drained 0 checkpoint(s); exiting.
[collector wcpu2] --once drained 0 checkpoint(s); exiting.
[collector wcpu2] --once drained 0 checkpoint(s); exiting.
[collector wcpu2] --once drained 0 checkpoint(s); exiting.
[collector wcpu2] --once drained 0 checkpoint(s); exiting.
error    libmamba Could not set lock (Resource temporarily unavailable)
warning  libmamba Cannot lock '/home/r.dinnage/.cache/mamba/proc'
    Waiting for other mamba process to finish
[collector wcpu2] --once drained 0 checkpoint(s); exiting.
[collector wcpu2] --once drained 0 checkpoint(s); exiting.
[collector wcpu2] --once drained 0 checkpoint(s); exiting.
[collector wcpu2] --once drained 0 checkpoint(s); exiting.
[collector wcpu2] --once drained 0 checkpoint(s); exiting.
[collector wcpu2] --once drained 0 checkpoint(s); exiting.
[collector wcpu2] --once drained 0 checkpoint(s); exiting.
[collector wcpu2] --once drained 0 checkpoint(s); exiting.
[collector wcpu2] --once drained 0 checkpoint(s); exiting.
[collector wcpu2] --once drained 0 checkpoint(s); exiting.
[collector wcpu2] --once drained 0 checkpoint(s); exiting.
error    libmamba Could not set lock (Resource temporarily unavailable)
warning  libmamba Cannot lock '/home/r.dinnage/.cache/mamba/proc'
    Waiting for other mamba process to finish
[collector wcpu2] --once drained 0 checkpoint(s); exiting.
[collector wcpu2] --once drained 0 checkpoint(s); exiting.
[collector wcpu2] --once drained 0 checkpoint(s); exiting.
[collector wcpu2] --once drained 0 checkpoint(s); exiting.
[collector wcpu2] --once drained 0 checkpoint(s); exiting.
[collector wcpu2] --once drained 0 checkpoint(s); exiting.
[collector wcpu2] --once drained 0 checkpoint(s); exiting.
[collector wcpu2] --once drained 0 checkpoint(s); exiting.
error    libmamba Could not set lock (Resource temporarily unavailable)
warning  libmamba Cannot lock '/home/r.dinnage/.cache/mamba/proc'
    Waiting for other mamba process to finish
[collector wcpu2] --once drained 0 checkpoint(s); exiting.
[collector wcpu2] --once drained 0 checkpoint(s); exiting.
error    libmamba Could not set lock (Resource temporarily unavailable)
warning  libmamba Cannot lock '/home/r.dinnage/.cache/mamba/proc'
    Waiting for other mamba process to finish
error    libmamba Could not set lock (Resource temporarily unavailable)
warning  libmamba Cannot lock '/home/r.dinnage/.cache/mamba/proc'
    Waiting for other mamba process to finish
[collector wcpu2] --once drained 0 checkpoint(s); exiting.
[collector wcpu2] --once drained 0 checkpoint(s); exiting.
[collector wcpu2] --once drained 0 checkpoint(s); exiting.
[collector wcpu2] --once drained 0 checkpoint(s); exiting.
[collector wcpu2] --once drained 0 checkpoint(s); exiting.
[collector wcpu2] --once drained 0 checkpoint(s); exiting.
error    libmamba Could not set lock (Resource temporarily unavailable)
warning  libmamba Cannot lock '/home/r.dinnage/.cache/mamba/proc'
    Waiting for other mamba process to finish
[collector wcpu2] --once drained 0 checkpoint(s); exiting.
[collector wcpu2] --once drained 0 checkpoint(s); exiting.
error    libmamba Could not set lock (Resource temporarily unavailable)
warning  libmamba Cannot lock '/home/r.dinnage/.cache/mamba/proc'
    Waiting for other mamba process to finish
[collector wcpu2] --once drained 0 checkpoint(s); exiting.
[collector wcpu2] --once drained 0 checkpoint(s); exiting.
[collector wcpu2] --once drained 0 checkpoint(s); exiting.
[collector wcpu2] --once drained 0 checkpoint(s); exiting.
error    libmamba Could not set lock (Resource temporarily unavailable)
warning  libmamba Cannot lock '/home/r.dinnage/.cache/mamba/proc'
    Waiting for other mamba process to finish
[collector wcpu2] --once drained 0 checkpoint(s); exiting.
error    libmamba Could not set lock (Resource temporarily unavailable)
warning  libmamba Cannot lock '/home/r.dinnage/.cache/mamba/proc'
    Waiting for other mamba process to finish
[collector wcpu2] --once drained 0 checkpoint(s); exiting.
[collector wcpu2] --once drained 0 checkpoint(s); exiting.
[collector wcpu2] --once drained 0 checkpoint(s); exiting.
error    libmamba Could not set lock (Resource temporarily unavailable)
warning  libmamba Cannot lock '/home/r.dinnage/.cache/mamba/proc'
    Waiting for other mamba process to finish
[collector wcpu2] --once drained 0 checkpoint(s); exiting.
[collector wcpu2] --once drained 0 checkpoint(s); exiting.
[collector wcpu2] --once drained 0 checkpoint(s); exiting.
[collector wcpu2] --once drained 0 checkpoint(s); exiting.
[collector wcpu2] --once drained 0 checkpoint(s); exiting.
error    libmamba Could not set lock (Resource temporarily unavailable)
warning  libmamba Cannot lock '/home/r.dinnage/.cache/mamba/proc'
    Waiting for other mamba process to finish
[collector wcpu2] --once drained 0 checkpoint(s); exiting.
[collector wcpu2] --once drained 0 checkpoint(s); exiting.
[collector wcpu2] --once drained 0 checkpoint(s); exiting.
[collector wcpu2] --once drained 0 checkpoint(s); exiting.
[collector wcpu2] --once drained 0 checkpoint(s); exiting.
[collector wcpu2] --once drained 0 checkpoint(s); exiting.
[collector wcpu2] --once drained 0 checkpoint(s); exiting.
[collector wcpu2] --once drained 0 checkpoint(s); exiting.
[collector wcpu2] --once drained 0 checkpoint(s); exiting.
error    libmamba Could not set lock (Resource temporarily unavailable)
warning  libmamba Cannot lock '/home/r.dinnage/.cache/mamba/proc'
    Waiting for other mamba process to finish
[collector wcpu2] --once drained 0 checkpoint(s); exiting.
[collector wcpu2] --once drained 0 checkpoint(s); exiting.
[collector wcpu2] --once drained 0 checkpoint(s); exiting.
[collector wcpu2] --once drained 0 checkpoint(s); exiting.
[collector wcpu2] --once drained 0 checkpoint(s); exiting.
[collector wcpu2] --once drained 0 checkpoint(s); exiting.
[collector wcpu2] --once drained 0 checkpoint(s); exiting.
[collector wcpu2] --once drained 0 checkpoint(s); exiting.
[collector wcpu2] --once drained 0 checkpoint(s); exiting.
[collector wcpu2] --once drained 0 checkpoint(s); exiting.
[collector wcpu2] --once drained 0 checkpoint(s); exiting.
[collector wcpu2] --once drained 0 checkpoint(s); exiting.
[collector wcpu2] --once drained 0 checkpoint(s); exiting.
error    libmamba Could not set lock (Resource temporarily unavailable)
warning  libmamba Cannot lock '/home/r.dinnage/.cache/mamba/proc'
    Waiting for other mamba process to finish
[collector wcpu2] --once drained 0 checkpoint(s); exiting.
[collector wcpu2] --once drained 0 checkpoint(s); exiting.
[collector wcpu2] --once drained 0 checkpoint(s); exiting.
error    libmamba Could not set lock (Resource temporarily unavailable)
warning  libmamba Cannot lock '/home/r.dinnage/.cache/mamba/proc'
    Waiting for other mamba process to finish
[collector wcpu2] --once drained 0 checkpoint(s); exiting.
[collector wcpu2] --once drained 0 checkpoint(s); exiting.
[collector wcpu2] --once drained 0 checkpoint(s); exiting.
[collector wcpu2] --once drained 0 checkpoint(s); exiting.
[collector wcpu2] --once drained 0 checkpoint(s); exiting.
[collector wcpu2] --once drained 0 checkpoint(s); exiting.
[collector wcpu2] --once drained 0 checkpoint(s); exiting.
[collector wcpu2] --once drained 0 checkpoint(s); exiting.
[collector wcpu2] --once drained 0 checkpoint(s); exiting.
[collector wcpu2] --once drained 0 checkpoint(s); exiting.
[collector wcpu2] --once drained 0 checkpoint(s); exiting.
[collector wcpu2] --once drained 0 checkpoint(s); exiting.
[collector wcpu2] --once drained 0 checkpoint(s); exiting.
[collector wcpu2] --once drained 0 checkpoint(s); exiting.
error    libmamba Could not set lock (Resource temporarily unavailable)
warning  libmamba Cannot lock '/home/r.dinnage/.cache/mamba/proc'
    Waiting for other mamba process to finish
[collector wcpu2] --once drained 0 checkpoint(s); exiting.
[collector wcpu2] --once drained 0 checkpoint(s); exiting.
[collector wcpu2] --once drained 0 checkpoint(s); exiting.
error    libmamba Could not set lock (Resource temporarily unavailable)
warning  libmamba Cannot lock '/home/r.dinnage/.cache/mamba/proc'
    Waiting for other mamba process to finish
[collector wcpu2] --once drained 0 checkpoint(s); exiting.
[collector wcpu2] --once drained 0 checkpoint(s); exiting.
[collector wcpu2] --once drained 0 checkpoint(s); exiting.
[collector wcpu2] --once drained 0 checkpoint(s); exiting.
[collector wcpu2] --once drained 0 checkpoint(s); exiting.
[collector wcpu2] --once drained 0 checkpoint(s); exiting.
error    libmamba Could not set lock (Resource temporarily unavailable)
warning  libmamba Cannot lock '/home/r.dinnage/.cache/mamba/proc'
    Waiting for other mamba process to finish
[collector wcpu2] --once drained 0 checkpoint(s); exiting.
[collector wcpu2] --once drained 0 checkpoint(s); exiting.
[collector wcpu2] --once drained 0 checkpoint(s); exiting.
[collector wcpu2] --once drained 0 checkpoint(s); exiting.
[collector wcpu2] --once drained 0 checkpoint(s); exiting.
error    libmamba Could not set lock (Resource temporarily unavailable)
warning  libmamba Cannot lock '/home/r.dinnage/.cache/mamba/proc'
    Waiting for other mamba process to finish
[collector wcpu2] --once drained 0 checkpoint(s); exiting.
error    libmamba Could not set lock (Resource temporarily unavailable)
warning  libmamba Cannot lock '/home/r.dinnage/.cache/mamba/proc'
    Waiting for other mamba process to finish
[collector wcpu2] --once drained 0 checkpoint(s); exiting.
[collector wcpu2] --once drained 0 checkpoint(s); exiting.
[collector wcpu2] --once drained 0 checkpoint(s); exiting.
error    libmamba Could not set lock (Resource temporarily unavailable)
warning  libmamba Cannot lock '/home/r.dinnage/.cache/mamba/proc'
    Waiting for other mamba process to finish
[collector wcpu2] --once drained 0 checkpoint(s); exiting.
[collector wcpu2] --once drained 0 checkpoint(s); exiting.
[collector wcpu2] --once drained 0 checkpoint(s); exiting.
[collector wcpu2] --once drained 0 checkpoint(s); exiting.
[collector wcpu2] --once drained 0 checkpoint(s); exiting.
[collector wcpu2] --once drained 0 checkpoint(s); exiting.
[collector wcpu2] --once drained 0 checkpoint(s); exiting.
[collector wcpu2] --once drained 0 checkpoint(s); exiting.
error    libmamba Could not set lock (Resource temporarily unavailable)
warning  libmamba Cannot lock '/home/r.dinnage/.cache/mamba/proc'
    Waiting for other mamba process to finish
[collector wcpu2] --once drained 0 checkpoint(s); exiting.
error    libmamba Could not set lock (Resource temporarily unavailable)
warning  libmamba Cannot lock '/home/r.dinnage/.cache/mamba/proc'
    Waiting for other mamba process to finish
[collector wcpu2] --once drained 0 checkpoint(s); exiting.
[collector wcpu2] --once drained 0 checkpoint(s); exiting.
[collector wcpu2] --once drained 0 checkpoint(s); exiting.
[collector wcpu2] --once drained 0 checkpoint(s); exiting.
error    libmamba Could not set lock (Resource temporarily unavailable)
warning  libmamba Cannot lock '/home/r.dinnage/.cache/mamba/proc'
    Waiting for other mamba process to finish
[collector wcpu2] --once drained 0 checkpoint(s); exiting.
[collector wcpu2] --once drained 0 checkpoint(s); exiting.
[collector wcpu2] --once drained 0 checkpoint(s); exiting.
[collector wcpu2] --once drained 0 checkpoint(s); exiting.
[collector wcpu2] --once drained 0 checkpoint(s); exiting.
[collector wcpu2] --once drained 0 checkpoint(s); exiting.
error    libmamba Could not set lock (Resource temporarily unavailable)
warning  libmamba Cannot lock '/home/r.dinnage/.cache/mamba/proc'
    Waiting for other mamba process to finish
[collector wcpu2] --once drained 0 checkpoint(s); exiting.
[collector wcpu2] --once drained 0 checkpoint(s); exiting.
[collector wcpu2] --once drained 0 checkpoint(s); exiting.
[collector wcpu2] --once drained 0 checkpoint(s); exiting.
[collector wcpu2] --once drained 0 checkpoint(s); exiting.
[collector wcpu2] --once drained 0 checkpoint(s); exiting.
[collector wcpu2] --once drained 0 checkpoint(s); exiting.
[collector wcpu2] --once drained 0 checkpoint(s); exiting.
error    libmamba Could not set lock (Resource temporarily unavailable)
warning  libmamba Cannot lock '/home/r.dinnage/.cache/mamba/proc'
    Waiting for other mamba process to finish
[collector wcpu2] --once drained 0 checkpoint(s); exiting.
error    libmamba Could not set lock (Resource temporarily unavailable)
warning  libmamba Cannot lock '/home/r.dinnage/.cache/mamba/proc'
    Waiting for other mamba process to finish
error    libmamba Could not set lock (Resource temporarily unavailable)
warning  libmamba Cannot lock '/home/r.dinnage/.cache/mamba/proc'
    Waiting for other mamba process to finish
[collector wcpu2] --once drained 0 checkpoint(s); exiting.
[collector wcpu2] --once drained 0 checkpoint(s); exiting.
[collector wcpu2] --once drained 0 checkpoint(s); exiting.
error    libmamba Could not set lock (Resource temporarily unavailable)
warning  libmamba Cannot lock '/home/r.dinnage/.cache/mamba/proc'
    Waiting for other mamba process to finish
[collector wcpu2] --once drained 0 checkpoint(s); exiting.
[collector wcpu2] --once drained 0 checkpoint(s); exiting.
error    libmamba Could not set lock (Resource temporarily unavailable)
warning  libmamba Cannot lock '/home/r.dinnage/.cache/mamba/proc'
    Waiting for other mamba process to finish
[collector wcpu2] --once drained 0 checkpoint(s); exiting.
[collector wcpu2] --once drained 0 checkpoint(s); exiting.
[collector wcpu2] --once drained 0 checkpoint(s); exiting.
[collector wcpu2] --once drained 0 checkpoint(s); exiting.
error    libmamba Could not set lock (Resource temporarily unavailable)
warning  libmamba Cannot lock '/home/r.dinnage/.cache/mamba/proc'
    Waiting for other mamba process to finish
[collector wcpu2] --once drained 0 checkpoint(s); exiting.
[collector wcpu2] --once drained 0 checkpoint(s); exiting.
[collector wcpu2] --once drained 0 checkpoint(s); exiting.
[collector wcpu2] --once drained 0 checkpoint(s); exiting.
[collector wcpu2] --once drained 0 checkpoint(s); exiting.
[collector wcpu2] --once drained 0 checkpoint(s); exiting.
[collector wcpu2] --once drained 0 checkpoint(s); exiting.
error    libmamba Could not set lock (Resource temporarily unavailable)
warning  libmamba Cannot lock '/home/r.dinnage/.cache/mamba/proc'
    Waiting for other mamba process to finish
[collector wcpu2] --once drained 0 checkpoint(s); exiting.
[collector wcpu2] --once drained 0 checkpoint(s); exiting.
error    libmamba Could not set lock (Resource temporarily unavailable)
warning  libmamba Cannot lock '/home/r.dinnage/.cache/mamba/proc'
    Waiting for other mamba process to finish
[collector wcpu2] --once drained 0 checkpoint(s); exiting.
[collector wcpu2] --once drained 0 checkpoint(s); exiting.
[collector wcpu2] --once drained 0 checkpoint(s); exiting.
[collector wcpu2] --once drained 0 checkpoint(s); exiting.
error    libmamba Could not set lock (Resource temporarily unavailable)
warning  libmamba Cannot lock '/home/r.dinnage/.cache/mamba/proc'
    Waiting for other mamba process to finish
[collector wcpu2] --once drained 0 checkpoint(s); exiting.
[collector wcpu2] --once drained 0 checkpoint(s); exiting.
[collector wcpu2] --once drained 0 checkpoint(s); exiting.
[collector wcpu2] --once drained 0 checkpoint(s); exiting.
[collector wcpu2] --once drained 0 checkpoint(s); exiting.
[collector wcpu2] --once drained 0 checkpoint(s); exiting.
[collector wcpu2] --once drained 0 checkpoint(s); exiting.
[collector wcpu2] --once drained 0 checkpoint(s); exiting.
error    libmamba Could not set lock (Resource temporarily unavailable)
warning  libmamba Cannot lock '/home/r.dinnage/.cache/mamba/proc'
    Waiting for other mamba process to finish
[collector wcpu2] --once drained 0 checkpoint(s); exiting.
[collector wcpu2] --once drained 0 checkpoint(s); exiting.
error    libmamba Could not set lock (Resource temporarily unavailable)
warning  libmamba Cannot lock '/home/r.dinnage/.cache/mamba/proc'
    Waiting for other mamba process to finish
[collector wcpu2] --once drained 0 checkpoint(s); exiting.
[collector wcpu2] --once drained 0 checkpoint(s); exiting.
[collector wcpu2] --once drained 0 checkpoint(s); exiting.
[collector wcpu2] --once drained 0 checkpoint(s); exiting.
[collector wcpu2] --once drained 0 checkpoint(s); exiting.
[collector wcpu2] --once drained 0 checkpoint(s); exiting.
[collector wcpu2] --once drained 0 checkpoint(s); exiting.
[collector wcpu2] --once drained 0 checkpoint(s); exiting.
[collector wcpu2] --once drained 0 checkpoint(s); exiting.
[collector wcpu2] --once drained 0 checkpoint(s); exiting.
[collector wcpu2] --once drained 0 checkpoint(s); exiting.
[collector wcpu2] --once drained 0 checkpoint(s); exiting.
[collector wcpu2] --once drained 0 checkpoint(s); exiting.
[collector wcpu2] --once drained 0 checkpoint(s); exiting.
[collector wcpu2] --once drained 0 checkpoint(s); exiting.
[collector wcpu2] --once drained 0 checkpoint(s); exiting.
error    libmamba Could not set lock (Resource temporarily unavailable)
warning  libmamba Cannot lock '/home/r.dinnage/.cache/mamba/proc'
    Waiting for other mamba process to finish
[collector wcpu2] --once drained 0 checkpoint(s); exiting.
[collector wcpu2] --once drained 0 checkpoint(s); exiting.
error    libmamba Could not set lock (Resource temporarily unavailable)
warning  libmamba Cannot lock '/home/r.dinnage/.cache/mamba/proc'
    Waiting for other mamba process to finish
[collector wcpu2] --once drained 0 checkpoint(s); exiting.
[collector wcpu2] --once drained 0 checkpoint(s); exiting.
[collector wcpu2] --once drained 0 checkpoint(s); exiting.
[collector wcpu2] --once drained 0 checkpoint(s); exiting.
error    libmamba Could not set lock (Resource temporarily unavailable)
warning  libmamba Cannot lock '/home/r.dinnage/.cache/mamba/proc'
    Waiting for other mamba process to finish
[collector wcpu2] --once drained 0 checkpoint(s); exiting.
[collector wcpu2] --once drained 0 checkpoint(s); exiting.
[collector wcpu2] --once drained 0 checkpoint(s); exiting.
[collector wcpu2] --once drained 0 checkpoint(s); exiting.
[collector wcpu2] --once drained 0 checkpoint(s); exiting.
[collector wcpu2] --once drained 0 checkpoint(s); exiting.
[collector wcpu2] --once drained 0 checkpoint(s); exiting.
[collector wcpu2] --once drained 0 checkpoint(s); exiting.
[collector wcpu2] --once drained 0 checkpoint(s); exiting.
[collector wcpu2] --once drained 0 checkpoint(s); exiting.
[collector wcpu2] --once drained 0 checkpoint(s); exiting.
[collector wcpu2] --once drained 0 checkpoint(s); exiting.
[collector wcpu2] --once drained 0 checkpoint(s); exiting.
[collector wcpu2] --once drained 0 checkpoint(s); exiting.
[collector wcpu2] --once drained 0 checkpoint(s); exiting.
[collector wcpu2] --once drained 0 checkpoint(s); exiting.
[collector wcpu2] --once drained 0 checkpoint(s); exiting.
error    libmamba Could not set lock (Resource temporarily unavailable)
warning  libmamba Cannot lock '/home/r.dinnage/.cache/mamba/proc'
    Waiting for other mamba process to finish
[collector wcpu2] --once drained 0 checkpoint(s); exiting.
[collector wcpu2] --once drained 0 checkpoint(s); exiting.
[collector wcpu2] --once drained 0 checkpoint(s); exiting.
[collector wcpu2] --once drained 0 checkpoint(s); exiting.
[collector wcpu2] --once drained 0 checkpoint(s); exiting.
error    libmamba Could not set lock (Resource temporarily unavailable)
warning  libmamba Cannot lock '/home/r.dinnage/.cache/mamba/proc'
    Waiting for other mamba process to finish
[collector wcpu2] --once drained 0 checkpoint(s); exiting.
[collector wcpu2] --once drained 0 checkpoint(s); exiting.
[collector wcpu2] --once drained 0 checkpoint(s); exiting.
[collector wcpu2] --once drained 0 checkpoint(s); exiting.
[collector wcpu2] --once drained 0 checkpoint(s); exiting.
[collector wcpu2] --once drained 0 checkpoint(s); exiting.
[collector wcpu2] --once drained 0 checkpoint(s); exiting.
[collector wcpu2] --once drained 0 checkpoint(s); exiting.
[collector wcpu2] --once drained 0 checkpoint(s); exiting.
[collector wcpu2] --once drained 0 checkpoint(s); exiting.
[collector wcpu2] --once drained 0 checkpoint(s); exiting.
error    libmamba Could not set lock (Resource temporarily unavailable)
warning  libmamba Cannot lock '/home/r.dinnage/.cache/mamba/proc'
    Waiting for other mamba process to finish
[collector wcpu2] --once drained 0 checkpoint(s); exiting.
[collector wcpu2] --once drained 0 checkpoint(s); exiting.
error    libmamba Could not set lock (Resource temporarily unavailable)
warning  libmamba Cannot lock '/home/r.dinnage/.cache/mamba/proc'
    Waiting for other mamba process to finish
[collector wcpu2] --once drained 0 checkpoint(s); exiting.
[collector wcpu2] --once drained 0 checkpoint(s); exiting.
[collector wcpu2] --once drained 0 checkpoint(s); exiting.
[collector wcpu2] --once drained 0 checkpoint(s); exiting.
[collector wcpu2] --once drained 0 checkpoint(s); exiting.
[collector wcpu2] --once drained 0 checkpoint(s); exiting.
[collector wcpu2] --once drained 0 checkpoint(s); exiting.
[collector wcpu2] --once drained 0 checkpoint(s); exiting.
error    libmamba Could not set lock (Resource temporarily unavailable)
warning  libmamba Cannot lock '/home/r.dinnage/.cache/mamba/proc'
    Waiting for other mamba process to finish
[collector wcpu2] --once drained 0 checkpoint(s); exiting.
error    libmamba Could not set lock (Resource temporarily unavailable)
warning  libmamba Cannot lock '/home/r.dinnage/.cache/mamba/proc'
    Waiting for other mamba process to finish
[collector wcpu2] --once drained 0 checkpoint(s); exiting.
[collector wcpu2] --once drained 0 checkpoint(s); exiting.
[collector wcpu2] --once drained 0 checkpoint(s); exiting.
[collector wcpu2] --once drained 0 checkpoint(s); exiting.
[collector wcpu2] --once drained 0 checkpoint(s); exiting.
[collector wcpu2] --once drained 0 checkpoint(s); exiting.
[collector wcpu2] --once drained 0 checkpoint(s); exiting.
error    libmamba Could not set lock (Resource temporarily unavailable)
warning  libmamba Cannot lock '/home/r.dinnage/.cache/mamba/proc'
    Waiting for other mamba process to finish
[collector wcpu2] --once drained 0 checkpoint(s); exiting.
error    libmamba Could not set lock (Resource temporarily unavailable)
warning  libmamba Cannot lock '/home/r.dinnage/.cache/mamba/proc'
    Waiting for other mamba process to finish
[collector wcpu2] --once drained 0 checkpoint(s); exiting.
[collector wcpu2] --once drained 0 checkpoint(s); exiting.
[collector wcpu2] --once drained 0 checkpoint(s); exiting.
[collector wcpu2] --once drained 0 checkpoint(s); exiting.
[collector wcpu2] --once drained 0 checkpoint(s); exiting.
[collector wcpu2] --once drained 0 checkpoint(s); exiting.
[collector wcpu2] --once drained 0 checkpoint(s); exiting.
error    libmamba Could not set lock (Resource temporarily unavailable)
warning  libmamba Cannot lock '/home/r.dinnage/.cache/mamba/proc'
    Waiting for other mamba process to finish
[collector wcpu2] no probe/val CSV (probe_csv=None, val_csv=None); forward/backward blocks skipped for run_id=mae__stable_evo__s42.
[Extractor] block_set='cpu': CPU-only block set ['block_optim', 'block_weights', 'block_trajectory', 'block_circuits'] needs no model forward — skipping probe/Hessian build (no CSV/dataloaders, lower host RAM).
[extract] step=1700 SKIP heavy block block_circuits (ordinal=340 basis=step_fallback heavy_every=8)
[extract] step=1700 heavy=FALSE total=32.69s | block_optim=0.00 block_weights=26.86 block_trajectory=0.78
[collector wcpu2] cpu-pass DONE run_id=mae__stable_evo__s42 step=0 blocks_ok=3 t=32.689s (all_passes_complete=False)
[collector wcpu2] --once drained 1 checkpoint(s); exiting.
[cwcpu2] drained 1 checkpoint(s); looping.
[collector wcpu2] --once drained 0 checkpoint(s); exiting.
[collector wcpu2] --once drained 0 checkpoint(s); exiting.
[collector wcpu2] --once drained 0 checkpoint(s); exiting.
[collector wcpu2] --once drained 0 checkpoint(s); exiting.
[collector wcpu2] --once drained 0 checkpoint(s); exiting.
error    libmamba Could not set lock (Resource temporarily unavailable)
warning  libmamba Cannot lock '/home/r.dinnage/.cache/mamba/proc'
    Waiting for other mamba process to finish
[collector wcpu2] --once drained 0 checkpoint(s); exiting.
[collector wcpu2] --once drained 0 checkpoint(s); exiting.
[collector wcpu2] --once drained 0 checkpoint(s); exiting.
[collector wcpu2] --once drained 0 checkpoint(s); exiting.
[collector wcpu2] --once drained 0 checkpoint(s); exiting.
[collector wcpu2] --once drained 0 checkpoint(s); exiting.
[collector wcpu2] --once drained 0 checkpoint(s); exiting.
[collector wcpu2] --once drained 0 checkpoint(s); exiting.
[collector wcpu2] --once drained 0 checkpoint(s); exiting.
[collector wcpu2] --once drained 0 checkpoint(s); exiting.
error    libmamba Could not set lock (Resource temporarily unavailable)
warning  libmamba Cannot lock '/home/r.dinnage/.cache/mamba/proc'
    Waiting for other mamba process to finish
[collector wcpu2] --once drained 0 checkpoint(s); exiting.
[collector wcpu2] --once drained 0 checkpoint(s); exiting.
[collector wcpu2] --once drained 0 checkpoint(s); exiting.
[collector wcpu2] --once drained 0 checkpoint(s); exiting.
[collector wcpu2] --once drained 0 checkpoint(s); exiting.
[collector wcpu2] --once drained 0 checkpoint(s); exiting.
error    libmamba Could not set lock (Resource temporarily unavailable)
warning  libmamba Cannot lock '/home/r.dinnage/.cache/mamba/proc'
    Waiting for other mamba process to finish
[collector wcpu2] --once drained 0 checkpoint(s); exiting.
error    libmamba Could not set lock (Resource temporarily unavailable)
warning  libmamba Cannot lock '/home/r.dinnage/.cache/mamba/proc'
    Waiting for other mamba process to finish
[collector wcpu2] --once drained 0 checkpoint(s); exiting.
error    libmamba Could not set lock (Resource temporarily unavailable)
warning  libmamba Cannot lock '/home/r.dinnage/.cache/mamba/proc'
    Waiting for other mamba process to finish
[collector wcpu2] --once drained 0 checkpoint(s); exiting.
error    libmamba Could not set lock (Resource temporarily unavailable)
warning  libmamba Cannot lock '/home/r.dinnage/.cache/mamba/proc'
    Waiting for other mamba process to finish
[collector wcpu2] --once drained 0 checkpoint(s); exiting.
error    libmamba Could not set lock (Resource temporarily unavailable)
warning  libmamba Cannot lock '/home/r.dinnage/.cache/mamba/proc'
    Waiting for other mamba process to finish
[collector wcpu2] --once drained 0 checkpoint(s); exiting.
error    libmamba Could not set lock (Resource temporarily unavailable)
warning  libmamba Cannot lock '/home/r.dinnage/.cache/mamba/proc'
    Waiting for other mamba process to finish
[collector wcpu2] --once drained 0 checkpoint(s); exiting.
[collector wcpu2] --once drained 0 checkpoint(s); exiting.
[collector wcpu2] --once drained 0 checkpoint(s); exiting.
error    libmamba Could not set lock (Resource temporarily unavailable)
warning  libmamba Cannot lock '/home/r.dinnage/.cache/mamba/proc'
    Waiting for other mamba process to finish
[collector wcpu2] --once drained 0 checkpoint(s); exiting.
[collector wcpu2] --once drained 0 checkpoint(s); exiting.
error    libmamba Could not set lock (Resource temporarily unavailable)
warning  libmamba Cannot lock '/home/r.dinnage/.cache/mamba/proc'
    Waiting for other mamba process to finish
[collector wcpu2] --once drained 0 checkpoint(s); exiting.
[collector wcpu2] --once drained 0 checkpoint(s); exiting.
[collector wcpu2] --once drained 0 checkpoint(s); exiting.
[collector wcpu2] --once drained 0 checkpoint(s); exiting.
[collector wcpu2] --once drained 0 checkpoint(s); exiting.
[collector wcpu2] --once drained 0 checkpoint(s); exiting.
[collector wcpu2] --once drained 0 checkpoint(s); exiting.
error    libmamba Could not set lock (Resource temporarily unavailable)
warning  libmamba Cannot lock '/home/r.dinnage/.cache/mamba/proc'
    Waiting for other mamba process to finish
[collector wcpu2] --once drained 0 checkpoint(s); exiting.
[collector wcpu2] --once drained 0 checkpoint(s); exiting.
[collector wcpu2] --once drained 0 checkpoint(s); exiting.
[collector wcpu2] --once drained 0 checkpoint(s); exiting.
[collector wcpu2] --once drained 0 checkpoint(s); exiting.
[collector wcpu2] --once drained 0 checkpoint(s); exiting.
[collector wcpu2] --once drained 0 checkpoint(s); exiting.
error    libmamba Could not set lock (Resource temporarily unavailable)
warning  libmamba Cannot lock '/home/r.dinnage/.cache/mamba/proc'
    Waiting for other mamba process to finish
[collector wcpu2] --once drained 0 checkpoint(s); exiting.
[collector wcpu2] --once drained 0 checkpoint(s); exiting.
[collector wcpu2] --once drained 0 checkpoint(s); exiting.
[collector wcpu2] --once drained 0 checkpoint(s); exiting.
[collector wcpu2] --once drained 0 checkpoint(s); exiting.
[collector wcpu2] --once drained 0 checkpoint(s); exiting.
[collector wcpu2] --once drained 0 checkpoint(s); exiting.
[collector wcpu2] --once drained 0 checkpoint(s); exiting.
[collector wcpu2] --once drained 0 checkpoint(s); exiting.
error    libmamba Could not set lock (Resource temporarily unavailable)
warning  libmamba Cannot lock '/home/r.dinnage/.cache/mamba/proc'
    Waiting for other mamba process to finish
[collector wcpu2] --once drained 0 checkpoint(s); exiting.
[collector wcpu2] --once drained 0 checkpoint(s); exiting.
[collector wcpu2] --once drained 0 checkpoint(s); exiting.
[collector wcpu2] --once drained 0 checkpoint(s); exiting.
[collector wcpu2] --once drained 0 checkpoint(s); exiting.
error    libmamba Could not set lock (Resource temporarily unavailable)
warning  libmamba Cannot lock '/home/r.dinnage/.cache/mamba/proc'
    Waiting for other mamba process to finish
[collector wcpu2] --once drained 0 checkpoint(s); exiting.
[collector wcpu2] --once drained 0 checkpoint(s); exiting.
[collector wcpu2] --once drained 0 checkpoint(s); exiting.
[collector wcpu2] --once drained 0 checkpoint(s); exiting.
[collector wcpu2] --once drained 0 checkpoint(s); exiting.
error    libmamba Could not set lock (Resource temporarily unavailable)
warning  libmamba Cannot lock '/home/r.dinnage/.cache/mamba/proc'
    Waiting for other mamba process to finish
[collector wcpu2] --once drained 0 checkpoint(s); exiting.
[collector wcpu2] --once drained 0 checkpoint(s); exiting.
[collector wcpu2] --once drained 0 checkpoint(s); exiting.
[collector wcpu2] --once drained 0 checkpoint(s); exiting.
[collector wcpu2] --once drained 0 checkpoint(s); exiting.
error    libmamba Could not set lock (Resource temporarily unavailable)
warning  libmamba Cannot lock '/home/r.dinnage/.cache/mamba/proc'
    Waiting for other mamba process to finish
[collector wcpu2] --once drained 0 checkpoint(s); exiting.
error    libmamba Could not set lock (Resource temporarily unavailable)
warning  libmamba Cannot lock '/home/r.dinnage/.cache/mamba/proc'
    Waiting for other mamba process to finish
[collector wcpu2] --once drained 0 checkpoint(s); exiting.
[collector wcpu2] --once drained 0 checkpoint(s); exiting.
error    libmamba Could not set lock (Resource temporarily unavailable)
warning  libmamba Cannot lock '/home/r.dinnage/.cache/mamba/proc'
    Waiting for other mamba process to finish
[collector wcpu2] --once drained 0 checkpoint(s); exiting.
[collector wcpu2] --once drained 0 checkpoint(s); exiting.
[collector wcpu2] --once drained 0 checkpoint(s); exiting.
[collector wcpu2] --once drained 0 checkpoint(s); exiting.
[collector wcpu2] --once drained 0 checkpoint(s); exiting.
[collector wcpu2] --once drained 0 checkpoint(s); exiting.
[collector wcpu2] --once drained 0 checkpoint(s); exiting.
error    libmamba Could not set lock (Resource temporarily unavailable)
warning  libmamba Cannot lock '/home/r.dinnage/.cache/mamba/proc'
    Waiting for other mamba process to finish
[collector wcpu2] --once drained 0 checkpoint(s); exiting.
[collector wcpu2] --once drained 0 checkpoint(s); exiting.
[collector wcpu2] no probe/val CSV (probe_csv=None, val_csv=None); forward/backward blocks skipped for run_id=mae__stable_evo__s42.
[Extractor] block_set='cpu': CPU-only block set ['block_optim', 'block_weights', 'block_trajectory', 'block_circuits'] needs no model forward — skipping probe/Hessian build (no CSV/dataloaders, lower host RAM).
/blue/guralnick/share/r.dinnage/Projects/phenovision/xAI/py/extractor/block_optim.py:258: RuntimeWarning: overflow encountered in cast
  scalars = np.array([lam_max, lam_floor, trace, sum_log, pr, eff_rank, cond, aniso,
[extract] step=1900 SKIP heavy block block_circuits (ordinal=380 basis=step_fallback heavy_every=8)
[extract] step=1900 heavy=FALSE total=153.14s | block_optim=113.84 block_weights=28.25 block_trajectory=0.77
[collector wcpu2] cpu-pass DONE run_id=mae__stable_evo__s42 step=1900 blocks_ok=3 t=153.135s (all_passes_complete=False)
[collector wcpu2] --once drained 1 checkpoint(s); exiting.
[cwcpu2] drained 1 checkpoint(s); looping.
[collector wcpu2] --once drained 0 checkpoint(s); exiting.
[collector wcpu2] --once drained 0 checkpoint(s); exiting.
error    libmamba Could not set lock (Resource temporarily unavailable)
warning  libmamba Cannot lock '/home/r.dinnage/.cache/mamba/proc'
    Waiting for other mamba process to finish
[collector wcpu2] --once drained 0 checkpoint(s); exiting.
error    libmamba Could not set lock (Resource temporarily unavailable)
warning  libmamba Cannot lock '/home/r.dinnage/.cache/mamba/proc'
    Waiting for other mamba process to finish
[collector wcpu2] --once drained 0 checkpoint(s); exiting.
[collector wcpu2] --once drained 0 checkpoint(s); exiting.
[collector wcpu2] --once drained 0 checkpoint(s); exiting.
[collector wcpu2] --once drained 0 checkpoint(s); exiting.
[collector wcpu2] --once drained 0 checkpoint(s); exiting.
[collector wcpu2] --once drained 0 checkpoint(s); exiting.
[collector wcpu2] --once drained 0 checkpoint(s); exiting.
[collector wcpu2] --once drained 0 checkpoint(s); exiting.
[collector wcpu2] --once drained 0 checkpoint(s); exiting.
error    libmamba Could not set lock (Resource temporarily unavailable)
warning  libmamba Cannot lock '/home/r.dinnage/.cache/mamba/proc'
    Waiting for other mamba process to finish
[collector wcpu2] --once drained 0 checkpoint(s); exiting.
error    libmamba Could not set lock (Resource temporarily unavailable)
warning  libmamba Cannot lock '/home/r.dinnage/.cache/mamba/proc'
    Waiting for other mamba process to finish
[collector wcpu2] --once drained 0 checkpoint(s); exiting.
[collector wcpu2] --once drained 0 checkpoint(s); exiting.
[collector wcpu2] --once drained 0 checkpoint(s); exiting.
[collector wcpu2] --once drained 0 checkpoint(s); exiting.
[collector wcpu2] --once drained 0 checkpoint(s); exiting.
[collector wcpu2] --once drained 0 checkpoint(s); exiting.
[collector wcpu2] --once drained 0 checkpoint(s); exiting.
[collector wcpu2] --once drained 0 checkpoint(s); exiting.
[collector wcpu2] --once drained 0 checkpoint(s); exiting.
[collector wcpu2] --once drained 0 checkpoint(s); exiting.
[collector wcpu2] no probe/val CSV (probe_csv=None, val_csv=None); forward/backward blocks skipped for run_id=mae__stable_evo__s42.
[Extractor] block_set='cpu': CPU-only block set ['block_optim', 'block_weights', 'block_trajectory', 'block_circuits'] needs no model forward — skipping probe/Hessian build (no CSV/dataloaders, lower host RAM).
/blue/guralnick/share/r.dinnage/Projects/phenovision/xAI/py/extractor/block_optim.py:258: RuntimeWarning: overflow encountered in cast
  scalars = np.array([lam_max, lam_floor, trace, sum_log, pr, eff_rank, cond, aniso,
[extract] step=1965 SKIP heavy block block_circuits (ordinal=393 basis=step_fallback heavy_every=8)
[extract] step=1965 heavy=FALSE total=157.30s | block_optim=117.66 block_weights=29.20 block_trajectory=0.81
[collector wcpu2] cpu-pass DONE run_id=mae__stable_evo__s42 step=1965 blocks_ok=3 t=157.3s (all_passes_complete=False)
[collector wcpu2] --once drained 1 checkpoint(s); exiting.
[cwcpu2] drained 1 checkpoint(s); looping.
[collector wcpu2] --once drained 0 checkpoint(s); exiting.
[collector wcpu2] --once drained 0 checkpoint(s); exiting.
[collector wcpu2] --once drained 0 checkpoint(s); exiting.
[collector wcpu2] --once drained 0 checkpoint(s); exiting.
[collector wcpu2] --once drained 0 checkpoint(s); exiting.
[collector wcpu2] --once drained 0 checkpoint(s); exiting.
[collector wcpu2] --once drained 0 checkpoint(s); exiting.
[collector wcpu2] --once drained 0 checkpoint(s); exiting.
[collector wcpu2] --once drained 0 checkpoint(s); exiting.
[collector wcpu2] --once drained 0 checkpoint(s); exiting.
[collector wcpu2] --once drained 0 checkpoint(s); exiting.
[collector wcpu2] no probe/val CSV (probe_csv=None, val_csv=None); forward/backward blocks skipped for run_id=mae__stable_evo__s42.
[Extractor] block_set='cpu': CPU-only block set ['block_optim', 'block_weights', 'block_trajectory', 'block_circuits'] needs no model forward — skipping probe/Hessian build (no CSV/dataloaders, lower host RAM).
/blue/guralnick/share/r.dinnage/Projects/phenovision/xAI/py/extractor/block_optim.py:258: RuntimeWarning: overflow encountered in cast
  scalars = np.array([lam_max, lam_floor, trace, sum_log, pr, eff_rank, cond, aniso,
[extract] step=2002 heavy=TRUE total=169.30s | block_optim=121.93 block_weights=30.41 block_trajectory=0.81 block_circuits=5.84
[collector wcpu2] cpu-pass DONE run_id=mae__stable_evo__s42 step=2002 blocks_ok=4 t=169.3s (all_passes_complete=False)
[collector wcpu2] --once drained 1 checkpoint(s); exiting.
[cwcpu2] drained 1 checkpoint(s); looping.
[collector wcpu2] --once drained 0 checkpoint(s); exiting.
[collector wcpu2] --once drained 0 checkpoint(s); exiting.
[collector wcpu2] --once drained 0 checkpoint(s); exiting.
[collector wcpu2] --once drained 0 checkpoint(s); exiting.
[collector wcpu2] --once drained 0 checkpoint(s); exiting.
[collector wcpu2] --once drained 0 checkpoint(s); exiting.
[collector wcpu2] --once drained 0 checkpoint(s); exiting.
[collector wcpu2] --once drained 0 checkpoint(s); exiting.
[collector wcpu2] --once drained 0 checkpoint(s); exiting.
[collector wcpu2] --once drained 0 checkpoint(s); exiting.
[collector wcpu2] --once drained 0 checkpoint(s); exiting.
error    libmamba Could not set lock (Resource temporarily unavailable)
warning  libmamba Cannot lock '/home/r.dinnage/.cache/mamba/proc'
    Waiting for other mamba process to finish
[collector wcpu2] --once drained 0 checkpoint(s); exiting.
[collector wcpu2] --once drained 0 checkpoint(s); exiting.
[collector wcpu2] --once drained 0 checkpoint(s); exiting.
[collector wcpu2] --once drained 0 checkpoint(s); exiting.
[collector wcpu2] --once drained 0 checkpoint(s); exiting.
[collector wcpu2] --once drained 0 checkpoint(s); exiting.
[collector wcpu2] --once drained 0 checkpoint(s); exiting.
[collector wcpu2] --once drained 0 checkpoint(s); exiting.
error    libmamba Could not set lock (Resource temporarily unavailable)
warning  libmamba Cannot lock '/home/r.dinnage/.cache/mamba/proc'
    Waiting for other mamba process to finish
[collector wcpu2] --once drained 0 checkpoint(s); exiting.
error    libmamba Could not set lock (Resource temporarily unavailable)
warning  libmamba Cannot lock '/home/r.dinnage/.cache/mamba/proc'
    Waiting for other mamba process to finish
[collector wcpu2] --once drained 0 checkpoint(s); exiting.
error    libmamba Could not set lock (Resource temporarily unavailable)
warning  libmamba Cannot lock '/home/r.dinnage/.cache/mamba/proc'
    Waiting for other mamba process to finish
[collector wcpu2] --once drained 0 checkpoint(s); exiting.
[collector wcpu2] --once drained 0 checkpoint(s); exiting.
[collector wcpu2] --once drained 0 checkpoint(s); exiting.
error    libmamba Could not set lock (Resource temporarily unavailable)
warning  libmamba Cannot lock '/home/r.dinnage/.cache/mamba/proc'
    Waiting for other mamba process to finish
[collector wcpu2] --once drained 0 checkpoint(s); exiting.
[collector wcpu2] --once drained 0 checkpoint(s); exiting.
error    libmamba Could not set lock (Resource temporarily unavailable)
warning  libmamba Cannot lock '/home/r.dinnage/.cache/mamba/proc'
    Waiting for other mamba process to finish
[collector wcpu2] --once drained 0 checkpoint(s); exiting.
[collector wcpu2] --once drained 0 checkpoint(s); exiting.
[collector wcpu2] no probe/val CSV (probe_csv=None, val_csv=None); forward/backward blocks skipped for run_id=mae__stable_evo__s42.
[Extractor] block_set='cpu': CPU-only block set ['block_optim', 'block_weights', 'block_trajectory', 'block_circuits'] needs no model forward — skipping probe/Hessian build (no CSV/dataloaders, lower host RAM).
/blue/guralnick/share/r.dinnage/Projects/phenovision/xAI/py/extractor/block_optim.py:258: RuntimeWarning: overflow encountered in cast
  scalars = np.array([lam_max, lam_floor, trace, sum_log, pr, eff_rank, cond, aniso,
[extract] step=2086 SKIP heavy block block_circuits (ordinal=417 basis=step_fallback heavy_every=8)
[extract] step=2086 heavy=FALSE total=160.85s | block_optim=120.60 block_weights=29.88 block_trajectory=0.80
[collector wcpu2] cpu-pass DONE run_id=mae__stable_evo__s42 step=2086 blocks_ok=3 t=160.846s (all_passes_complete=False)
[collector wcpu2] --once drained 1 checkpoint(s); exiting.
error    libmamba Could not set lock (Resource temporarily unavailable)
warning  libmamba Cannot lock '/home/r.dinnage/.cache/mamba/proc'
    Waiting for other mamba process to finish
[cwcpu2] drained 1 checkpoint(s); looping.
[collector wcpu2] --once drained 0 checkpoint(s); exiting.
[collector wcpu2] --once drained 0 checkpoint(s); exiting.
[collector wcpu2] --once drained 0 checkpoint(s); exiting.
[collector wcpu2] --once drained 0 checkpoint(s); exiting.
[collector wcpu2] --once drained 0 checkpoint(s); exiting.
[collector wcpu2] --once drained 0 checkpoint(s); exiting.
error    libmamba Could not set lock (Resource temporarily unavailable)
warning  libmamba Cannot lock '/home/r.dinnage/.cache/mamba/proc'
    Waiting for other mamba process to finish
[collector wcpu2] --once drained 0 checkpoint(s); exiting.
[collector wcpu2] --once drained 0 checkpoint(s); exiting.
[collector wcpu2] --once drained 0 checkpoint(s); exiting.
[collector wcpu2] --once drained 0 checkpoint(s); exiting.
[collector wcpu2] --once drained 0 checkpoint(s); exiting.
[collector wcpu2] --once drained 0 checkpoint(s); exiting.
error    libmamba Could not set lock (Resource temporarily unavailable)
warning  libmamba Cannot lock '/home/r.dinnage/.cache/mamba/proc'
    Waiting for other mamba process to finish
[collector wcpu2] --once drained 0 checkpoint(s); exiting.
[collector wcpu2] --once drained 0 checkpoint(s); exiting.
[collector wcpu2] --once drained 0 checkpoint(s); exiting.
[collector wcpu2] --once drained 0 checkpoint(s); exiting.
[collector wcpu2] --once drained 0 checkpoint(s); exiting.
error    libmamba Could not set lock (Resource temporarily unavailable)
warning  libmamba Cannot lock '/home/r.dinnage/.cache/mamba/proc'
    Waiting for other mamba process to finish
[collector wcpu2] --once drained 0 checkpoint(s); exiting.
error    libmamba Could not set lock (Resource temporarily unavailable)
warning  libmamba Cannot lock '/home/r.dinnage/.cache/mamba/proc'
    Waiting for other mamba process to finish
[collector wcpu2] --once drained 0 checkpoint(s); exiting.
[collector wcpu2] --once drained 0 checkpoint(s); exiting.
[collector wcpu2] --once drained 0 checkpoint(s); exiting.
[collector wcpu2] --once drained 0 checkpoint(s); exiting.
[collector wcpu2] --once drained 0 checkpoint(s); exiting.
[collector wcpu2] --once drained 0 checkpoint(s); exiting.
[collector wcpu2] --once drained 0 checkpoint(s); exiting.
[collector wcpu2] --once drained 0 checkpoint(s); exiting.
[collector wcpu2] --once drained 0 checkpoint(s); exiting.
[collector wcpu2] --once drained 0 checkpoint(s); exiting.
error    libmamba Could not set lock (Resource temporarily unavailable)
warning  libmamba Cannot lock '/home/r.dinnage/.cache/mamba/proc'
    Waiting for other mamba process to finish
[collector wcpu2] --once drained 0 checkpoint(s); exiting.
[collector wcpu2] --once drained 0 checkpoint(s); exiting.
[collector wcpu2] --once drained 0 checkpoint(s); exiting.
[collector wcpu2] --once drained 0 checkpoint(s); exiting.
[collector wcpu2] --once drained 0 checkpoint(s); exiting.
[collector wcpu2] --once drained 0 checkpoint(s); exiting.
[collector wcpu2] --once drained 0 checkpoint(s); exiting.
error    libmamba Could not set lock (Resource temporarily unavailable)
warning  libmamba Cannot lock '/home/r.dinnage/.cache/mamba/proc'
    Waiting for other mamba process to finish
[collector wcpu2] no probe/val CSV (probe_csv=None, val_csv=None); forward/backward blocks skipped for run_id=mae__stable_evo__s42.
[Extractor] block_set='cpu': CPU-only block set ['block_optim', 'block_weights', 'block_trajectory', 'block_circuits'] needs no model forward — skipping probe/Hessian build (no CSV/dataloaders, lower host RAM).
/blue/guralnick/share/r.dinnage/Projects/phenovision/xAI/py/extractor/block_optim.py:258: RuntimeWarning: overflow encountered in cast
  scalars = np.array([lam_max, lam_floor, trace, sum_log, pr, eff_rank, cond, aniso,
[extract] step=2182 SKIP heavy block block_circuits (ordinal=436 basis=step_fallback heavy_every=8)
[extract] step=2182 heavy=FALSE total=166.99s | block_optim=125.39 block_weights=30.25 block_trajectory=0.79
[collector wcpu2] cpu-pass DONE run_id=mae__stable_evo__s42 step=2182 blocks_ok=3 t=166.986s (all_passes_complete=False)
[collector wcpu2] --once drained 1 checkpoint(s); exiting.
[cwcpu2] drained 1 checkpoint(s); looping.
[collector wcpu2] --once drained 0 checkpoint(s); exiting.
[collector wcpu2] --once drained 0 checkpoint(s); exiting.
[collector wcpu2] --once drained 0 checkpoint(s); exiting.
error    libmamba Could not set lock (Resource temporarily unavailable)
warning  libmamba Cannot lock '/home/r.dinnage/.cache/mamba/proc'
    Waiting for other mamba process to finish
[collector wcpu2] --once drained 0 checkpoint(s); exiting.
[collector wcpu2] --once drained 0 checkpoint(s); exiting.
error    libmamba Could not set lock (Resource temporarily unavailable)
warning  libmamba Cannot lock '/home/r.dinnage/.cache/mamba/proc'
    Waiting for other mamba process to finish
[collector wcpu2] --once drained 0 checkpoint(s); exiting.
[collector wcpu2] --once drained 0 checkpoint(s); exiting.
error    libmamba Could not set lock (Resource temporarily unavailable)
warning  libmamba Cannot lock '/home/r.dinnage/.cache/mamba/proc'
    Waiting for other mamba process to finish
[collector wcpu2] --once drained 0 checkpoint(s); exiting.
[collector wcpu2] --once drained 0 checkpoint(s); exiting.
[collector wcpu2] --once drained 0 checkpoint(s); exiting.
[collector wcpu2] --once drained 0 checkpoint(s); exiting.
[collector wcpu2] --once drained 0 checkpoint(s); exiting.
error    libmamba Could not set lock (Resource temporarily unavailable)
warning  libmamba Cannot lock '/home/r.dinnage/.cache/mamba/proc'
    Waiting for other mamba process to finish
[collector wcpu2] --once drained 0 checkpoint(s); exiting.
[collector wcpu2] --once drained 0 checkpoint(s); exiting.
[collector wcpu2] --once drained 0 checkpoint(s); exiting.
[collector wcpu2] no probe/val CSV (probe_csv=None, val_csv=None); forward/backward blocks skipped for run_id=mae__stable_evo__s42.
[Extractor] block_set='cpu': CPU-only block set ['block_optim', 'block_weights', 'block_trajectory', 'block_circuits'] needs no model forward — skipping probe/Hessian build (no CSV/dataloaders, lower host RAM).
/blue/guralnick/share/r.dinnage/Projects/phenovision/xAI/py/extractor/block_optim.py:258: RuntimeWarning: overflow encountered in cast
  scalars = np.array([lam_max, lam_floor, trace, sum_log, pr, eff_rank, cond, aniso,
[extract] step=2230 SKIP heavy block block_circuits (ordinal=446 basis=step_fallback heavy_every=8)
[extract] step=2230 heavy=FALSE total=156.49s | block_optim=117.56 block_weights=29.08 block_trajectory=0.78
[collector wcpu2] cpu-pass DONE run_id=mae__stable_evo__s42 step=2230 blocks_ok=3 t=156.49s (all_passes_complete=False)
[collector wcpu2] --once drained 1 checkpoint(s); exiting.
[cwcpu2] drained 1 checkpoint(s); looping.
[collector wcpu2] --once drained 0 checkpoint(s); exiting.
[collector wcpu2] --once drained 0 checkpoint(s); exiting.
[collector wcpu2] --once drained 0 checkpoint(s); exiting.
error    libmamba Could not set lock (Resource temporarily unavailable)
warning  libmamba Cannot lock '/home/r.dinnage/.cache/mamba/proc'
    Waiting for other mamba process to finish
[collector wcpu2] --once drained 0 checkpoint(s); exiting.
[collector wcpu2] --once drained 0 checkpoint(s); exiting.
[collector wcpu2] --once drained 0 checkpoint(s); exiting.
[collector wcpu2] --once drained 0 checkpoint(s); exiting.
[collector wcpu2] --once drained 0 checkpoint(s); exiting.
[collector wcpu2] --once drained 0 checkpoint(s); exiting.
[collector wcpu2] --once drained 0 checkpoint(s); exiting.
[collector wcpu2] --once drained 0 checkpoint(s); exiting.
[collector wcpu2] --once drained 0 checkpoint(s); exiting.
[collector wcpu2] --once drained 0 checkpoint(s); exiting.
[collector wcpu2] --once drained 0 checkpoint(s); exiting.
[collector wcpu2] no probe/val CSV (probe_csv=None, val_csv=None); forward/backward blocks skipped for run_id=mae__stable_evo__s42.
[Extractor] block_set='cpu': CPU-only block set ['block_optim', 'block_weights', 'block_trajectory', 'block_circuits'] needs no model forward — skipping probe/Hessian build (no CSV/dataloaders, lower host RAM).
/blue/guralnick/share/r.dinnage/Projects/phenovision/xAI/py/extractor/block_optim.py:258: RuntimeWarning: overflow encountered in cast
  scalars = np.array([lam_max, lam_floor, trace, sum_log, pr, eff_rank, cond, aniso,
[extract] step=2280 heavy=TRUE total=161.49s | block_optim=116.63 block_weights=29.84 block_trajectory=0.77 block_circuits=4.21
[collector wcpu2] cpu-pass DONE run_id=mae__stable_evo__s42 step=2280 blocks_ok=4 t=161.493s (all_passes_complete=False)
[collector wcpu2] --once drained 1 checkpoint(s); exiting.
[cwcpu2] drained 1 checkpoint(s); looping.
[collector wcpu2] --once drained 0 checkpoint(s); exiting.
[collector wcpu2] --once drained 0 checkpoint(s); exiting.
[collector wcpu2] --once drained 0 checkpoint(s); exiting.
error    libmamba Could not set lock (Resource temporarily unavailable)
warning  libmamba Cannot lock '/home/r.dinnage/.cache/mamba/proc'
    Waiting for other mamba process to finish
error    libmamba Could not set lock (Resource temporarily unavailable)
warning  libmamba Cannot lock '/home/r.dinnage/.cache/mamba/proc'
    Waiting for other mamba process to finish
[collector wcpu2] --once drained 0 checkpoint(s); exiting.
[collector wcpu2] --once drained 0 checkpoint(s); exiting.
[collector wcpu2] --once drained 0 checkpoint(s); exiting.
[collector wcpu2] --once drained 0 checkpoint(s); exiting.
error    libmamba Could not set lock (Resource temporarily unavailable)
warning  libmamba Cannot lock '/home/r.dinnage/.cache/mamba/proc'
    Waiting for other mamba process to finish
[collector wcpu2] --once drained 0 checkpoint(s); exiting.
[collector wcpu2] --once drained 0 checkpoint(s); exiting.
[collector wcpu2] --once drained 0 checkpoint(s); exiting.
[collector wcpu2] no probe/val CSV (probe_csv=None, val_csv=None); forward/backward blocks skipped for run_id=mae__stable_evo__s42.
[Extractor] block_set='cpu': CPU-only block set ['block_optim', 'block_weights', 'block_trajectory', 'block_circuits'] needs no model forward — skipping probe/Hessian build (no CSV/dataloaders, lower host RAM).
/blue/guralnick/share/r.dinnage/Projects/phenovision/xAI/py/extractor/block_optim.py:258: RuntimeWarning: overflow encountered in cast
  scalars = np.array([lam_max, lam_floor, trace, sum_log, pr, eff_rank, cond, aniso,
[extract] step=2316 SKIP heavy block block_circuits (ordinal=463 basis=step_fallback heavy_every=8)
[extract] step=2316 heavy=FALSE total=155.50s | block_optim=115.51 block_weights=29.33 block_trajectory=0.77
[collector wcpu2] cpu-pass DONE run_id=mae__stable_evo__s42 step=2316 blocks_ok=3 t=155.503s (all_passes_complete=False)
[collector wcpu2] --once drained 1 checkpoint(s); exiting.
[cwcpu2] drained 1 checkpoint(s); looping.
[collector wcpu2] --once drained 0 checkpoint(s); exiting.
[collector wcpu2] --once drained 0 checkpoint(s); exiting.
[collector wcpu2] --once drained 0 checkpoint(s); exiting.
[collector wcpu2] no probe/val CSV (probe_csv=None, val_csv=None); forward/backward blocks skipped for run_id=mae__stable_evo__s42.
[Extractor] block_set='cpu': CPU-only block set ['block_optim', 'block_weights', 'block_trajectory', 'block_circuits'] needs no model forward — skipping probe/Hessian build (no CSV/dataloaders, lower host RAM).
/blue/guralnick/share/r.dinnage/Projects/phenovision/xAI/py/extractor/block_optim.py:258: RuntimeWarning: overflow encountered in cast
  scalars = np.array([lam_max, lam_floor, trace, sum_log, pr, eff_rank, cond, aniso,
[extract] step=2340 SKIP heavy block block_circuits (ordinal=468 basis=step_fallback heavy_every=8)
[extract] step=2340 heavy=FALSE total=156.80s | block_optim=116.10 block_weights=30.12 block_trajectory=0.73
[collector wcpu2] cpu-pass DONE run_id=mae__stable_evo__s42 step=2340 blocks_ok=3 t=156.796s (all_passes_complete=False)
[collector wcpu2] --once drained 1 checkpoint(s); exiting.
[cwcpu2] drained 1 checkpoint(s); looping.
[collector wcpu2] --once drained 0 checkpoint(s); exiting.
[collector wcpu2] --once drained 0 checkpoint(s); exiting.
[collector wcpu2] --once drained 0 checkpoint(s); exiting.
[collector wcpu2] --once drained 0 checkpoint(s); exiting.
[collector wcpu2] --once drained 0 checkpoint(s); exiting.
[collector wcpu2] --once drained 0 checkpoint(s); exiting.
[collector wcpu2] --once drained 0 checkpoint(s); exiting.
[collector wcpu2] --once drained 0 checkpoint(s); exiting.
[collector wcpu2] no probe/val CSV (probe_csv=None, val_csv=None); forward/backward blocks skipped for run_id=mae__stable_evo__s42.
[Extractor] block_set='cpu': CPU-only block set ['block_optim', 'block_weights', 'block_trajectory', 'block_circuits'] needs no model forward — skipping probe/Hessian build (no CSV/dataloaders, lower host RAM).
/blue/guralnick/share/r.dinnage/Projects/phenovision/xAI/py/extractor/block_optim.py:258: RuntimeWarning: overflow encountered in cast
  scalars = np.array([lam_max, lam_floor, trace, sum_log, pr, eff_rank, cond, aniso,
[extract] step=2376 SKIP heavy block block_circuits (ordinal=475 basis=step_fallback heavy_every=8)
[extract] step=2376 heavy=FALSE total=153.37s | block_optim=114.32 block_weights=29.49 block_trajectory=0.73
[collector wcpu2] cpu-pass DONE run_id=mae__stable_evo__s42 step=2376 blocks_ok=3 t=153.371s (all_passes_complete=False)
[collector wcpu2] --once drained 1 checkpoint(s); exiting.
[cwcpu2] drained 1 checkpoint(s); looping.
[collector wcpu2] --once drained 0 checkpoint(s); exiting.
[collector wcpu2] --once drained 0 checkpoint(s); exiting.
[collector wcpu2] --once drained 0 checkpoint(s); exiting.
error    libmamba Could not set lock (Resource temporarily unavailable)
warning  libmamba Cannot lock '/home/r.dinnage/.cache/mamba/proc'
    Waiting for other mamba process to finish
[collector wcpu2] --once drained 0 checkpoint(s); exiting.
[collector wcpu2] --once drained 0 checkpoint(s); exiting.
[collector wcpu2] --once drained 0 checkpoint(s); exiting.
error    libmamba Could not set lock (Resource temporarily unavailable)
warning  libmamba Cannot lock '/home/r.dinnage/.cache/mamba/proc'
    Waiting for other mamba process to finish
[collector wcpu2] --once drained 0 checkpoint(s); exiting.
[collector wcpu2] --once drained 0 checkpoint(s); exiting.
[collector wcpu2] --once drained 0 checkpoint(s); exiting.
[collector wcpu2] --once drained 0 checkpoint(s); exiting.
[collector wcpu2] no probe/val CSV (probe_csv=None, val_csv=None); forward/backward blocks skipped for run_id=mae__stable_evo__s42.
[Extractor] block_set='cpu': CPU-only block set ['block_optim', 'block_weights', 'block_trajectory', 'block_circuits'] needs no model forward — skipping probe/Hessian build (no CSV/dataloaders, lower host RAM).
/blue/guralnick/share/r.dinnage/Projects/phenovision/xAI/py/extractor/block_optim.py:258: RuntimeWarning: overflow encountered in cast
  scalars = np.array([lam_max, lam_floor, trace, sum_log, pr, eff_rank, cond, aniso,
[extract] step=2412 SKIP heavy block block_circuits (ordinal=482 basis=step_fallback heavy_every=8)
[extract] step=2412 heavy=FALSE total=166.75s | block_optim=125.38 block_weights=30.40 block_trajectory=0.76
[collector wcpu2] cpu-pass DONE run_id=mae__stable_evo__s42 step=2412 blocks_ok=3 t=166.747s (all_passes_complete=False)
[collector wcpu2] --once drained 1 checkpoint(s); exiting.
[cwcpu2] drained 1 checkpoint(s); looping.
[collector wcpu2] --once drained 0 checkpoint(s); exiting.
[collector wcpu2] --once drained 0 checkpoint(s); exiting.
[collector wcpu2] --once drained 0 checkpoint(s); exiting.
[collector wcpu2] --once drained 0 checkpoint(s); exiting.
[collector wcpu2] --once drained 0 checkpoint(s); exiting.
[collector wcpu2] --once drained 0 checkpoint(s); exiting.
[collector wcpu2] --once drained 0 checkpoint(s); exiting.
[collector wcpu2] --once drained 0 checkpoint(s); exiting.
[collector wcpu2] --once drained 0 checkpoint(s); exiting.
error    libmamba Could not set lock (Resource temporarily unavailable)
warning  libmamba Cannot lock '/home/r.dinnage/.cache/mamba/proc'
    Waiting for other mamba process to finish
[collector wcpu2] --once drained 0 checkpoint(s); exiting.
error    libmamba Could not set lock (Resource temporarily unavailable)
warning  libmamba Cannot lock '/home/r.dinnage/.cache/mamba/proc'
    Waiting for other mamba process to finish
[collector wcpu2] --once drained 0 checkpoint(s); exiting.
error    libmamba Could not set lock (Resource temporarily unavailable)
warning  libmamba Cannot lock '/home/r.dinnage/.cache/mamba/proc'
    Waiting for other mamba process to finish
[collector wcpu2] --once drained 0 checkpoint(s); exiting.
[collector wcpu2] --once drained 0 checkpoint(s); exiting.
[collector wcpu2] --once drained 0 checkpoint(s); exiting.
[collector wcpu2] --once drained 0 checkpoint(s); exiting.
[collector wcpu2] --once drained 0 checkpoint(s); exiting.
[collector wcpu2] --once drained 0 checkpoint(s); exiting.
[collector wcpu2] --once drained 0 checkpoint(s); exiting.
[collector wcpu2] --once drained 0 checkpoint(s); exiting.
[collector wcpu2] --once drained 0 checkpoint(s); exiting.
[collector wcpu2] --once drained 0 checkpoint(s); exiting.
error    libmamba Could not set lock (Resource temporarily unavailable)
warning  libmamba Cannot lock '/home/r.dinnage/.cache/mamba/proc'
    Waiting for other mamba process to finish
[collector wcpu2] --once drained 0 checkpoint(s); exiting.
[collector wcpu2] --once drained 0 checkpoint(s); exiting.
[collector wcpu2] --once drained 0 checkpoint(s); exiting.
[collector wcpu2] --once drained 0 checkpoint(s); exiting.
[collector wcpu2] --once drained 0 checkpoint(s); exiting.
[collector wcpu2] --once drained 0 checkpoint(s); exiting.
[collector wcpu2] --once drained 0 checkpoint(s); exiting.
[collector wcpu2] no probe/val CSV (probe_csv=None, val_csv=None); forward/backward blocks skipped for run_id=mae__stable_evo__s42.
[Extractor] block_set='cpu': CPU-only block set ['block_optim', 'block_weights', 'block_trajectory', 'block_circuits'] needs no model forward — skipping probe/Hessian build (no CSV/dataloaders, lower host RAM).
/blue/guralnick/share/r.dinnage/Projects/phenovision/xAI/py/extractor/block_optim.py:258: RuntimeWarning: overflow encountered in cast
  scalars = np.array([lam_max, lam_floor, trace, sum_log, pr, eff_rank, cond, aniso,
[extract] step=2496 SKIP heavy block block_circuits (ordinal=499 basis=step_fallback heavy_every=8)
[extract] step=2496 heavy=FALSE total=157.51s | block_optim=117.24 block_weights=29.92 block_trajectory=0.75
[collector wcpu2] cpu-pass DONE run_id=mae__stable_evo__s42 step=2496 blocks_ok=3 t=157.513s (all_passes_complete=False)
/blue/guralnick/share/r.dinnage/Projects/phenovision/xAI/py/extractor/block_optim.py:258: RuntimeWarning: overflow encountered in cast
  scalars = np.array([lam_max, lam_floor, trace, sum_log, pr, eff_rank, cond, aniso,
[extract] step=2508 SKIP heavy block block_circuits (ordinal=501 basis=step_fallback heavy_every=8)
[extract] step=2508 heavy=FALSE total=167.06s | block_optim=126.71 block_weights=30.84 block_trajectory=1.35
[collector wcpu2] cpu-pass DONE run_id=mae__stable_evo__s42 step=2508 blocks_ok=3 t=167.065s (all_passes_complete=False)
[collector wcpu2] --once drained 2 checkpoint(s); exiting.
[cwcpu2] drained 2 checkpoint(s); looping.
[collector wcpu2] --once drained 0 checkpoint(s); exiting.
[collector wcpu2] --once drained 0 checkpoint(s); exiting.
[collector wcpu2] --once drained 0 checkpoint(s); exiting.
error    libmamba Could not set lock (Resource temporarily unavailable)
warning  libmamba Cannot lock '/home/r.dinnage/.cache/mamba/proc'
    Waiting for other mamba process to finish
[collector wcpu2] --once drained 0 checkpoint(s); exiting.
[collector wcpu2] --once drained 0 checkpoint(s); exiting.
[collector wcpu2] --once drained 0 checkpoint(s); exiting.
[collector wcpu2] --once drained 0 checkpoint(s); exiting.
[collector wcpu2] --once drained 0 checkpoint(s); exiting.
[collector wcpu2] --once drained 0 checkpoint(s); exiting.
[collector wcpu2] --once drained 0 checkpoint(s); exiting.
[collector wcpu2] --once drained 0 checkpoint(s); exiting.
error    libmamba Could not set lock (Resource temporarily unavailable)
warning  libmamba Cannot lock '/home/r.dinnage/.cache/mamba/proc'
    Waiting for other mamba process to finish
[collector wcpu2] --once drained 0 checkpoint(s); exiting.
[collector wcpu2] --once drained 0 checkpoint(s); exiting.
error    libmamba Could not set lock (Resource temporarily unavailable)
warning  libmamba Cannot lock '/home/r.dinnage/.cache/mamba/proc'
    Waiting for other mamba process to finish
[collector wcpu2] --once drained 0 checkpoint(s); exiting.
error    libmamba Could not set lock (Resource temporarily unavailable)
warning  libmamba Cannot lock '/home/r.dinnage/.cache/mamba/proc'
    Waiting for other mamba process to finish
[collector wcpu2] no probe/val CSV (probe_csv=None, val_csv=None); forward/backward blocks skipped for run_id=mae__stable_evo__s42.
[Extractor] block_set='cpu': CPU-only block set ['block_optim', 'block_weights', 'block_trajectory', 'block_circuits'] needs no model forward — skipping probe/Hessian build (no CSV/dataloaders, lower host RAM).
/blue/guralnick/share/r.dinnage/Projects/phenovision/xAI/py/extractor/block_optim.py:258: RuntimeWarning: overflow encountered in cast
  scalars = np.array([lam_max, lam_floor, trace, sum_log, pr, eff_rank, cond, aniso,
[extract] step=2558 SKIP heavy block block_circuits (ordinal=511 basis=step_fallback heavy_every=8)
[extract] step=2558 heavy=FALSE total=159.56s | block_optim=118.79 block_weights=30.50 block_trajectory=0.75
[collector wcpu2] cpu-pass DONE run_id=mae__stable_evo__s42 step=2558 blocks_ok=3 t=159.564s (all_passes_complete=False)
[collector wcpu2] --once drained 1 checkpoint(s); exiting.
[cwcpu2] drained 1 checkpoint(s); looping.
[collector wcpu2] --once drained 0 checkpoint(s); exiting.
[collector wcpu2] --once drained 0 checkpoint(s); exiting.
error    libmamba Could not set lock (Resource temporarily unavailable)
warning  libmamba Cannot lock '/home/r.dinnage/.cache/mamba/proc'
    Waiting for other mamba process to finish
[collector wcpu2] --once drained 0 checkpoint(s); exiting.
[collector wcpu2] --once drained 0 checkpoint(s); exiting.
[collector wcpu2] --once drained 0 checkpoint(s); exiting.
[collector wcpu2] --once drained 0 checkpoint(s); exiting.
error    libmamba Could not set lock (Resource temporarily unavailable)
warning  libmamba Cannot lock '/home/r.dinnage/.cache/mamba/proc'
    Waiting for other mamba process to finish
[collector wcpu2] --once drained 0 checkpoint(s); exiting.
[collector wcpu2] --once drained 0 checkpoint(s); exiting.
[collector wcpu2] --once drained 0 checkpoint(s); exiting.
[collector wcpu2] --once drained 0 checkpoint(s); exiting.
[collector wcpu2] --once drained 0 checkpoint(s); exiting.
[collector wcpu2] --once drained 0 checkpoint(s); exiting.
error    libmamba Could not set lock (Resource temporarily unavailable)
warning  libmamba Cannot lock '/home/r.dinnage/.cache/mamba/proc'
    Waiting for other mamba process to finish
[collector wcpu2] --once drained 0 checkpoint(s); exiting.
[collector wcpu2] --once drained 0 checkpoint(s); exiting.
[collector wcpu2] --once drained 0 checkpoint(s); exiting.
[collector wcpu2] --once drained 0 checkpoint(s); exiting.
[collector wcpu2] --once drained 0 checkpoint(s); exiting.
[collector wcpu2] --once drained 0 checkpoint(s); exiting.
[collector wcpu2] --once drained 0 checkpoint(s); exiting.
[collector wcpu2] --once drained 0 checkpoint(s); exiting.
[collector wcpu2] --once drained 0 checkpoint(s); exiting.
[collector wcpu2] --once drained 0 checkpoint(s); exiting.
[collector wcpu2] --once drained 0 checkpoint(s); exiting.
error    libmamba Could not set lock (Resource temporarily unavailable)
warning  libmamba Cannot lock '/home/r.dinnage/.cache/mamba/proc'
    Waiting for other mamba process to finish
[collector wcpu2] --once drained 0 checkpoint(s); exiting.
error    libmamba Could not set lock (Resource temporarily unavailable)
warning  libmamba Cannot lock '/home/r.dinnage/.cache/mamba/proc'
    Waiting for other mamba process to finish
[collector wcpu2] --once drained 0 checkpoint(s); exiting.
[collector wcpu2] no probe/val CSV (probe_csv=None, val_csv=None); forward/backward blocks skipped for run_id=mae__stable_evo__s42.
[Extractor] block_set='cpu': CPU-only block set ['block_optim', 'block_weights', 'block_trajectory', 'block_circuits'] needs no model forward — skipping probe/Hessian build (no CSV/dataloaders, lower host RAM).
/blue/guralnick/share/r.dinnage/Projects/phenovision/xAI/py/extractor/block_optim.py:258: RuntimeWarning: overflow encountered in cast
  scalars = np.array([lam_max, lam_floor, trace, sum_log, pr, eff_rank, cond, aniso,
[extract] step=2630 SKIP heavy block block_circuits (ordinal=526 basis=step_fallback heavy_every=8)
[extract] step=2630 heavy=FALSE total=160.81s | block_optim=120.55 block_weights=28.96 block_trajectory=0.74
[collector wcpu2] cpu-pass DONE run_id=mae__stable_evo__s42 step=2630 blocks_ok=3 t=160.81s (all_passes_complete=False)
[collector wcpu2] --once drained 1 checkpoint(s); exiting.
[cwcpu2] drained 1 checkpoint(s); looping.
[collector wcpu2] --once drained 0 checkpoint(s); exiting.
[collector wcpu2] --once drained 0 checkpoint(s); exiting.
[collector wcpu2] --once drained 0 checkpoint(s); exiting.
[collector wcpu2] --once drained 0 checkpoint(s); exiting.
[collector wcpu2] --once drained 0 checkpoint(s); exiting.
[collector wcpu2] --once drained 0 checkpoint(s); exiting.
[collector wcpu2] --once drained 0 checkpoint(s); exiting.
[collector wcpu2] --once drained 0 checkpoint(s); exiting.
[collector wcpu2] --once drained 0 checkpoint(s); exiting.
[collector wcpu2] --once drained 0 checkpoint(s); exiting.
[collector wcpu2] --once drained 0 checkpoint(s); exiting.
[collector wcpu2] --once drained 0 checkpoint(s); exiting.
[collector wcpu2] --once drained 0 checkpoint(s); exiting.
[collector wcpu2] --once drained 0 checkpoint(s); exiting.
[collector wcpu2] --once drained 0 checkpoint(s); exiting.
[collector wcpu2] --once drained 0 checkpoint(s); exiting.
[collector wcpu2] --once drained 0 checkpoint(s); exiting.
[collector wcpu2] --once drained 0 checkpoint(s); exiting.
[collector wcpu2] --once drained 0 checkpoint(s); exiting.
[collector wcpu2] --once drained 0 checkpoint(s); exiting.
[collector wcpu2] --once drained 0 checkpoint(s); exiting.
[collector wcpu2] --once drained 0 checkpoint(s); exiting.
error    libmamba Could not set lock (Resource temporarily unavailable)
warning  libmamba Cannot lock '/home/r.dinnage/.cache/mamba/proc'
    Waiting for other mamba process to finish
[collector wcpu2] --once drained 0 checkpoint(s); exiting.
error    libmamba Could not set lock (Resource temporarily unavailable)
warning  libmamba Cannot lock '/home/r.dinnage/.cache/mamba/proc'
    Waiting for other mamba process to finish
[collector wcpu2] --once drained 0 checkpoint(s); exiting.
[collector wcpu2] --once drained 0 checkpoint(s); exiting.
[collector wcpu2] --once drained 0 checkpoint(s); exiting.
[collector wcpu2] --once drained 0 checkpoint(s); exiting.
[collector wcpu2] --once drained 0 checkpoint(s); exiting.
[collector wcpu2] --once drained 0 checkpoint(s); exiting.
[collector wcpu2] --once drained 0 checkpoint(s); exiting.
[collector wcpu2] --once drained 0 checkpoint(s); exiting.
error    libmamba Could not set lock (Resource temporarily unavailable)
warning  libmamba Cannot lock '/home/r.dinnage/.cache/mamba/proc'
    Waiting for other mamba process to finish
[collector wcpu2] --once drained 0 checkpoint(s); exiting.
[collector wcpu2] --once drained 0 checkpoint(s); exiting.
error    libmamba Could not set lock (Resource temporarily unavailable)
warning  libmamba Cannot lock '/home/r.dinnage/.cache/mamba/proc'
    Waiting for other mamba process to finish
[collector wcpu2] --once drained 0 checkpoint(s); exiting.
error    libmamba Could not set lock (Resource temporarily unavailable)
warning  libmamba Cannot lock '/home/r.dinnage/.cache/mamba/proc'
    Waiting for other mamba process to finish
[collector wcpu2] --once drained 0 checkpoint(s); exiting.
error    libmamba Could not set lock (Resource temporarily unavailable)
warning  libmamba Cannot lock '/home/r.dinnage/.cache/mamba/proc'
    Waiting for other mamba process to finish
[collector wcpu2] --once drained 0 checkpoint(s); exiting.
[collector wcpu2] --once drained 0 checkpoint(s); exiting.
[collector wcpu2] --once drained 0 checkpoint(s); exiting.
[collector wcpu2] --once drained 0 checkpoint(s); exiting.
[collector wcpu2] --once drained 0 checkpoint(s); exiting.
[collector wcpu2] --once drained 0 checkpoint(s); exiting.
[collector wcpu2] --once drained 0 checkpoint(s); exiting.
[collector wcpu2] --once drained 0 checkpoint(s); exiting.
[collector wcpu2] --once drained 0 checkpoint(s); exiting.
[collector wcpu2] --once drained 0 checkpoint(s); exiting.
[collector wcpu2] --once drained 0 checkpoint(s); exiting.
error    libmamba Could not set lock (Resource temporarily unavailable)
warning  libmamba Cannot lock '/home/r.dinnage/.cache/mamba/proc'
    Waiting for other mamba process to finish
[collector wcpu2] --once drained 0 checkpoint(s); exiting.
[collector wcpu2] --once drained 0 checkpoint(s); exiting.
[collector wcpu2] --once drained 0 checkpoint(s); exiting.
[collector wcpu2] --once drained 0 checkpoint(s); exiting.
[collector wcpu2] --once drained 0 checkpoint(s); exiting.
error    libmamba Could not set lock (Resource temporarily unavailable)
warning  libmamba Cannot lock '/home/r.dinnage/.cache/mamba/proc'
    Waiting for other mamba process to finish
[collector wcpu2] --once drained 0 checkpoint(s); exiting.
[collector wcpu2] --once drained 0 checkpoint(s); exiting.
[collector wcpu2] --once drained 0 checkpoint(s); exiting.
[collector wcpu2] --once drained 0 checkpoint(s); exiting.
error    libmamba Could not set lock (Resource temporarily unavailable)
warning  libmamba Cannot lock '/home/r.dinnage/.cache/mamba/proc'
    Waiting for other mamba process to finish
[collector wcpu2] --once drained 0 checkpoint(s); exiting.
[collector wcpu2] --once drained 0 checkpoint(s); exiting.
[collector wcpu2] --once drained 0 checkpoint(s); exiting.
[collector wcpu2] --once drained 0 checkpoint(s); exiting.
[collector wcpu2] --once drained 0 checkpoint(s); exiting.
[collector wcpu2] --once drained 0 checkpoint(s); exiting.
[collector wcpu2] --once drained 0 checkpoint(s); exiting.
[collector wcpu2] --once drained 0 checkpoint(s); exiting.
[collector wcpu2] --once drained 0 checkpoint(s); exiting.
[collector wcpu2] --once drained 0 checkpoint(s); exiting.
[collector wcpu2] --once drained 0 checkpoint(s); exiting.
[collector wcpu2] no probe/val CSV (probe_csv=None, val_csv=None); forward/backward blocks skipped for run_id=mae__stable_evo__s42.
[Extractor] block_set='cpu': CPU-only block set ['block_optim', 'block_weights', 'block_trajectory', 'block_circuits'] needs no model forward — skipping probe/Hessian build (no CSV/dataloaders, lower host RAM).
/blue/guralnick/share/r.dinnage/Projects/phenovision/xAI/py/extractor/block_optim.py:258: RuntimeWarning: overflow encountered in cast
  scalars = np.array([lam_max, lam_floor, trace, sum_log, pr, eff_rank, cond, aniso,
[extract] step=2798 SKIP heavy block block_circuits (ordinal=559 basis=step_fallback heavy_every=8)
[extract] step=2798 heavy=FALSE total=169.33s | block_optim=127.83 block_weights=30.09 block_trajectory=0.81
[collector wcpu2] cpu-pass DONE run_id=mae__stable_evo__s42 step=2798 blocks_ok=3 t=169.335s (all_passes_complete=False)
[collector wcpu2] --once drained 1 checkpoint(s); exiting.
error    libmamba Could not set lock (Resource temporarily unavailable)
warning  libmamba Cannot lock '/home/r.dinnage/.cache/mamba/proc'
    Waiting for other mamba process to finish
[cwcpu2] drained 1 checkpoint(s); looping.
error    libmamba Could not set lock (Resource temporarily unavailable)
warning  libmamba Cannot lock '/home/r.dinnage/.cache/mamba/proc'
    Waiting for other mamba process to finish
[collector wcpu2] --once drained 0 checkpoint(s); exiting.
[collector wcpu2] --once drained 0 checkpoint(s); exiting.
[collector wcpu2] --once drained 0 checkpoint(s); exiting.
[collector wcpu2] --once drained 0 checkpoint(s); exiting.
[collector wcpu2] --once drained 0 checkpoint(s); exiting.
[collector wcpu2] --once drained 0 checkpoint(s); exiting.
[collector wcpu2] --once drained 0 checkpoint(s); exiting.
[collector wcpu2] --once drained 0 checkpoint(s); exiting.
error    libmamba Could not set lock (Resource temporarily unavailable)
warning  libmamba Cannot lock '/home/r.dinnage/.cache/mamba/proc'
    Waiting for other mamba process to finish
[collector wcpu2] --once drained 0 checkpoint(s); exiting.
[collector wcpu2] --once drained 0 checkpoint(s); exiting.
[collector wcpu2] --once drained 0 checkpoint(s); exiting.
error    libmamba Could not set lock (Resource temporarily unavailable)
warning  libmamba Cannot lock '/home/r.dinnage/.cache/mamba/proc'
    Waiting for other mamba process to finish
[collector wcpu2] --once drained 0 checkpoint(s); exiting.
[collector wcpu2] --once drained 0 checkpoint(s); exiting.
[collector wcpu2] --once drained 0 checkpoint(s); exiting.
[collector wcpu2] --once drained 0 checkpoint(s); exiting.
[collector wcpu2] --once drained 0 checkpoint(s); exiting.
[collector wcpu2] --once drained 0 checkpoint(s); exiting.
[collector wcpu2] --once drained 0 checkpoint(s); exiting.
[collector wcpu2] --once drained 0 checkpoint(s); exiting.
[collector wcpu2] --once drained 0 checkpoint(s); exiting.
[collector wcpu2] --once drained 0 checkpoint(s); exiting.
[collector wcpu2] no probe/val CSV (probe_csv=None, val_csv=None); forward/backward blocks skipped for run_id=mae__stable_evo__s42.
[Extractor] block_set='cpu': CPU-only block set ['block_optim', 'block_weights', 'block_trajectory', 'block_circuits'] needs no model forward — skipping probe/Hessian build (no CSV/dataloaders, lower host RAM).
/blue/guralnick/share/r.dinnage/Projects/phenovision/xAI/py/extractor/block_optim.py:258: RuntimeWarning: overflow encountered in cast
  scalars = np.array([lam_max, lam_floor, trace, sum_log, pr, eff_rank, cond, aniso,
[extract] step=2860 SKIP heavy block block_circuits (ordinal=572 basis=step_fallback heavy_every=8)
[extract] step=2860 heavy=FALSE total=161.33s | block_optim=120.38 block_weights=29.70 block_trajectory=0.75
[collector wcpu2] cpu-pass DONE run_id=mae__stable_evo__s42 step=2860 blocks_ok=3 t=161.329s (all_passes_complete=False)
[collector wcpu2] --once drained 1 checkpoint(s); exiting.
error    libmamba Could not set lock (Resource temporarily unavailable)
warning  libmamba Cannot lock '/home/r.dinnage/.cache/mamba/proc'
    Waiting for other mamba process to finish
[cwcpu2] drained 1 checkpoint(s); looping.
[collector wcpu2] --once drained 0 checkpoint(s); exiting.
[collector wcpu2] --once drained 0 checkpoint(s); exiting.
[collector wcpu2] --once drained 0 checkpoint(s); exiting.
[collector wcpu2] --once drained 0 checkpoint(s); exiting.
[collector wcpu2] --once drained 0 checkpoint(s); exiting.
error    libmamba Could not set lock (Resource temporarily unavailable)
warning  libmamba Cannot lock '/home/r.dinnage/.cache/mamba/proc'
    Waiting for other mamba process to finish
[collector wcpu2] --once drained 0 checkpoint(s); exiting.
[collector wcpu2] --once drained 0 checkpoint(s); exiting.
[collector wcpu2] --once drained 0 checkpoint(s); exiting.
[collector wcpu2] --once drained 0 checkpoint(s); exiting.
[collector wcpu2] --once drained 0 checkpoint(s); exiting.
[collector wcpu2] --once drained 0 checkpoint(s); exiting.
[collector wcpu2] --once drained 0 checkpoint(s); exiting.
[collector wcpu2] --once drained 0 checkpoint(s); exiting.
[collector wcpu2] --once drained 0 checkpoint(s); exiting.
[collector wcpu2] --once drained 0 checkpoint(s); exiting.
[collector wcpu2] --once drained 0 checkpoint(s); exiting.
[collector wcpu2] --once drained 0 checkpoint(s); exiting.
[collector wcpu2] --once drained 0 checkpoint(s); exiting.
error    libmamba Could not set lock (Resource temporarily unavailable)
warning  libmamba Cannot lock '/home/r.dinnage/.cache/mamba/proc'
    Waiting for other mamba process to finish
[collector wcpu2] --once drained 0 checkpoint(s); exiting.
[collector wcpu2] --once drained 0 checkpoint(s); exiting.
[collector wcpu2] --once drained 0 checkpoint(s); exiting.
[collector wcpu2] --once drained 0 checkpoint(s); exiting.
[collector wcpu2] --once drained 0 checkpoint(s); exiting.
[collector wcpu2] --once drained 0 checkpoint(s); exiting.
[collector wcpu2] --once drained 0 checkpoint(s); exiting.
[collector wcpu2] --once drained 0 checkpoint(s); exiting.
[collector wcpu2] --once drained 0 checkpoint(s); exiting.
[collector wcpu2] --once drained 0 checkpoint(s); exiting.
[collector wcpu2] --once drained 0 checkpoint(s); exiting.
error    libmamba Could not set lock (Resource temporarily unavailable)
warning  libmamba Cannot lock '/home/r.dinnage/.cache/mamba/proc'
    Waiting for other mamba process to finish
[collector wcpu2] --once drained 0 checkpoint(s); exiting.
[collector wcpu2] --once drained 0 checkpoint(s); exiting.
error    libmamba Could not set lock (Resource temporarily unavailable)
warning  libmamba Cannot lock '/home/r.dinnage/.cache/mamba/proc'
    Waiting for other mamba process to finish
[collector wcpu2] --once drained 0 checkpoint(s); exiting.
[collector wcpu2] --once drained 0 checkpoint(s); exiting.
[collector wcpu2] --once drained 0 checkpoint(s); exiting.
[collector wcpu2] --once drained 0 checkpoint(s); exiting.
[collector wcpu2] --once drained 0 checkpoint(s); exiting.
[collector wcpu2] --once drained 0 checkpoint(s); exiting.
[collector wcpu2] --once drained 0 checkpoint(s); exiting.
[collector wcpu2] --once drained 0 checkpoint(s); exiting.
[collector wcpu2] --once drained 0 checkpoint(s); exiting.
[collector wcpu2] --once drained 0 checkpoint(s); exiting.
[collector wcpu2] no probe/val CSV (probe_csv=None, val_csv=None); forward/backward blocks skipped for run_id=mae__stable_evo__s42.
[Extractor] block_set='cpu': CPU-only block set ['block_optim', 'block_weights', 'block_trajectory', 'block_circuits'] needs no model forward — skipping probe/Hessian build (no CSV/dataloaders, lower host RAM).
/blue/guralnick/share/r.dinnage/Projects/phenovision/xAI/py/extractor/block_optim.py:258: RuntimeWarning: overflow encountered in cast
  scalars = np.array([lam_max, lam_floor, trace, sum_log, pr, eff_rank, cond, aniso,
[extract] step=2968 SKIP heavy block block_circuits (ordinal=593 basis=step_fallback heavy_every=8)
[extract] step=2968 heavy=FALSE total=152.79s | block_optim=113.07 block_weights=28.99 block_trajectory=0.73
[collector wcpu2] cpu-pass DONE run_id=mae__stable_evo__s42 step=2968 blocks_ok=3 t=152.791s (all_passes_complete=False)
[collector wcpu2] --once drained 1 checkpoint(s); exiting.
[cwcpu2] drained 1 checkpoint(s); looping.
[collector wcpu2] --once drained 0 checkpoint(s); exiting.
[collector wcpu2] --once drained 0 checkpoint(s); exiting.
[collector wcpu2] --once drained 0 checkpoint(s); exiting.
[collector wcpu2] --once drained 0 checkpoint(s); exiting.
[collector wcpu2] --once drained 0 checkpoint(s); exiting.
[collector wcpu2] --once drained 0 checkpoint(s); exiting.
[collector wcpu2] --once drained 0 checkpoint(s); exiting.
[collector wcpu2] --once drained 0 checkpoint(s); exiting.
[collector wcpu2] --once drained 0 checkpoint(s); exiting.
[collector wcpu2] --once drained 0 checkpoint(s); exiting.
[collector wcpu2] --once drained 0 checkpoint(s); exiting.
[collector wcpu2] --once drained 0 checkpoint(s); exiting.
error    libmamba Could not set lock (Resource temporarily unavailable)
warning  libmamba Cannot lock '/home/r.dinnage/.cache/mamba/proc'
    Waiting for other mamba process to finish
[collector wcpu2] --once drained 0 checkpoint(s); exiting.
[collector wcpu2] --once drained 0 checkpoint(s); exiting.
[collector wcpu2] --once drained 0 checkpoint(s); exiting.
[collector wcpu2] --once drained 0 checkpoint(s); exiting.
[collector wcpu2] --once drained 0 checkpoint(s); exiting.
[collector wcpu2] --once drained 0 checkpoint(s); exiting.
[collector wcpu2] --once drained 0 checkpoint(s); exiting.
[collector wcpu2] --once drained 0 checkpoint(s); exiting.
[collector wcpu2] --once drained 0 checkpoint(s); exiting.
[collector wcpu2] --once drained 0 checkpoint(s); exiting.
[collector wcpu2] --once drained 0 checkpoint(s); exiting.
[collector wcpu2] --once drained 0 checkpoint(s); exiting.
error    libmamba Could not set lock (Resource temporarily unavailable)
warning  libmamba Cannot lock '/home/r.dinnage/.cache/mamba/proc'
    Waiting for other mamba process to finish
[collector wcpu2] --once drained 0 checkpoint(s); exiting.
error    libmamba Could not set lock (Resource temporarily unavailable)
warning  libmamba Cannot lock '/home/r.dinnage/.cache/mamba/proc'
    Waiting for other mamba process to finish
[collector wcpu2] --once drained 0 checkpoint(s); exiting.
error    libmamba Could not set lock (Resource temporarily unavailable)
warning  libmamba Cannot lock '/home/r.dinnage/.cache/mamba/proc'
    Waiting for other mamba process to finish
[collector wcpu2] --once drained 0 checkpoint(s); exiting.
error    libmamba Could not set lock (Resource temporarily unavailable)
warning  libmamba Cannot lock '/home/r.dinnage/.cache/mamba/proc'
    Waiting for other mamba process to finish
[collector wcpu2] --once drained 0 checkpoint(s); exiting.
[collector wcpu2] --once drained 0 checkpoint(s); exiting.
[collector wcpu2] --once drained 0 checkpoint(s); exiting.
[collector wcpu2] --once drained 0 checkpoint(s); exiting.
[collector wcpu2] --once drained 0 checkpoint(s); exiting.
[collector wcpu2] --once drained 0 checkpoint(s); exiting.
[collector wcpu2] --once drained 0 checkpoint(s); exiting.
[collector wcpu2] --once drained 0 checkpoint(s); exiting.
[collector wcpu2] --once drained 0 checkpoint(s); exiting.
[collector wcpu2] --once drained 0 checkpoint(s); exiting.
[collector wcpu2] --once drained 0 checkpoint(s); exiting.
[collector wcpu2] --once drained 0 checkpoint(s); exiting.
[collector wcpu2] --once drained 0 checkpoint(s); exiting.
[collector wcpu2] --once drained 0 checkpoint(s); exiting.
error    libmamba Could not set lock (Resource temporarily unavailable)
warning  libmamba Cannot lock '/home/r.dinnage/.cache/mamba/proc'
    Waiting for other mamba process to finish
[collector wcpu2] --once drained 0 checkpoint(s); exiting.
[collector wcpu2] --once drained 0 checkpoint(s); exiting.
[collector wcpu2] --once drained 0 checkpoint(s); exiting.
[collector wcpu2] --once drained 0 checkpoint(s); exiting.
[collector wcpu2] --once drained 0 checkpoint(s); exiting.
[collector wcpu2] --once drained 0 checkpoint(s); exiting.
[collector wcpu2] no probe/val CSV (probe_csv=None, val_csv=None); forward/backward blocks skipped for run_id=mae__stable_evo__s42.
[Extractor] block_set='cpu': CPU-only block set ['block_optim', 'block_weights', 'block_trajectory', 'block_circuits'] needs no model forward — skipping probe/Hessian build (no CSV/dataloaders, lower host RAM).
/blue/guralnick/share/r.dinnage/Projects/phenovision/xAI/py/extractor/block_optim.py:258: RuntimeWarning: overflow encountered in cast
  scalars = np.array([lam_max, lam_floor, trace, sum_log, pr, eff_rank, cond, aniso,
[extract] step=3088 SKIP heavy block block_circuits (ordinal=617 basis=step_fallback heavy_every=8)
[extract] step=3088 heavy=FALSE total=153.72s | block_optim=113.19 block_weights=29.72 block_trajectory=0.76
[collector wcpu2] cpu-pass DONE run_id=mae__stable_evo__s42 step=3088 blocks_ok=3 t=153.721s (all_passes_complete=False)
[collector wcpu2] --once drained 1 checkpoint(s); exiting.
[cwcpu2] drained 1 checkpoint(s); looping.
[collector wcpu2] --once drained 0 checkpoint(s); exiting.
[collector wcpu2] --once drained 0 checkpoint(s); exiting.
error    libmamba Could not set lock (Resource temporarily unavailable)
warning  libmamba Cannot lock '/home/r.dinnage/.cache/mamba/proc'
    Waiting for other mamba process to finish
[collector wcpu2] --once drained 0 checkpoint(s); exiting.
error    libmamba Could not set lock (Resource temporarily unavailable)
warning  libmamba Cannot lock '/home/r.dinnage/.cache/mamba/proc'
    Waiting for other mamba process to finish
[collector wcpu2] --once drained 0 checkpoint(s); exiting.
error    libmamba Could not set lock (Resource temporarily unavailable)
warning  libmamba Cannot lock '/home/r.dinnage/.cache/mamba/proc'
    Waiting for other mamba process to finish
[collector wcpu2] --once drained 0 checkpoint(s); exiting.
[collector wcpu2] --once drained 0 checkpoint(s); exiting.
[collector wcpu2] --once drained 0 checkpoint(s); exiting.
[collector wcpu2] no probe/val CSV (probe_csv=None, val_csv=None); forward/backward blocks skipped for run_id=mae__stable_evo__s42.
[Extractor] block_set='cpu': CPU-only block set ['block_optim', 'block_weights', 'block_trajectory', 'block_circuits'] needs no model forward — skipping probe/Hessian build (no CSV/dataloaders, lower host RAM).
/blue/guralnick/share/r.dinnage/Projects/phenovision/xAI/py/extractor/block_optim.py:258: RuntimeWarning: overflow encountered in cast
  scalars = np.array([lam_max, lam_floor, trace, sum_log, pr, eff_rank, cond, aniso,
[extract] step=3114 SKIP heavy block block_circuits (ordinal=622 basis=step_fallback heavy_every=8)
[extract] step=3114 heavy=FALSE total=153.62s | block_optim=114.35 block_weights=29.46 block_trajectory=0.75
[collector wcpu2] cpu-pass DONE run_id=mae__stable_evo__s42 step=3114 blocks_ok=3 t=153.619s (all_passes_complete=False)
[collector wcpu2] --once drained 1 checkpoint(s); exiting.
[cwcpu2] drained 1 checkpoint(s); looping.
[collector wcpu2] --once drained 0 checkpoint(s); exiting.
[collector wcpu2] --once drained 0 checkpoint(s); exiting.
[collector wcpu2] --once drained 0 checkpoint(s); exiting.
[collector wcpu2] --once drained 0 checkpoint(s); exiting.
[collector wcpu2] --once drained 0 checkpoint(s); exiting.
[collector wcpu2] --once drained 0 checkpoint(s); exiting.
error    libmamba Could not set lock (Resource temporarily unavailable)
warning  libmamba Cannot lock '/home/r.dinnage/.cache/mamba/proc'
    Waiting for other mamba process to finish
error    libmamba Could not set lock (Resource temporarily unavailable)
warning  libmamba Cannot lock '/home/r.dinnage/.cache/mamba/proc'
    Waiting for other mamba process to finish
[collector wcpu2] --once drained 0 checkpoint(s); exiting.
error    libmamba Could not set lock (Resource temporarily unavailable)
warning  libmamba Cannot lock '/home/r.dinnage/.cache/mamba/proc'
    Waiting for other mamba process to finish
[collector wcpu2] --once drained 0 checkpoint(s); exiting.
error    libmamba Could not set lock (Resource temporarily unavailable)
warning  libmamba Cannot lock '/home/r.dinnage/.cache/mamba/proc'
    Waiting for other mamba process to finish
[collector wcpu2] no probe/val CSV (probe_csv=None, val_csv=None); forward/backward blocks skipped for run_id=mae__stable_evo__s42.
[Extractor] block_set='cpu': CPU-only block set ['block_optim', 'block_weights', 'block_trajectory', 'block_circuits'] needs no model forward — skipping probe/Hessian build (no CSV/dataloaders, lower host RAM).
/blue/guralnick/share/r.dinnage/Projects/phenovision/xAI/py/extractor/block_optim.py:258: RuntimeWarning: overflow encountered in cast
  scalars = np.array([lam_max, lam_floor, trace, sum_log, pr, eff_rank, cond, aniso,
[extract] step=3150 SKIP heavy block block_circuits (ordinal=630 basis=step_fallback heavy_every=8)
[extract] step=3150 heavy=FALSE total=154.28s | block_optim=114.81 block_weights=29.75 block_trajectory=0.73
[collector wcpu2] cpu-pass DONE run_id=mae__stable_evo__s42 step=3150 blocks_ok=3 t=154.275s (all_passes_complete=False)
[collector wcpu2] --once drained 1 checkpoint(s); exiting.
[cwcpu2] drained 1 checkpoint(s); looping.
[collector wcpu2] --once drained 0 checkpoint(s); exiting.
[collector wcpu2] --once drained 0 checkpoint(s); exiting.
error    libmamba Could not set lock (Resource temporarily unavailable)
warning  libmamba Cannot lock '/home/r.dinnage/.cache/mamba/proc'
    Waiting for other mamba process to finish
[collector wcpu2] --once drained 0 checkpoint(s); exiting.
[collector wcpu2] --once drained 0 checkpoint(s); exiting.
[collector wcpu2] --once drained 0 checkpoint(s); exiting.
error    libmamba Could not set lock (Resource temporarily unavailable)
warning  libmamba Cannot lock '/home/r.dinnage/.cache/mamba/proc'
    Waiting for other mamba process to finish
[collector wcpu2] --once drained 0 checkpoint(s); exiting.
[collector wcpu2] --once drained 0 checkpoint(s); exiting.
error    libmamba Could not set lock (Resource temporarily unavailable)
warning  libmamba Cannot lock '/home/r.dinnage/.cache/mamba/proc'
    Waiting for other mamba process to finish
[collector wcpu2] --once drained 0 checkpoint(s); exiting.
error    libmamba Could not set lock (Resource temporarily unavailable)
warning  libmamba Cannot lock '/home/r.dinnage/.cache/mamba/proc'
    Waiting for other mamba process to finish
[collector wcpu2] --once drained 0 checkpoint(s); exiting.
error    libmamba Could not set lock (Resource temporarily unavailable)
warning  libmamba Cannot lock '/home/r.dinnage/.cache/mamba/proc'
    Waiting for other mamba process to finish
[collector wcpu2] --once drained 0 checkpoint(s); exiting.
error    libmamba Could not set lock (Resource temporarily unavailable)
warning  libmamba Cannot lock '/home/r.dinnage/.cache/mamba/proc'
    Waiting for other mamba process to finish
[collector wcpu2] --once drained 0 checkpoint(s); exiting.
error    libmamba Could not set lock (Resource temporarily unavailable)
warning  libmamba Cannot lock '/home/r.dinnage/.cache/mamba/proc'
    Waiting for other mamba process to finish
[collector wcpu2] --once drained 0 checkpoint(s); exiting.
error    libmamba Could not set lock (Resource temporarily unavailable)
warning  libmamba Cannot lock '/home/r.dinnage/.cache/mamba/proc'
    Waiting for other mamba process to finish
[collector wcpu2] --once drained 0 checkpoint(s); exiting.
[collector wcpu2] --once drained 0 checkpoint(s); exiting.
[collector wcpu2] --once drained 0 checkpoint(s); exiting.
[collector wcpu2] --once drained 0 checkpoint(s); exiting.
[collector wcpu2] --once drained 0 checkpoint(s); exiting.
[collector wcpu2] --once drained 0 checkpoint(s); exiting.
[collector wcpu2] --once drained 0 checkpoint(s); exiting.
error    libmamba Could not set lock (Resource temporarily unavailable)
warning  libmamba Cannot lock '/home/r.dinnage/.cache/mamba/proc'
    Waiting for other mamba process to finish
[collector wcpu2] --once drained 0 checkpoint(s); exiting.
[collector wcpu2] --once drained 0 checkpoint(s); exiting.
[collector wcpu2] --once drained 0 checkpoint(s); exiting.
[collector wcpu2] --once drained 0 checkpoint(s); exiting.
[collector wcpu2] --once drained 0 checkpoint(s); exiting.
error    libmamba Could not set lock (Resource temporarily unavailable)
warning  libmamba Cannot lock '/home/r.dinnage/.cache/mamba/proc'
    Waiting for other mamba process to finish
[collector wcpu2] --once drained 0 checkpoint(s); exiting.
[collector wcpu2] --once drained 0 checkpoint(s); exiting.
error    libmamba Could not set lock (Resource temporarily unavailable)
warning  libmamba Cannot lock '/home/r.dinnage/.cache/mamba/proc'
    Waiting for other mamba process to finish
[collector wcpu2] --once drained 0 checkpoint(s); exiting.
[collector wcpu2] --once drained 0 checkpoint(s); exiting.
[collector wcpu2] --once drained 0 checkpoint(s); exiting.
[collector wcpu2] --once drained 0 checkpoint(s); exiting.
[collector wcpu2] --once drained 0 checkpoint(s); exiting.
[collector wcpu2] --once drained 0 checkpoint(s); exiting.
[collector wcpu2] --once drained 0 checkpoint(s); exiting.
[collector wcpu2] --once drained 0 checkpoint(s); exiting.
[collector wcpu2] --once drained 0 checkpoint(s); exiting.
[collector wcpu2] --once drained 0 checkpoint(s); exiting.
[collector wcpu2] --once drained 0 checkpoint(s); exiting.
[collector wcpu2] --once drained 0 checkpoint(s); exiting.
[collector wcpu2] --once drained 0 checkpoint(s); exiting.
[collector wcpu2] --once drained 0 checkpoint(s); exiting.
[collector wcpu2] --once drained 0 checkpoint(s); exiting.
[collector wcpu2] no probe/val CSV (probe_csv=None, val_csv=None); forward/backward blocks skipped for run_id=mae__stable_evo__s42.
[Extractor] block_set='cpu': CPU-only block set ['block_optim', 'block_weights', 'block_trajectory', 'block_circuits'] needs no model forward — skipping probe/Hessian build (no CSV/dataloaders, lower host RAM).
/blue/guralnick/share/r.dinnage/Projects/phenovision/xAI/py/extractor/block_optim.py:258: RuntimeWarning: overflow encountered in cast
  scalars = np.array([lam_max, lam_floor, trace, sum_log, pr, eff_rank, cond, aniso,
[extract] step=3258 SKIP heavy block block_circuits (ordinal=651 basis=step_fallback heavy_every=8)
[extract] step=3258 heavy=FALSE total=156.80s | block_optim=116.13 block_weights=29.70 block_trajectory=0.75
[collector wcpu2] cpu-pass DONE run_id=mae__stable_evo__s42 step=3258 blocks_ok=3 t=156.796s (all_passes_complete=False)
[collector wcpu2] --once drained 1 checkpoint(s); exiting.
[cwcpu2] drained 1 checkpoint(s); looping.
[collector wcpu2] --once drained 0 checkpoint(s); exiting.
error    libmamba Could not set lock (Resource temporarily unavailable)
warning  libmamba Cannot lock '/home/r.dinnage/.cache/mamba/proc'
    Waiting for other mamba process to finish
[collector wcpu2] --once drained 0 checkpoint(s); exiting.
[collector wcpu2] --once drained 0 checkpoint(s); exiting.
[collector wcpu2] no probe/val CSV (probe_csv=None, val_csv=None); forward/backward blocks skipped for run_id=mae__stable_evo__s42.
[Extractor] block_set='cpu': CPU-only block set ['block_optim', 'block_weights', 'block_trajectory', 'block_circuits'] needs no model forward — skipping probe/Hessian build (no CSV/dataloaders, lower host RAM).
/blue/guralnick/share/r.dinnage/Projects/phenovision/xAI/py/extractor/block_optim.py:258: RuntimeWarning: overflow encountered in cast
  scalars = np.array([lam_max, lam_floor, trace, sum_log, pr, eff_rank, cond, aniso,
[extract] step=3282 heavy=TRUE total=159.70s | block_optim=116.29 block_weights=29.67 block_trajectory=0.74 block_circuits=4.09
[collector wcpu2] cpu-pass DONE run_id=mae__stable_evo__s42 step=3282 blocks_ok=4 t=159.7s (all_passes_complete=False)
[collector wcpu2] --once drained 1 checkpoint(s); exiting.
[cwcpu2] drained 1 checkpoint(s); looping.
[collector wcpu2] --once drained 0 checkpoint(s); exiting.
[collector wcpu2] --once drained 0 checkpoint(s); exiting.
[collector wcpu2] --once drained 0 checkpoint(s); exiting.
[collector wcpu2] --once drained 0 checkpoint(s); exiting.
[collector wcpu2] --once drained 0 checkpoint(s); exiting.
[collector wcpu2] no probe/val CSV (probe_csv=None, val_csv=None); forward/backward blocks skipped for run_id=mae__stable_evo__s42.
[Extractor] block_set='cpu': CPU-only block set ['block_optim', 'block_weights', 'block_trajectory', 'block_circuits'] needs no model forward — skipping probe/Hessian build (no CSV/dataloaders, lower host RAM).
/blue/guralnick/share/r.dinnage/Projects/phenovision/xAI/py/extractor/block_optim.py:258: RuntimeWarning: overflow encountered in cast
  scalars = np.array([lam_max, lam_floor, trace, sum_log, pr, eff_rank, cond, aniso,
[extract] step=3306 SKIP heavy block block_circuits (ordinal=661 basis=step_fallback heavy_every=8)
[extract] step=3306 heavy=FALSE total=157.33s | block_optim=117.27 block_weights=29.44 block_trajectory=0.75
[collector wcpu2] cpu-pass DONE run_id=mae__stable_evo__s42 step=3306 blocks_ok=3 t=157.328s (all_passes_complete=False)
[collector wcpu2] --once drained 1 checkpoint(s); exiting.
[cwcpu2] drained 1 checkpoint(s); looping.
[collector wcpu2] --once drained 0 checkpoint(s); exiting.
[collector wcpu2] --once drained 0 checkpoint(s); exiting.
error    libmamba Could not set lock (Resource temporarily unavailable)
warning  libmamba Cannot lock '/home/r.dinnage/.cache/mamba/proc'
    Waiting for other mamba process to finish
[collector wcpu2] --once drained 0 checkpoint(s); exiting.
[collector wcpu2] --once drained 0 checkpoint(s); exiting.
[collector wcpu2] --once drained 0 checkpoint(s); exiting.
[collector wcpu2] --once drained 0 checkpoint(s); exiting.
[collector wcpu2] --once drained 0 checkpoint(s); exiting.
[collector wcpu2] --once drained 0 checkpoint(s); exiting.
[collector wcpu2] --once drained 0 checkpoint(s); exiting.
[collector wcpu2] --once drained 0 checkpoint(s); exiting.
[collector wcpu2] --once drained 0 checkpoint(s); exiting.
[collector wcpu2] --once drained 0 checkpoint(s); exiting.
[collector wcpu2] --once drained 0 checkpoint(s); exiting.
[collector wcpu2] --once drained 0 checkpoint(s); exiting.
[collector wcpu2] --once drained 0 checkpoint(s); exiting.
[collector wcpu2] --once drained 0 checkpoint(s); exiting.
[collector wcpu2] --once drained 0 checkpoint(s); exiting.
error    libmamba Could not set lock (Resource temporarily unavailable)
warning  libmamba Cannot lock '/home/r.dinnage/.cache/mamba/proc'
    Waiting for other mamba process to finish
[collector wcpu2] --once drained 0 checkpoint(s); exiting.
[collector wcpu2] --once drained 0 checkpoint(s); exiting.
[collector wcpu2] --once drained 0 checkpoint(s); exiting.
[collector wcpu2] --once drained 0 checkpoint(s); exiting.
[collector wcpu2] --once drained 0 checkpoint(s); exiting.
[collector wcpu2] --once drained 0 checkpoint(s); exiting.
[collector wcpu2] --once drained 0 checkpoint(s); exiting.
[collector wcpu2] no probe/val CSV (probe_csv=None, val_csv=None); forward/backward blocks skipped for run_id=mae__stable_evo__s42.
[Extractor] block_set='cpu': CPU-only block set ['block_optim', 'block_weights', 'block_trajectory', 'block_circuits'] needs no model forward — skipping probe/Hessian build (no CSV/dataloaders, lower host RAM).
/blue/guralnick/share/r.dinnage/Projects/phenovision/xAI/py/extractor/block_optim.py:258: RuntimeWarning: overflow encountered in cast
  scalars = np.array([lam_max, lam_floor, trace, sum_log, pr, eff_rank, cond, aniso,
[extract] step=3380 SKIP heavy block block_circuits (ordinal=676 basis=step_fallback heavy_every=8)
[extract] step=3380 heavy=FALSE total=158.71s | block_optim=118.16 block_weights=29.47 block_trajectory=0.73
[collector wcpu2] cpu-pass DONE run_id=mae__stable_evo__s42 step=3380 blocks_ok=3 t=158.71s (all_passes_complete=False)
[collector wcpu2] --once drained 1 checkpoint(s); exiting.
error    libmamba Could not set lock (Resource temporarily unavailable)
warning  libmamba Cannot lock '/home/r.dinnage/.cache/mamba/proc'
    Waiting for other mamba process to finish
[cwcpu2] drained 1 checkpoint(s); looping.
[collector wcpu2] --once drained 0 checkpoint(s); exiting.
[collector wcpu2] --once drained 0 checkpoint(s); exiting.
[collector wcpu2] --once drained 0 checkpoint(s); exiting.
[collector wcpu2] --once drained 0 checkpoint(s); exiting.
[collector wcpu2] --once drained 0 checkpoint(s); exiting.
[collector wcpu2] --once drained 0 checkpoint(s); exiting.
[collector wcpu2] --once drained 0 checkpoint(s); exiting.
[collector wcpu2] --once drained 0 checkpoint(s); exiting.
[collector wcpu2] --once drained 0 checkpoint(s); exiting.
[collector wcpu2] --once drained 0 checkpoint(s); exiting.
[collector wcpu2] --once drained 0 checkpoint(s); exiting.
[collector wcpu2] --once drained 0 checkpoint(s); exiting.
[collector wcpu2] --once drained 0 checkpoint(s); exiting.
error    libmamba Could not set lock (Resource temporarily unavailable)
warning  libmamba Cannot lock '/home/r.dinnage/.cache/mamba/proc'
    Waiting for other mamba process to finish
[collector wcpu2] --once drained 0 checkpoint(s); exiting.
[collector wcpu2] --once drained 0 checkpoint(s); exiting.
[collector wcpu2] --once drained 0 checkpoint(s); exiting.
[collector wcpu2] --once drained 0 checkpoint(s); exiting.
error    libmamba Could not set lock (Resource temporarily unavailable)
warning  libmamba Cannot lock '/home/r.dinnage/.cache/mamba/proc'
    Waiting for other mamba process to finish
[collector wcpu2] --once drained 0 checkpoint(s); exiting.
[collector wcpu2] --once drained 0 checkpoint(s); exiting.
[collector wcpu2] --once drained 0 checkpoint(s); exiting.
[collector wcpu2] --once drained 0 checkpoint(s); exiting.
[collector wcpu2] --once drained 0 checkpoint(s); exiting.
[collector wcpu2] --once drained 0 checkpoint(s); exiting.
[collector wcpu2] --once drained 0 checkpoint(s); exiting.
[collector wcpu2] --once drained 0 checkpoint(s); exiting.
[collector wcpu2] --once drained 0 checkpoint(s); exiting.
error    libmamba Could not set lock (Resource temporarily unavailable)
warning  libmamba Cannot lock '/home/r.dinnage/.cache/mamba/proc'
    Waiting for other mamba process to finish
[collector wcpu2] --once drained 0 checkpoint(s); exiting.
[collector wcpu2] --once drained 0 checkpoint(s); exiting.
[collector wcpu2] --once drained 0 checkpoint(s); exiting.
[collector wcpu2] --once drained 0 checkpoint(s); exiting.
[collector wcpu2] --once drained 0 checkpoint(s); exiting.
[collector wcpu2] --once drained 0 checkpoint(s); exiting.
[collector wcpu2] --once drained 0 checkpoint(s); exiting.
[collector wcpu2] --once drained 0 checkpoint(s); exiting.
[collector wcpu2] --once drained 0 checkpoint(s); exiting.
[collector wcpu2] --once drained 0 checkpoint(s); exiting.
[collector wcpu2] --once drained 0 checkpoint(s); exiting.
[collector wcpu2] --once drained 0 checkpoint(s); exiting.
[collector wcpu2] --once drained 0 checkpoint(s); exiting.
error    libmamba Could not set lock (Resource temporarily unavailable)
warning  libmamba Cannot lock '/home/r.dinnage/.cache/mamba/proc'
    Waiting for other mamba process to finish
[collector wcpu2] --once drained 0 checkpoint(s); exiting.
[collector wcpu2] --once drained 0 checkpoint(s); exiting.
error    libmamba Could not set lock (Resource temporarily unavailable)
warning  libmamba Cannot lock '/home/r.dinnage/.cache/mamba/proc'
    Waiting for other mamba process to finish
[collector wcpu2] --once drained 0 checkpoint(s); exiting.
[collector wcpu2] --once drained 0 checkpoint(s); exiting.
error    libmamba Could not set lock (Resource temporarily unavailable)
warning  libmamba Cannot lock '/home/r.dinnage/.cache/mamba/proc'
    Waiting for other mamba process to finish
[collector wcpu2] --once drained 0 checkpoint(s); exiting.
error    libmamba Could not set lock (Resource temporarily unavailable)
warning  libmamba Cannot lock '/home/r.dinnage/.cache/mamba/proc'
    Waiting for other mamba process to finish
[collector wcpu2] --once drained 0 checkpoint(s); exiting.
[collector wcpu2] --once drained 0 checkpoint(s); exiting.
[collector wcpu2] --once drained 0 checkpoint(s); exiting.
[collector wcpu2] --once drained 0 checkpoint(s); exiting.
[collector wcpu2] --once drained 0 checkpoint(s); exiting.
[collector wcpu2] --once drained 0 checkpoint(s); exiting.
[collector wcpu2] --once drained 0 checkpoint(s); exiting.
[collector wcpu2] --once drained 0 checkpoint(s); exiting.
[collector wcpu2] --once drained 0 checkpoint(s); exiting.
error    libmamba Could not set lock (Resource temporarily unavailable)
warning  libmamba Cannot lock '/home/r.dinnage/.cache/mamba/proc'
    Waiting for other mamba process to finish
[collector wcpu2] no probe/val CSV (probe_csv=None, val_csv=None); forward/backward blocks skipped for run_id=mae__stable_evo__s42.
[Extractor] block_set='cpu': CPU-only block set ['block_optim', 'block_weights', 'block_trajectory', 'block_circuits'] needs no model forward — skipping probe/Hessian build (no CSV/dataloaders, lower host RAM).
/blue/guralnick/share/r.dinnage/Projects/phenovision/xAI/py/extractor/block_optim.py:258: RuntimeWarning: overflow encountered in cast
  scalars = np.array([lam_max, lam_floor, trace, sum_log, pr, eff_rank, cond, aniso,
[extract] step=3512 SKIP heavy block block_circuits (ordinal=702 basis=step_fallback heavy_every=8)
[extract] step=3512 heavy=FALSE total=166.49s | block_optim=124.80 block_weights=30.13 block_trajectory=0.80
[collector wcpu2] cpu-pass DONE run_id=mae__stable_evo__s42 step=3512 blocks_ok=3 t=166.49s (all_passes_complete=False)
[collector wcpu2] --once drained 1 checkpoint(s); exiting.
[cwcpu2] drained 1 checkpoint(s); looping.
[collector wcpu2] --once drained 0 checkpoint(s); exiting.
[collector wcpu2] --once drained 0 checkpoint(s); exiting.
[collector wcpu2] --once drained 0 checkpoint(s); exiting.
[collector wcpu2] --once drained 0 checkpoint(s); exiting.
[collector wcpu2] --once drained 0 checkpoint(s); exiting.
[collector wcpu2] --once drained 0 checkpoint(s); exiting.
[collector wcpu2] --once drained 0 checkpoint(s); exiting.
[collector wcpu2] --once drained 0 checkpoint(s); exiting.
[collector wcpu2] --once drained 0 checkpoint(s); exiting.
[collector wcpu2] --once drained 0 checkpoint(s); exiting.
[collector wcpu2] --once drained 0 checkpoint(s); exiting.
[collector wcpu2] --once drained 0 checkpoint(s); exiting.
error    libmamba Could not set lock (Resource temporarily unavailable)
warning  libmamba Cannot lock '/home/r.dinnage/.cache/mamba/proc'
    Waiting for other mamba process to finish
[collector wcpu2] --once drained 0 checkpoint(s); exiting.
[collector wcpu2] --once drained 0 checkpoint(s); exiting.
[collector wcpu2] --once drained 0 checkpoint(s); exiting.
[collector wcpu2] --once drained 0 checkpoint(s); exiting.
[collector wcpu2] --once drained 0 checkpoint(s); exiting.
[collector wcpu2] --once drained 0 checkpoint(s); exiting.
[collector wcpu2] --once drained 0 checkpoint(s); exiting.
error    libmamba Could not set lock (Resource temporarily unavailable)
warning  libmamba Cannot lock '/home/r.dinnage/.cache/mamba/proc'
    Waiting for other mamba process to finish
[collector wcpu2] --once drained 0 checkpoint(s); exiting.
error    libmamba Could not set lock (Resource temporarily unavailable)
warning  libmamba Cannot lock '/home/r.dinnage/.cache/mamba/proc'
    Waiting for other mamba process to finish
[collector wcpu2] --once drained 0 checkpoint(s); exiting.
[collector wcpu2] --once drained 0 checkpoint(s); exiting.
[collector wcpu2] --once drained 0 checkpoint(s); exiting.
[collector wcpu2] no probe/val CSV (probe_csv=None, val_csv=None); forward/backward blocks skipped for run_id=mae__stable_evo__s42.
[Extractor] block_set='cpu': CPU-only block set ['block_optim', 'block_weights', 'block_trajectory', 'block_circuits'] needs no model forward — skipping probe/Hessian build (no CSV/dataloaders, lower host RAM).
/blue/guralnick/share/r.dinnage/Projects/phenovision/xAI/py/extractor/block_optim.py:258: RuntimeWarning: overflow encountered in cast
  scalars = np.array([lam_max, lam_floor, trace, sum_log, pr, eff_rank, cond, aniso,
[extract] step=3584 SKIP heavy block block_circuits (ordinal=716 basis=step_fallback heavy_every=8)
[extract] step=3584 heavy=FALSE total=160.98s | block_optim=120.39 block_weights=29.53 block_trajectory=0.80
[collector wcpu2] cpu-pass DONE run_id=mae__stable_evo__s42 step=3584 blocks_ok=3 t=160.98s (all_passes_complete=False)
[collector wcpu2] --once drained 1 checkpoint(s); exiting.
[cwcpu2] drained 1 checkpoint(s); looping.
[collector wcpu2] --once drained 0 checkpoint(s); exiting.
[collector wcpu2] --once drained 0 checkpoint(s); exiting.
[collector wcpu2] --once drained 0 checkpoint(s); exiting.
error    libmamba Could not set lock (Resource temporarily unavailable)
warning  libmamba Cannot lock '/home/r.dinnage/.cache/mamba/proc'
    Waiting for other mamba process to finish
[collector wcpu2] --once drained 0 checkpoint(s); exiting.
error    libmamba Could not set lock (Resource temporarily unavailable)
warning  libmamba Cannot lock '/home/r.dinnage/.cache/mamba/proc'
    Waiting for other mamba process to finish
[collector wcpu2] --once drained 0 checkpoint(s); exiting.
error    libmamba Could not set lock (Resource temporarily unavailable)
warning  libmamba Cannot lock '/home/r.dinnage/.cache/mamba/proc'
    Waiting for other mamba process to finish
[collector wcpu2] --once drained 0 checkpoint(s); exiting.
[collector wcpu2] --once drained 0 checkpoint(s); exiting.
[collector wcpu2] --once drained 0 checkpoint(s); exiting.
[collector wcpu2] --once drained 0 checkpoint(s); exiting.
[collector wcpu2] --once drained 0 checkpoint(s); exiting.
[collector wcpu2] no probe/val CSV (probe_csv=None, val_csv=None); forward/backward blocks skipped for run_id=mae__stable_evo__s42.
[Extractor] block_set='cpu': CPU-only block set ['block_optim', 'block_weights', 'block_trajectory', 'block_circuits'] needs no model forward — skipping probe/Hessian build (no CSV/dataloaders, lower host RAM).
/blue/guralnick/share/r.dinnage/Projects/phenovision/xAI/py/extractor/block_optim.py:258: RuntimeWarning: overflow encountered in cast
  scalars = np.array([lam_max, lam_floor, trace, sum_log, pr, eff_rank, cond, aniso,
[extract] step=3620 SKIP heavy block block_circuits (ordinal=724 basis=step_fallback heavy_every=8)
[extract] step=3620 heavy=FALSE total=154.70s | block_optim=115.14 block_weights=28.77 block_trajectory=0.74
[collector wcpu2] cpu-pass DONE run_id=mae__stable_evo__s42 step=3620 blocks_ok=3 t=154.699s (all_passes_complete=False)
[collector wcpu2] --once drained 1 checkpoint(s); exiting.
[cwcpu2] drained 1 checkpoint(s); looping.
[collector wcpu2] --once drained 0 checkpoint(s); exiting.
[collector wcpu2] --once drained 0 checkpoint(s); exiting.
[collector wcpu2] --once drained 0 checkpoint(s); exiting.
[collector wcpu2] no probe/val CSV (probe_csv=None, val_csv=None); forward/backward blocks skipped for run_id=mae__stable_evo__s42.
[Extractor] block_set='cpu': CPU-only block set ['block_optim', 'block_weights', 'block_trajectory', 'block_circuits'] needs no model forward — skipping probe/Hessian build (no CSV/dataloaders, lower host RAM).
/blue/guralnick/share/r.dinnage/Projects/phenovision/xAI/py/extractor/block_optim.py:258: RuntimeWarning: overflow encountered in cast
  scalars = np.array([lam_max, lam_floor, trace, sum_log, pr, eff_rank, cond, aniso,
[extract] step=3644 heavy=TRUE total=155.96s | block_optim=112.49 block_weights=28.78 block_trajectory=0.83 block_circuits=4.34
[collector wcpu2] cpu-pass DONE run_id=mae__stable_evo__s42 step=3644 blocks_ok=4 t=155.955s (all_passes_complete=False)
[collector wcpu2] --once drained 1 checkpoint(s); exiting.
[cwcpu2] drained 1 checkpoint(s); looping.
error    libmamba Could not set lock (Resource temporarily unavailable)
warning  libmamba Cannot lock '/home/r.dinnage/.cache/mamba/proc'
    Waiting for other mamba process to finish
[collector wcpu2] --once drained 0 checkpoint(s); exiting.
[collector wcpu2] --once drained 0 checkpoint(s); exiting.
[collector wcpu2] --once drained 0 checkpoint(s); exiting.
[collector wcpu2] --once drained 0 checkpoint(s); exiting.
[collector wcpu2] no probe/val CSV (probe_csv=None, val_csv=None); forward/backward blocks skipped for run_id=mae__stable_evo__s42.
[Extractor] block_set='cpu': CPU-only block set ['block_optim', 'block_weights', 'block_trajectory', 'block_circuits'] needs no model forward — skipping probe/Hessian build (no CSV/dataloaders, lower host RAM).
/blue/guralnick/share/r.dinnage/Projects/phenovision/xAI/py/extractor/block_optim.py:258: RuntimeWarning: overflow encountered in cast
  scalars = np.array([lam_max, lam_floor, trace, sum_log, pr, eff_rank, cond, aniso,
[extract] step=3670 SKIP heavy block block_circuits (ordinal=734 basis=step_fallback heavy_every=8)
[extract] step=3670 heavy=FALSE total=154.17s | block_optim=113.41 block_weights=29.65 block_trajectory=0.75
[collector wcpu2] cpu-pass DONE run_id=mae__stable_evo__s42 step=3670 blocks_ok=3 t=154.175s (all_passes_complete=False)
[collector wcpu2] --once drained 1 checkpoint(s); exiting.
[cwcpu2] drained 1 checkpoint(s); looping.
[collector wcpu2] --once drained 0 checkpoint(s); exiting.
[collector wcpu2] --once drained 0 checkpoint(s); exiting.
[collector wcpu2] --once drained 0 checkpoint(s); exiting.
[collector wcpu2] no probe/val CSV (probe_csv=None, val_csv=None); forward/backward blocks skipped for run_id=mae__stable_evo__s42.
[Extractor] block_set='cpu': CPU-only block set ['block_optim', 'block_weights', 'block_trajectory', 'block_circuits'] needs no model forward — skipping probe/Hessian build (no CSV/dataloaders, lower host RAM).
/blue/guralnick/share/r.dinnage/Projects/phenovision/xAI/py/extractor/block_optim.py:258: RuntimeWarning: overflow encountered in cast
  scalars = np.array([lam_max, lam_floor, trace, sum_log, pr, eff_rank, cond, aniso,
[extract] step=3694 SKIP heavy block block_circuits (ordinal=738 basis=step_fallback heavy_every=8)
[extract] step=3694 heavy=FALSE total=154.04s | block_optim=114.83 block_weights=29.26 block_trajectory=0.73
[collector wcpu2] cpu-pass DONE run_id=mae__stable_evo__s42 step=3694 blocks_ok=3 t=154.038s (all_passes_complete=False)
[collector wcpu2] --once drained 1 checkpoint(s); exiting.
[cwcpu2] drained 1 checkpoint(s); looping.
[collector wcpu2] --once drained 0 checkpoint(s); exiting.
error    libmamba Could not set lock (Resource temporarily unavailable)
warning  libmamba Cannot lock '/home/r.dinnage/.cache/mamba/proc'
    Waiting for other mamba process to finish
[collector wcpu2] --once drained 0 checkpoint(s); exiting.
error    libmamba Could not set lock (Resource temporarily unavailable)
warning  libmamba Cannot lock '/home/r.dinnage/.cache/mamba/proc'
    Waiting for other mamba process to finish
[collector wcpu2] --once drained 0 checkpoint(s); exiting.
[collector wcpu2] --once drained 0 checkpoint(s); exiting.
[collector wcpu2] --once drained 0 checkpoint(s); exiting.
[collector wcpu2] --once drained 0 checkpoint(s); exiting.
[collector wcpu2] --once drained 0 checkpoint(s); exiting.
[collector wcpu2] --once drained 0 checkpoint(s); exiting.
[collector wcpu2] --once drained 0 checkpoint(s); exiting.
[collector wcpu2] --once drained 0 checkpoint(s); exiting.
[collector wcpu2] --once drained 0 checkpoint(s); exiting.
[collector wcpu2] --once drained 0 checkpoint(s); exiting.
error    libmamba Could not set lock (Resource temporarily unavailable)
warning  libmamba Cannot lock '/home/r.dinnage/.cache/mamba/proc'
    Waiting for other mamba process to finish
[collector wcpu2] --once drained 0 checkpoint(s); exiting.
[collector wcpu2] --once drained 0 checkpoint(s); exiting.
[collector wcpu2] --once drained 0 checkpoint(s); exiting.
[collector wcpu2] --once drained 0 checkpoint(s); exiting.
[collector wcpu2] --once drained 0 checkpoint(s); exiting.
[collector wcpu2] --once drained 0 checkpoint(s); exiting.
[collector wcpu2] --once drained 0 checkpoint(s); exiting.
[collector wcpu2] --once drained 0 checkpoint(s); exiting.
[collector wcpu2] --once drained 0 checkpoint(s); exiting.
[collector wcpu2] --once drained 0 checkpoint(s); exiting.
[collector wcpu2] --once drained 0 checkpoint(s); exiting.
[collector wcpu2] no probe/val CSV (probe_csv=None, val_csv=None); forward/backward blocks skipped for run_id=mae__stable_evo__s42.
[Extractor] block_set='cpu': CPU-only block set ['block_optim', 'block_weights', 'block_trajectory', 'block_circuits'] needs no model forward — skipping probe/Hessian build (no CSV/dataloaders, lower host RAM).
/blue/guralnick/share/r.dinnage/Projects/phenovision/xAI/py/extractor/block_optim.py:258: RuntimeWarning: overflow encountered in cast
  scalars = np.array([lam_max, lam_floor, trace, sum_log, pr, eff_rank, cond, aniso,
[extract] step=3754 SKIP heavy block block_circuits (ordinal=750 basis=step_fallback heavy_every=8)
[extract] step=3754 heavy=FALSE total=154.65s | block_optim=115.71 block_weights=28.37 block_trajectory=0.82
[collector wcpu2] cpu-pass DONE run_id=mae__stable_evo__s42 step=3754 blocks_ok=3 t=154.65s (all_passes_complete=False)
[collector wcpu2] --once drained 1 checkpoint(s); exiting.
[cwcpu2] drained 1 checkpoint(s); looping.
[collector wcpu2] --once drained 0 checkpoint(s); exiting.
error    libmamba Could not set lock (Resource temporarily unavailable)
warning  libmamba Cannot lock '/home/r.dinnage/.cache/mamba/proc'
    Waiting for other mamba process to finish
[collector wcpu2] --once drained 0 checkpoint(s); exiting.
error    libmamba Could not set lock (Resource temporarily unavailable)
warning  libmamba Cannot lock '/home/r.dinnage/.cache/mamba/proc'
    Waiting for other mamba process to finish
[collector wcpu2] --once drained 0 checkpoint(s); exiting.
[collector wcpu2] --once drained 0 checkpoint(s); exiting.
[collector wcpu2] --once drained 0 checkpoint(s); exiting.
[collector wcpu2] --once drained 0 checkpoint(s); exiting.
[collector wcpu2] --once drained 0 checkpoint(s); exiting.
error    libmamba Could not set lock (Resource temporarily unavailable)
warning  libmamba Cannot lock '/home/r.dinnage/.cache/mamba/proc'
    Waiting for other mamba process to finish
[collector wcpu2] --once drained 0 checkpoint(s); exiting.
[collector wcpu2] no probe/val CSV (probe_csv=None, val_csv=None); forward/backward blocks skipped for run_id=mae__stable_evo__s42.
[Extractor] block_set='cpu': CPU-only block set ['block_optim', 'block_weights', 'block_trajectory', 'block_circuits'] needs no model forward — skipping probe/Hessian build (no CSV/dataloaders, lower host RAM).
/blue/guralnick/share/r.dinnage/Projects/phenovision/xAI/py/extractor/block_optim.py:258: RuntimeWarning: overflow encountered in cast
  scalars = np.array([lam_max, lam_floor, trace, sum_log, pr, eff_rank, cond, aniso,
[extract] step=3790 SKIP heavy block block_circuits (ordinal=758 basis=step_fallback heavy_every=8)
[extract] step=3790 heavy=FALSE total=154.29s | block_optim=115.27 block_weights=28.58 block_trajectory=0.85
[collector wcpu2] cpu-pass DONE run_id=mae__stable_evo__s42 step=3790 blocks_ok=3 t=154.285s (all_passes_complete=False)
[collector wcpu2] --once drained 1 checkpoint(s); exiting.
[cwcpu2] drained 1 checkpoint(s); looping.
[collector wcpu2] --once drained 0 checkpoint(s); exiting.
[collector wcpu2] --once drained 0 checkpoint(s); exiting.
[collector wcpu2] --once drained 0 checkpoint(s); exiting.
[collector wcpu2] --once drained 0 checkpoint(s); exiting.
[collector wcpu2] --once drained 0 checkpoint(s); exiting.
[collector wcpu2] --once drained 0 checkpoint(s); exiting.
[collector wcpu2] --once drained 0 checkpoint(s); exiting.
error    libmamba Could not set lock (Resource temporarily unavailable)
warning  libmamba Cannot lock '/home/r.dinnage/.cache/mamba/proc'
    Waiting for other mamba process to finish
[collector wcpu2] --once drained 0 checkpoint(s); exiting.
[collector wcpu2] --once drained 0 checkpoint(s); exiting.
[collector wcpu2] --once drained 0 checkpoint(s); exiting.
[collector wcpu2] --once drained 0 checkpoint(s); exiting.
[collector wcpu2] --once drained 0 checkpoint(s); exiting.
[collector wcpu2] --once drained 0 checkpoint(s); exiting.
[collector wcpu2] --once drained 0 checkpoint(s); exiting.
[collector wcpu2] --once drained 0 checkpoint(s); exiting.
[collector wcpu2] --once drained 0 checkpoint(s); exiting.
[collector wcpu2] no probe/val CSV (probe_csv=None, val_csv=None); forward/backward blocks skipped for run_id=mae__stable_evo__s42.
[Extractor] block_set='cpu': CPU-only block set ['block_optim', 'block_weights', 'block_trajectory', 'block_circuits'] needs no model forward — skipping probe/Hessian build (no CSV/dataloaders, lower host RAM).
/blue/guralnick/share/r.dinnage/Projects/phenovision/xAI/py/extractor/block_optim.py:258: RuntimeWarning: overflow encountered in cast
  scalars = np.array([lam_max, lam_floor, trace, sum_log, pr, eff_rank, cond, aniso,
[extract] step=3838 SKIP heavy block block_circuits (ordinal=767 basis=step_fallback heavy_every=8)
[extract] step=3838 heavy=FALSE total=155.79s | block_optim=116.53 block_weights=29.03 block_trajectory=0.75
[collector wcpu2] cpu-pass DONE run_id=mae__stable_evo__s42 step=3838 blocks_ok=3 t=155.79s (all_passes_complete=False)
[collector wcpu2] --once drained 1 checkpoint(s); exiting.
[cwcpu2] drained 1 checkpoint(s); looping.
[collector wcpu2] --once drained 0 checkpoint(s); exiting.
[collector wcpu2] --once drained 0 checkpoint(s); exiting.
[collector wcpu2] --once drained 0 checkpoint(s); exiting.
[collector wcpu2] --once drained 0 checkpoint(s); exiting.
[collector wcpu2] --once drained 0 checkpoint(s); exiting.
error    libmamba Could not set lock (Resource temporarily unavailable)
warning  libmamba Cannot lock '/home/r.dinnage/.cache/mamba/proc'
    Waiting for other mamba process to finish
[collector wcpu2] --once drained 0 checkpoint(s); exiting.
[collector wcpu2] --once drained 0 checkpoint(s); exiting.
[collector wcpu2] --once drained 0 checkpoint(s); exiting.
[collector wcpu2] no probe/val CSV (probe_csv=None, val_csv=None); forward/backward blocks skipped for run_id=mae__stable_evo__s42.
[Extractor] block_set='cpu': CPU-only block set ['block_optim', 'block_weights', 'block_trajectory', 'block_circuits'] needs no model forward — skipping probe/Hessian build (no CSV/dataloaders, lower host RAM).
/blue/guralnick/share/r.dinnage/Projects/phenovision/xAI/py/extractor/block_optim.py:258: RuntimeWarning: overflow encountered in cast
  scalars = np.array([lam_max, lam_floor, trace, sum_log, pr, eff_rank, cond, aniso,
[extract] step=3874 SKIP heavy block block_circuits (ordinal=774 basis=step_fallback heavy_every=8)
[extract] step=3874 heavy=FALSE total=156.88s | block_optim=116.80 block_weights=29.65 block_trajectory=1.00
[collector wcpu2] cpu-pass DONE run_id=mae__stable_evo__s42 step=3874 blocks_ok=3 t=156.883s (all_passes_complete=False)
[collector wcpu2] --once drained 1 checkpoint(s); exiting.
[cwcpu2] drained 1 checkpoint(s); looping.
[collector wcpu2] --once drained 0 checkpoint(s); exiting.
[collector wcpu2] --once drained 0 checkpoint(s); exiting.
[collector wcpu2] --once drained 0 checkpoint(s); exiting.
error    libmamba Could not set lock (Resource temporarily unavailable)
warning  libmamba Cannot lock '/home/r.dinnage/.cache/mamba/proc'
    Waiting for other mamba process to finish
[collector wcpu2] --once drained 0 checkpoint(s); exiting.
[collector wcpu2] --once drained 0 checkpoint(s); exiting.
[collector wcpu2] --once drained 0 checkpoint(s); exiting.
[collector wcpu2] --once drained 0 checkpoint(s); exiting.
[collector wcpu2] --once drained 0 checkpoint(s); exiting.
[collector wcpu2] --once drained 0 checkpoint(s); exiting.
error    libmamba Could not set lock (Resource temporarily unavailable)
warning  libmamba Cannot lock '/home/r.dinnage/.cache/mamba/proc'
    Waiting for other mamba process to finish
[collector wcpu2] --once drained 0 checkpoint(s); exiting.
[collector wcpu2] --once drained 0 checkpoint(s); exiting.
[collector wcpu2] --once drained 0 checkpoint(s); exiting.
[collector wcpu2] --once drained 0 checkpoint(s); exiting.
[collector wcpu2] --once drained 0 checkpoint(s); exiting.
error    libmamba Could not set lock (Resource temporarily unavailable)
warning  libmamba Cannot lock '/home/r.dinnage/.cache/mamba/proc'
    Waiting for other mamba process to finish
[collector wcpu2] --once drained 0 checkpoint(s); exiting.
[collector wcpu2] --once drained 0 checkpoint(s); exiting.
[collector wcpu2] --once drained 0 checkpoint(s); exiting.
[collector wcpu2] --once drained 0 checkpoint(s); exiting.
[collector wcpu2] --once drained 0 checkpoint(s); exiting.
[collector wcpu2] --once drained 0 checkpoint(s); exiting.
[collector wcpu2] --once drained 0 checkpoint(s); exiting.
[collector wcpu2] --once drained 0 checkpoint(s); exiting.
[collector wcpu2] no probe/val CSV (probe_csv=None, val_csv=None); forward/backward blocks skipped for run_id=mae__stable_evo__s42.
[Extractor] block_set='cpu': CPU-only block set ['block_optim', 'block_weights', 'block_trajectory', 'block_circuits'] needs no model forward — skipping probe/Hessian build (no CSV/dataloaders, lower host RAM).
/blue/guralnick/share/r.dinnage/Projects/phenovision/xAI/py/extractor/block_optim.py:258: RuntimeWarning: overflow encountered in cast
  scalars = np.array([lam_max, lam_floor, trace, sum_log, pr, eff_rank, cond, aniso,
[extract] step=3936 SKIP heavy block block_circuits (ordinal=787 basis=step_fallback heavy_every=8)
[extract] step=3936 heavy=FALSE total=155.91s | block_optim=116.70 block_weights=28.99 block_trajectory=0.75
[collector wcpu2] cpu-pass DONE run_id=mae__stable_evo__s42 step=3936 blocks_ok=3 t=155.914s (all_passes_complete=False)
[collector wcpu2] --once drained 1 checkpoint(s); exiting.
[cwcpu2] drained 1 checkpoint(s); looping.
[collector wcpu2] --once drained 0 checkpoint(s); exiting.
[collector wcpu2] --once drained 0 checkpoint(s); exiting.
[collector wcpu2] --once drained 0 checkpoint(s); exiting.
[collector wcpu2] no probe/val CSV (probe_csv=None, val_csv=None); forward/backward blocks skipped for run_id=mae__stable_evo__s42.
[Extractor] block_set='cpu': CPU-only block set ['block_optim', 'block_weights', 'block_trajectory', 'block_circuits'] needs no model forward — skipping probe/Hessian build (no CSV/dataloaders, lower host RAM).
/blue/guralnick/share/r.dinnage/Projects/phenovision/xAI/py/extractor/block_optim.py:258: RuntimeWarning: overflow encountered in cast
  scalars = np.array([lam_max, lam_floor, trace, sum_log, pr, eff_rank, cond, aniso,
[extract] step=3960 heavy=TRUE total=158.92s | block_optim=116.70 block_weights=28.55 block_trajectory=0.74 block_circuits=4.18
[collector wcpu2] cpu-pass DONE run_id=mae__stable_evo__s42 step=3960 blocks_ok=4 t=158.923s (all_passes_complete=False)
[collector wcpu2] --once drained 1 checkpoint(s); exiting.
[cwcpu2] drained 1 checkpoint(s); looping.
[collector wcpu2] --once drained 0 checkpoint(s); exiting.
[collector wcpu2] --once drained 0 checkpoint(s); exiting.
[collector wcpu2] --once drained 0 checkpoint(s); exiting.
[collector wcpu2] --once drained 0 checkpoint(s); exiting.
error    libmamba Could not set lock (Resource temporarily unavailable)
warning  libmamba Cannot lock '/home/r.dinnage/.cache/mamba/proc'
    Waiting for other mamba process to finish
[collector wcpu2] --once drained 0 checkpoint(s); exiting.
[collector wcpu2] --once drained 0 checkpoint(s); exiting.
error    libmamba Could not set lock (Resource temporarily unavailable)
warning  libmamba Cannot lock '/home/r.dinnage/.cache/mamba/proc'
    Waiting for other mamba process to finish
[collector wcpu2] --once drained 0 checkpoint(s); exiting.
[collector wcpu2] --once drained 0 checkpoint(s); exiting.
[collector wcpu2] --once drained 0 checkpoint(s); exiting.
[collector wcpu2] --once drained 0 checkpoint(s); exiting.
[collector wcpu2] --once drained 0 checkpoint(s); exiting.
[collector wcpu2] --once drained 0 checkpoint(s); exiting.
[collector wcpu2] --once drained 0 checkpoint(s); exiting.
[collector wcpu2] --once drained 0 checkpoint(s); exiting.
[collector wcpu2] --once drained 0 checkpoint(s); exiting.
[collector wcpu2] --once drained 0 checkpoint(s); exiting.
[collector wcpu2] --once drained 0 checkpoint(s); exiting.
error    libmamba Could not set lock (Resource temporarily unavailable)
warning  libmamba Cannot lock '/home/r.dinnage/.cache/mamba/proc'
    Waiting for other mamba process to finish
[collector wcpu2] --once drained 0 checkpoint(s); exiting.
[collector wcpu2] --once drained 0 checkpoint(s); exiting.
[collector wcpu2] --once drained 0 checkpoint(s); exiting.
[collector wcpu2] --once drained 0 checkpoint(s); exiting.
error    libmamba Could not set lock (Resource temporarily unavailable)
warning  libmamba Cannot lock '/home/r.dinnage/.cache/mamba/proc'
    Waiting for other mamba process to finish
[collector wcpu2] --once drained 0 checkpoint(s); exiting.
[collector wcpu2] --once drained 0 checkpoint(s); exiting.
[collector wcpu2] --once drained 0 checkpoint(s); exiting.
[collector wcpu2] --once drained 0 checkpoint(s); exiting.
[collector wcpu2] --once drained 0 checkpoint(s); exiting.
[collector wcpu2] --once drained 0 checkpoint(s); exiting.
[collector wcpu2] --once drained 0 checkpoint(s); exiting.
[collector wcpu2] --once drained 0 checkpoint(s); exiting.
[collector wcpu2] --once drained 0 checkpoint(s); exiting.
error    libmamba Could not set lock (Resource temporarily unavailable)
warning  libmamba Cannot lock '/home/r.dinnage/.cache/mamba/proc'
    Waiting for other mamba process to finish
[collector wcpu2] --once drained 0 checkpoint(s); exiting.
[collector wcpu2] --once drained 0 checkpoint(s); exiting.
[collector wcpu2] --once drained 0 checkpoint(s); exiting.
[collector wcpu2] --once drained 0 checkpoint(s); exiting.
[collector wcpu2] --once drained 0 checkpoint(s); exiting.
[collector wcpu2] --once drained 0 checkpoint(s); exiting.
[collector wcpu2] no probe/val CSV (probe_csv=None, val_csv=None); forward/backward blocks skipped for run_id=mae__stable_evo__s42.
[Extractor] block_set='cpu': CPU-only block set ['block_optim', 'block_weights', 'block_trajectory', 'block_circuits'] needs no model forward — skipping probe/Hessian build (no CSV/dataloaders, lower host RAM).
/blue/guralnick/share/r.dinnage/Projects/phenovision/xAI/py/extractor/block_optim.py:258: RuntimeWarning: overflow encountered in cast
  scalars = np.array([lam_max, lam_floor, trace, sum_log, pr, eff_rank, cond, aniso,
[extract] step=4056 SKIP heavy block block_circuits (ordinal=811 basis=step_fallback heavy_every=8)
[extract] step=4056 heavy=FALSE total=154.85s | block_optim=115.96 block_weights=28.33 block_trajectory=0.77
[collector wcpu2] cpu-pass DONE run_id=mae__stable_evo__s42 step=4056 blocks_ok=3 t=154.849s (all_passes_complete=False)
[collector wcpu2] --once drained 1 checkpoint(s); exiting.
[cwcpu2] drained 1 checkpoint(s); looping.
[collector wcpu2] --once drained 0 checkpoint(s); exiting.
[collector wcpu2] --once drained 0 checkpoint(s); exiting.
[collector wcpu2] --once drained 0 checkpoint(s); exiting.
[collector wcpu2] no probe/val CSV (probe_csv=None, val_csv=None); forward/backward blocks skipped for run_id=mae__stable_evo__s42.
[Extractor] block_set='cpu': CPU-only block set ['block_optim', 'block_weights', 'block_trajectory', 'block_circuits'] needs no model forward — skipping probe/Hessian build (no CSV/dataloaders, lower host RAM).
/blue/guralnick/share/r.dinnage/Projects/phenovision/xAI/py/extractor/block_optim.py:258: RuntimeWarning: overflow encountered in cast
  scalars = np.array([lam_max, lam_floor, trace, sum_log, pr, eff_rank, cond, aniso,
[extract] step=4080 heavy=TRUE total=157.95s | block_optim=114.99 block_weights=28.34 block_trajectory=0.91 block_circuits=4.14
[collector wcpu2] cpu-pass DONE run_id=mae__stable_evo__s42 step=4080 blocks_ok=4 t=157.951s (all_passes_complete=False)
[collector wcpu2] --once drained 1 checkpoint(s); exiting.
[cwcpu2] drained 1 checkpoint(s); looping.
[collector wcpu2] --once drained 0 checkpoint(s); exiting.
[collector wcpu2] --once drained 0 checkpoint(s); exiting.
[collector wcpu2] --once drained 0 checkpoint(s); exiting.
[collector wcpu2] --once drained 0 checkpoint(s); exiting.
[collector wcpu2] --once drained 0 checkpoint(s); exiting.
[collector wcpu2] --once drained 0 checkpoint(s); exiting.
[collector wcpu2] --once drained 0 checkpoint(s); exiting.
error    libmamba Could not set lock (Resource temporarily unavailable)
warning  libmamba Cannot lock '/home/r.dinnage/.cache/mamba/proc'
    Waiting for other mamba process to finish
[collector wcpu2] --once drained 0 checkpoint(s); exiting.
[collector wcpu2] --once drained 0 checkpoint(s); exiting.
[collector wcpu2] --once drained 0 checkpoint(s); exiting.
[collector wcpu2] --once drained 0 checkpoint(s); exiting.
[collector wcpu2] --once drained 0 checkpoint(s); exiting.
[collector wcpu2] --once drained 0 checkpoint(s); exiting.
[collector wcpu2] --once drained 0 checkpoint(s); exiting.
[collector wcpu2] --once drained 0 checkpoint(s); exiting.
[collector wcpu2] --once drained 0 checkpoint(s); exiting.
[collector wcpu2] --once drained 0 checkpoint(s); exiting.
[collector wcpu2] --once drained 0 checkpoint(s); exiting.
[collector wcpu2] --once drained 0 checkpoint(s); exiting.
[collector wcpu2] --once drained 0 checkpoint(s); exiting.
error    libmamba Could not set lock (Resource temporarily unavailable)
warning  libmamba Cannot lock '/home/r.dinnage/.cache/mamba/proc'
    Waiting for other mamba process to finish
[collector wcpu2] --once drained 0 checkpoint(s); exiting.
error    libmamba Could not set lock (Resource temporarily unavailable)
warning  libmamba Cannot lock '/home/r.dinnage/.cache/mamba/proc'
    Waiting for other mamba process to finish
[collector wcpu2] --once drained 0 checkpoint(s); exiting.
[collector wcpu2] --once drained 0 checkpoint(s); exiting.
[collector wcpu2] --once drained 0 checkpoint(s); exiting.
[collector wcpu2] --once drained 0 checkpoint(s); exiting.
[collector wcpu2] --once drained 0 checkpoint(s); exiting.
[collector wcpu2] no probe/val CSV (probe_csv=None, val_csv=None); forward/backward blocks skipped for run_id=mae__stable_evo__s42.
[Extractor] block_set='cpu': CPU-only block set ['block_optim', 'block_weights', 'block_trajectory', 'block_circuits'] needs no model forward — skipping probe/Hessian build (no CSV/dataloaders, lower host RAM).
/blue/guralnick/share/r.dinnage/Projects/phenovision/xAI/py/extractor/block_optim.py:258: RuntimeWarning: overflow encountered in cast
  scalars = np.array([lam_max, lam_floor, trace, sum_log, pr, eff_rank, cond, aniso,
[extract] step=4152 SKIP heavy block block_circuits (ordinal=830 basis=step_fallback heavy_every=8)
[extract] step=4152 heavy=FALSE total=152.30s | block_optim=114.57 block_weights=27.03 block_trajectory=0.81
[collector wcpu2] cpu-pass DONE run_id=mae__stable_evo__s42 step=4152 blocks_ok=3 t=152.299s (all_passes_complete=False)
[collector wcpu2] --once drained 1 checkpoint(s); exiting.
[cwcpu2] drained 1 checkpoint(s); looping.
[collector wcpu2] --once drained 0 checkpoint(s); exiting.
[collector wcpu2] --once drained 0 checkpoint(s); exiting.
[collector wcpu2] --once drained 0 checkpoint(s); exiting.
[collector wcpu2] no probe/val CSV (probe_csv=None, val_csv=None); forward/backward blocks skipped for run_id=mae__stable_evo__s42.
[Extractor] block_set='cpu': CPU-only block set ['block_optim', 'block_weights', 'block_trajectory', 'block_circuits'] needs no model forward — skipping probe/Hessian build (no CSV/dataloaders, lower host RAM).
/blue/guralnick/share/r.dinnage/Projects/phenovision/xAI/py/extractor/block_optim.py:258: RuntimeWarning: overflow encountered in cast
  scalars = np.array([lam_max, lam_floor, trace, sum_log, pr, eff_rank, cond, aniso,
[extract] step=4176 SKIP heavy block block_circuits (ordinal=835 basis=step_fallback heavy_every=8)
[extract] step=4176 heavy=FALSE total=151.00s | block_optim=112.00 block_weights=28.81 block_trajectory=1.03
[collector wcpu2] cpu-pass DONE run_id=mae__stable_evo__s42 step=4176 blocks_ok=3 t=151.004s (all_passes_complete=False)
[collector wcpu2] --once drained 1 checkpoint(s); exiting.
[cwcpu2] drained 1 checkpoint(s); looping.
[collector wcpu2] --once drained 0 checkpoint(s); exiting.
[collector wcpu2] --once drained 0 checkpoint(s); exiting.
error    libmamba Could not set lock (Resource temporarily unavailable)
warning  libmamba Cannot lock '/home/r.dinnage/.cache/mamba/proc'
    Waiting for other mamba process to finish
[collector wcpu2] --once drained 0 checkpoint(s); exiting.
[collector wcpu2] no probe/val CSV (probe_csv=None, val_csv=None); forward/backward blocks skipped for run_id=mae__stable_evo__s42.
[Extractor] block_set='cpu': CPU-only block set ['block_optim', 'block_weights', 'block_trajectory', 'block_circuits'] needs no model forward — skipping probe/Hessian build (no CSV/dataloaders, lower host RAM).
/blue/guralnick/share/r.dinnage/Projects/phenovision/xAI/py/extractor/block_optim.py:258: RuntimeWarning: overflow encountered in cast
  scalars = np.array([lam_max, lam_floor, trace, sum_log, pr, eff_rank, cond, aniso,
[extract] step=4200 heavy=TRUE total=154.58s | block_optim=114.56 block_weights=25.73 block_trajectory=0.75 block_circuits=4.18
[collector wcpu2] cpu-pass DONE run_id=mae__stable_evo__s42 step=4200 blocks_ok=4 t=154.58s (all_passes_complete=True)
[collector wcpu2] FINALIZED run_id=mae__stable_evo__s42 step=4200 -> deleted
[collector wcpu2] --once drained 2 checkpoint(s); exiting.
[cwcpu2] drained 2 checkpoint(s); looping.
[collector wcpu2] --once drained 0 checkpoint(s); exiting.
[collector wcpu2] --once drained 0 checkpoint(s); exiting.
[collector wcpu2] --once drained 0 checkpoint(s); exiting.
error    libmamba Could not set lock (Resource temporarily unavailable)
warning  libmamba Cannot lock '/home/r.dinnage/.cache/mamba/proc'
    Waiting for other mamba process to finish
[collector wcpu2] --once drained 0 checkpoint(s); exiting.
[collector wcpu2] --once drained 0 checkpoint(s); exiting.
[collector wcpu2] --once drained 0 checkpoint(s); exiting.
error    libmamba Could not set lock (Resource temporarily unavailable)
warning  libmamba Cannot lock '/home/r.dinnage/.cache/mamba/proc'
    Waiting for other mamba process to finish
[collector wcpu2] --once drained 0 checkpoint(s); exiting.
[collector wcpu2] no probe/val CSV (probe_csv=None, val_csv=None); forward/backward blocks skipped for run_id=mae__stable_evo__s42.
[Extractor] block_set='cpu': CPU-only block set ['block_optim', 'block_weights', 'block_trajectory', 'block_circuits'] needs no model forward — skipping probe/Hessian build (no CSV/dataloaders, lower host RAM).
/blue/guralnick/share/r.dinnage/Projects/phenovision/xAI/py/extractor/block_optim.py:258: RuntimeWarning: overflow encountered in cast
  scalars = np.array([lam_max, lam_floor, trace, sum_log, pr, eff_rank, cond, aniso,
[extract] step=4226 SKIP heavy block block_circuits (ordinal=845 basis=step_fallback heavy_every=8)
[extract] step=4226 heavy=FALSE total=152.58s | block_optim=114.59 block_weights=28.11 block_trajectory=0.75
[collector wcpu2] cpu-pass DONE run_id=mae__stable_evo__s42 step=4226 blocks_ok=3 t=152.581s (all_passes_complete=False)
[collector wcpu2] --once drained 1 checkpoint(s); exiting.
[cwcpu2] drained 1 checkpoint(s); looping.
[collector wcpu2] --once drained 0 checkpoint(s); exiting.
[collector wcpu2] --once drained 0 checkpoint(s); exiting.
[collector wcpu2] --once drained 0 checkpoint(s); exiting.
[collector wcpu2] --once drained 0 checkpoint(s); exiting.
[collector wcpu2] --once drained 0 checkpoint(s); exiting.
[collector wcpu2] --once drained 0 checkpoint(s); exiting.
[collector wcpu2] --once drained 0 checkpoint(s); exiting.
[collector wcpu2] --once drained 0 checkpoint(s); exiting.
[collector wcpu2] no probe/val CSV (probe_csv=None, val_csv=None); forward/backward blocks skipped for run_id=mae__stable_evo__s42.
[Extractor] block_set='cpu': CPU-only block set ['block_optim', 'block_weights', 'block_trajectory', 'block_circuits'] needs no model forward — skipping probe/Hessian build (no CSV/dataloaders, lower host RAM).
/blue/guralnick/share/r.dinnage/Projects/phenovision/xAI/py/extractor/block_optim.py:258: RuntimeWarning: overflow encountered in cast
  scalars = np.array([lam_max, lam_floor, trace, sum_log, pr, eff_rank, cond, aniso,
[extract] step=4262 SKIP heavy block block_circuits (ordinal=852 basis=step_fallback heavy_every=8)
[extract] step=4262 heavy=FALSE total=153.51s | block_optim=114.67 block_weights=28.68 block_trajectory=0.79
[collector wcpu2] cpu-pass DONE run_id=mae__stable_evo__s42 step=4262 blocks_ok=3 t=153.514s (all_passes_complete=False)
[collector wcpu2] --once drained 1 checkpoint(s); exiting.
[cwcpu2] drained 1 checkpoint(s); looping.
[collector wcpu2] --once drained 0 checkpoint(s); exiting.
[collector wcpu2] --once drained 0 checkpoint(s); exiting.
[collector wcpu2] --once drained 0 checkpoint(s); exiting.
error    libmamba Could not set lock (Resource temporarily unavailable)
warning  libmamba Cannot lock '/home/r.dinnage/.cache/mamba/proc'
    Waiting for other mamba process to finish
[collector wcpu2] no probe/val CSV (probe_csv=None, val_csv=None); forward/backward blocks skipped for run_id=mae__stable_evo__s42.
[Extractor] block_set='cpu': CPU-only block set ['block_optim', 'block_weights', 'block_trajectory', 'block_circuits'] needs no model forward — skipping probe/Hessian build (no CSV/dataloaders, lower host RAM).
/blue/guralnick/share/r.dinnage/Projects/phenovision/xAI/py/extractor/block_optim.py:258: RuntimeWarning: overflow encountered in cast
  scalars = np.array([lam_max, lam_floor, trace, sum_log, pr, eff_rank, cond, aniso,
[extract] step=4286 SKIP heavy block block_circuits (ordinal=857 basis=step_fallback heavy_every=8)
[extract] step=4286 heavy=FALSE total=153.83s | block_optim=114.74 block_weights=28.95 block_trajectory=0.76
[collector wcpu2] cpu-pass DONE run_id=mae__stable_evo__s42 step=4286 blocks_ok=3 t=153.83s (all_passes_complete=False)
[collector wcpu2] --once drained 1 checkpoint(s); exiting.
[cwcpu2] drained 1 checkpoint(s); looping.
[collector wcpu2] --once drained 0 checkpoint(s); exiting.
[collector wcpu2] --once drained 0 checkpoint(s); exiting.
error    libmamba Could not set lock (Resource temporarily unavailable)
warning  libmamba Cannot lock '/home/r.dinnage/.cache/mamba/proc'
    Waiting for other mamba process to finish
[collector wcpu2] --once drained 0 checkpoint(s); exiting.
[collector wcpu2] --once drained 0 checkpoint(s); exiting.
[collector wcpu2] --once drained 0 checkpoint(s); exiting.
[collector wcpu2] --once drained 0 checkpoint(s); exiting.
[collector wcpu2] --once drained 0 checkpoint(s); exiting.
[collector wcpu2] --once drained 0 checkpoint(s); exiting.
error    libmamba Could not set lock (Resource temporarily unavailable)
warning  libmamba Cannot lock '/home/r.dinnage/.cache/mamba/proc'
    Waiting for other mamba process to finish
[collector wcpu2] --once drained 0 checkpoint(s); exiting.
[collector wcpu2] --once drained 0 checkpoint(s); exiting.
[collector wcpu2] --once drained 0 checkpoint(s); exiting.
error    libmamba Could not set lock (Resource temporarily unavailable)
warning  libmamba Cannot lock '/home/r.dinnage/.cache/mamba/proc'
    Waiting for other mamba process to finish
[collector wcpu2] no probe/val CSV (probe_csv=None, val_csv=None); forward/backward blocks skipped for run_id=mae__stable_evo__s42.
[Extractor] block_set='cpu': CPU-only block set ['block_optim', 'block_weights', 'block_trajectory', 'block_circuits'] needs no model forward — skipping probe/Hessian build (no CSV/dataloaders, lower host RAM).
/blue/guralnick/share/r.dinnage/Projects/phenovision/xAI/py/extractor/block_optim.py:258: RuntimeWarning: overflow encountered in cast
  scalars = np.array([lam_max, lam_floor, trace, sum_log, pr, eff_rank, cond, aniso,
[extract] step=4322 heavy=TRUE total=154.85s | block_optim=114.75 block_weights=26.52 block_trajectory=0.76 block_circuits=3.98
[collector wcpu2] cpu-pass DONE run_id=mae__stable_evo__s42 step=4322 blocks_ok=4 t=154.852s (all_passes_complete=False)
[collector wcpu2] --once drained 1 checkpoint(s); exiting.
[cwcpu2] drained 1 checkpoint(s); looping.
[collector wcpu2] --once drained 0 checkpoint(s); exiting.
[collector wcpu2] --once drained 0 checkpoint(s); exiting.
[collector wcpu2] --once drained 0 checkpoint(s); exiting.
[collector wcpu2] --once drained 0 checkpoint(s); exiting.
[collector wcpu2] --once drained 0 checkpoint(s); exiting.
error    libmamba Could not set lock (Resource temporarily unavailable)
warning  libmamba Cannot lock '/home/r.dinnage/.cache/mamba/proc'
    Waiting for other mamba process to finish
[collector wcpu2] --once drained 0 checkpoint(s); exiting.
[collector wcpu2] --once drained 0 checkpoint(s); exiting.
[collector wcpu2] --once drained 0 checkpoint(s); exiting.
[collector wcpu2] --once drained 0 checkpoint(s); exiting.
[collector wcpu2] --once drained 0 checkpoint(s); exiting.
[collector wcpu2] --once drained 0 checkpoint(s); exiting.
[collector wcpu2] --once drained 0 checkpoint(s); exiting.
[collector wcpu2] --once drained 0 checkpoint(s); exiting.
error    libmamba Could not set lock (Resource temporarily unavailable)
warning  libmamba Cannot lock '/home/r.dinnage/.cache/mamba/proc'
    Waiting for other mamba process to finish
error    libmamba Could not set lock (Resource temporarily unavailable)
warning  libmamba Cannot lock '/home/r.dinnage/.cache/mamba/proc'
    Waiting for other mamba process to finish
[collector wcpu2] --once drained 0 checkpoint(s); exiting.
[collector wcpu2] --once drained 0 checkpoint(s); exiting.
[cwcpu2] none of the trainer jobs (35120240) are in the queue; performing FINAL drain before exit...
[collector wcpu2] --once drained 0 checkpoint(s); exiting.
Done: Sat Jun 20 02:52:14 AM EDT 2026
