Fri Jun 19 05:52:16 PM EDT 2026
host=c0704a-s14.ufhpc
pwd=/blue/guralnick/share/r.dinnage/Projects/phenovision
=== preadapt CPU collector worker 4 ===
run_dirs=xAI/output/preadapt_v2/mae__stable_evo__s42
watch_dirs=xAI/output/preadapt_v2/mae__stable_evo__s42/checkpoints
sentinels=xAI/output/preadapt_v2/mae__stable_evo__s42/RUN_COMPLETE
out_store=xAI/output/preadapt_v2/_extract_store
nthreads=8
poll=15s heavy_every=8 retention_latest_keep=2 keep_full_latest=2
train_jids=35120240
error    libmamba Could not set lock (Resource temporarily unavailable)
warning  libmamba Cannot lock '/home/r.dinnage/.cache/mamba/proc'
    Waiting for other mamba process to finish
[collector wcpu4] --once drained 0 checkpoint(s); exiting.
error    libmamba Could not set lock (Resource temporarily unavailable)
warning  libmamba Cannot lock '/home/r.dinnage/.cache/mamba/proc'
    Waiting for other mamba process to finish
[collector wcpu4] --once drained 0 checkpoint(s); exiting.
[collector wcpu4] --once drained 0 checkpoint(s); exiting.
[collector wcpu4] --once drained 0 checkpoint(s); exiting.
[collector wcpu4] --once drained 0 checkpoint(s); exiting.
[collector wcpu4] --once drained 0 checkpoint(s); exiting.
[collector wcpu4] --once drained 0 checkpoint(s); exiting.
[collector wcpu4] --once drained 0 checkpoint(s); exiting.
[collector wcpu4] --once drained 0 checkpoint(s); exiting.
[collector wcpu4] --once drained 0 checkpoint(s); exiting.
[collector wcpu4] --once drained 0 checkpoint(s); exiting.
[collector wcpu4] --once drained 0 checkpoint(s); exiting.
[collector wcpu4] --once drained 0 checkpoint(s); exiting.
[collector wcpu4] --once drained 0 checkpoint(s); exiting.
[collector wcpu4] --once drained 0 checkpoint(s); exiting.
[collector wcpu4] --once drained 0 checkpoint(s); exiting.
[collector wcpu4] --once drained 0 checkpoint(s); exiting.
[collector wcpu4] --once drained 0 checkpoint(s); exiting.
[collector wcpu4] --once drained 0 checkpoint(s); exiting.
[collector wcpu4] --once drained 0 checkpoint(s); exiting.
error    libmamba Could not set lock (Resource temporarily unavailable)
warning  libmamba Cannot lock '/home/r.dinnage/.cache/mamba/proc'
    Waiting for other mamba process to finish
[collector wcpu4] --once drained 0 checkpoint(s); exiting.
error    libmamba Could not set lock (Resource temporarily unavailable)
warning  libmamba Cannot lock '/home/r.dinnage/.cache/mamba/proc'
    Waiting for other mamba process to finish
[collector wcpu4] --once drained 0 checkpoint(s); exiting.
[collector wcpu4] --once drained 0 checkpoint(s); exiting.
[collector wcpu4] --once drained 0 checkpoint(s); exiting.
error    libmamba Could not set lock (Resource temporarily unavailable)
warning  libmamba Cannot lock '/home/r.dinnage/.cache/mamba/proc'
    Waiting for other mamba process to finish
[collector wcpu4] --once drained 0 checkpoint(s); exiting.
error    libmamba Could not set lock (Resource temporarily unavailable)
warning  libmamba Cannot lock '/home/r.dinnage/.cache/mamba/proc'
    Waiting for other mamba process to finish
[collector wcpu4] --once drained 0 checkpoint(s); exiting.
[collector wcpu4] --once drained 0 checkpoint(s); exiting.
error    libmamba Could not set lock (Resource temporarily unavailable)
warning  libmamba Cannot lock '/home/r.dinnage/.cache/mamba/proc'
    Waiting for other mamba process to finish
[collector wcpu4] --once drained 0 checkpoint(s); exiting.
[collector wcpu4] --once drained 0 checkpoint(s); exiting.
[collector wcpu4] --once drained 0 checkpoint(s); exiting.
error    libmamba Could not set lock (Resource temporarily unavailable)
warning  libmamba Cannot lock '/home/r.dinnage/.cache/mamba/proc'
    Waiting for other mamba process to finish
[collector wcpu4] --once drained 0 checkpoint(s); exiting.
[collector wcpu4] --once drained 0 checkpoint(s); exiting.
[collector wcpu4] --once drained 0 checkpoint(s); exiting.
error    libmamba Could not set lock (Resource temporarily unavailable)
warning  libmamba Cannot lock '/home/r.dinnage/.cache/mamba/proc'
    Waiting for other mamba process to finish
[collector wcpu4] --once drained 0 checkpoint(s); exiting.
[collector wcpu4] --once drained 0 checkpoint(s); exiting.
[collector wcpu4] --once drained 0 checkpoint(s); exiting.
[collector wcpu4] --once drained 0 checkpoint(s); exiting.
error    libmamba Could not set lock (Resource temporarily unavailable)
warning  libmamba Cannot lock '/home/r.dinnage/.cache/mamba/proc'
    Waiting for other mamba process to finish
[collector wcpu4] --once drained 0 checkpoint(s); exiting.
[collector wcpu4] --once drained 0 checkpoint(s); exiting.
error    libmamba Could not set lock (Resource temporarily unavailable)
warning  libmamba Cannot lock '/home/r.dinnage/.cache/mamba/proc'
    Waiting for other mamba process to finish
[collector wcpu4] --once drained 0 checkpoint(s); exiting.
error    libmamba Could not set lock (Resource temporarily unavailable)
warning  libmamba Cannot lock '/home/r.dinnage/.cache/mamba/proc'
    Waiting for other mamba process to finish
[collector wcpu4] --once drained 0 checkpoint(s); exiting.
[collector wcpu4] --once drained 0 checkpoint(s); exiting.
[collector wcpu4] --once drained 0 checkpoint(s); exiting.
error    libmamba Could not set lock (Resource temporarily unavailable)
warning  libmamba Cannot lock '/home/r.dinnage/.cache/mamba/proc'
    Waiting for other mamba process to finish
[collector wcpu4] --once drained 0 checkpoint(s); exiting.
[collector wcpu4] --once drained 0 checkpoint(s); exiting.
[collector wcpu4] --once drained 0 checkpoint(s); exiting.
[collector wcpu4] --once drained 0 checkpoint(s); exiting.
[collector wcpu4] --once drained 0 checkpoint(s); exiting.
[collector wcpu4] --once drained 0 checkpoint(s); exiting.
[collector wcpu4] --once drained 0 checkpoint(s); exiting.
[collector wcpu4] --once drained 0 checkpoint(s); exiting.
[collector wcpu4] --once drained 0 checkpoint(s); exiting.
[collector wcpu4] --once drained 0 checkpoint(s); exiting.
[collector wcpu4] --once drained 0 checkpoint(s); exiting.
[collector wcpu4] --once drained 0 checkpoint(s); exiting.
[collector wcpu4] --once drained 0 checkpoint(s); exiting.
[collector wcpu4] --once drained 0 checkpoint(s); exiting.
error    libmamba Could not set lock (Resource temporarily unavailable)
warning  libmamba Cannot lock '/home/r.dinnage/.cache/mamba/proc'
    Waiting for other mamba process to finish
[collector wcpu4] --once drained 0 checkpoint(s); exiting.
error    libmamba Could not set lock (Resource temporarily unavailable)
warning  libmamba Cannot lock '/home/r.dinnage/.cache/mamba/proc'
    Waiting for other mamba process to finish
[collector wcpu4] --once drained 0 checkpoint(s); exiting.
error    libmamba Could not set lock (Resource temporarily unavailable)
warning  libmamba Cannot lock '/home/r.dinnage/.cache/mamba/proc'
    Waiting for other mamba process to finish
[collector wcpu4] --once drained 0 checkpoint(s); exiting.
error    libmamba Could not set lock (Resource temporarily unavailable)
warning  libmamba Cannot lock '/home/r.dinnage/.cache/mamba/proc'
    Waiting for other mamba process to finish
[collector wcpu4] --once drained 0 checkpoint(s); exiting.
error    libmamba Could not set lock (Resource temporarily unavailable)
warning  libmamba Cannot lock '/home/r.dinnage/.cache/mamba/proc'
    Waiting for other mamba process to finish
[collector wcpu4] --once drained 0 checkpoint(s); exiting.
[collector wcpu4] --once drained 0 checkpoint(s); exiting.
[collector wcpu4] --once drained 0 checkpoint(s); exiting.
[collector wcpu4] --once drained 0 checkpoint(s); exiting.
error    libmamba Could not set lock (Resource temporarily unavailable)
warning  libmamba Cannot lock '/home/r.dinnage/.cache/mamba/proc'
    Waiting for other mamba process to finish
[collector wcpu4] --once drained 0 checkpoint(s); exiting.
error    libmamba Could not set lock (Resource temporarily unavailable)
warning  libmamba Cannot lock '/home/r.dinnage/.cache/mamba/proc'
    Waiting for other mamba process to finish
[collector wcpu4] --once drained 0 checkpoint(s); exiting.
[collector wcpu4] --once drained 0 checkpoint(s); exiting.
[collector wcpu4] --once drained 0 checkpoint(s); exiting.
[collector wcpu4] --once drained 0 checkpoint(s); exiting.
[collector wcpu4] --once drained 0 checkpoint(s); exiting.
[collector wcpu4] --once drained 0 checkpoint(s); exiting.
[collector wcpu4] --once drained 0 checkpoint(s); exiting.
[collector wcpu4] --once drained 0 checkpoint(s); exiting.
error    libmamba Could not set lock (Resource temporarily unavailable)
warning  libmamba Cannot lock '/home/r.dinnage/.cache/mamba/proc'
    Waiting for other mamba process to finish
[collector wcpu4] --once drained 0 checkpoint(s); exiting.
[collector wcpu4] --once drained 0 checkpoint(s); exiting.
error    libmamba Could not set lock (Resource temporarily unavailable)
warning  libmamba Cannot lock '/home/r.dinnage/.cache/mamba/proc'
    Waiting for other mamba process to finish
[collector wcpu4] --once drained 0 checkpoint(s); exiting.
[collector wcpu4] --once drained 0 checkpoint(s); exiting.
[collector wcpu4] --once drained 0 checkpoint(s); exiting.
[collector wcpu4] --once drained 0 checkpoint(s); exiting.
[collector wcpu4] --once drained 0 checkpoint(s); exiting.
[collector wcpu4] --once drained 0 checkpoint(s); exiting.
[collector wcpu4] --once drained 0 checkpoint(s); exiting.
[collector wcpu4] --once drained 0 checkpoint(s); exiting.
[collector wcpu4] --once drained 0 checkpoint(s); exiting.
[collector wcpu4] --once drained 0 checkpoint(s); exiting.
[collector wcpu4] --once drained 0 checkpoint(s); exiting.
error    libmamba Could not set lock (Resource temporarily unavailable)
warning  libmamba Cannot lock '/home/r.dinnage/.cache/mamba/proc'
    Waiting for other mamba process to finish
[collector wcpu4] --once drained 0 checkpoint(s); exiting.
[collector wcpu4] --once drained 0 checkpoint(s); exiting.
[collector wcpu4] --once drained 0 checkpoint(s); exiting.
error    libmamba Could not set lock (Resource temporarily unavailable)
warning  libmamba Cannot lock '/home/r.dinnage/.cache/mamba/proc'
    Waiting for other mamba process to finish
[collector wcpu4] --once drained 0 checkpoint(s); exiting.
error    libmamba Could not set lock (Resource temporarily unavailable)
warning  libmamba Cannot lock '/home/r.dinnage/.cache/mamba/proc'
    Waiting for other mamba process to finish
[collector wcpu4] --once drained 0 checkpoint(s); exiting.
[collector wcpu4] --once drained 0 checkpoint(s); exiting.
[collector wcpu4] --once drained 0 checkpoint(s); exiting.
error    libmamba Could not set lock (Resource temporarily unavailable)
warning  libmamba Cannot lock '/home/r.dinnage/.cache/mamba/proc'
    Waiting for other mamba process to finish
[collector wcpu4] --once drained 0 checkpoint(s); exiting.
[collector wcpu4] --once drained 0 checkpoint(s); exiting.
error    libmamba Could not set lock (Resource temporarily unavailable)
warning  libmamba Cannot lock '/home/r.dinnage/.cache/mamba/proc'
    Waiting for other mamba process to finish
[collector wcpu4] --once drained 0 checkpoint(s); exiting.
[collector wcpu4] --once drained 0 checkpoint(s); exiting.
[collector wcpu4] --once drained 0 checkpoint(s); exiting.
[collector wcpu4] --once drained 0 checkpoint(s); exiting.
[collector wcpu4] --once drained 0 checkpoint(s); exiting.
[collector wcpu4] --once drained 0 checkpoint(s); exiting.
[collector wcpu4] --once drained 0 checkpoint(s); exiting.
[collector wcpu4] --once drained 0 checkpoint(s); exiting.
error    libmamba Could not set lock (Resource temporarily unavailable)
warning  libmamba Cannot lock '/home/r.dinnage/.cache/mamba/proc'
    Waiting for other mamba process to finish
[collector wcpu4] --once drained 0 checkpoint(s); exiting.
[collector wcpu4] --once drained 0 checkpoint(s); exiting.
error    libmamba Could not set lock (Resource temporarily unavailable)
warning  libmamba Cannot lock '/home/r.dinnage/.cache/mamba/proc'
    Waiting for other mamba process to finish
[collector wcpu4] --once drained 0 checkpoint(s); exiting.
[collector wcpu4] --once drained 0 checkpoint(s); exiting.
[collector wcpu4] --once drained 0 checkpoint(s); exiting.
error    libmamba Could not set lock (Resource temporarily unavailable)
warning  libmamba Cannot lock '/home/r.dinnage/.cache/mamba/proc'
    Waiting for other mamba process to finish
[collector wcpu4] --once drained 0 checkpoint(s); exiting.
[collector wcpu4] --once drained 0 checkpoint(s); exiting.
[collector wcpu4] --once drained 0 checkpoint(s); exiting.
[collector wcpu4] --once drained 0 checkpoint(s); exiting.
error    libmamba Could not set lock (Resource temporarily unavailable)
warning  libmamba Cannot lock '/home/r.dinnage/.cache/mamba/proc'
    Waiting for other mamba process to finish
[collector wcpu4] --once drained 0 checkpoint(s); exiting.
[collector wcpu4] --once drained 0 checkpoint(s); exiting.
[collector wcpu4] --once drained 0 checkpoint(s); exiting.
[collector wcpu4] --once drained 0 checkpoint(s); exiting.
[collector wcpu4] --once drained 0 checkpoint(s); exiting.
[collector wcpu4] --once drained 0 checkpoint(s); exiting.
[collector wcpu4] --once drained 0 checkpoint(s); exiting.
[collector wcpu4] --once drained 0 checkpoint(s); exiting.
[collector wcpu4] --once drained 0 checkpoint(s); exiting.
[collector wcpu4] --once drained 0 checkpoint(s); exiting.
error    libmamba Could not set lock (Resource temporarily unavailable)
warning  libmamba Cannot lock '/home/r.dinnage/.cache/mamba/proc'
    Waiting for other mamba process to finish
[collector wcpu4] --once drained 0 checkpoint(s); exiting.
[collector wcpu4] --once drained 0 checkpoint(s); exiting.
[collector wcpu4] --once drained 0 checkpoint(s); exiting.
[collector wcpu4] --once drained 0 checkpoint(s); exiting.
[collector wcpu4] --once drained 0 checkpoint(s); exiting.
[collector wcpu4] --once drained 0 checkpoint(s); exiting.
[collector wcpu4] --once drained 0 checkpoint(s); exiting.
[collector wcpu4] --once drained 0 checkpoint(s); exiting.
[collector wcpu4] --once drained 0 checkpoint(s); exiting.
[collector wcpu4] --once drained 0 checkpoint(s); exiting.
[collector wcpu4] --once drained 0 checkpoint(s); exiting.
[collector wcpu4] --once drained 0 checkpoint(s); exiting.
[collector wcpu4] --once drained 0 checkpoint(s); exiting.
[collector wcpu4] --once drained 0 checkpoint(s); exiting.
[collector wcpu4] --once drained 0 checkpoint(s); exiting.
[collector wcpu4] --once drained 0 checkpoint(s); exiting.
[collector wcpu4] --once drained 0 checkpoint(s); exiting.
[collector wcpu4] --once drained 0 checkpoint(s); exiting.
[collector wcpu4] --once drained 0 checkpoint(s); exiting.
[collector wcpu4] --once drained 0 checkpoint(s); exiting.
[collector wcpu4] --once drained 0 checkpoint(s); exiting.
[collector wcpu4] --once drained 0 checkpoint(s); exiting.
[collector wcpu4] --once drained 0 checkpoint(s); exiting.
[collector wcpu4] --once drained 0 checkpoint(s); exiting.
[collector wcpu4] --once drained 0 checkpoint(s); exiting.
[collector wcpu4] --once drained 0 checkpoint(s); exiting.
[collector wcpu4] --once drained 0 checkpoint(s); exiting.
error    libmamba Could not set lock (Resource temporarily unavailable)
warning  libmamba Cannot lock '/home/r.dinnage/.cache/mamba/proc'
    Waiting for other mamba process to finish
[collector wcpu4] --once drained 0 checkpoint(s); exiting.
[collector wcpu4] --once drained 0 checkpoint(s); exiting.
[collector wcpu4] --once drained 0 checkpoint(s); exiting.
[collector wcpu4] --once drained 0 checkpoint(s); exiting.
error    libmamba Could not set lock (Resource temporarily unavailable)
warning  libmamba Cannot lock '/home/r.dinnage/.cache/mamba/proc'
    Waiting for other mamba process to finish
[collector wcpu4] --once drained 0 checkpoint(s); exiting.
error    libmamba Could not set lock (Resource temporarily unavailable)
warning  libmamba Cannot lock '/home/r.dinnage/.cache/mamba/proc'
    Waiting for other mamba process to finish
[collector wcpu4] --once drained 0 checkpoint(s); exiting.
[collector wcpu4] --once drained 0 checkpoint(s); exiting.
[collector wcpu4] --once drained 0 checkpoint(s); exiting.
[collector wcpu4] --once drained 0 checkpoint(s); exiting.
[collector wcpu4] --once drained 0 checkpoint(s); exiting.
[collector wcpu4] --once drained 0 checkpoint(s); exiting.
[collector wcpu4] --once drained 0 checkpoint(s); exiting.
[collector wcpu4] --once drained 0 checkpoint(s); exiting.
error    libmamba Could not set lock (Resource temporarily unavailable)
warning  libmamba Cannot lock '/home/r.dinnage/.cache/mamba/proc'
    Waiting for other mamba process to finish
[collector wcpu4] --once drained 0 checkpoint(s); exiting.
[collector wcpu4] --once drained 0 checkpoint(s); exiting.
[collector wcpu4] --once drained 0 checkpoint(s); exiting.
error    libmamba Could not set lock (Resource temporarily unavailable)
warning  libmamba Cannot lock '/home/r.dinnage/.cache/mamba/proc'
    Waiting for other mamba process to finish
[collector wcpu4] --once drained 0 checkpoint(s); exiting.
[collector wcpu4] --once drained 0 checkpoint(s); exiting.
[collector wcpu4] --once drained 0 checkpoint(s); exiting.
[collector wcpu4] --once drained 0 checkpoint(s); exiting.
[collector wcpu4] --once drained 0 checkpoint(s); exiting.
[collector wcpu4] --once drained 0 checkpoint(s); exiting.
[collector wcpu4] --once drained 0 checkpoint(s); exiting.
[collector wcpu4] --once drained 0 checkpoint(s); exiting.
[collector wcpu4] --once drained 0 checkpoint(s); exiting.
[collector wcpu4] --once drained 0 checkpoint(s); exiting.
[collector wcpu4] --once drained 0 checkpoint(s); exiting.
[collector wcpu4] --once drained 0 checkpoint(s); exiting.
error    libmamba Could not set lock (Resource temporarily unavailable)
warning  libmamba Cannot lock '/home/r.dinnage/.cache/mamba/proc'
    Waiting for other mamba process to finish
[collector wcpu4] --once drained 0 checkpoint(s); exiting.
error    libmamba Could not set lock (Resource temporarily unavailable)
warning  libmamba Cannot lock '/home/r.dinnage/.cache/mamba/proc'
    Waiting for other mamba process to finish
[collector wcpu4] --once drained 0 checkpoint(s); exiting.
[collector wcpu4] --once drained 0 checkpoint(s); exiting.
[collector wcpu4] --once drained 0 checkpoint(s); exiting.
[collector wcpu4] --once drained 0 checkpoint(s); exiting.
[collector wcpu4] --once drained 0 checkpoint(s); exiting.
[collector wcpu4] --once drained 0 checkpoint(s); exiting.
[collector wcpu4] --once drained 0 checkpoint(s); exiting.
error    libmamba Could not set lock (Resource temporarily unavailable)
warning  libmamba Cannot lock '/home/r.dinnage/.cache/mamba/proc'
    Waiting for other mamba process to finish
[collector wcpu4] --once drained 0 checkpoint(s); exiting.
[collector wcpu4] --once drained 0 checkpoint(s); exiting.
error    libmamba Could not set lock (Resource temporarily unavailable)
warning  libmamba Cannot lock '/home/r.dinnage/.cache/mamba/proc'
    Waiting for other mamba process to finish
[collector wcpu4] --once drained 0 checkpoint(s); exiting.
[collector wcpu4] --once drained 0 checkpoint(s); exiting.
error    libmamba Could not set lock (Resource temporarily unavailable)
warning  libmamba Cannot lock '/home/r.dinnage/.cache/mamba/proc'
    Waiting for other mamba process to finish
[collector wcpu4] --once drained 0 checkpoint(s); exiting.
[collector wcpu4] --once drained 0 checkpoint(s); exiting.
[collector wcpu4] --once drained 0 checkpoint(s); exiting.
[collector wcpu4] --once drained 0 checkpoint(s); exiting.
[collector wcpu4] --once drained 0 checkpoint(s); exiting.
error    libmamba Could not set lock (Resource temporarily unavailable)
warning  libmamba Cannot lock '/home/r.dinnage/.cache/mamba/proc'
    Waiting for other mamba process to finish
[collector wcpu4] --once drained 0 checkpoint(s); exiting.
[collector wcpu4] --once drained 0 checkpoint(s); exiting.
[collector wcpu4] --once drained 0 checkpoint(s); exiting.
[collector wcpu4] --once drained 0 checkpoint(s); exiting.
[collector wcpu4] --once drained 0 checkpoint(s); exiting.
[collector wcpu4] --once drained 0 checkpoint(s); exiting.
[collector wcpu4] --once drained 0 checkpoint(s); exiting.
[collector wcpu4] --once drained 0 checkpoint(s); exiting.
error    libmamba Could not set lock (Resource temporarily unavailable)
warning  libmamba Cannot lock '/home/r.dinnage/.cache/mamba/proc'
    Waiting for other mamba process to finish
[collector wcpu4] --once drained 0 checkpoint(s); exiting.
[collector wcpu4] --once drained 0 checkpoint(s); exiting.
[collector wcpu4] --once drained 0 checkpoint(s); exiting.
[collector wcpu4] --once drained 0 checkpoint(s); exiting.
[collector wcpu4] --once drained 0 checkpoint(s); exiting.
[collector wcpu4] --once drained 0 checkpoint(s); exiting.
[collector wcpu4] --once drained 0 checkpoint(s); exiting.
error    libmamba Could not set lock (Resource temporarily unavailable)
warning  libmamba Cannot lock '/home/r.dinnage/.cache/mamba/proc'
    Waiting for other mamba process to finish
[collector wcpu4] --once drained 0 checkpoint(s); exiting.
[collector wcpu4] --once drained 0 checkpoint(s); exiting.
[collector wcpu4] --once drained 0 checkpoint(s); exiting.
[collector wcpu4] --once drained 0 checkpoint(s); exiting.
[collector wcpu4] --once drained 0 checkpoint(s); exiting.
[collector wcpu4] --once drained 0 checkpoint(s); exiting.
[collector wcpu4] --once drained 0 checkpoint(s); exiting.
[collector wcpu4] --once drained 0 checkpoint(s); exiting.
[collector wcpu4] --once drained 0 checkpoint(s); exiting.
[collector wcpu4] --once drained 0 checkpoint(s); exiting.
[collector wcpu4] --once drained 0 checkpoint(s); exiting.
[collector wcpu4] --once drained 0 checkpoint(s); exiting.
[collector wcpu4] --once drained 0 checkpoint(s); exiting.
[collector wcpu4] --once drained 0 checkpoint(s); exiting.
[collector wcpu4] --once drained 0 checkpoint(s); exiting.
[collector wcpu4] --once drained 0 checkpoint(s); exiting.
[collector wcpu4] --once drained 0 checkpoint(s); exiting.
[collector wcpu4] --once drained 0 checkpoint(s); exiting.
[collector wcpu4] --once drained 0 checkpoint(s); exiting.
error    libmamba Could not set lock (Resource temporarily unavailable)
warning  libmamba Cannot lock '/home/r.dinnage/.cache/mamba/proc'
    Waiting for other mamba process to finish
[collector wcpu4] --once drained 0 checkpoint(s); exiting.
[collector wcpu4] --once drained 0 checkpoint(s); exiting.
[collector wcpu4] --once drained 0 checkpoint(s); exiting.
[collector wcpu4] --once drained 0 checkpoint(s); exiting.
[collector wcpu4] --once drained 0 checkpoint(s); exiting.
[collector wcpu4] --once drained 0 checkpoint(s); exiting.
[collector wcpu4] --once drained 0 checkpoint(s); exiting.
[collector wcpu4] --once drained 0 checkpoint(s); exiting.
error    libmamba Could not set lock (Resource temporarily unavailable)
warning  libmamba Cannot lock '/home/r.dinnage/.cache/mamba/proc'
    Waiting for other mamba process to finish
[collector wcpu4] --once drained 0 checkpoint(s); exiting.
[collector wcpu4] --once drained 0 checkpoint(s); exiting.
[collector wcpu4] --once drained 0 checkpoint(s); exiting.
[collector wcpu4] --once drained 0 checkpoint(s); exiting.
[collector wcpu4] --once drained 0 checkpoint(s); exiting.
[collector wcpu4] --once drained 0 checkpoint(s); exiting.
[collector wcpu4] --once drained 0 checkpoint(s); exiting.
[collector wcpu4] --once drained 0 checkpoint(s); exiting.
error    libmamba Could not set lock (Resource temporarily unavailable)
warning  libmamba Cannot lock '/home/r.dinnage/.cache/mamba/proc'
    Waiting for other mamba process to finish
[collector wcpu4] --once drained 0 checkpoint(s); exiting.
[collector wcpu4] --once drained 0 checkpoint(s); exiting.
[collector wcpu4] --once drained 0 checkpoint(s); exiting.
[collector wcpu4] --once drained 0 checkpoint(s); exiting.
[collector wcpu4] --once drained 0 checkpoint(s); exiting.
[collector wcpu4] --once drained 0 checkpoint(s); exiting.
[collector wcpu4] --once drained 0 checkpoint(s); exiting.
[collector wcpu4] --once drained 0 checkpoint(s); exiting.
[collector wcpu4] --once drained 0 checkpoint(s); exiting.
[collector wcpu4] --once drained 0 checkpoint(s); exiting.
[collector wcpu4] no probe/val CSV (probe_csv=None, val_csv=None); forward/backward blocks skipped for run_id=mae__stable_evo__s42.
[Extractor] block_set='cpu': CPU-only block set ['block_optim', 'block_weights', 'block_trajectory', 'block_circuits'] needs no model forward — skipping probe/Hessian build (no CSV/dataloaders, lower host RAM).
[extract] step=1700 SKIP heavy block block_circuits (ordinal=340 basis=step_fallback heavy_every=8)
[extract] step=1700 heavy=FALSE total=49.67s | block_optim=0.00 block_weights=43.72 block_trajectory=0.53
[collector wcpu4] cpu-pass DONE run_id=mae__stable_evo__s42 step=0 blocks_ok=3 t=49.666s (all_passes_complete=False)
[collector wcpu4] --once drained 1 checkpoint(s); exiting.
[cwcpu4] drained 1 checkpoint(s); looping.
[collector wcpu4] --once drained 0 checkpoint(s); exiting.
[collector wcpu4] --once drained 0 checkpoint(s); exiting.
[collector wcpu4] --once drained 0 checkpoint(s); exiting.
[collector wcpu4] --once drained 0 checkpoint(s); exiting.
[collector wcpu4] --once drained 0 checkpoint(s); exiting.
[collector wcpu4] --once drained 0 checkpoint(s); exiting.
[collector wcpu4] --once drained 0 checkpoint(s); exiting.
[collector wcpu4] --once drained 0 checkpoint(s); exiting.
[collector wcpu4] --once drained 0 checkpoint(s); exiting.
error    libmamba Could not set lock (Resource temporarily unavailable)
warning  libmamba Cannot lock '/home/r.dinnage/.cache/mamba/proc'
    Waiting for other mamba process to finish
[collector wcpu4] --once drained 0 checkpoint(s); exiting.
[collector wcpu4] --once drained 0 checkpoint(s); exiting.
[collector wcpu4] --once drained 0 checkpoint(s); exiting.
[collector wcpu4] --once drained 0 checkpoint(s); exiting.
error    libmamba Could not set lock (Resource temporarily unavailable)
warning  libmamba Cannot lock '/home/r.dinnage/.cache/mamba/proc'
    Waiting for other mamba process to finish
[collector wcpu4] --once drained 0 checkpoint(s); exiting.
[collector wcpu4] --once drained 0 checkpoint(s); exiting.
[collector wcpu4] --once drained 0 checkpoint(s); exiting.
[collector wcpu4] --once drained 0 checkpoint(s); exiting.
error    libmamba Could not set lock (Resource temporarily unavailable)
warning  libmamba Cannot lock '/home/r.dinnage/.cache/mamba/proc'
    Waiting for other mamba process to finish
[collector wcpu4] --once drained 0 checkpoint(s); exiting.
[collector wcpu4] --once drained 0 checkpoint(s); exiting.
[collector wcpu4] --once drained 0 checkpoint(s); exiting.
[collector wcpu4] --once drained 0 checkpoint(s); exiting.
[collector wcpu4] --once drained 0 checkpoint(s); exiting.
error    libmamba Could not set lock (Resource temporarily unavailable)
warning  libmamba Cannot lock '/home/r.dinnage/.cache/mamba/proc'
    Waiting for other mamba process to finish
[collector wcpu4] --once drained 0 checkpoint(s); exiting.
[collector wcpu4] --once drained 0 checkpoint(s); exiting.
[collector wcpu4] --once drained 0 checkpoint(s); exiting.
error    libmamba Could not set lock (Resource temporarily unavailable)
warning  libmamba Cannot lock '/home/r.dinnage/.cache/mamba/proc'
    Waiting for other mamba process to finish
[collector wcpu4] --once drained 0 checkpoint(s); exiting.
[collector wcpu4] --once drained 0 checkpoint(s); exiting.
error    libmamba Could not set lock (Resource temporarily unavailable)
warning  libmamba Cannot lock '/home/r.dinnage/.cache/mamba/proc'
    Waiting for other mamba process to finish
error    libmamba Could not set lock (Resource temporarily unavailable)
warning  libmamba Cannot lock '/home/r.dinnage/.cache/mamba/proc'
    Waiting for other mamba process to finish
[collector wcpu4] --once drained 0 checkpoint(s); exiting.
[collector wcpu4] --once drained 0 checkpoint(s); exiting.
[collector wcpu4] --once drained 0 checkpoint(s); exiting.
error    libmamba Could not set lock (Resource temporarily unavailable)
warning  libmamba Cannot lock '/home/r.dinnage/.cache/mamba/proc'
    Waiting for other mamba process to finish
[collector wcpu4] --once drained 0 checkpoint(s); exiting.
[collector wcpu4] --once drained 0 checkpoint(s); exiting.
[collector wcpu4] --once drained 0 checkpoint(s); exiting.
[collector wcpu4] --once drained 0 checkpoint(s); exiting.
[collector wcpu4] --once drained 0 checkpoint(s); exiting.
[collector wcpu4] --once drained 0 checkpoint(s); exiting.
error    libmamba Could not set lock (Resource temporarily unavailable)
warning  libmamba Cannot lock '/home/r.dinnage/.cache/mamba/proc'
    Waiting for other mamba process to finish
[collector wcpu4] --once drained 0 checkpoint(s); exiting.
[collector wcpu4] --once drained 0 checkpoint(s); exiting.
[collector wcpu4] --once drained 0 checkpoint(s); exiting.
[collector wcpu4] --once drained 0 checkpoint(s); exiting.
error    libmamba Could not set lock (Resource temporarily unavailable)
warning  libmamba Cannot lock '/home/r.dinnage/.cache/mamba/proc'
    Waiting for other mamba process to finish
[collector wcpu4] --once drained 0 checkpoint(s); exiting.
[collector wcpu4] --once drained 0 checkpoint(s); exiting.
[collector wcpu4] --once drained 0 checkpoint(s); exiting.
[collector wcpu4] --once drained 0 checkpoint(s); exiting.
[collector wcpu4] --once drained 0 checkpoint(s); exiting.
[collector wcpu4] --once drained 0 checkpoint(s); exiting.
[collector wcpu4] --once drained 0 checkpoint(s); exiting.
[collector wcpu4] --once drained 0 checkpoint(s); exiting.
[collector wcpu4] --once drained 0 checkpoint(s); exiting.
[collector wcpu4] --once drained 0 checkpoint(s); exiting.
[collector wcpu4] --once drained 0 checkpoint(s); exiting.
[collector wcpu4] --once drained 0 checkpoint(s); exiting.
error    libmamba Could not set lock (Resource temporarily unavailable)
warning  libmamba Cannot lock '/home/r.dinnage/.cache/mamba/proc'
    Waiting for other mamba process to finish
[collector wcpu4] --once drained 0 checkpoint(s); exiting.
[collector wcpu4] --once drained 0 checkpoint(s); exiting.
[collector wcpu4] --once drained 0 checkpoint(s); exiting.
[collector wcpu4] --once drained 0 checkpoint(s); exiting.
error    libmamba Could not set lock (Resource temporarily unavailable)
warning  libmamba Cannot lock '/home/r.dinnage/.cache/mamba/proc'
    Waiting for other mamba process to finish
[collector wcpu4] --once drained 0 checkpoint(s); exiting.
[collector wcpu4] --once drained 0 checkpoint(s); exiting.
[collector wcpu4] --once drained 0 checkpoint(s); exiting.
[collector wcpu4] --once drained 0 checkpoint(s); exiting.
[collector wcpu4] --once drained 0 checkpoint(s); exiting.
[collector wcpu4] --once drained 0 checkpoint(s); exiting.
[collector wcpu4] --once drained 0 checkpoint(s); exiting.
error    libmamba Could not set lock (Resource temporarily unavailable)
warning  libmamba Cannot lock '/home/r.dinnage/.cache/mamba/proc'
    Waiting for other mamba process to finish
[collector wcpu4] --once drained 0 checkpoint(s); exiting.
error    libmamba Could not set lock (Resource temporarily unavailable)
warning  libmamba Cannot lock '/home/r.dinnage/.cache/mamba/proc'
    Waiting for other mamba process to finish
[collector wcpu4] --once drained 0 checkpoint(s); exiting.
[collector wcpu4] --once drained 0 checkpoint(s); exiting.
[collector wcpu4] --once drained 0 checkpoint(s); exiting.
error    libmamba Could not set lock (Resource temporarily unavailable)
warning  libmamba Cannot lock '/home/r.dinnage/.cache/mamba/proc'
    Waiting for other mamba process to finish
[collector wcpu4] --once drained 0 checkpoint(s); exiting.
error    libmamba Could not set lock (Resource temporarily unavailable)
warning  libmamba Cannot lock '/home/r.dinnage/.cache/mamba/proc'
    Waiting for other mamba process to finish
[collector wcpu4] --once drained 0 checkpoint(s); exiting.
[collector wcpu4] --once drained 0 checkpoint(s); exiting.
[collector wcpu4] --once drained 0 checkpoint(s); exiting.
[collector wcpu4] --once drained 0 checkpoint(s); exiting.
[collector wcpu4] --once drained 0 checkpoint(s); exiting.
[collector wcpu4] --once drained 0 checkpoint(s); exiting.
[collector wcpu4] --once drained 0 checkpoint(s); exiting.
[collector wcpu4] --once drained 0 checkpoint(s); exiting.
[collector wcpu4] --once drained 0 checkpoint(s); exiting.
[collector wcpu4] --once drained 0 checkpoint(s); exiting.
error    libmamba Could not set lock (Resource temporarily unavailable)
warning  libmamba Cannot lock '/home/r.dinnage/.cache/mamba/proc'
    Waiting for other mamba process to finish
[collector wcpu4] --once drained 0 checkpoint(s); exiting.
[collector wcpu4] --once drained 0 checkpoint(s); exiting.
[collector wcpu4] --once drained 0 checkpoint(s); exiting.
[collector wcpu4] --once drained 0 checkpoint(s); exiting.
error    libmamba Could not set lock (Resource temporarily unavailable)
warning  libmamba Cannot lock '/home/r.dinnage/.cache/mamba/proc'
    Waiting for other mamba process to finish
[collector wcpu4] --once drained 0 checkpoint(s); exiting.
[collector wcpu4] --once drained 0 checkpoint(s); exiting.
[collector wcpu4] --once drained 0 checkpoint(s); exiting.
[collector wcpu4] --once drained 0 checkpoint(s); exiting.
[collector wcpu4] --once drained 0 checkpoint(s); exiting.
[collector wcpu4] no probe/val CSV (probe_csv=None, val_csv=None); forward/backward blocks skipped for run_id=mae__stable_evo__s42.
[Extractor] block_set='cpu': CPU-only block set ['block_optim', 'block_weights', 'block_trajectory', 'block_circuits'] needs no model forward — skipping probe/Hessian build (no CSV/dataloaders, lower host RAM).
/blue/guralnick/share/r.dinnage/Projects/phenovision/xAI/py/extractor/block_optim.py:258: RuntimeWarning: overflow encountered in cast
  scalars = np.array([lam_max, lam_floor, trace, sum_log, pr, eff_rank, cond, aniso,
[extract] step=1917 SKIP heavy block block_circuits (ordinal=383 basis=step_fallback heavy_every=8)
[extract] step=1917 heavy=FALSE total=178.39s | block_optim=134.96 block_weights=30.10 block_trajectory=0.68
[collector wcpu4] cpu-pass DONE run_id=mae__stable_evo__s42 step=1917 blocks_ok=3 t=178.391s (all_passes_complete=False)
[collector wcpu4] --once drained 1 checkpoint(s); exiting.
[cwcpu4] drained 1 checkpoint(s); looping.
[collector wcpu4] --once drained 0 checkpoint(s); exiting.
[collector wcpu4] --once drained 0 checkpoint(s); exiting.
error    libmamba Could not set lock (Resource temporarily unavailable)
warning  libmamba Cannot lock '/home/r.dinnage/.cache/mamba/proc'
    Waiting for other mamba process to finish
[collector wcpu4] --once drained 0 checkpoint(s); exiting.
[collector wcpu4] --once drained 0 checkpoint(s); exiting.
[collector wcpu4] --once drained 0 checkpoint(s); exiting.
[collector wcpu4] --once drained 0 checkpoint(s); exiting.
[collector wcpu4] --once drained 0 checkpoint(s); exiting.
[collector wcpu4] --once drained 0 checkpoint(s); exiting.
[collector wcpu4] --once drained 0 checkpoint(s); exiting.
[collector wcpu4] --once drained 0 checkpoint(s); exiting.
[collector wcpu4] --once drained 0 checkpoint(s); exiting.
[collector wcpu4] --once drained 0 checkpoint(s); exiting.
[collector wcpu4] --once drained 0 checkpoint(s); exiting.
[collector wcpu4] --once drained 0 checkpoint(s); exiting.
error    libmamba Could not set lock (Resource temporarily unavailable)
warning  libmamba Cannot lock '/home/r.dinnage/.cache/mamba/proc'
    Waiting for other mamba process to finish
[collector wcpu4] --once drained 0 checkpoint(s); exiting.
[collector wcpu4] --once drained 0 checkpoint(s); exiting.
[collector wcpu4] --once drained 0 checkpoint(s); exiting.
[collector wcpu4] --once drained 0 checkpoint(s); exiting.
error    libmamba Could not set lock (Resource temporarily unavailable)
warning  libmamba Cannot lock '/home/r.dinnage/.cache/mamba/proc'
    Waiting for other mamba process to finish
[collector wcpu4] --once drained 0 checkpoint(s); exiting.
[collector wcpu4] --once drained 0 checkpoint(s); exiting.
error    libmamba Could not set lock (Resource temporarily unavailable)
warning  libmamba Cannot lock '/home/r.dinnage/.cache/mamba/proc'
    Waiting for other mamba process to finish
[collector wcpu4] --once drained 0 checkpoint(s); exiting.
[collector wcpu4] --once drained 0 checkpoint(s); exiting.
error    libmamba Could not set lock (Resource temporarily unavailable)
warning  libmamba Cannot lock '/home/r.dinnage/.cache/mamba/proc'
    Waiting for other mamba process to finish
[collector wcpu4] --once drained 0 checkpoint(s); exiting.
[collector wcpu4] --once drained 0 checkpoint(s); exiting.
[collector wcpu4] --once drained 0 checkpoint(s); exiting.
[collector wcpu4] --once drained 0 checkpoint(s); exiting.
error    libmamba Could not set lock (Resource temporarily unavailable)
warning  libmamba Cannot lock '/home/r.dinnage/.cache/mamba/proc'
    Waiting for other mamba process to finish
[collector wcpu4] --once drained 0 checkpoint(s); exiting.
[collector wcpu4] --once drained 0 checkpoint(s); exiting.
[collector wcpu4] --once drained 0 checkpoint(s); exiting.
[collector wcpu4] --once drained 0 checkpoint(s); exiting.
error    libmamba Could not set lock (Resource temporarily unavailable)
warning  libmamba Cannot lock '/home/r.dinnage/.cache/mamba/proc'
    Waiting for other mamba process to finish
[collector wcpu4] --once drained 0 checkpoint(s); exiting.
[collector wcpu4] --once drained 0 checkpoint(s); exiting.
[collector wcpu4] --once drained 0 checkpoint(s); exiting.
[collector wcpu4] --once drained 0 checkpoint(s); exiting.
[collector wcpu4] --once drained 0 checkpoint(s); exiting.
error    libmamba Could not set lock (Resource temporarily unavailable)
warning  libmamba Cannot lock '/home/r.dinnage/.cache/mamba/proc'
    Waiting for other mamba process to finish
[collector wcpu4] --once drained 0 checkpoint(s); exiting.
[collector wcpu4] --once drained 0 checkpoint(s); exiting.
[collector wcpu4] --once drained 0 checkpoint(s); exiting.
[collector wcpu4] --once drained 0 checkpoint(s); exiting.
[collector wcpu4] --once drained 0 checkpoint(s); exiting.
[collector wcpu4] no probe/val CSV (probe_csv=None, val_csv=None); forward/backward blocks skipped for run_id=mae__stable_evo__s42.
[Extractor] block_set='cpu': CPU-only block set ['block_optim', 'block_weights', 'block_trajectory', 'block_circuits'] needs no model forward — skipping probe/Hessian build (no CSV/dataloaders, lower host RAM).
/blue/guralnick/share/r.dinnage/Projects/phenovision/xAI/py/extractor/block_optim.py:258: RuntimeWarning: overflow encountered in cast
  scalars = np.array([lam_max, lam_floor, trace, sum_log, pr, eff_rank, cond, aniso,
[extract] step=2026 SKIP heavy block block_circuits (ordinal=405 basis=step_fallback heavy_every=8)
[extract] step=2026 heavy=FALSE total=172.79s | block_optim=132.24 block_weights=30.23 block_trajectory=0.68
[collector wcpu4] cpu-pass DONE run_id=mae__stable_evo__s42 step=2026 blocks_ok=3 t=172.786s (all_passes_complete=False)
[collector wcpu4] --once drained 1 checkpoint(s); exiting.
[cwcpu4] drained 1 checkpoint(s); looping.
[collector wcpu4] --once drained 0 checkpoint(s); exiting.
[collector wcpu4] --once drained 0 checkpoint(s); exiting.
[collector wcpu4] --once drained 0 checkpoint(s); exiting.
[collector wcpu4] --once drained 0 checkpoint(s); exiting.
[collector wcpu4] --once drained 0 checkpoint(s); exiting.
[collector wcpu4] --once drained 0 checkpoint(s); exiting.
[collector wcpu4] --once drained 0 checkpoint(s); exiting.
[collector wcpu4] no probe/val CSV (probe_csv=None, val_csv=None); forward/backward blocks skipped for run_id=mae__stable_evo__s42.
[Extractor] block_set='cpu': CPU-only block set ['block_optim', 'block_weights', 'block_trajectory', 'block_circuits'] needs no model forward — skipping probe/Hessian build (no CSV/dataloaders, lower host RAM).
/blue/guralnick/share/r.dinnage/Projects/phenovision/xAI/py/extractor/block_optim.py:258: RuntimeWarning: overflow encountered in cast
  scalars = np.array([lam_max, lam_floor, trace, sum_log, pr, eff_rank, cond, aniso,
[extract] step=2062 SKIP heavy block block_circuits (ordinal=412 basis=step_fallback heavy_every=8)
[extract] step=2062 heavy=FALSE total=179.42s | block_optim=138.76 block_weights=30.26 block_trajectory=0.68
[collector wcpu4] cpu-pass DONE run_id=mae__stable_evo__s42 step=2062 blocks_ok=3 t=179.415s (all_passes_complete=False)
[collector wcpu4] --once drained 1 checkpoint(s); exiting.
error    libmamba Could not set lock (Resource temporarily unavailable)
warning  libmamba Cannot lock '/home/r.dinnage/.cache/mamba/proc'
    Waiting for other mamba process to finish
[cwcpu4] drained 1 checkpoint(s); looping.
[collector wcpu4] --once drained 0 checkpoint(s); exiting.
[collector wcpu4] --once drained 0 checkpoint(s); exiting.
[collector wcpu4] --once drained 0 checkpoint(s); exiting.
[collector wcpu4] --once drained 0 checkpoint(s); exiting.
[collector wcpu4] --once drained 0 checkpoint(s); exiting.
[collector wcpu4] --once drained 0 checkpoint(s); exiting.
[collector wcpu4] --once drained 0 checkpoint(s); exiting.
[collector wcpu4] --once drained 0 checkpoint(s); exiting.
[collector wcpu4] --once drained 0 checkpoint(s); exiting.
[collector wcpu4] --once drained 0 checkpoint(s); exiting.
error    libmamba Could not set lock (Resource temporarily unavailable)
warning  libmamba Cannot lock '/home/r.dinnage/.cache/mamba/proc'
    Waiting for other mamba process to finish
[collector wcpu4] --once drained 0 checkpoint(s); exiting.
[collector wcpu4] --once drained 0 checkpoint(s); exiting.
error    libmamba Could not set lock (Resource temporarily unavailable)
warning  libmamba Cannot lock '/home/r.dinnage/.cache/mamba/proc'
    Waiting for other mamba process to finish
[collector wcpu4] --once drained 0 checkpoint(s); exiting.
[collector wcpu4] --once drained 0 checkpoint(s); exiting.
[collector wcpu4] --once drained 0 checkpoint(s); exiting.
[collector wcpu4] --once drained 0 checkpoint(s); exiting.
[collector wcpu4] --once drained 0 checkpoint(s); exiting.
error    libmamba Could not set lock (Resource temporarily unavailable)
warning  libmamba Cannot lock '/home/r.dinnage/.cache/mamba/proc'
    Waiting for other mamba process to finish
[collector wcpu4] --once drained 0 checkpoint(s); exiting.
[collector wcpu4] --once drained 0 checkpoint(s); exiting.
[collector wcpu4] --once drained 0 checkpoint(s); exiting.
[collector wcpu4] --once drained 0 checkpoint(s); exiting.
[collector wcpu4] --once drained 0 checkpoint(s); exiting.
error    libmamba Could not set lock (Resource temporarily unavailable)
warning  libmamba Cannot lock '/home/r.dinnage/.cache/mamba/proc'
    Waiting for other mamba process to finish
[collector wcpu4] --once drained 0 checkpoint(s); exiting.
[collector wcpu4] --once drained 0 checkpoint(s); exiting.
[collector wcpu4] --once drained 0 checkpoint(s); exiting.
[collector wcpu4] --once drained 0 checkpoint(s); exiting.
[collector wcpu4] --once drained 0 checkpoint(s); exiting.
[collector wcpu4] --once drained 0 checkpoint(s); exiting.
[collector wcpu4] --once drained 0 checkpoint(s); exiting.
[collector wcpu4] --once drained 0 checkpoint(s); exiting.
[collector wcpu4] --once drained 0 checkpoint(s); exiting.
[collector wcpu4] --once drained 0 checkpoint(s); exiting.
[collector wcpu4] --once drained 0 checkpoint(s); exiting.
error    libmamba Could not set lock (Resource temporarily unavailable)
warning  libmamba Cannot lock '/home/r.dinnage/.cache/mamba/proc'
    Waiting for other mamba process to finish
[collector wcpu4] --once drained 0 checkpoint(s); exiting.
[collector wcpu4] --once drained 0 checkpoint(s); exiting.
[collector wcpu4] --once drained 0 checkpoint(s); exiting.
[collector wcpu4] --once drained 0 checkpoint(s); exiting.
[collector wcpu4] --once drained 0 checkpoint(s); exiting.
[collector wcpu4] --once drained 0 checkpoint(s); exiting.
[collector wcpu4] --once drained 0 checkpoint(s); exiting.
[collector wcpu4] --once drained 0 checkpoint(s); exiting.
[collector wcpu4] --once drained 0 checkpoint(s); exiting.
[collector wcpu4] --once drained 0 checkpoint(s); exiting.
[collector wcpu4] --once drained 0 checkpoint(s); exiting.
[collector wcpu4] --once drained 0 checkpoint(s); exiting.
[collector wcpu4] --once drained 0 checkpoint(s); exiting.
[collector wcpu4] --once drained 0 checkpoint(s); exiting.
[collector wcpu4] --once drained 0 checkpoint(s); exiting.
[collector wcpu4] --once drained 0 checkpoint(s); exiting.
[collector wcpu4] --once drained 0 checkpoint(s); exiting.
[collector wcpu4] --once drained 0 checkpoint(s); exiting.
[collector wcpu4] --once drained 0 checkpoint(s); exiting.
[collector wcpu4] --once drained 0 checkpoint(s); exiting.
[collector wcpu4] --once drained 0 checkpoint(s); exiting.
[collector wcpu4] --once drained 0 checkpoint(s); exiting.
[collector wcpu4] --once drained 0 checkpoint(s); exiting.
[collector wcpu4] --once drained 0 checkpoint(s); exiting.
error    libmamba Could not set lock (Resource temporarily unavailable)
warning  libmamba Cannot lock '/home/r.dinnage/.cache/mamba/proc'
    Waiting for other mamba process to finish
[collector wcpu4] --once drained 0 checkpoint(s); exiting.
[collector wcpu4] --once drained 0 checkpoint(s); exiting.
[collector wcpu4] --once drained 0 checkpoint(s); exiting.
[collector wcpu4] --once drained 0 checkpoint(s); exiting.
[collector wcpu4] --once drained 0 checkpoint(s); exiting.
[collector wcpu4] --once drained 0 checkpoint(s); exiting.
[collector wcpu4] --once drained 0 checkpoint(s); exiting.
[collector wcpu4] --once drained 0 checkpoint(s); exiting.
error    libmamba Could not set lock (Resource temporarily unavailable)
warning  libmamba Cannot lock '/home/r.dinnage/.cache/mamba/proc'
    Waiting for other mamba process to finish
[collector wcpu4] --once drained 0 checkpoint(s); exiting.
[collector wcpu4] --once drained 0 checkpoint(s); exiting.
[collector wcpu4] --once drained 0 checkpoint(s); exiting.
[collector wcpu4] --once drained 0 checkpoint(s); exiting.
[collector wcpu4] --once drained 0 checkpoint(s); exiting.
error    libmamba Could not set lock (Resource temporarily unavailable)
warning  libmamba Cannot lock '/home/r.dinnage/.cache/mamba/proc'
    Waiting for other mamba process to finish
[collector wcpu4] --once drained 0 checkpoint(s); exiting.
[collector wcpu4] --once drained 0 checkpoint(s); exiting.
[collector wcpu4] --once drained 0 checkpoint(s); exiting.
[collector wcpu4] --once drained 0 checkpoint(s); exiting.
[collector wcpu4] --once drained 0 checkpoint(s); exiting.
[collector wcpu4] no probe/val CSV (probe_csv=None, val_csv=None); forward/backward blocks skipped for run_id=mae__stable_evo__s42.
[Extractor] block_set='cpu': CPU-only block set ['block_optim', 'block_weights', 'block_trajectory', 'block_circuits'] needs no model forward — skipping probe/Hessian build (no CSV/dataloaders, lower host RAM).
/blue/guralnick/share/r.dinnage/Projects/phenovision/xAI/py/extractor/block_optim.py:258: RuntimeWarning: overflow encountered in cast
  scalars = np.array([lam_max, lam_floor, trace, sum_log, pr, eff_rank, cond, aniso,
[extract] step=2254 SKIP heavy block block_circuits (ordinal=450 basis=step_fallback heavy_every=8)
[extract] step=2254 heavy=FALSE total=171.12s | block_optim=127.39 block_weights=32.09 block_trajectory=0.76
[collector wcpu4] cpu-pass DONE run_id=mae__stable_evo__s42 step=2254 blocks_ok=3 t=171.116s (all_passes_complete=False)
[collector wcpu4] --once drained 1 checkpoint(s); exiting.
[cwcpu4] drained 1 checkpoint(s); looping.
[collector wcpu4] --once drained 0 checkpoint(s); exiting.
[collector wcpu4] --once drained 0 checkpoint(s); exiting.
[collector wcpu4] --once drained 0 checkpoint(s); exiting.
warning  libmamba failed to open /home/r.dinnage/.cache/mamba/proc/135313.json
[collector wcpu4] --once drained 0 checkpoint(s); exiting.
[collector wcpu4] --once drained 0 checkpoint(s); exiting.
[collector wcpu4] --once drained 0 checkpoint(s); exiting.
[collector wcpu4] --once drained 0 checkpoint(s); exiting.
[collector wcpu4] --once drained 0 checkpoint(s); exiting.
[collector wcpu4] --once drained 0 checkpoint(s); exiting.
[collector wcpu4] --once drained 0 checkpoint(s); exiting.
[collector wcpu4] --once drained 0 checkpoint(s); exiting.
[collector wcpu4] --once drained 0 checkpoint(s); exiting.
[collector wcpu4] --once drained 0 checkpoint(s); exiting.
[collector wcpu4] --once drained 0 checkpoint(s); exiting.
[collector wcpu4] --once drained 0 checkpoint(s); exiting.
[collector wcpu4] --once drained 0 checkpoint(s); exiting.
[collector wcpu4] --once drained 0 checkpoint(s); exiting.
[collector wcpu4] --once drained 0 checkpoint(s); exiting.
[collector wcpu4] --once drained 0 checkpoint(s); exiting.
error    libmamba Could not set lock (Resource temporarily unavailable)
warning  libmamba Cannot lock '/home/r.dinnage/.cache/mamba/proc'
    Waiting for other mamba process to finish
[collector wcpu4] --once drained 0 checkpoint(s); exiting.
[collector wcpu4] --once drained 0 checkpoint(s); exiting.
[collector wcpu4] --once drained 0 checkpoint(s); exiting.
[collector wcpu4] --once drained 0 checkpoint(s); exiting.
[collector wcpu4] --once drained 0 checkpoint(s); exiting.
[collector wcpu4] --once drained 0 checkpoint(s); exiting.
[collector wcpu4] --once drained 0 checkpoint(s); exiting.
[collector wcpu4] --once drained 0 checkpoint(s); exiting.
[collector wcpu4] --once drained 0 checkpoint(s); exiting.
[collector wcpu4] --once drained 0 checkpoint(s); exiting.
[collector wcpu4] --once drained 0 checkpoint(s); exiting.
[collector wcpu4] --once drained 0 checkpoint(s); exiting.
[collector wcpu4] --once drained 0 checkpoint(s); exiting.
[collector wcpu4] --once drained 0 checkpoint(s); exiting.
[collector wcpu4] --once drained 0 checkpoint(s); exiting.
error    libmamba Could not set lock (Resource temporarily unavailable)
warning  libmamba Cannot lock '/home/r.dinnage/.cache/mamba/proc'
    Waiting for other mamba process to finish
[collector wcpu4] --once drained 0 checkpoint(s); exiting.
[collector wcpu4] --once drained 0 checkpoint(s); exiting.
[collector wcpu4] --once drained 0 checkpoint(s); exiting.
[collector wcpu4] --once drained 0 checkpoint(s); exiting.
error    libmamba Could not set lock (Resource temporarily unavailable)
warning  libmamba Cannot lock '/home/r.dinnage/.cache/mamba/proc'
    Waiting for other mamba process to finish
[collector wcpu4] --once drained 0 checkpoint(s); exiting.
[collector wcpu4] --once drained 0 checkpoint(s); exiting.
[collector wcpu4] --once drained 0 checkpoint(s); exiting.
[collector wcpu4] --once drained 0 checkpoint(s); exiting.
[collector wcpu4] --once drained 0 checkpoint(s); exiting.
[collector wcpu4] --once drained 0 checkpoint(s); exiting.
[collector wcpu4] --once drained 0 checkpoint(s); exiting.
[collector wcpu4] --once drained 0 checkpoint(s); exiting.
[collector wcpu4] --once drained 0 checkpoint(s); exiting.
[collector wcpu4] --once drained 0 checkpoint(s); exiting.
[collector wcpu4] --once drained 0 checkpoint(s); exiting.
[collector wcpu4] --once drained 0 checkpoint(s); exiting.
[collector wcpu4] --once drained 0 checkpoint(s); exiting.
error    libmamba Could not set lock (Resource temporarily unavailable)
warning  libmamba Cannot lock '/home/r.dinnage/.cache/mamba/proc'
    Waiting for other mamba process to finish
[collector wcpu4] --once drained 0 checkpoint(s); exiting.
[collector wcpu4] --once drained 0 checkpoint(s); exiting.
[collector wcpu4] --once drained 0 checkpoint(s); exiting.
[collector wcpu4] --once drained 0 checkpoint(s); exiting.
[collector wcpu4] no probe/val CSV (probe_csv=None, val_csv=None); forward/backward blocks skipped for run_id=mae__stable_evo__s42.
[Extractor] block_set='cpu': CPU-only block set ['block_optim', 'block_weights', 'block_trajectory', 'block_circuits'] needs no model forward — skipping probe/Hessian build (no CSV/dataloaders, lower host RAM).
/blue/guralnick/share/r.dinnage/Projects/phenovision/xAI/py/extractor/block_optim.py:258: RuntimeWarning: overflow encountered in cast
  scalars = np.array([lam_max, lam_floor, trace, sum_log, pr, eff_rank, cond, aniso,
[extract] step=2400 heavy=TRUE total=182.92s | block_optim=131.55 block_weights=32.54 block_trajectory=0.61 block_circuits=6.36
[collector wcpu4] cpu-pass DONE run_id=mae__stable_evo__s42 step=2400 blocks_ok=4 t=182.917s (all_passes_complete=False)
[collector wcpu4] --once drained 1 checkpoint(s); exiting.
[cwcpu4] drained 1 checkpoint(s); looping.
[collector wcpu4] --once drained 0 checkpoint(s); exiting.
[collector wcpu4] --once drained 0 checkpoint(s); exiting.
[collector wcpu4] --once drained 0 checkpoint(s); exiting.
[collector wcpu4] --once drained 0 checkpoint(s); exiting.
[collector wcpu4] --once drained 0 checkpoint(s); exiting.
[collector wcpu4] --once drained 0 checkpoint(s); exiting.
error    libmamba Could not set lock (Resource temporarily unavailable)
warning  libmamba Cannot lock '/home/r.dinnage/.cache/mamba/proc'
    Waiting for other mamba process to finish
error    libmamba Could not set lock (Resource temporarily unavailable)
warning  libmamba Cannot lock '/home/r.dinnage/.cache/mamba/proc'
    Waiting for other mamba process to finish
[collector wcpu4] --once drained 0 checkpoint(s); exiting.
[collector wcpu4] --once drained 0 checkpoint(s); exiting.
[collector wcpu4] --once drained 0 checkpoint(s); exiting.
error    libmamba Could not set lock (Resource temporarily unavailable)
warning  libmamba Cannot lock '/home/r.dinnage/.cache/mamba/proc'
    Waiting for other mamba process to finish
[collector wcpu4] no probe/val CSV (probe_csv=None, val_csv=None); forward/backward blocks skipped for run_id=mae__stable_evo__s42.
[Extractor] block_set='cpu': CPU-only block set ['block_optim', 'block_weights', 'block_trajectory', 'block_circuits'] needs no model forward — skipping probe/Hessian build (no CSV/dataloaders, lower host RAM).
/blue/guralnick/share/r.dinnage/Projects/phenovision/xAI/py/extractor/block_optim.py:258: RuntimeWarning: overflow encountered in cast
  scalars = np.array([lam_max, lam_floor, trace, sum_log, pr, eff_rank, cond, aniso,
[extract] step=2436 SKIP heavy block block_circuits (ordinal=487 basis=step_fallback heavy_every=8)
[extract] step=2436 heavy=FALSE total=171.55s | block_optim=126.53 block_weights=34.18 block_trajectory=0.64
[collector wcpu4] cpu-pass DONE run_id=mae__stable_evo__s42 step=2436 blocks_ok=3 t=171.553s (all_passes_complete=False)
[collector wcpu4] --once drained 1 checkpoint(s); exiting.
[cwcpu4] drained 1 checkpoint(s); looping.
[collector wcpu4] --once drained 0 checkpoint(s); exiting.
[collector wcpu4] --once drained 0 checkpoint(s); exiting.
error    libmamba Could not set lock (Resource temporarily unavailable)
warning  libmamba Cannot lock '/home/r.dinnage/.cache/mamba/proc'
    Waiting for other mamba process to finish
[collector wcpu4] --once drained 0 checkpoint(s); exiting.
[collector wcpu4] --once drained 0 checkpoint(s); exiting.
[collector wcpu4] --once drained 0 checkpoint(s); exiting.
[collector wcpu4] --once drained 0 checkpoint(s); exiting.
[collector wcpu4] --once drained 0 checkpoint(s); exiting.
error    libmamba Could not set lock (Resource temporarily unavailable)
warning  libmamba Cannot lock '/home/r.dinnage/.cache/mamba/proc'
    Waiting for other mamba process to finish
[collector wcpu4] no probe/val CSV (probe_csv=None, val_csv=None); forward/backward blocks skipped for run_id=mae__stable_evo__s42.
[Extractor] block_set='cpu': CPU-only block set ['block_optim', 'block_weights', 'block_trajectory', 'block_circuits'] needs no model forward — skipping probe/Hessian build (no CSV/dataloaders, lower host RAM).
/blue/guralnick/share/r.dinnage/Projects/phenovision/xAI/py/extractor/block_optim.py:258: RuntimeWarning: overflow encountered in cast
  scalars = np.array([lam_max, lam_floor, trace, sum_log, pr, eff_rank, cond, aniso,
[extract] step=2472 SKIP heavy block block_circuits (ordinal=494 basis=step_fallback heavy_every=8)
[extract] step=2472 heavy=FALSE total=171.92s | block_optim=128.40 block_weights=33.44 block_trajectory=0.65
[collector wcpu4] cpu-pass DONE run_id=mae__stable_evo__s42 step=2472 blocks_ok=3 t=171.921s (all_passes_complete=False)
[collector wcpu4] --once drained 1 checkpoint(s); exiting.
error    libmamba Could not set lock (Resource temporarily unavailable)
warning  libmamba Cannot lock '/home/r.dinnage/.cache/mamba/proc'
    Waiting for other mamba process to finish
[cwcpu4] drained 1 checkpoint(s); looping.
[collector wcpu4] --once drained 0 checkpoint(s); exiting.
[collector wcpu4] --once drained 0 checkpoint(s); exiting.
[collector wcpu4] --once drained 0 checkpoint(s); exiting.
[collector wcpu4] --once drained 0 checkpoint(s); exiting.
[collector wcpu4] --once drained 0 checkpoint(s); exiting.
[collector wcpu4] --once drained 0 checkpoint(s); exiting.
[collector wcpu4] --once drained 0 checkpoint(s); exiting.
error    libmamba Could not set lock (Resource temporarily unavailable)
warning  libmamba Cannot lock '/home/r.dinnage/.cache/mamba/proc'
    Waiting for other mamba process to finish
[collector wcpu4] --once drained 0 checkpoint(s); exiting.
[collector wcpu4] --once drained 0 checkpoint(s); exiting.
[collector wcpu4] --once drained 0 checkpoint(s); exiting.
[collector wcpu4] --once drained 0 checkpoint(s); exiting.
[collector wcpu4] --once drained 0 checkpoint(s); exiting.
[collector wcpu4] --once drained 0 checkpoint(s); exiting.
error    libmamba Could not set lock (Resource temporarily unavailable)
warning  libmamba Cannot lock '/home/r.dinnage/.cache/mamba/proc'
    Waiting for other mamba process to finish
[collector wcpu4] --once drained 0 checkpoint(s); exiting.
[collector wcpu4] --once drained 0 checkpoint(s); exiting.
[collector wcpu4] --once drained 0 checkpoint(s); exiting.
[collector wcpu4] --once drained 0 checkpoint(s); exiting.
[collector wcpu4] --once drained 0 checkpoint(s); exiting.
[collector wcpu4] --once drained 0 checkpoint(s); exiting.
[collector wcpu4] no probe/val CSV (probe_csv=None, val_csv=None); forward/backward blocks skipped for run_id=mae__stable_evo__s42.
[Extractor] block_set='cpu': CPU-only block set ['block_optim', 'block_weights', 'block_trajectory', 'block_circuits'] needs no model forward — skipping probe/Hessian build (no CSV/dataloaders, lower host RAM).
/blue/guralnick/share/r.dinnage/Projects/phenovision/xAI/py/extractor/block_optim.py:258: RuntimeWarning: overflow encountered in cast
  scalars = np.array([lam_max, lam_floor, trace, sum_log, pr, eff_rank, cond, aniso,
[extract] step=2532 SKIP heavy block block_circuits (ordinal=506 basis=step_fallback heavy_every=8)
[extract] step=2532 heavy=FALSE total=167.71s | block_optim=123.50 block_weights=32.61 block_trajectory=0.67
[collector wcpu4] cpu-pass DONE run_id=mae__stable_evo__s42 step=2532 blocks_ok=3 t=167.707s (all_passes_complete=False)
[collector wcpu4] --once drained 1 checkpoint(s); exiting.
[cwcpu4] drained 1 checkpoint(s); looping.
[collector wcpu4] --once drained 0 checkpoint(s); exiting.
[collector wcpu4] --once drained 0 checkpoint(s); exiting.
[collector wcpu4] --once drained 0 checkpoint(s); exiting.
[collector wcpu4] --once drained 0 checkpoint(s); exiting.
[collector wcpu4] --once drained 0 checkpoint(s); exiting.
[collector wcpu4] --once drained 0 checkpoint(s); exiting.
[collector wcpu4] --once drained 0 checkpoint(s); exiting.
[collector wcpu4] --once drained 0 checkpoint(s); exiting.
[collector wcpu4] --once drained 0 checkpoint(s); exiting.
[collector wcpu4] --once drained 0 checkpoint(s); exiting.
[collector wcpu4] --once drained 0 checkpoint(s); exiting.
[collector wcpu4] --once drained 0 checkpoint(s); exiting.
[collector wcpu4] --once drained 0 checkpoint(s); exiting.
[collector wcpu4] --once drained 0 checkpoint(s); exiting.
[collector wcpu4] --once drained 0 checkpoint(s); exiting.
[collector wcpu4] --once drained 0 checkpoint(s); exiting.
[collector wcpu4] --once drained 0 checkpoint(s); exiting.
[collector wcpu4] --once drained 0 checkpoint(s); exiting.
error    libmamba Could not set lock (Resource temporarily unavailable)
warning  libmamba Cannot lock '/home/r.dinnage/.cache/mamba/proc'
    Waiting for other mamba process to finish
[collector wcpu4] no probe/val CSV (probe_csv=None, val_csv=None); forward/backward blocks skipped for run_id=mae__stable_evo__s42.
[Extractor] block_set='cpu': CPU-only block set ['block_optim', 'block_weights', 'block_trajectory', 'block_circuits'] needs no model forward — skipping probe/Hessian build (no CSV/dataloaders, lower host RAM).
/blue/guralnick/share/r.dinnage/Projects/phenovision/xAI/py/extractor/block_optim.py:258: RuntimeWarning: overflow encountered in cast
  scalars = np.array([lam_max, lam_floor, trace, sum_log, pr, eff_rank, cond, aniso,
[extract] step=2594 SKIP heavy block block_circuits (ordinal=518 basis=step_fallback heavy_every=8)
[extract] step=2594 heavy=FALSE total=178.89s | block_optim=137.28 block_weights=30.64 block_trajectory=0.73
[collector wcpu4] cpu-pass DONE run_id=mae__stable_evo__s42 step=2594 blocks_ok=3 t=178.887s (all_passes_complete=False)
[collector wcpu4] --once drained 1 checkpoint(s); exiting.
[cwcpu4] drained 1 checkpoint(s); looping.
[collector wcpu4] --once drained 0 checkpoint(s); exiting.
[collector wcpu4] --once drained 0 checkpoint(s); exiting.
[collector wcpu4] --once drained 0 checkpoint(s); exiting.
[collector wcpu4] --once drained 0 checkpoint(s); exiting.
[collector wcpu4] --once drained 0 checkpoint(s); exiting.
[collector wcpu4] --once drained 0 checkpoint(s); exiting.
error    libmamba Could not set lock (Resource temporarily unavailable)
warning  libmamba Cannot lock '/home/r.dinnage/.cache/mamba/proc'
    Waiting for other mamba process to finish
[collector wcpu4] --once drained 0 checkpoint(s); exiting.
error    libmamba Could not set lock (Resource temporarily unavailable)
warning  libmamba Cannot lock '/home/r.dinnage/.cache/mamba/proc'
    Waiting for other mamba process to finish
[collector wcpu4] --once drained 0 checkpoint(s); exiting.
error    libmamba Could not set lock (Resource temporarily unavailable)
warning  libmamba Cannot lock '/home/r.dinnage/.cache/mamba/proc'
    Waiting for other mamba process to finish
[collector wcpu4] --once drained 0 checkpoint(s); exiting.
error    libmamba Could not set lock (Resource temporarily unavailable)
warning  libmamba Cannot lock '/home/r.dinnage/.cache/mamba/proc'
    Waiting for other mamba process to finish
[collector wcpu4] --once drained 0 checkpoint(s); exiting.
[collector wcpu4] --once drained 0 checkpoint(s); exiting.
[collector wcpu4] --once drained 0 checkpoint(s); exiting.
[collector wcpu4] --once drained 0 checkpoint(s); exiting.
error    libmamba Could not set lock (Resource temporarily unavailable)
warning  libmamba Cannot lock '/home/r.dinnage/.cache/mamba/proc'
    Waiting for other mamba process to finish
[collector wcpu4] --once drained 0 checkpoint(s); exiting.
error    libmamba Could not set lock (Resource temporarily unavailable)
warning  libmamba Cannot lock '/home/r.dinnage/.cache/mamba/proc'
    Waiting for other mamba process to finish
[collector wcpu4] --once drained 0 checkpoint(s); exiting.
[collector wcpu4] --once drained 0 checkpoint(s); exiting.
[collector wcpu4] --once drained 0 checkpoint(s); exiting.
error    libmamba Could not set lock (Resource temporarily unavailable)
warning  libmamba Cannot lock '/home/r.dinnage/.cache/mamba/proc'
    Waiting for other mamba process to finish
[collector wcpu4] --once drained 0 checkpoint(s); exiting.
error    libmamba Could not set lock (Resource temporarily unavailable)
warning  libmamba Cannot lock '/home/r.dinnage/.cache/mamba/proc'
    Waiting for other mamba process to finish
[collector wcpu4] --once drained 0 checkpoint(s); exiting.
[collector wcpu4] no probe/val CSV (probe_csv=None, val_csv=None); forward/backward blocks skipped for run_id=mae__stable_evo__s42.
[Extractor] block_set='cpu': CPU-only block set ['block_optim', 'block_weights', 'block_trajectory', 'block_circuits'] needs no model forward — skipping probe/Hessian build (no CSV/dataloaders, lower host RAM).
/blue/guralnick/share/r.dinnage/Projects/phenovision/xAI/py/extractor/block_optim.py:258: RuntimeWarning: overflow encountered in cast
  scalars = np.array([lam_max, lam_floor, trace, sum_log, pr, eff_rank, cond, aniso,
[extract] step=2654 SKIP heavy block block_circuits (ordinal=530 basis=step_fallback heavy_every=8)
[extract] step=2654 heavy=FALSE total=174.97s | block_optim=133.50 block_weights=30.14 block_trajectory=0.63
[collector wcpu4] cpu-pass DONE run_id=mae__stable_evo__s42 step=2654 blocks_ok=3 t=174.971s (all_passes_complete=False)
[collector wcpu4] --once drained 1 checkpoint(s); exiting.
[cwcpu4] drained 1 checkpoint(s); looping.
[collector wcpu4] --once drained 0 checkpoint(s); exiting.
[collector wcpu4] --once drained 0 checkpoint(s); exiting.
[collector wcpu4] --once drained 0 checkpoint(s); exiting.
error    libmamba Could not set lock (Resource temporarily unavailable)
warning  libmamba Cannot lock '/home/r.dinnage/.cache/mamba/proc'
    Waiting for other mamba process to finish
[collector wcpu4] --once drained 0 checkpoint(s); exiting.
[collector wcpu4] --once drained 0 checkpoint(s); exiting.
error    libmamba Could not set lock (Resource temporarily unavailable)
warning  libmamba Cannot lock '/home/r.dinnage/.cache/mamba/proc'
    Waiting for other mamba process to finish
[collector wcpu4] --once drained 0 checkpoint(s); exiting.
[collector wcpu4] --once drained 0 checkpoint(s); exiting.
[collector wcpu4] --once drained 0 checkpoint(s); exiting.
[collector wcpu4] --once drained 0 checkpoint(s); exiting.
[collector wcpu4] --once drained 0 checkpoint(s); exiting.
error    libmamba Could not set lock (Resource temporarily unavailable)
warning  libmamba Cannot lock '/home/r.dinnage/.cache/mamba/proc'
    Waiting for other mamba process to finish
[collector wcpu4] --once drained 0 checkpoint(s); exiting.
[collector wcpu4] --once drained 0 checkpoint(s); exiting.
[collector wcpu4] --once drained 0 checkpoint(s); exiting.
[collector wcpu4] --once drained 0 checkpoint(s); exiting.
[collector wcpu4] --once drained 0 checkpoint(s); exiting.
[collector wcpu4] --once drained 0 checkpoint(s); exiting.
[collector wcpu4] --once drained 0 checkpoint(s); exiting.
[collector wcpu4] --once drained 0 checkpoint(s); exiting.
[collector wcpu4] --once drained 0 checkpoint(s); exiting.
[collector wcpu4] --once drained 0 checkpoint(s); exiting.
[collector wcpu4] --once drained 0 checkpoint(s); exiting.
[collector wcpu4] --once drained 0 checkpoint(s); exiting.
[collector wcpu4] --once drained 0 checkpoint(s); exiting.
[collector wcpu4] --once drained 0 checkpoint(s); exiting.
error    libmamba Could not set lock (Resource temporarily unavailable)
warning  libmamba Cannot lock '/home/r.dinnage/.cache/mamba/proc'
    Waiting for other mamba process to finish
[collector wcpu4] --once drained 0 checkpoint(s); exiting.
error    libmamba Could not set lock (Resource temporarily unavailable)
warning  libmamba Cannot lock '/home/r.dinnage/.cache/mamba/proc'
    Waiting for other mamba process to finish
[collector wcpu4] --once drained 0 checkpoint(s); exiting.
[collector wcpu4] --once drained 0 checkpoint(s); exiting.
[collector wcpu4] --once drained 0 checkpoint(s); exiting.
error    libmamba Could not set lock (Resource temporarily unavailable)
warning  libmamba Cannot lock '/home/r.dinnage/.cache/mamba/proc'
    Waiting for other mamba process to finish
[collector wcpu4] --once drained 0 checkpoint(s); exiting.
[collector wcpu4] --once drained 0 checkpoint(s); exiting.
error    libmamba Could not set lock (Resource temporarily unavailable)
warning  libmamba Cannot lock '/home/r.dinnage/.cache/mamba/proc'
    Waiting for other mamba process to finish
[collector wcpu4] --once drained 0 checkpoint(s); exiting.
[collector wcpu4] --once drained 0 checkpoint(s); exiting.
[collector wcpu4] --once drained 0 checkpoint(s); exiting.
[collector wcpu4] --once drained 0 checkpoint(s); exiting.
[collector wcpu4] --once drained 0 checkpoint(s); exiting.
[collector wcpu4] --once drained 0 checkpoint(s); exiting.
[collector wcpu4] --once drained 0 checkpoint(s); exiting.
[collector wcpu4] --once drained 0 checkpoint(s); exiting.
[collector wcpu4] --once drained 0 checkpoint(s); exiting.
[collector wcpu4] --once drained 0 checkpoint(s); exiting.
[collector wcpu4] --once drained 0 checkpoint(s); exiting.
[collector wcpu4] --once drained 0 checkpoint(s); exiting.
[collector wcpu4] --once drained 0 checkpoint(s); exiting.
[collector wcpu4] --once drained 0 checkpoint(s); exiting.
[collector wcpu4] --once drained 0 checkpoint(s); exiting.
[collector wcpu4] --once drained 0 checkpoint(s); exiting.
[collector wcpu4] --once drained 0 checkpoint(s); exiting.
[collector wcpu4] --once drained 0 checkpoint(s); exiting.
[collector wcpu4] --once drained 0 checkpoint(s); exiting.
[collector wcpu4] --once drained 0 checkpoint(s); exiting.
[collector wcpu4] --once drained 0 checkpoint(s); exiting.
[collector wcpu4] --once drained 0 checkpoint(s); exiting.
[collector wcpu4] --once drained 0 checkpoint(s); exiting.
[collector wcpu4] --once drained 0 checkpoint(s); exiting.
[collector wcpu4] --once drained 0 checkpoint(s); exiting.
[collector wcpu4] --once drained 0 checkpoint(s); exiting.
error    libmamba Could not set lock (Resource temporarily unavailable)
warning  libmamba Cannot lock '/home/r.dinnage/.cache/mamba/proc'
    Waiting for other mamba process to finish
[collector wcpu4] --once drained 0 checkpoint(s); exiting.
[collector wcpu4] --once drained 0 checkpoint(s); exiting.
[collector wcpu4] --once drained 0 checkpoint(s); exiting.
[collector wcpu4] --once drained 0 checkpoint(s); exiting.
[collector wcpu4] --once drained 0 checkpoint(s); exiting.
[collector wcpu4] --once drained 0 checkpoint(s); exiting.
[collector wcpu4] --once drained 0 checkpoint(s); exiting.
[collector wcpu4] --once drained 0 checkpoint(s); exiting.
[collector wcpu4] --once drained 0 checkpoint(s); exiting.
[collector wcpu4] --once drained 0 checkpoint(s); exiting.
[collector wcpu4] --once drained 0 checkpoint(s); exiting.
[collector wcpu4] --once drained 0 checkpoint(s); exiting.
[collector wcpu4] --once drained 0 checkpoint(s); exiting.
[collector wcpu4] --once drained 0 checkpoint(s); exiting.
[collector wcpu4] --once drained 0 checkpoint(s); exiting.
[collector wcpu4] --once drained 0 checkpoint(s); exiting.
[collector wcpu4] --once drained 0 checkpoint(s); exiting.
[collector wcpu4] --once drained 0 checkpoint(s); exiting.
[collector wcpu4] --once drained 0 checkpoint(s); exiting.
[collector wcpu4] --once drained 0 checkpoint(s); exiting.
[collector wcpu4] --once drained 0 checkpoint(s); exiting.
[collector wcpu4] --once drained 0 checkpoint(s); exiting.
[collector wcpu4] --once drained 0 checkpoint(s); exiting.
[collector wcpu4] --once drained 0 checkpoint(s); exiting.
[collector wcpu4] --once drained 0 checkpoint(s); exiting.
[collector wcpu4] --once drained 0 checkpoint(s); exiting.
[collector wcpu4] --once drained 0 checkpoint(s); exiting.
[collector wcpu4] --once drained 0 checkpoint(s); exiting.
[collector wcpu4] --once drained 0 checkpoint(s); exiting.
[collector wcpu4] --once drained 0 checkpoint(s); exiting.
[collector wcpu4] --once drained 0 checkpoint(s); exiting.
[collector wcpu4] --once drained 0 checkpoint(s); exiting.
[collector wcpu4] --once drained 0 checkpoint(s); exiting.
error    libmamba Could not set lock (Resource temporarily unavailable)
warning  libmamba Cannot lock '/home/r.dinnage/.cache/mamba/proc'
    Waiting for other mamba process to finish
error    libmamba Could not set lock (Resource temporarily unavailable)
warning  libmamba Cannot lock '/home/r.dinnage/.cache/mamba/proc'
    Waiting for other mamba process to finish
[collector wcpu4] --once drained 0 checkpoint(s); exiting.
[collector wcpu4] --once drained 0 checkpoint(s); exiting.
[collector wcpu4] --once drained 0 checkpoint(s); exiting.
[collector wcpu4] --once drained 0 checkpoint(s); exiting.
error    libmamba Could not set lock (Resource temporarily unavailable)
warning  libmamba Cannot lock '/home/r.dinnage/.cache/mamba/proc'
    Waiting for other mamba process to finish
[collector wcpu4] --once drained 0 checkpoint(s); exiting.
error    libmamba Could not set lock (Resource temporarily unavailable)
warning  libmamba Cannot lock '/home/r.dinnage/.cache/mamba/proc'
    Waiting for other mamba process to finish
[collector wcpu4] no probe/val CSV (probe_csv=None, val_csv=None); forward/backward blocks skipped for run_id=mae__stable_evo__s42.
[Extractor] block_set='cpu': CPU-only block set ['block_optim', 'block_weights', 'block_trajectory', 'block_circuits'] needs no model forward — skipping probe/Hessian build (no CSV/dataloaders, lower host RAM).
/blue/guralnick/share/r.dinnage/Projects/phenovision/xAI/py/extractor/block_optim.py:258: RuntimeWarning: overflow encountered in cast
  scalars = np.array([lam_max, lam_floor, trace, sum_log, pr, eff_rank, cond, aniso,
[extract] step=2884 heavy=TRUE total=173.89s | block_optim=127.54 block_weights=31.18 block_trajectory=0.65 block_circuits=4.32
[collector wcpu4] cpu-pass DONE run_id=mae__stable_evo__s42 step=2884 blocks_ok=4 t=173.889s (all_passes_complete=False)
[collector wcpu4] --once drained 1 checkpoint(s); exiting.
[cwcpu4] drained 1 checkpoint(s); looping.
[collector wcpu4] --once drained 0 checkpoint(s); exiting.
error    libmamba Could not set lock (Resource temporarily unavailable)
warning  libmamba Cannot lock '/home/r.dinnage/.cache/mamba/proc'
    Waiting for other mamba process to finish
[collector wcpu4] --once drained 0 checkpoint(s); exiting.
[collector wcpu4] --once drained 0 checkpoint(s); exiting.
[collector wcpu4] --once drained 0 checkpoint(s); exiting.
[collector wcpu4] --once drained 0 checkpoint(s); exiting.
error    libmamba Could not set lock (Resource temporarily unavailable)
warning  libmamba Cannot lock '/home/r.dinnage/.cache/mamba/proc'
    Waiting for other mamba process to finish
[collector wcpu4] --once drained 0 checkpoint(s); exiting.
[collector wcpu4] --once drained 0 checkpoint(s); exiting.
[collector wcpu4] --once drained 0 checkpoint(s); exiting.
[collector wcpu4] --once drained 0 checkpoint(s); exiting.
[collector wcpu4] no probe/val CSV (probe_csv=None, val_csv=None); forward/backward blocks skipped for run_id=mae__stable_evo__s42.
[Extractor] block_set='cpu': CPU-only block set ['block_optim', 'block_weights', 'block_trajectory', 'block_circuits'] needs no model forward — skipping probe/Hessian build (no CSV/dataloaders, lower host RAM).
/blue/guralnick/share/r.dinnage/Projects/phenovision/xAI/py/extractor/block_optim.py:258: RuntimeWarning: overflow encountered in cast
  scalars = np.array([lam_max, lam_floor, trace, sum_log, pr, eff_rank, cond, aniso,
[extract] step=2920 heavy=TRUE total=178.77s | block_optim=132.01 block_weights=31.46 block_trajectory=0.70 block_circuits=4.12
[collector wcpu4] cpu-pass DONE run_id=mae__stable_evo__s42 step=2920 blocks_ok=4 t=178.765s (all_passes_complete=False)
[collector wcpu4] --once drained 1 checkpoint(s); exiting.
[cwcpu4] drained 1 checkpoint(s); looping.
[collector wcpu4] --once drained 0 checkpoint(s); exiting.
[collector wcpu4] --once drained 0 checkpoint(s); exiting.
[collector wcpu4] no probe/val CSV (probe_csv=None, val_csv=None); forward/backward blocks skipped for run_id=mae__stable_evo__s42.
[Extractor] block_set='cpu': CPU-only block set ['block_optim', 'block_weights', 'block_trajectory', 'block_circuits'] needs no model forward — skipping probe/Hessian build (no CSV/dataloaders, lower host RAM).
/blue/guralnick/share/r.dinnage/Projects/phenovision/xAI/py/extractor/block_optim.py:258: RuntimeWarning: overflow encountered in cast
  scalars = np.array([lam_max, lam_floor, trace, sum_log, pr, eff_rank, cond, aniso,
[extract] step=2944 SKIP heavy block block_circuits (ordinal=588 basis=step_fallback heavy_every=8)
[extract] step=2944 heavy=FALSE total=167.49s | block_optim=125.12 block_weights=32.83 block_trajectory=0.62
[collector wcpu4] cpu-pass DONE run_id=mae__stable_evo__s42 step=2944 blocks_ok=3 t=167.491s (all_passes_complete=False)
[collector wcpu4] --once drained 1 checkpoint(s); exiting.
[cwcpu4] drained 1 checkpoint(s); looping.
[collector wcpu4] --once drained 0 checkpoint(s); exiting.
[collector wcpu4] --once drained 0 checkpoint(s); exiting.
[collector wcpu4] --once drained 0 checkpoint(s); exiting.
[collector wcpu4] --once drained 0 checkpoint(s); exiting.
[collector wcpu4] --once drained 0 checkpoint(s); exiting.
[collector wcpu4] --once drained 0 checkpoint(s); exiting.
[collector wcpu4] --once drained 0 checkpoint(s); exiting.
error    libmamba Could not set lock (Resource temporarily unavailable)
warning  libmamba Cannot lock '/home/r.dinnage/.cache/mamba/proc'
    Waiting for other mamba process to finish
[collector wcpu4] --once drained 0 checkpoint(s); exiting.
[collector wcpu4] --once drained 0 checkpoint(s); exiting.
error    libmamba Could not set lock (Resource temporarily unavailable)
warning  libmamba Cannot lock '/home/r.dinnage/.cache/mamba/proc'
    Waiting for other mamba process to finish
[collector wcpu4] --once drained 0 checkpoint(s); exiting.
[collector wcpu4] --once drained 0 checkpoint(s); exiting.
error    libmamba Could not set lock (Resource temporarily unavailable)
warning  libmamba Cannot lock '/home/r.dinnage/.cache/mamba/proc'
    Waiting for other mamba process to finish
[collector wcpu4] --once drained 0 checkpoint(s); exiting.
[collector wcpu4] --once drained 0 checkpoint(s); exiting.
[collector wcpu4] --once drained 0 checkpoint(s); exiting.
[collector wcpu4] --once drained 0 checkpoint(s); exiting.
[collector wcpu4] --once drained 0 checkpoint(s); exiting.
[collector wcpu4] --once drained 0 checkpoint(s); exiting.
[collector wcpu4] --once drained 0 checkpoint(s); exiting.
[collector wcpu4] --once drained 0 checkpoint(s); exiting.
[collector wcpu4] --once drained 0 checkpoint(s); exiting.
[collector wcpu4] --once drained 0 checkpoint(s); exiting.
[collector wcpu4] --once drained 0 checkpoint(s); exiting.
[collector wcpu4] --once drained 0 checkpoint(s); exiting.
[collector wcpu4] --once drained 0 checkpoint(s); exiting.
[collector wcpu4] --once drained 0 checkpoint(s); exiting.
[collector wcpu4] --once drained 0 checkpoint(s); exiting.
[collector wcpu4] --once drained 0 checkpoint(s); exiting.
[collector wcpu4] --once drained 0 checkpoint(s); exiting.
error    libmamba Could not set lock (Resource temporarily unavailable)
warning  libmamba Cannot lock '/home/r.dinnage/.cache/mamba/proc'
    Waiting for other mamba process to finish
[collector wcpu4] --once drained 0 checkpoint(s); exiting.
[collector wcpu4] --once drained 0 checkpoint(s); exiting.
error    libmamba Could not set lock (Resource temporarily unavailable)
warning  libmamba Cannot lock '/home/r.dinnage/.cache/mamba/proc'
    Waiting for other mamba process to finish
[collector wcpu4] --once drained 0 checkpoint(s); exiting.
[collector wcpu4] --once drained 0 checkpoint(s); exiting.
[collector wcpu4] --once drained 0 checkpoint(s); exiting.
[collector wcpu4] --once drained 0 checkpoint(s); exiting.
[collector wcpu4] --once drained 0 checkpoint(s); exiting.
error    libmamba Could not set lock (Resource temporarily unavailable)
warning  libmamba Cannot lock '/home/r.dinnage/.cache/mamba/proc'
    Waiting for other mamba process to finish
[collector wcpu4] --once drained 0 checkpoint(s); exiting.
error    libmamba Could not set lock (Resource temporarily unavailable)
warning  libmamba Cannot lock '/home/r.dinnage/.cache/mamba/proc'
    Waiting for other mamba process to finish
[collector wcpu4] --once drained 0 checkpoint(s); exiting.
error    libmamba Could not set lock (Resource temporarily unavailable)
warning  libmamba Cannot lock '/home/r.dinnage/.cache/mamba/proc'
    Waiting for other mamba process to finish
[collector wcpu4] --once drained 0 checkpoint(s); exiting.
error    libmamba Could not set lock (Resource temporarily unavailable)
warning  libmamba Cannot lock '/home/r.dinnage/.cache/mamba/proc'
    Waiting for other mamba process to finish
[collector wcpu4] --once drained 0 checkpoint(s); exiting.
[collector wcpu4] --once drained 0 checkpoint(s); exiting.
[collector wcpu4] --once drained 0 checkpoint(s); exiting.
[collector wcpu4] --once drained 0 checkpoint(s); exiting.
[collector wcpu4] --once drained 0 checkpoint(s); exiting.
[collector wcpu4] --once drained 0 checkpoint(s); exiting.
[collector wcpu4] --once drained 0 checkpoint(s); exiting.
error    libmamba Could not set lock (Resource temporarily unavailable)
warning  libmamba Cannot lock '/home/r.dinnage/.cache/mamba/proc'
    Waiting for other mamba process to finish
[collector wcpu4] --once drained 0 checkpoint(s); exiting.
[collector wcpu4] --once drained 0 checkpoint(s); exiting.
error    libmamba Could not set lock (Resource temporarily unavailable)
warning  libmamba Cannot lock '/home/r.dinnage/.cache/mamba/proc'
    Waiting for other mamba process to finish
[collector wcpu4] --once drained 0 checkpoint(s); exiting.
[collector wcpu4] --once drained 0 checkpoint(s); exiting.
[collector wcpu4] --once drained 0 checkpoint(s); exiting.
[collector wcpu4] --once drained 0 checkpoint(s); exiting.
[collector wcpu4] --once drained 0 checkpoint(s); exiting.
[collector wcpu4] --once drained 0 checkpoint(s); exiting.
error    libmamba Could not set lock (Resource temporarily unavailable)
warning  libmamba Cannot lock '/home/r.dinnage/.cache/mamba/proc'
    Waiting for other mamba process to finish
[collector wcpu4] --once drained 0 checkpoint(s); exiting.
[collector wcpu4] --once drained 0 checkpoint(s); exiting.
[collector wcpu4] --once drained 0 checkpoint(s); exiting.
[collector wcpu4] no probe/val CSV (probe_csv=None, val_csv=None); forward/backward blocks skipped for run_id=mae__stable_evo__s42.
[Extractor] block_set='cpu': CPU-only block set ['block_optim', 'block_weights', 'block_trajectory', 'block_circuits'] needs no model forward — skipping probe/Hessian build (no CSV/dataloaders, lower host RAM).
/blue/guralnick/share/r.dinnage/Projects/phenovision/xAI/py/extractor/block_optim.py:258: RuntimeWarning: overflow encountered in cast
  scalars = np.array([lam_max, lam_floor, trace, sum_log, pr, eff_rank, cond, aniso,
[extract] step=3090 SKIP heavy block block_circuits (ordinal=618 basis=step_fallback heavy_every=8)
[extract] step=3090 heavy=FALSE total=171.43s | block_optim=129.25 block_weights=31.83 block_trajectory=0.74
[collector wcpu4] cpu-pass DONE run_id=mae__stable_evo__s42 step=3090 blocks_ok=3 t=171.43s (all_passes_complete=False)
/blue/guralnick/share/r.dinnage/Projects/phenovision/xAI/py/extractor/block_optim.py:258: RuntimeWarning: overflow encountered in cast
  scalars = np.array([lam_max, lam_floor, trace, sum_log, pr, eff_rank, cond, aniso,
[extract] step=3102 SKIP heavy block block_circuits (ordinal=620 basis=step_fallback heavy_every=8)
[extract] step=3102 heavy=FALSE total=166.16s | block_optim=126.30 block_weights=30.02 block_trajectory=0.57
[collector wcpu4] cpu-pass DONE run_id=mae__stable_evo__s42 step=3102 blocks_ok=3 t=166.165s (all_passes_complete=False)
[collector wcpu4] --once drained 2 checkpoint(s); exiting.
[cwcpu4] drained 2 checkpoint(s); looping.
[collector wcpu4] --once drained 0 checkpoint(s); exiting.
[collector wcpu4] --once drained 0 checkpoint(s); exiting.
[collector wcpu4] --once drained 0 checkpoint(s); exiting.
error    libmamba Could not set lock (Resource temporarily unavailable)
warning  libmamba Cannot lock '/home/r.dinnage/.cache/mamba/proc'
    Waiting for other mamba process to finish
[collector wcpu4] --once drained 0 checkpoint(s); exiting.
[collector wcpu4] --once drained 0 checkpoint(s); exiting.
[collector wcpu4] --once drained 0 checkpoint(s); exiting.
[collector wcpu4] --once drained 0 checkpoint(s); exiting.
[collector wcpu4] --once drained 0 checkpoint(s); exiting.
[collector wcpu4] --once drained 0 checkpoint(s); exiting.
[collector wcpu4] --once drained 0 checkpoint(s); exiting.
[collector wcpu4] --once drained 0 checkpoint(s); exiting.
[collector wcpu4] --once drained 0 checkpoint(s); exiting.
[collector wcpu4] --once drained 0 checkpoint(s); exiting.
[collector wcpu4] --once drained 0 checkpoint(s); exiting.
[collector wcpu4] --once drained 0 checkpoint(s); exiting.
[collector wcpu4] --once drained 0 checkpoint(s); exiting.
[collector wcpu4] --once drained 0 checkpoint(s); exiting.
[collector wcpu4] no probe/val CSV (probe_csv=None, val_csv=None); forward/backward blocks skipped for run_id=mae__stable_evo__s42.
[Extractor] block_set='cpu': CPU-only block set ['block_optim', 'block_weights', 'block_trajectory', 'block_circuits'] needs no model forward — skipping probe/Hessian build (no CSV/dataloaders, lower host RAM).
/blue/guralnick/share/r.dinnage/Projects/phenovision/xAI/py/extractor/block_optim.py:258: RuntimeWarning: overflow encountered in cast
  scalars = np.array([lam_max, lam_floor, trace, sum_log, pr, eff_rank, cond, aniso,
[extract] step=3162 heavy=TRUE total=191.17s | block_optim=137.17 block_weights=36.18 block_trajectory=0.73 block_circuits=5.96
[collector wcpu4] cpu-pass DONE run_id=mae__stable_evo__s42 step=3162 blocks_ok=4 t=191.167s (all_passes_complete=False)
[collector wcpu4] --once drained 1 checkpoint(s); exiting.
error    libmamba Could not set lock (Resource temporarily unavailable)
warning  libmamba Cannot lock '/home/r.dinnage/.cache/mamba/proc'
    Waiting for other mamba process to finish
[cwcpu4] drained 1 checkpoint(s); looping.
[collector wcpu4] --once drained 0 checkpoint(s); exiting.
error    libmamba Could not set lock (Resource temporarily unavailable)
warning  libmamba Cannot lock '/home/r.dinnage/.cache/mamba/proc'
    Waiting for other mamba process to finish
[collector wcpu4] --once drained 0 checkpoint(s); exiting.
[collector wcpu4] --once drained 0 checkpoint(s); exiting.
[collector wcpu4] --once drained 0 checkpoint(s); exiting.
[collector wcpu4] --once drained 0 checkpoint(s); exiting.
error    libmamba Could not set lock (Resource temporarily unavailable)
warning  libmamba Cannot lock '/home/r.dinnage/.cache/mamba/proc'
    Waiting for other mamba process to finish
[collector wcpu4] --once drained 0 checkpoint(s); exiting.
[collector wcpu4] --once drained 0 checkpoint(s); exiting.
[collector wcpu4] --once drained 0 checkpoint(s); exiting.
[collector wcpu4] --once drained 0 checkpoint(s); exiting.
[collector wcpu4] --once drained 0 checkpoint(s); exiting.
[collector wcpu4] --once drained 0 checkpoint(s); exiting.
[collector wcpu4] --once drained 0 checkpoint(s); exiting.
[collector wcpu4] --once drained 0 checkpoint(s); exiting.
[collector wcpu4] no probe/val CSV (probe_csv=None, val_csv=None); forward/backward blocks skipped for run_id=mae__stable_evo__s42.
[Extractor] block_set='cpu': CPU-only block set ['block_optim', 'block_weights', 'block_trajectory', 'block_circuits'] needs no model forward — skipping probe/Hessian build (no CSV/dataloaders, lower host RAM).
/blue/guralnick/share/r.dinnage/Projects/phenovision/xAI/py/extractor/block_optim.py:258: RuntimeWarning: overflow encountered in cast
  scalars = np.array([lam_max, lam_floor, trace, sum_log, pr, eff_rank, cond, aniso,
[extract] step=3210 SKIP heavy block block_circuits (ordinal=642 basis=step_fallback heavy_every=8)
[extract] step=3210 heavy=FALSE total=167.89s | block_optim=124.10 block_weights=32.97 block_trajectory=0.72
[collector wcpu4] cpu-pass DONE run_id=mae__stable_evo__s42 step=3210 blocks_ok=3 t=167.886s (all_passes_complete=False)
[collector wcpu4] --once drained 1 checkpoint(s); exiting.
[cwcpu4] drained 1 checkpoint(s); looping.
[collector wcpu4] --once drained 0 checkpoint(s); exiting.
[collector wcpu4] --once drained 0 checkpoint(s); exiting.
[collector wcpu4] --once drained 0 checkpoint(s); exiting.
[collector wcpu4] --once drained 0 checkpoint(s); exiting.
[collector wcpu4] --once drained 0 checkpoint(s); exiting.
[collector wcpu4] --once drained 0 checkpoint(s); exiting.
[collector wcpu4] --once drained 0 checkpoint(s); exiting.
[collector wcpu4] --once drained 0 checkpoint(s); exiting.
[collector wcpu4] --once drained 0 checkpoint(s); exiting.
[collector wcpu4] --once drained 0 checkpoint(s); exiting.
[collector wcpu4] --once drained 0 checkpoint(s); exiting.
[collector wcpu4] --once drained 0 checkpoint(s); exiting.
[collector wcpu4] --once drained 0 checkpoint(s); exiting.
[collector wcpu4] --once drained 0 checkpoint(s); exiting.
[collector wcpu4] --once drained 0 checkpoint(s); exiting.
[collector wcpu4] --once drained 0 checkpoint(s); exiting.
[collector wcpu4] --once drained 0 checkpoint(s); exiting.
[collector wcpu4] --once drained 0 checkpoint(s); exiting.
[collector wcpu4] --once drained 0 checkpoint(s); exiting.
[collector wcpu4] --once drained 0 checkpoint(s); exiting.
[collector wcpu4] --once drained 0 checkpoint(s); exiting.
[collector wcpu4] --once drained 0 checkpoint(s); exiting.
[collector wcpu4] --once drained 0 checkpoint(s); exiting.
[collector wcpu4] --once drained 0 checkpoint(s); exiting.
[collector wcpu4] --once drained 0 checkpoint(s); exiting.
[collector wcpu4] --once drained 0 checkpoint(s); exiting.
[collector wcpu4] --once drained 0 checkpoint(s); exiting.
[collector wcpu4] --once drained 0 checkpoint(s); exiting.
[collector wcpu4] --once drained 0 checkpoint(s); exiting.
[collector wcpu4] --once drained 0 checkpoint(s); exiting.
[collector wcpu4] --once drained 0 checkpoint(s); exiting.
error    libmamba Could not set lock (Resource temporarily unavailable)
warning  libmamba Cannot lock '/home/r.dinnage/.cache/mamba/proc'
    Waiting for other mamba process to finish
[collector wcpu4] --once drained 0 checkpoint(s); exiting.
[collector wcpu4] --once drained 0 checkpoint(s); exiting.
[collector wcpu4] --once drained 0 checkpoint(s); exiting.
[collector wcpu4] --once drained 0 checkpoint(s); exiting.
error    libmamba Could not set lock (Resource temporarily unavailable)
warning  libmamba Cannot lock '/home/r.dinnage/.cache/mamba/proc'
    Waiting for other mamba process to finish
[collector wcpu4] --once drained 0 checkpoint(s); exiting.
[collector wcpu4] --once drained 0 checkpoint(s); exiting.
[collector wcpu4] --once drained 0 checkpoint(s); exiting.
[collector wcpu4] --once drained 0 checkpoint(s); exiting.
[collector wcpu4] --once drained 0 checkpoint(s); exiting.
[collector wcpu4] --once drained 0 checkpoint(s); exiting.
[collector wcpu4] --once drained 0 checkpoint(s); exiting.
[collector wcpu4] --once drained 0 checkpoint(s); exiting.
[collector wcpu4] --once drained 0 checkpoint(s); exiting.
[collector wcpu4] no probe/val CSV (probe_csv=None, val_csv=None); forward/backward blocks skipped for run_id=mae__stable_evo__s42.
[Extractor] block_set='cpu': CPU-only block set ['block_optim', 'block_weights', 'block_trajectory', 'block_circuits'] needs no model forward — skipping probe/Hessian build (no CSV/dataloaders, lower host RAM).
/blue/guralnick/share/r.dinnage/Projects/phenovision/xAI/py/extractor/block_optim.py:258: RuntimeWarning: overflow encountered in cast
  scalars = np.array([lam_max, lam_floor, trace, sum_log, pr, eff_rank, cond, aniso,
[extract] step=3330 SKIP heavy block block_circuits (ordinal=666 basis=step_fallback heavy_every=8)
[extract] step=3330 heavy=FALSE total=192.65s | block_optim=146.28 block_weights=34.26 block_trajectory=0.81
[collector wcpu4] cpu-pass DONE run_id=mae__stable_evo__s42 step=3330 blocks_ok=3 t=192.652s (all_passes_complete=False)
[collector wcpu4] --once drained 1 checkpoint(s); exiting.
[cwcpu4] drained 1 checkpoint(s); looping.
[collector wcpu4] --once drained 0 checkpoint(s); exiting.
[collector wcpu4] no probe/val CSV (probe_csv=None, val_csv=None); forward/backward blocks skipped for run_id=mae__stable_evo__s42.
[Extractor] block_set='cpu': CPU-only block set ['block_optim', 'block_weights', 'block_trajectory', 'block_circuits'] needs no model forward — skipping probe/Hessian build (no CSV/dataloaders, lower host RAM).
/blue/guralnick/share/r.dinnage/Projects/phenovision/xAI/py/extractor/block_optim.py:258: RuntimeWarning: overflow encountered in cast
  scalars = np.array([lam_max, lam_floor, trace, sum_log, pr, eff_rank, cond, aniso,
[extract] step=3354 SKIP heavy block block_circuits (ordinal=670 basis=step_fallback heavy_every=8)
[extract] step=3354 heavy=FALSE total=191.52s | block_optim=142.46 block_weights=36.34 block_trajectory=0.93
[collector wcpu4] cpu-pass DONE run_id=mae__stable_evo__s42 step=3354 blocks_ok=3 t=191.517s (all_passes_complete=False)
[collector wcpu4] --once drained 1 checkpoint(s); exiting.
[cwcpu4] drained 1 checkpoint(s); looping.
[collector wcpu4] --once drained 0 checkpoint(s); exiting.
[collector wcpu4] --once drained 0 checkpoint(s); exiting.
error    libmamba Could not set lock (Resource temporarily unavailable)
warning  libmamba Cannot lock '/home/r.dinnage/.cache/mamba/proc'
    Waiting for other mamba process to finish
[collector wcpu4] --once drained 0 checkpoint(s); exiting.
[collector wcpu4] --once drained 0 checkpoint(s); exiting.
[collector wcpu4] --once drained 0 checkpoint(s); exiting.
[collector wcpu4] --once drained 0 checkpoint(s); exiting.
error    libmamba Could not set lock (Resource temporarily unavailable)
warning  libmamba Cannot lock '/home/r.dinnage/.cache/mamba/proc'
    Waiting for other mamba process to finish
[collector wcpu4] --once drained 0 checkpoint(s); exiting.
[collector wcpu4] --once drained 0 checkpoint(s); exiting.
[collector wcpu4] --once drained 0 checkpoint(s); exiting.
[collector wcpu4] --once drained 0 checkpoint(s); exiting.
[collector wcpu4] --once drained 0 checkpoint(s); exiting.
[collector wcpu4] --once drained 0 checkpoint(s); exiting.
[collector wcpu4] --once drained 0 checkpoint(s); exiting.
[collector wcpu4] --once drained 0 checkpoint(s); exiting.
[collector wcpu4] --once drained 0 checkpoint(s); exiting.
error    libmamba Could not set lock (Resource temporarily unavailable)
warning  libmamba Cannot lock '/home/r.dinnage/.cache/mamba/proc'
    Waiting for other mamba process to finish
[collector wcpu4] --once drained 0 checkpoint(s); exiting.
[collector wcpu4] --once drained 0 checkpoint(s); exiting.
[collector wcpu4] --once drained 0 checkpoint(s); exiting.
[collector wcpu4] --once drained 0 checkpoint(s); exiting.
error    libmamba Could not set lock (Resource temporarily unavailable)
warning  libmamba Cannot lock '/home/r.dinnage/.cache/mamba/proc'
    Waiting for other mamba process to finish
[collector wcpu4] --once drained 0 checkpoint(s); exiting.
[collector wcpu4] --once drained 0 checkpoint(s); exiting.
[collector wcpu4] --once drained 0 checkpoint(s); exiting.
[collector wcpu4] --once drained 0 checkpoint(s); exiting.
[collector wcpu4] --once drained 0 checkpoint(s); exiting.
[collector wcpu4] --once drained 0 checkpoint(s); exiting.
[collector wcpu4] --once drained 0 checkpoint(s); exiting.
[collector wcpu4] --once drained 0 checkpoint(s); exiting.
[collector wcpu4] --once drained 0 checkpoint(s); exiting.
[collector wcpu4] --once drained 0 checkpoint(s); exiting.
error    libmamba Could not set lock (Resource temporarily unavailable)
warning  libmamba Cannot lock '/home/r.dinnage/.cache/mamba/proc'
    Waiting for other mamba process to finish
[collector wcpu4] --once drained 0 checkpoint(s); exiting.
[collector wcpu4] --once drained 0 checkpoint(s); exiting.
[collector wcpu4] --once drained 0 checkpoint(s); exiting.
[collector wcpu4] --once drained 0 checkpoint(s); exiting.
[collector wcpu4] --once drained 0 checkpoint(s); exiting.
error    libmamba Could not set lock (Resource temporarily unavailable)
warning  libmamba Cannot lock '/home/r.dinnage/.cache/mamba/proc'
    Waiting for other mamba process to finish
[collector wcpu4] --once drained 0 checkpoint(s); exiting.
[collector wcpu4] --once drained 0 checkpoint(s); exiting.
[collector wcpu4] --once drained 0 checkpoint(s); exiting.
[collector wcpu4] --once drained 0 checkpoint(s); exiting.
[collector wcpu4] --once drained 0 checkpoint(s); exiting.
[collector wcpu4] --once drained 0 checkpoint(s); exiting.
error    libmamba Could not set lock (Resource temporarily unavailable)
warning  libmamba Cannot lock '/home/r.dinnage/.cache/mamba/proc'
    Waiting for other mamba process to finish
[collector wcpu4] --once drained 0 checkpoint(s); exiting.
[collector wcpu4] --once drained 0 checkpoint(s); exiting.
[collector wcpu4] --once drained 0 checkpoint(s); exiting.
[collector wcpu4] no probe/val CSV (probe_csv=None, val_csv=None); forward/backward blocks skipped for run_id=mae__stable_evo__s42.
[Extractor] block_set='cpu': CPU-only block set ['block_optim', 'block_weights', 'block_trajectory', 'block_circuits'] needs no model forward — skipping probe/Hessian build (no CSV/dataloaders, lower host RAM).
/blue/guralnick/share/r.dinnage/Projects/phenovision/xAI/py/extractor/block_optim.py:258: RuntimeWarning: overflow encountered in cast
  scalars = np.array([lam_max, lam_floor, trace, sum_log, pr, eff_rank, cond, aniso,
[extract] step=3476 SKIP heavy block block_circuits (ordinal=695 basis=step_fallback heavy_every=8)
[extract] step=3476 heavy=FALSE total=182.85s | block_optim=139.16 block_weights=31.47 block_trajectory=0.67
[collector wcpu4] cpu-pass DONE run_id=mae__stable_evo__s42 step=3476 blocks_ok=3 t=182.847s (all_passes_complete=False)
[collector wcpu4] --once drained 1 checkpoint(s); exiting.
[cwcpu4] drained 1 checkpoint(s); looping.
[collector wcpu4] --once drained 0 checkpoint(s); exiting.
error    libmamba Could not set lock (Resource temporarily unavailable)
warning  libmamba Cannot lock '/home/r.dinnage/.cache/mamba/proc'
    Waiting for other mamba process to finish
[collector wcpu4] --once drained 0 checkpoint(s); exiting.
[collector wcpu4] --once drained 0 checkpoint(s); exiting.
[collector wcpu4] --once drained 0 checkpoint(s); exiting.
[collector wcpu4] --once drained 0 checkpoint(s); exiting.
[collector wcpu4] --once drained 0 checkpoint(s); exiting.
[collector wcpu4] --once drained 0 checkpoint(s); exiting.
[collector wcpu4] --once drained 0 checkpoint(s); exiting.
[collector wcpu4] --once drained 0 checkpoint(s); exiting.
[collector wcpu4] --once drained 0 checkpoint(s); exiting.
[collector wcpu4] --once drained 0 checkpoint(s); exiting.
[collector wcpu4] --once drained 0 checkpoint(s); exiting.
[collector wcpu4] --once drained 0 checkpoint(s); exiting.
error    libmamba Could not set lock (Resource temporarily unavailable)
warning  libmamba Cannot lock '/home/r.dinnage/.cache/mamba/proc'
    Waiting for other mamba process to finish
[collector wcpu4] --once drained 0 checkpoint(s); exiting.
[collector wcpu4] no probe/val CSV (probe_csv=None, val_csv=None); forward/backward blocks skipped for run_id=mae__stable_evo__s42.
[Extractor] block_set='cpu': CPU-only block set ['block_optim', 'block_weights', 'block_trajectory', 'block_circuits'] needs no model forward — skipping probe/Hessian build (no CSV/dataloaders, lower host RAM).
/blue/guralnick/share/r.dinnage/Projects/phenovision/xAI/py/extractor/block_optim.py:258: RuntimeWarning: overflow encountered in cast
  scalars = np.array([lam_max, lam_floor, trace, sum_log, pr, eff_rank, cond, aniso,
[extract] step=3524 heavy=TRUE total=193.46s | block_optim=144.10 block_weights=32.62 block_trajectory=0.54 block_circuits=5.44
[collector wcpu4] cpu-pass DONE run_id=mae__stable_evo__s42 step=3524 blocks_ok=4 t=193.46s (all_passes_complete=False)
[collector wcpu4] --once drained 1 checkpoint(s); exiting.
[cwcpu4] drained 1 checkpoint(s); looping.
[collector wcpu4] --once drained 0 checkpoint(s); exiting.
error    libmamba Could not set lock (Resource temporarily unavailable)
warning  libmamba Cannot lock '/home/r.dinnage/.cache/mamba/proc'
    Waiting for other mamba process to finish
[collector wcpu4] --once drained 0 checkpoint(s); exiting.
[collector wcpu4] --once drained 0 checkpoint(s); exiting.
[collector wcpu4] --once drained 0 checkpoint(s); exiting.
[collector wcpu4] --once drained 0 checkpoint(s); exiting.
[collector wcpu4] --once drained 0 checkpoint(s); exiting.
error    libmamba Could not set lock (Resource temporarily unavailable)
warning  libmamba Cannot lock '/home/r.dinnage/.cache/mamba/proc'
    Waiting for other mamba process to finish
[collector wcpu4] --once drained 0 checkpoint(s); exiting.
[collector wcpu4] --once drained 0 checkpoint(s); exiting.
error    libmamba Could not set lock (Resource temporarily unavailable)
warning  libmamba Cannot lock '/home/r.dinnage/.cache/mamba/proc'
    Waiting for other mamba process to finish
[collector wcpu4] --once drained 0 checkpoint(s); exiting.
[collector wcpu4] --once drained 0 checkpoint(s); exiting.
[collector wcpu4] --once drained 0 checkpoint(s); exiting.
[collector wcpu4] --once drained 0 checkpoint(s); exiting.
[collector wcpu4] --once drained 0 checkpoint(s); exiting.
[collector wcpu4] --once drained 0 checkpoint(s); exiting.
[collector wcpu4] --once drained 0 checkpoint(s); exiting.
[collector wcpu4] --once drained 0 checkpoint(s); exiting.
[collector wcpu4] --once drained 0 checkpoint(s); exiting.
[collector wcpu4] --once drained 0 checkpoint(s); exiting.
[collector wcpu4] --once drained 0 checkpoint(s); exiting.
[collector wcpu4] --once drained 0 checkpoint(s); exiting.
[collector wcpu4] --once drained 0 checkpoint(s); exiting.
error    libmamba Could not set lock (Resource temporarily unavailable)
warning  libmamba Cannot lock '/home/r.dinnage/.cache/mamba/proc'
    Waiting for other mamba process to finish
[collector wcpu4] --once drained 0 checkpoint(s); exiting.
[collector wcpu4] --once drained 0 checkpoint(s); exiting.
error    libmamba Could not set lock (Resource temporarily unavailable)
warning  libmamba Cannot lock '/home/r.dinnage/.cache/mamba/proc'
    Waiting for other mamba process to finish
[collector wcpu4] --once drained 0 checkpoint(s); exiting.
[collector wcpu4] --once drained 0 checkpoint(s); exiting.
error    libmamba Could not set lock (Resource temporarily unavailable)
warning  libmamba Cannot lock '/home/r.dinnage/.cache/mamba/proc'
    Waiting for other mamba process to finish
[collector wcpu4] --once drained 0 checkpoint(s); exiting.
[collector wcpu4] --once drained 0 checkpoint(s); exiting.
[collector wcpu4] --once drained 0 checkpoint(s); exiting.
[collector wcpu4] --once drained 0 checkpoint(s); exiting.
[collector wcpu4] --once drained 0 checkpoint(s); exiting.
[collector wcpu4] --once drained 0 checkpoint(s); exiting.
[collector wcpu4] --once drained 0 checkpoint(s); exiting.
[collector wcpu4] --once drained 0 checkpoint(s); exiting.
error    libmamba Could not set lock (Resource temporarily unavailable)
warning  libmamba Cannot lock '/home/r.dinnage/.cache/mamba/proc'
    Waiting for other mamba process to finish
[collector wcpu4] --once drained 0 checkpoint(s); exiting.
[collector wcpu4] --once drained 0 checkpoint(s); exiting.
[collector wcpu4] --once drained 0 checkpoint(s); exiting.
[collector wcpu4] --once drained 0 checkpoint(s); exiting.
error    libmamba Could not set lock (Resource temporarily unavailable)
warning  libmamba Cannot lock '/home/r.dinnage/.cache/mamba/proc'
    Waiting for other mamba process to finish
[collector wcpu4] no probe/val CSV (probe_csv=None, val_csv=None); forward/backward blocks skipped for run_id=mae__stable_evo__s42.
[Extractor] block_set='cpu': CPU-only block set ['block_optim', 'block_weights', 'block_trajectory', 'block_circuits'] needs no model forward — skipping probe/Hessian build (no CSV/dataloaders, lower host RAM).
/blue/guralnick/share/r.dinnage/Projects/phenovision/xAI/py/extractor/block_optim.py:258: RuntimeWarning: overflow encountered in cast
  scalars = np.array([lam_max, lam_floor, trace, sum_log, pr, eff_rank, cond, aniso,
[extract] step=3632 SKIP heavy block block_circuits (ordinal=726 basis=step_fallback heavy_every=8)
[extract] step=3632 heavy=FALSE total=205.91s | block_optim=154.08 block_weights=37.66 block_trajectory=1.28
[collector wcpu4] cpu-pass DONE run_id=mae__stable_evo__s42 step=3632 blocks_ok=3 t=205.907s (all_passes_complete=False)
[collector wcpu4] --once drained 1 checkpoint(s); exiting.
[cwcpu4] drained 1 checkpoint(s); looping.
[collector wcpu4] --once drained 0 checkpoint(s); exiting.
[collector wcpu4] --once drained 0 checkpoint(s); exiting.
[collector wcpu4] --once drained 0 checkpoint(s); exiting.
[collector wcpu4] --once drained 0 checkpoint(s); exiting.
[collector wcpu4] --once drained 0 checkpoint(s); exiting.
[collector wcpu4] --once drained 0 checkpoint(s); exiting.
[collector wcpu4] --once drained 0 checkpoint(s); exiting.
[collector wcpu4] --once drained 0 checkpoint(s); exiting.
[collector wcpu4] --once drained 0 checkpoint(s); exiting.
error    libmamba Could not set lock (Resource temporarily unavailable)
warning  libmamba Cannot lock '/home/r.dinnage/.cache/mamba/proc'
    Waiting for other mamba process to finish
[collector wcpu4] --once drained 0 checkpoint(s); exiting.
error    libmamba Could not set lock (Resource temporarily unavailable)
warning  libmamba Cannot lock '/home/r.dinnage/.cache/mamba/proc'
    Waiting for other mamba process to finish
[collector wcpu4] --once drained 0 checkpoint(s); exiting.
error    libmamba Could not set lock (Resource temporarily unavailable)
warning  libmamba Cannot lock '/home/r.dinnage/.cache/mamba/proc'
    Waiting for other mamba process to finish
[collector wcpu4] --once drained 0 checkpoint(s); exiting.
[collector wcpu4] --once drained 0 checkpoint(s); exiting.
[collector wcpu4] --once drained 0 checkpoint(s); exiting.
[collector wcpu4] --once drained 0 checkpoint(s); exiting.
[collector wcpu4] --once drained 0 checkpoint(s); exiting.
error    libmamba Could not set lock (Resource temporarily unavailable)
warning  libmamba Cannot lock '/home/r.dinnage/.cache/mamba/proc'
    Waiting for other mamba process to finish
[collector wcpu4] --once drained 0 checkpoint(s); exiting.
[collector wcpu4] --once drained 0 checkpoint(s); exiting.
[collector wcpu4] --once drained 0 checkpoint(s); exiting.
[collector wcpu4] --once drained 0 checkpoint(s); exiting.
[collector wcpu4] --once drained 0 checkpoint(s); exiting.
[collector wcpu4] --once drained 0 checkpoint(s); exiting.
[collector wcpu4] --once drained 0 checkpoint(s); exiting.
[collector wcpu4] --once drained 0 checkpoint(s); exiting.
[collector wcpu4] no probe/val CSV (probe_csv=None, val_csv=None); forward/backward blocks skipped for run_id=mae__stable_evo__s42.
[Extractor] block_set='cpu': CPU-only block set ['block_optim', 'block_weights', 'block_trajectory', 'block_circuits'] needs no model forward — skipping probe/Hessian build (no CSV/dataloaders, lower host RAM).
/blue/guralnick/share/r.dinnage/Projects/phenovision/xAI/py/extractor/block_optim.py:258: RuntimeWarning: overflow encountered in cast
  scalars = np.array([lam_max, lam_floor, trace, sum_log, pr, eff_rank, cond, aniso,
[extract] step=3706 SKIP heavy block block_circuits (ordinal=741 basis=step_fallback heavy_every=8)
[extract] step=3706 heavy=FALSE total=183.11s | block_optim=136.53 block_weights=34.32 block_trajectory=0.57
[collector wcpu4] cpu-pass DONE run_id=mae__stable_evo__s42 step=3706 blocks_ok=3 t=183.11s (all_passes_complete=False)
[collector wcpu4] --once drained 1 checkpoint(s); exiting.
[cwcpu4] drained 1 checkpoint(s); looping.
[collector wcpu4] --once drained 0 checkpoint(s); exiting.
[collector wcpu4] --once drained 0 checkpoint(s); exiting.
[collector wcpu4] no probe/val CSV (probe_csv=None, val_csv=None); forward/backward blocks skipped for run_id=mae__stable_evo__s42.
[Extractor] block_set='cpu': CPU-only block set ['block_optim', 'block_weights', 'block_trajectory', 'block_circuits'] needs no model forward — skipping probe/Hessian build (no CSV/dataloaders, lower host RAM).
/blue/guralnick/share/r.dinnage/Projects/phenovision/xAI/py/extractor/block_optim.py:258: RuntimeWarning: overflow encountered in cast
  scalars = np.array([lam_max, lam_floor, trace, sum_log, pr, eff_rank, cond, aniso,
[extract] step=3730 SKIP heavy block block_circuits (ordinal=746 basis=step_fallback heavy_every=8)
[extract] step=3730 heavy=FALSE total=184.81s | block_optim=134.90 block_weights=36.95 block_trajectory=0.96
[collector wcpu4] cpu-pass DONE run_id=mae__stable_evo__s42 step=3730 blocks_ok=3 t=184.815s (all_passes_complete=False)
[collector wcpu4] --once drained 1 checkpoint(s); exiting.
[cwcpu4] drained 1 checkpoint(s); looping.
[collector wcpu4] --once drained 0 checkpoint(s); exiting.
error    libmamba Could not set lock (Resource temporarily unavailable)
warning  libmamba Cannot lock '/home/r.dinnage/.cache/mamba/proc'
    Waiting for other mamba process to finish
[collector wcpu4] --once drained 0 checkpoint(s); exiting.
error    libmamba Could not set lock (Resource temporarily unavailable)
warning  libmamba Cannot lock '/home/r.dinnage/.cache/mamba/proc'
    Waiting for other mamba process to finish
[collector wcpu4] --once drained 0 checkpoint(s); exiting.
[collector wcpu4] --once drained 0 checkpoint(s); exiting.
[collector wcpu4] --once drained 0 checkpoint(s); exiting.
[collector wcpu4] --once drained 0 checkpoint(s); exiting.
[collector wcpu4] --once drained 0 checkpoint(s); exiting.
[collector wcpu4] --once drained 0 checkpoint(s); exiting.
[collector wcpu4] --once drained 0 checkpoint(s); exiting.
warning  libmamba failed to open /home/r.dinnage/.cache/mamba/proc/76179.json
[collector wcpu4] --once drained 0 checkpoint(s); exiting.
error    libmamba Could not set lock (Resource temporarily unavailable)
warning  libmamba Cannot lock '/home/r.dinnage/.cache/mamba/proc'
    Waiting for other mamba process to finish
[collector wcpu4] --once drained 0 checkpoint(s); exiting.
error    libmamba Could not set lock (Resource temporarily unavailable)
warning  libmamba Cannot lock '/home/r.dinnage/.cache/mamba/proc'
    Waiting for other mamba process to finish
[collector wcpu4] --once drained 0 checkpoint(s); exiting.
[collector wcpu4] --once drained 0 checkpoint(s); exiting.
[collector wcpu4] --once drained 0 checkpoint(s); exiting.
[collector wcpu4] --once drained 0 checkpoint(s); exiting.
[collector wcpu4] --once drained 0 checkpoint(s); exiting.
[collector wcpu4] --once drained 0 checkpoint(s); exiting.
[collector wcpu4] --once drained 0 checkpoint(s); exiting.
[collector wcpu4] --once drained 0 checkpoint(s); exiting.
[collector wcpu4] --once drained 0 checkpoint(s); exiting.
[collector wcpu4] --once drained 0 checkpoint(s); exiting.
[collector wcpu4] --once drained 0 checkpoint(s); exiting.
[collector wcpu4] --once drained 0 checkpoint(s); exiting.
[collector wcpu4] --once drained 0 checkpoint(s); exiting.
[collector wcpu4] --once drained 0 checkpoint(s); exiting.
[collector wcpu4] --once drained 0 checkpoint(s); exiting.
[collector wcpu4] --once drained 0 checkpoint(s); exiting.
error    libmamba Could not set lock (Resource temporarily unavailable)
warning  libmamba Cannot lock '/home/r.dinnage/.cache/mamba/proc'
    Waiting for other mamba process to finish
[collector wcpu4] --once drained 0 checkpoint(s); exiting.
error    libmamba Could not set lock (Resource temporarily unavailable)
warning  libmamba Cannot lock '/home/r.dinnage/.cache/mamba/proc'
    Waiting for other mamba process to finish
[collector wcpu4] --once drained 0 checkpoint(s); exiting.
[collector wcpu4] --once drained 0 checkpoint(s); exiting.
[collector wcpu4] --once drained 0 checkpoint(s); exiting.
[collector wcpu4] --once drained 0 checkpoint(s); exiting.
[collector wcpu4] --once drained 0 checkpoint(s); exiting.
[collector wcpu4] --once drained 0 checkpoint(s); exiting.
error    libmamba Could not set lock (Resource temporarily unavailable)
warning  libmamba Cannot lock '/home/r.dinnage/.cache/mamba/proc'
    Waiting for other mamba process to finish
[collector wcpu4] --once drained 0 checkpoint(s); exiting.
[collector wcpu4] --once drained 0 checkpoint(s); exiting.
[collector wcpu4] --once drained 0 checkpoint(s); exiting.
[collector wcpu4] --once drained 0 checkpoint(s); exiting.
[collector wcpu4] --once drained 0 checkpoint(s); exiting.
[collector wcpu4] --once drained 0 checkpoint(s); exiting.
[collector wcpu4] --once drained 0 checkpoint(s); exiting.
[collector wcpu4] --once drained 0 checkpoint(s); exiting.
[collector wcpu4] --once drained 0 checkpoint(s); exiting.
[collector wcpu4] --once drained 0 checkpoint(s); exiting.
[collector wcpu4] --once drained 0 checkpoint(s); exiting.
error    libmamba Could not set lock (Resource temporarily unavailable)
warning  libmamba Cannot lock '/home/r.dinnage/.cache/mamba/proc'
    Waiting for other mamba process to finish
[collector wcpu4] --once drained 0 checkpoint(s); exiting.
[collector wcpu4] --once drained 0 checkpoint(s); exiting.
[collector wcpu4] --once drained 0 checkpoint(s); exiting.
error    libmamba Could not set lock (Resource temporarily unavailable)
warning  libmamba Cannot lock '/home/r.dinnage/.cache/mamba/proc'
    Waiting for other mamba process to finish
[collector wcpu4] --once drained 0 checkpoint(s); exiting.
[collector wcpu4] --once drained 0 checkpoint(s); exiting.
[collector wcpu4] --once drained 0 checkpoint(s); exiting.
[collector wcpu4] --once drained 0 checkpoint(s); exiting.
[collector wcpu4] --once drained 0 checkpoint(s); exiting.
[collector wcpu4] --once drained 0 checkpoint(s); exiting.
error    libmamba Could not set lock (Resource temporarily unavailable)
warning  libmamba Cannot lock '/home/r.dinnage/.cache/mamba/proc'
    Waiting for other mamba process to finish
[collector wcpu4] --once drained 0 checkpoint(s); exiting.
[collector wcpu4] --once drained 0 checkpoint(s); exiting.
[collector wcpu4] --once drained 0 checkpoint(s); exiting.
[collector wcpu4] --once drained 0 checkpoint(s); exiting.
[collector wcpu4] --once drained 0 checkpoint(s); exiting.
[collector wcpu4] --once drained 0 checkpoint(s); exiting.
[collector wcpu4] --once drained 0 checkpoint(s); exiting.
error    libmamba Could not set lock (Resource temporarily unavailable)
warning  libmamba Cannot lock '/home/r.dinnage/.cache/mamba/proc'
    Waiting for other mamba process to finish
[collector wcpu4] --once drained 0 checkpoint(s); exiting.
warning  libmamba failed to open /home/r.dinnage/.cache/mamba/proc/2819189.json
[collector wcpu4] --once drained 0 checkpoint(s); exiting.
[collector wcpu4] --once drained 0 checkpoint(s); exiting.
[collector wcpu4] --once drained 0 checkpoint(s); exiting.
[collector wcpu4] --once drained 0 checkpoint(s); exiting.
[collector wcpu4] --once drained 0 checkpoint(s); exiting.
[collector wcpu4] --once drained 0 checkpoint(s); exiting.
[collector wcpu4] --once drained 0 checkpoint(s); exiting.
[collector wcpu4] --once drained 0 checkpoint(s); exiting.
[collector wcpu4] --once drained 0 checkpoint(s); exiting.
error    libmamba Could not set lock (Resource temporarily unavailable)
warning  libmamba Cannot lock '/home/r.dinnage/.cache/mamba/proc'
    Waiting for other mamba process to finish
[collector wcpu4] --once drained 0 checkpoint(s); exiting.
[collector wcpu4] --once drained 0 checkpoint(s); exiting.
[collector wcpu4] --once drained 0 checkpoint(s); exiting.
[collector wcpu4] --once drained 0 checkpoint(s); exiting.
[collector wcpu4] --once drained 0 checkpoint(s); exiting.
[collector wcpu4] --once drained 0 checkpoint(s); exiting.
[collector wcpu4] --once drained 0 checkpoint(s); exiting.
[collector wcpu4] --once drained 0 checkpoint(s); exiting.
[collector wcpu4] --once drained 0 checkpoint(s); exiting.
[collector wcpu4] --once drained 0 checkpoint(s); exiting.
[collector wcpu4] --once drained 0 checkpoint(s); exiting.
[collector wcpu4] --once drained 0 checkpoint(s); exiting.
[collector wcpu4] --once drained 0 checkpoint(s); exiting.
[collector wcpu4] --once drained 0 checkpoint(s); exiting.
[collector wcpu4] --once drained 0 checkpoint(s); exiting.
[collector wcpu4] --once drained 0 checkpoint(s); exiting.
error    libmamba Could not set lock (Resource temporarily unavailable)
warning  libmamba Cannot lock '/home/r.dinnage/.cache/mamba/proc'
    Waiting for other mamba process to finish
[collector wcpu4] --once drained 0 checkpoint(s); exiting.
[collector wcpu4] --once drained 0 checkpoint(s); exiting.
[collector wcpu4] --once drained 0 checkpoint(s); exiting.
[collector wcpu4] --once drained 0 checkpoint(s); exiting.
[collector wcpu4] --once drained 0 checkpoint(s); exiting.
[collector wcpu4] --once drained 0 checkpoint(s); exiting.
[collector wcpu4] --once drained 0 checkpoint(s); exiting.
error    libmamba Could not set lock (Resource temporarily unavailable)
warning  libmamba Cannot lock '/home/r.dinnage/.cache/mamba/proc'
    Waiting for other mamba process to finish
[collector wcpu4] --once drained 0 checkpoint(s); exiting.
[collector wcpu4] --once drained 0 checkpoint(s); exiting.
[collector wcpu4] --once drained 0 checkpoint(s); exiting.
[collector wcpu4] --once drained 0 checkpoint(s); exiting.
[collector wcpu4] --once drained 0 checkpoint(s); exiting.
[collector wcpu4] --once drained 0 checkpoint(s); exiting.
[collector wcpu4] --once drained 0 checkpoint(s); exiting.
[collector wcpu4] --once drained 0 checkpoint(s); exiting.
[collector wcpu4] --once drained 0 checkpoint(s); exiting.
error    libmamba Could not set lock (Resource temporarily unavailable)
warning  libmamba Cannot lock '/home/r.dinnage/.cache/mamba/proc'
    Waiting for other mamba process to finish
[collector wcpu4] --once drained 0 checkpoint(s); exiting.
[collector wcpu4] --once drained 0 checkpoint(s); exiting.
[collector wcpu4] --once drained 0 checkpoint(s); exiting.
[collector wcpu4] --once drained 0 checkpoint(s); exiting.
error    libmamba Could not set lock (Resource temporarily unavailable)
warning  libmamba Cannot lock '/home/r.dinnage/.cache/mamba/proc'
    Waiting for other mamba process to finish
[collector wcpu4] --once drained 0 checkpoint(s); exiting.
[collector wcpu4] --once drained 0 checkpoint(s); exiting.
[collector wcpu4] --once drained 0 checkpoint(s); exiting.
error    libmamba Could not set lock (Resource temporarily unavailable)
warning  libmamba Cannot lock '/home/r.dinnage/.cache/mamba/proc'
    Waiting for other mamba process to finish
[collector wcpu4] --once drained 0 checkpoint(s); exiting.
[collector wcpu4] --once drained 0 checkpoint(s); exiting.
[collector wcpu4] --once drained 0 checkpoint(s); exiting.
[collector wcpu4] --once drained 0 checkpoint(s); exiting.
[collector wcpu4] --once drained 0 checkpoint(s); exiting.
[collector wcpu4] no probe/val CSV (probe_csv=None, val_csv=None); forward/backward blocks skipped for run_id=mae__stable_evo__s42.
[Extractor] block_set='cpu': CPU-only block set ['block_optim', 'block_weights', 'block_trajectory', 'block_circuits'] needs no model forward — skipping probe/Hessian build (no CSV/dataloaders, lower host RAM).
/blue/guralnick/share/r.dinnage/Projects/phenovision/xAI/py/extractor/block_optim.py:258: RuntimeWarning: overflow encountered in cast
  scalars = np.array([lam_max, lam_floor, trace, sum_log, pr, eff_rank, cond, aniso,
[extract] step=4008 SKIP heavy block block_circuits (ordinal=801 basis=step_fallback heavy_every=8)
[extract] step=4008 heavy=FALSE total=184.35s | block_optim=140.92 block_weights=31.15 block_trajectory=0.89
[collector wcpu4] cpu-pass DONE run_id=mae__stable_evo__s42 step=4008 blocks_ok=3 t=184.35s (all_passes_complete=False)
[collector wcpu4] --once drained 1 checkpoint(s); exiting.
[cwcpu4] drained 1 checkpoint(s); looping.
[collector wcpu4] --once drained 0 checkpoint(s); exiting.
[collector wcpu4] --once drained 0 checkpoint(s); exiting.
[collector wcpu4] --once drained 0 checkpoint(s); exiting.
[collector wcpu4] --once drained 0 checkpoint(s); exiting.
[collector wcpu4] --once drained 0 checkpoint(s); exiting.
error    libmamba Could not set lock (Resource temporarily unavailable)
warning  libmamba Cannot lock '/home/r.dinnage/.cache/mamba/proc'
    Waiting for other mamba process to finish
[collector wcpu4] --once drained 0 checkpoint(s); exiting.
error    libmamba Could not set lock (Resource temporarily unavailable)
warning  libmamba Cannot lock '/home/r.dinnage/.cache/mamba/proc'
    Waiting for other mamba process to finish
[collector wcpu4] no probe/val CSV (probe_csv=None, val_csv=None); forward/backward blocks skipped for run_id=mae__stable_evo__s42.
[Extractor] block_set='cpu': CPU-only block set ['block_optim', 'block_weights', 'block_trajectory', 'block_circuits'] needs no model forward — skipping probe/Hessian build (no CSV/dataloaders, lower host RAM).
/blue/guralnick/share/r.dinnage/Projects/phenovision/xAI/py/extractor/block_optim.py:258: RuntimeWarning: overflow encountered in cast
  scalars = np.array([lam_max, lam_floor, trace, sum_log, pr, eff_rank, cond, aniso,
[extract] step=4044 heavy=TRUE total=177.79s | block_optim=128.75 block_weights=32.41 block_trajectory=0.77 block_circuits=4.58
[collector wcpu4] cpu-pass DONE run_id=mae__stable_evo__s42 step=4044 blocks_ok=4 t=177.786s (all_passes_complete=False)
[collector wcpu4] --once drained 1 checkpoint(s); exiting.
[cwcpu4] drained 1 checkpoint(s); looping.
[collector wcpu4] --once drained 0 checkpoint(s); exiting.
[collector wcpu4] --once drained 0 checkpoint(s); exiting.
[collector wcpu4] --once drained 0 checkpoint(s); exiting.
error    libmamba Could not set lock (Resource temporarily unavailable)
warning  libmamba Cannot lock '/home/r.dinnage/.cache/mamba/proc'
    Waiting for other mamba process to finish
[collector wcpu4] --once drained 0 checkpoint(s); exiting.
[collector wcpu4] --once drained 0 checkpoint(s); exiting.
[collector wcpu4] --once drained 0 checkpoint(s); exiting.
[collector wcpu4] --once drained 0 checkpoint(s); exiting.
error    libmamba Could not set lock (Resource temporarily unavailable)
warning  libmamba Cannot lock '/home/r.dinnage/.cache/mamba/proc'
    Waiting for other mamba process to finish
[collector wcpu4] --once drained 0 checkpoint(s); exiting.
[collector wcpu4] --once drained 0 checkpoint(s); exiting.
[collector wcpu4] --once drained 0 checkpoint(s); exiting.
error    libmamba Could not set lock (Resource temporarily unavailable)
warning  libmamba Cannot lock '/home/r.dinnage/.cache/mamba/proc'
    Waiting for other mamba process to finish
[collector wcpu4] --once drained 0 checkpoint(s); exiting.
error    libmamba Could not set lock (Resource temporarily unavailable)
warning  libmamba Cannot lock '/home/r.dinnage/.cache/mamba/proc'
    Waiting for other mamba process to finish
[collector wcpu4] --once drained 0 checkpoint(s); exiting.
[collector wcpu4] --once drained 0 checkpoint(s); exiting.
[collector wcpu4] --once drained 0 checkpoint(s); exiting.
error    libmamba Could not set lock (Resource temporarily unavailable)
warning  libmamba Cannot lock '/home/r.dinnage/.cache/mamba/proc'
    Waiting for other mamba process to finish
[collector wcpu4] --once drained 0 checkpoint(s); exiting.
error    libmamba Could not set lock (Resource temporarily unavailable)
warning  libmamba Cannot lock '/home/r.dinnage/.cache/mamba/proc'
    Waiting for other mamba process to finish
[collector wcpu4] --once drained 0 checkpoint(s); exiting.
[collector wcpu4] --once drained 0 checkpoint(s); exiting.
[collector wcpu4] --once drained 0 checkpoint(s); exiting.
[collector wcpu4] --once drained 0 checkpoint(s); exiting.
[collector wcpu4] no probe/val CSV (probe_csv=None, val_csv=None); forward/backward blocks skipped for run_id=mae__stable_evo__s42.
[Extractor] block_set='cpu': CPU-only block set ['block_optim', 'block_weights', 'block_trajectory', 'block_circuits'] needs no model forward — skipping probe/Hessian build (no CSV/dataloaders, lower host RAM).
/blue/guralnick/share/r.dinnage/Projects/phenovision/xAI/py/extractor/block_optim.py:258: RuntimeWarning: overflow encountered in cast
  scalars = np.array([lam_max, lam_floor, trace, sum_log, pr, eff_rank, cond, aniso,
[extract] step=4104 SKIP heavy block block_circuits (ordinal=820 basis=step_fallback heavy_every=8)
[extract] step=4104 heavy=FALSE total=186.37s | block_optim=139.87 block_weights=35.12 block_trajectory=0.68
[collector wcpu4] cpu-pass DONE run_id=mae__stable_evo__s42 step=4104 blocks_ok=3 t=186.367s (all_passes_complete=False)
[collector wcpu4] --once drained 1 checkpoint(s); exiting.
[cwcpu4] drained 1 checkpoint(s); looping.
[collector wcpu4] --once drained 0 checkpoint(s); exiting.
[collector wcpu4] --once drained 0 checkpoint(s); exiting.
[collector wcpu4] --once drained 0 checkpoint(s); exiting.
[collector wcpu4] --once drained 0 checkpoint(s); exiting.
[collector wcpu4] --once drained 0 checkpoint(s); exiting.
[collector wcpu4] --once drained 0 checkpoint(s); exiting.
[collector wcpu4] no probe/val CSV (probe_csv=None, val_csv=None); forward/backward blocks skipped for run_id=mae__stable_evo__s42.
[Extractor] block_set='cpu': CPU-only block set ['block_optim', 'block_weights', 'block_trajectory', 'block_circuits'] needs no model forward — skipping probe/Hessian build (no CSV/dataloaders, lower host RAM).
/blue/guralnick/share/r.dinnage/Projects/phenovision/xAI/py/extractor/block_optim.py:258: RuntimeWarning: overflow encountered in cast
  scalars = np.array([lam_max, lam_floor, trace, sum_log, pr, eff_rank, cond, aniso,
[extract] step=4140 SKIP heavy block block_circuits (ordinal=828 basis=step_fallback heavy_every=8)
[extract] step=4140 heavy=FALSE total=179.17s | block_optim=132.91 block_weights=34.97 block_trajectory=0.67
[collector wcpu4] cpu-pass DONE run_id=mae__stable_evo__s42 step=4140 blocks_ok=3 t=179.169s (all_passes_complete=False)
[collector wcpu4] --once drained 1 checkpoint(s); exiting.
[cwcpu4] drained 1 checkpoint(s); looping.
[collector wcpu4] --once drained 0 checkpoint(s); exiting.
[collector wcpu4] --once drained 0 checkpoint(s); exiting.
[collector wcpu4] --once drained 0 checkpoint(s); exiting.
[collector wcpu4] --once drained 0 checkpoint(s); exiting.
[collector wcpu4] --once drained 0 checkpoint(s); exiting.
[collector wcpu4] --once drained 0 checkpoint(s); exiting.
[collector wcpu4] --once drained 0 checkpoint(s); exiting.
[collector wcpu4] --once drained 0 checkpoint(s); exiting.
[collector wcpu4] --once drained 0 checkpoint(s); exiting.
[collector wcpu4] --once drained 0 checkpoint(s); exiting.
[collector wcpu4] --once drained 0 checkpoint(s); exiting.
[collector wcpu4] --once drained 0 checkpoint(s); exiting.
[collector wcpu4] --once drained 0 checkpoint(s); exiting.
[collector wcpu4] --once drained 0 checkpoint(s); exiting.
error    libmamba Could not set lock (Resource temporarily unavailable)
warning  libmamba Cannot lock '/home/r.dinnage/.cache/mamba/proc'
    Waiting for other mamba process to finish
[collector wcpu4] --once drained 0 checkpoint(s); exiting.
[collector wcpu4] --once drained 0 checkpoint(s); exiting.
[collector wcpu4] --once drained 0 checkpoint(s); exiting.
[collector wcpu4] --once drained 0 checkpoint(s); exiting.
[collector wcpu4] --once drained 0 checkpoint(s); exiting.
[collector wcpu4] --once drained 0 checkpoint(s); exiting.
error    libmamba Could not set lock (Resource temporarily unavailable)
warning  libmamba Cannot lock '/home/r.dinnage/.cache/mamba/proc'
    Waiting for other mamba process to finish
[collector wcpu4] --once drained 0 checkpoint(s); exiting.
[collector wcpu4] --once drained 0 checkpoint(s); exiting.
[collector wcpu4] --once drained 0 checkpoint(s); exiting.
error    libmamba Could not set lock (Resource temporarily unavailable)
warning  libmamba Cannot lock '/home/r.dinnage/.cache/mamba/proc'
    Waiting for other mamba process to finish
[collector wcpu4] --once drained 0 checkpoint(s); exiting.
error    libmamba Could not set lock (Resource temporarily unavailable)
warning  libmamba Cannot lock '/home/r.dinnage/.cache/mamba/proc'
    Waiting for other mamba process to finish
[collector wcpu4] --once drained 0 checkpoint(s); exiting.
error    libmamba Could not set lock (Resource temporarily unavailable)
warning  libmamba Cannot lock '/home/r.dinnage/.cache/mamba/proc'
    Waiting for other mamba process to finish
[collector wcpu4] --once drained 0 checkpoint(s); exiting.
[collector wcpu4] --once drained 0 checkpoint(s); exiting.
error    libmamba Could not set lock (Resource temporarily unavailable)
warning  libmamba Cannot lock '/home/r.dinnage/.cache/mamba/proc'
    Waiting for other mamba process to finish
[collector wcpu4] --once drained 0 checkpoint(s); exiting.
[collector wcpu4] --once drained 0 checkpoint(s); exiting.
[collector wcpu4] --once drained 0 checkpoint(s); exiting.
[collector wcpu4] --once drained 0 checkpoint(s); exiting.
[collector wcpu4] --once drained 0 checkpoint(s); exiting.
[collector wcpu4] --once drained 0 checkpoint(s); exiting.
[collector wcpu4] --once drained 0 checkpoint(s); exiting.
[collector wcpu4] --once drained 0 checkpoint(s); exiting.
[collector wcpu4] --once drained 0 checkpoint(s); exiting.
[collector wcpu4] --once drained 0 checkpoint(s); exiting.
[collector wcpu4] --once drained 0 checkpoint(s); exiting.
[collector wcpu4] --once drained 0 checkpoint(s); exiting.
[collector wcpu4] --once drained 0 checkpoint(s); exiting.
[collector wcpu4] --once drained 0 checkpoint(s); exiting.
[collector wcpu4] --once drained 0 checkpoint(s); exiting.
[collector wcpu4] --once drained 0 checkpoint(s); exiting.
[collector wcpu4] --once drained 0 checkpoint(s); exiting.
[collector wcpu4] --once drained 0 checkpoint(s); exiting.
[collector wcpu4] --once drained 0 checkpoint(s); exiting.
[collector wcpu4] --once drained 0 checkpoint(s); exiting.
[collector wcpu4] --once drained 0 checkpoint(s); exiting.
[collector wcpu4] --once drained 0 checkpoint(s); exiting.
[collector wcpu4] --once drained 0 checkpoint(s); exiting.
[collector wcpu4] --once drained 0 checkpoint(s); exiting.
[collector wcpu4] --once drained 0 checkpoint(s); exiting.
[collector wcpu4] --once drained 0 checkpoint(s); exiting.
[collector wcpu4] --once drained 0 checkpoint(s); exiting.
[collector wcpu4] --once drained 0 checkpoint(s); exiting.
error    libmamba Could not set lock (Resource temporarily unavailable)
warning  libmamba Cannot lock '/home/r.dinnage/.cache/mamba/proc'
    Waiting for other mamba process to finish
[collector wcpu4] --once drained 0 checkpoint(s); exiting.
[collector wcpu4] --once drained 0 checkpoint(s); exiting.
[collector wcpu4] --once drained 0 checkpoint(s); exiting.
[collector wcpu4] --once drained 0 checkpoint(s); exiting.
[collector wcpu4] --once drained 0 checkpoint(s); exiting.
[collector wcpu4] --once drained 0 checkpoint(s); exiting.
[collector wcpu4] --once drained 0 checkpoint(s); exiting.
[collector wcpu4] --once drained 0 checkpoint(s); exiting.
[collector wcpu4] --once drained 0 checkpoint(s); exiting.
[collector wcpu4] --once drained 0 checkpoint(s); exiting.
[collector wcpu4] --once drained 0 checkpoint(s); exiting.
[collector wcpu4] --once drained 0 checkpoint(s); exiting.
error    libmamba Could not set lock (Resource temporarily unavailable)
warning  libmamba Cannot lock '/home/r.dinnage/.cache/mamba/proc'
    Waiting for other mamba process to finish
[collector wcpu4] --once drained 0 checkpoint(s); exiting.
error    libmamba Could not set lock (Resource temporarily unavailable)
warning  libmamba Cannot lock '/home/r.dinnage/.cache/mamba/proc'
    Waiting for other mamba process to finish
[collector wcpu4] --once drained 0 checkpoint(s); exiting.
[collector wcpu4] --once drained 0 checkpoint(s); exiting.
[collector wcpu4] --once drained 0 checkpoint(s); exiting.
[collector wcpu4] --once drained 0 checkpoint(s); exiting.
[collector wcpu4] --once drained 0 checkpoint(s); exiting.
[collector wcpu4] --once drained 0 checkpoint(s); exiting.
[collector wcpu4] --once drained 0 checkpoint(s); exiting.
[collector wcpu4] --once drained 0 checkpoint(s); exiting.
[collector wcpu4] --once drained 0 checkpoint(s); exiting.
[collector wcpu4] --once drained 0 checkpoint(s); exiting.
error    libmamba Could not set lock (Resource temporarily unavailable)
warning  libmamba Cannot lock '/home/r.dinnage/.cache/mamba/proc'
    Waiting for other mamba process to finish
[collector wcpu4] --once drained 0 checkpoint(s); exiting.
error    libmamba Could not set lock (Resource temporarily unavailable)
warning  libmamba Cannot lock '/home/r.dinnage/.cache/mamba/proc'
    Waiting for other mamba process to finish
[collector wcpu4] --once drained 0 checkpoint(s); exiting.
[collector wcpu4] --once drained 0 checkpoint(s); exiting.
error    libmamba Could not set lock (Resource temporarily unavailable)
warning  libmamba Cannot lock '/home/r.dinnage/.cache/mamba/proc'
    Waiting for other mamba process to finish
[collector wcpu4] --once drained 0 checkpoint(s); exiting.
[collector wcpu4] --once drained 0 checkpoint(s); exiting.
[collector wcpu4] --once drained 0 checkpoint(s); exiting.
[collector wcpu4] --once drained 0 checkpoint(s); exiting.
[collector wcpu4] --once drained 0 checkpoint(s); exiting.
[collector wcpu4] --once drained 0 checkpoint(s); exiting.
[collector wcpu4] no probe/val CSV (probe_csv=None, val_csv=None); forward/backward blocks skipped for run_id=mae__stable_evo__s42.
[Extractor] block_set='cpu': CPU-only block set ['block_optim', 'block_weights', 'block_trajectory', 'block_circuits'] needs no model forward — skipping probe/Hessian build (no CSV/dataloaders, lower host RAM).
/blue/guralnick/share/r.dinnage/Projects/phenovision/xAI/py/extractor/block_optim.py:258: RuntimeWarning: overflow encountered in cast
  scalars = np.array([lam_max, lam_floor, trace, sum_log, pr, eff_rank, cond, aniso,
[extract] step=4358 SKIP heavy block block_circuits (ordinal=871 basis=step_fallback heavy_every=8)
[extract] step=4358 heavy=FALSE total=174.38s | block_optim=130.73 block_weights=31.68 block_trajectory=0.59
[collector wcpu4] cpu-pass DONE run_id=mae__stable_evo__s42 step=4358 blocks_ok=3 t=174.375s (all_passes_complete=False)
[collector wcpu4] --once drained 1 checkpoint(s); exiting.
[cwcpu4] drained 1 checkpoint(s); looping.
[collector wcpu4] --once drained 0 checkpoint(s); exiting.
[cwcpu4] none of the trainer jobs (35120240) are in the queue; performing FINAL drain before exit...
[collector wcpu4] --once drained 0 checkpoint(s); exiting.
Done: Sat Jun 20 02:52:58 AM EDT 2026
