Thu Jun 18 05:25:42 PM EDT 2026
host=c0602a-s21.ufhpc
pwd=/blue/guralnick/share/r.dinnage/Projects/phenovision
BLAS threads pinned: OMP/MKL/OPENBLAS_NUM_THREADS=10
=== preadapt v2 GPU collector worker 0 (two-pass: gpu, pass=gpu) ===
run_dirs=xAI/output/preadapt_v2/naive__stable_evo__s42
watch_dirs=xAI/output/preadapt_v2/naive__stable_evo__s42/checkpoints
sentinels=xAI/output/preadapt_v2/naive__stable_evo__s42/RUN_COMPLETE
out_store=xAI/output/preadapt_v2/_extract_store
val_csv=data/inat/val_v1.1.0.csv
poll=15s heavy_every=8 retention_latest_keep=2 keep_full_latest=2
train_jids=35115945
d90_queue=xAI/output/preadapt_v2/_d90_queue
[collector wgpu0] --once drained 0 checkpoint(s); exiting.
[cwgpu0] d90 backfill queue exhausted (no pending configs); idle-collecting only.
[collector wgpu0] --once drained 0 checkpoint(s); exiting.
[collector wgpu0] --once drained 0 checkpoint(s); exiting.
[collector wgpu0] --once drained 0 checkpoint(s); exiting.
[collector wgpu0] --once drained 0 checkpoint(s); exiting.
[collector wgpu0] --once drained 0 checkpoint(s); exiting.
[collector wgpu0] --once drained 0 checkpoint(s); exiting.
[collector wgpu0] --once drained 0 checkpoint(s); exiting.
error    libmamba Could not set lock (Resource temporarily unavailable)
warning  libmamba Cannot lock '/home/r.dinnage/.cache/mamba/proc'
    Waiting for other mamba process to finish
[collector wgpu0] --once drained 0 checkpoint(s); exiting.
[collector wgpu0] --once drained 0 checkpoint(s); exiting.
[collector wgpu0] --once drained 0 checkpoint(s); exiting.
[collector wgpu0] --once drained 0 checkpoint(s); exiting.
[collector wgpu0] --once drained 0 checkpoint(s); exiting.
[collector wgpu0] --once drained 0 checkpoint(s); exiting.
[collector wgpu0] --once drained 0 checkpoint(s); exiting.
[collector wgpu0] --once drained 0 checkpoint(s); exiting.
[collector wgpu0] --once drained 0 checkpoint(s); exiting.
[collector wgpu0] --once drained 0 checkpoint(s); exiting.
[collector wgpu0] --once drained 0 checkpoint(s); exiting.
[collector wgpu0] --once drained 0 checkpoint(s); exiting.
[collector wgpu0] --once drained 0 checkpoint(s); exiting.
[collector wgpu0] --once drained 0 checkpoint(s); exiting.
[collector wgpu0] --once drained 0 checkpoint(s); exiting.
[collector wgpu0] --once drained 0 checkpoint(s); exiting.
[collector wgpu0] --once drained 0 checkpoint(s); exiting.
[collector wgpu0] --once drained 0 checkpoint(s); exiting.
[collector wgpu0] --once drained 0 checkpoint(s); exiting.
[collector wgpu0] --once drained 0 checkpoint(s); exiting.
[collector wgpu0] --once drained 0 checkpoint(s); exiting.
[collector wgpu0] --once drained 0 checkpoint(s); exiting.
[collector wgpu0] --once drained 0 checkpoint(s); exiting.
[collector wgpu0] --once drained 0 checkpoint(s); exiting.
[collector wgpu0] --once drained 0 checkpoint(s); exiting.
[collector wgpu0] --once drained 0 checkpoint(s); exiting.
[collector wgpu0] --once drained 0 checkpoint(s); exiting.
[collector wgpu0] --once drained 0 checkpoint(s); exiting.
[collector wgpu0] --once drained 0 checkpoint(s); exiting.
[collector wgpu0] --once drained 0 checkpoint(s); exiting.
error    libmamba Could not set lock (Resource temporarily unavailable)
warning  libmamba Cannot lock '/home/r.dinnage/.cache/mamba/proc'
    Waiting for other mamba process to finish
[collector wgpu0] --once drained 0 checkpoint(s); exiting.
[collector wgpu0] --once drained 0 checkpoint(s); exiting.
error    libmamba Could not set lock (Resource temporarily unavailable)
warning  libmamba Cannot lock '/home/r.dinnage/.cache/mamba/proc'
    Waiting for other mamba process to finish
[collector wgpu0] --once drained 0 checkpoint(s); exiting.
[collector wgpu0] --once drained 0 checkpoint(s); exiting.
[collector wgpu0] --once drained 0 checkpoint(s); exiting.
[collector wgpu0] --once drained 0 checkpoint(s); exiting.
[collector wgpu0] --once drained 0 checkpoint(s); exiting.
[collector wgpu0] --once drained 0 checkpoint(s); exiting.
error    libmamba Could not set lock (Resource temporarily unavailable)
warning  libmamba Cannot lock '/home/r.dinnage/.cache/mamba/proc'
    Waiting for other mamba process to finish
[collector wgpu0] --once drained 0 checkpoint(s); exiting.
[collector wgpu0] --once drained 0 checkpoint(s); exiting.
[collector wgpu0] --once drained 0 checkpoint(s); exiting.
[collector wgpu0] --once drained 0 checkpoint(s); exiting.
[collector wgpu0] --once drained 0 checkpoint(s); exiting.
[collector wgpu0] --once drained 0 checkpoint(s); exiting.
[collector wgpu0] --once drained 0 checkpoint(s); exiting.
[collector wgpu0] --once drained 0 checkpoint(s); exiting.
error    libmamba Could not set lock (Resource temporarily unavailable)
warning  libmamba Cannot lock '/home/r.dinnage/.cache/mamba/proc'
    Waiting for other mamba process to finish
[collector wgpu0] --once drained 0 checkpoint(s); exiting.
[collector wgpu0] --once drained 0 checkpoint(s); exiting.
[collector wgpu0] --once drained 0 checkpoint(s); exiting.
[collector wgpu0] --once drained 0 checkpoint(s); exiting.
[collector wgpu0] --once drained 0 checkpoint(s); exiting.
[collector wgpu0] --once drained 0 checkpoint(s); exiting.
[collector wgpu0] --once drained 0 checkpoint(s); exiting.
[collector wgpu0] --once drained 0 checkpoint(s); exiting.
error    libmamba Could not set lock (Resource temporarily unavailable)
warning  libmamba Cannot lock '/home/r.dinnage/.cache/mamba/proc'
    Waiting for other mamba process to finish
[collector wgpu0] --once drained 0 checkpoint(s); exiting.
[collector wgpu0] --once drained 0 checkpoint(s); exiting.
[collector wgpu0] --once drained 0 checkpoint(s); exiting.
[collector wgpu0] --once drained 0 checkpoint(s); exiting.
[collector wgpu0] --once drained 0 checkpoint(s); exiting.
error    libmamba Could not set lock (Resource temporarily unavailable)
warning  libmamba Cannot lock '/home/r.dinnage/.cache/mamba/proc'
    Waiting for other mamba process to finish
[collector wgpu0] --once drained 0 checkpoint(s); exiting.
[collector wgpu0] --once drained 0 checkpoint(s); exiting.
[collector wgpu0] --once drained 0 checkpoint(s); exiting.
[collector wgpu0] --once drained 0 checkpoint(s); exiting.
[collector wgpu0] --once drained 0 checkpoint(s); exiting.
[collector wgpu0] --once drained 0 checkpoint(s); exiting.
[collector wgpu0] --once drained 0 checkpoint(s); exiting.
[collector wgpu0] --once drained 0 checkpoint(s); exiting.
[collector wgpu0] --once drained 0 checkpoint(s); exiting.
error    libmamba Could not set lock (Resource temporarily unavailable)
warning  libmamba Cannot lock '/home/r.dinnage/.cache/mamba/proc'
    Waiting for other mamba process to finish
[collector wgpu0] --once drained 0 checkpoint(s); exiting.
[collector wgpu0] --once drained 0 checkpoint(s); exiting.
[collector wgpu0] --once drained 0 checkpoint(s); exiting.
[collector wgpu0] --once drained 0 checkpoint(s); exiting.
[collector wgpu0] --once drained 0 checkpoint(s); exiting.
[collector wgpu0] --once drained 0 checkpoint(s); exiting.
[collector wgpu0] --once drained 0 checkpoint(s); exiting.
[collector wgpu0] --once drained 0 checkpoint(s); exiting.
error    libmamba Could not set lock (Resource temporarily unavailable)
warning  libmamba Cannot lock '/home/r.dinnage/.cache/mamba/proc'
    Waiting for other mamba process to finish
[collector wgpu0] --once drained 0 checkpoint(s); exiting.
[collector wgpu0] --once drained 0 checkpoint(s); exiting.
[collector wgpu0] --once drained 0 checkpoint(s); exiting.
[collector wgpu0] --once drained 0 checkpoint(s); exiting.
[collector wgpu0] --once drained 0 checkpoint(s); exiting.
[collector wgpu0] --once drained 0 checkpoint(s); exiting.
[collector wgpu0] --once drained 0 checkpoint(s); exiting.
[collector wgpu0] --once drained 0 checkpoint(s); exiting.
error    libmamba Could not set lock (Resource temporarily unavailable)
warning  libmamba Cannot lock '/home/r.dinnage/.cache/mamba/proc'
    Waiting for other mamba process to finish
[collector wgpu0] --once drained 0 checkpoint(s); exiting.
[collector wgpu0] --once drained 0 checkpoint(s); exiting.
[collector wgpu0] --once drained 0 checkpoint(s); exiting.
[collector wgpu0] --once drained 0 checkpoint(s); exiting.
error    libmamba Could not set lock (Resource temporarily unavailable)
warning  libmamba Cannot lock '/home/r.dinnage/.cache/mamba/proc'
    Waiting for other mamba process to finish
[collector wgpu0] --once drained 0 checkpoint(s); exiting.
[collector wgpu0] --once drained 0 checkpoint(s); exiting.
[collector wgpu0] --once drained 0 checkpoint(s); exiting.
[collector wgpu0] --once drained 0 checkpoint(s); exiting.
[collector wgpu0] --once drained 0 checkpoint(s); exiting.
[collector wgpu0] --once drained 0 checkpoint(s); exiting.
[collector wgpu0] --once drained 0 checkpoint(s); exiting.
[collector wgpu0] --once drained 0 checkpoint(s); exiting.
[collector wgpu0] --once drained 0 checkpoint(s); exiting.
[collector wgpu0] --once drained 0 checkpoint(s); exiting.
[collector wgpu0] --once drained 0 checkpoint(s); exiting.
[collector wgpu0] --once drained 0 checkpoint(s); exiting.
[collector wgpu0] --once drained 0 checkpoint(s); exiting.
[collector wgpu0] --once drained 0 checkpoint(s); exiting.
[collector wgpu0] --once drained 0 checkpoint(s); exiting.
[collector wgpu0] --once drained 0 checkpoint(s); exiting.
[collector wgpu0] --once drained 0 checkpoint(s); exiting.
[collector wgpu0] --once drained 0 checkpoint(s); exiting.
[collector wgpu0] --once drained 0 checkpoint(s); exiting.
[collector wgpu0] --once drained 0 checkpoint(s); exiting.
error    libmamba Could not set lock (Resource temporarily unavailable)
warning  libmamba Cannot lock '/home/r.dinnage/.cache/mamba/proc'
    Waiting for other mamba process to finish
[collector wgpu0] --once drained 0 checkpoint(s); exiting.
[collector wgpu0] --once drained 0 checkpoint(s); exiting.
[collector wgpu0] --once drained 0 checkpoint(s); exiting.
[collector wgpu0] --once drained 0 checkpoint(s); exiting.
[collector wgpu0] --once drained 0 checkpoint(s); exiting.
[collector wgpu0] --once drained 0 checkpoint(s); exiting.
[collector wgpu0] --once drained 0 checkpoint(s); exiting.
[collector wgpu0] --once drained 0 checkpoint(s); exiting.
error    libmamba Could not set lock (Resource temporarily unavailable)
warning  libmamba Cannot lock '/home/r.dinnage/.cache/mamba/proc'
    Waiting for other mamba process to finish
[collector wgpu0] --once drained 0 checkpoint(s); exiting.
[collector wgpu0] --once drained 0 checkpoint(s); exiting.
[collector wgpu0] --once drained 0 checkpoint(s); exiting.
[collector wgpu0] --once drained 0 checkpoint(s); exiting.
[collector wgpu0] --once drained 0 checkpoint(s); exiting.
error    libmamba Could not set lock (Resource temporarily unavailable)
warning  libmamba Cannot lock '/home/r.dinnage/.cache/mamba/proc'
    Waiting for other mamba process to finish
[collector wgpu0] --once drained 0 checkpoint(s); exiting.
[collector wgpu0] --once drained 0 checkpoint(s); exiting.
[collector wgpu0] --once drained 0 checkpoint(s); exiting.
[collector wgpu0] --once drained 0 checkpoint(s); exiting.
[collector wgpu0] --once drained 0 checkpoint(s); exiting.
[collector wgpu0] --once drained 0 checkpoint(s); exiting.
error    libmamba Could not set lock (Resource temporarily unavailable)
warning  libmamba Cannot lock '/home/r.dinnage/.cache/mamba/proc'
    Waiting for other mamba process to finish
[collector wgpu0] --once drained 0 checkpoint(s); exiting.
[collector wgpu0] --once drained 0 checkpoint(s); exiting.
[collector wgpu0] --once drained 0 checkpoint(s); exiting.
[collector wgpu0] --once drained 0 checkpoint(s); exiting.
[collector wgpu0] --once drained 0 checkpoint(s); exiting.
[collector wgpu0] --once drained 0 checkpoint(s); exiting.
error    libmamba Could not set lock (Resource temporarily unavailable)
warning  libmamba Cannot lock '/home/r.dinnage/.cache/mamba/proc'
    Waiting for other mamba process to finish
[collector wgpu0] --once drained 0 checkpoint(s); exiting.
[collector wgpu0] --once drained 0 checkpoint(s); exiting.
[collector wgpu0] --once drained 0 checkpoint(s); exiting.
[collector wgpu0] --once drained 0 checkpoint(s); exiting.
[collector wgpu0] --once drained 0 checkpoint(s); exiting.
[collector wgpu0] --once drained 0 checkpoint(s); exiting.
[collector wgpu0] --once drained 0 checkpoint(s); exiting.
error    libmamba Could not set lock (Resource temporarily unavailable)
warning  libmamba Cannot lock '/home/r.dinnage/.cache/mamba/proc'
    Waiting for other mamba process to finish
[collector wgpu0] --once drained 0 checkpoint(s); exiting.
[collector wgpu0] --once drained 0 checkpoint(s); exiting.
error    libmamba Could not set lock (Resource temporarily unavailable)
warning  libmamba Cannot lock '/home/r.dinnage/.cache/mamba/proc'
    Waiting for other mamba process to finish
[collector wgpu0] --once drained 0 checkpoint(s); exiting.
error    libmamba Could not set lock (Resource temporarily unavailable)
warning  libmamba Cannot lock '/home/r.dinnage/.cache/mamba/proc'
    Waiting for other mamba process to finish
[collector wgpu0] --once drained 0 checkpoint(s); exiting.
[collector wgpu0] --once drained 0 checkpoint(s); exiting.
[collector wgpu0] --once drained 0 checkpoint(s); exiting.
[collector wgpu0] --once drained 0 checkpoint(s); exiting.
[collector wgpu0] --once drained 0 checkpoint(s); exiting.
[collector wgpu0] --once drained 0 checkpoint(s); exiting.
[collector wgpu0] --once drained 0 checkpoint(s); exiting.
[collector wgpu0] --once drained 0 checkpoint(s); exiting.
[collector wgpu0] --once drained 0 checkpoint(s); exiting.
[collector wgpu0] --once drained 0 checkpoint(s); exiting.
[collector wgpu0] --once drained 0 checkpoint(s); exiting.
[collector wgpu0] --once drained 0 checkpoint(s); exiting.
[collector wgpu0] --once drained 0 checkpoint(s); exiting.
[collector wgpu0] --once drained 0 checkpoint(s); exiting.
[collector wgpu0] --once drained 0 checkpoint(s); exiting.
[collector wgpu0] --once drained 0 checkpoint(s); exiting.
[collector wgpu0] --once drained 0 checkpoint(s); exiting.
[collector wgpu0] --once drained 0 checkpoint(s); exiting.
[collector wgpu0] --once drained 0 checkpoint(s); exiting.
[collector wgpu0] --once drained 0 checkpoint(s); exiting.
error    libmamba Could not set lock (Resource temporarily unavailable)
warning  libmamba Cannot lock '/home/r.dinnage/.cache/mamba/proc'
    Waiting for other mamba process to finish
[collector wgpu0] --once drained 0 checkpoint(s); exiting.
[collector wgpu0] --once drained 0 checkpoint(s); exiting.
[collector wgpu0] --once drained 0 checkpoint(s); exiting.
[collector wgpu0] --once drained 0 checkpoint(s); exiting.
[collector wgpu0] --once drained 0 checkpoint(s); exiting.
[collector wgpu0] --once drained 0 checkpoint(s); exiting.
[collector wgpu0] --once drained 0 checkpoint(s); exiting.
[collector wgpu0] --once drained 0 checkpoint(s); exiting.
[collector wgpu0] --once drained 0 checkpoint(s); exiting.
error    libmamba Could not set lock (Resource temporarily unavailable)
warning  libmamba Cannot lock '/home/r.dinnage/.cache/mamba/proc'
    Waiting for other mamba process to finish
[collector wgpu0] --once drained 0 checkpoint(s); exiting.
[collector wgpu0] --once drained 0 checkpoint(s); exiting.
[collector wgpu0] --once drained 0 checkpoint(s); exiting.
error    libmamba Could not set lock (Resource temporarily unavailable)
warning  libmamba Cannot lock '/home/r.dinnage/.cache/mamba/proc'
    Waiting for other mamba process to finish
[collector wgpu0] --once drained 0 checkpoint(s); exiting.
[collector wgpu0] --once drained 0 checkpoint(s); exiting.
[collector wgpu0] --once drained 0 checkpoint(s); exiting.
[collector wgpu0] --once drained 0 checkpoint(s); exiting.
error    libmamba Could not set lock (Resource temporarily unavailable)
warning  libmamba Cannot lock '/home/r.dinnage/.cache/mamba/proc'
    Waiting for other mamba process to finish
[collector wgpu0] --once drained 0 checkpoint(s); exiting.
[collector wgpu0] --once drained 0 checkpoint(s); exiting.
[collector wgpu0] --once drained 0 checkpoint(s); exiting.
[collector wgpu0] --once drained 0 checkpoint(s); exiting.
[collector wgpu0] --once drained 0 checkpoint(s); exiting.
error    libmamba Could not set lock (Resource temporarily unavailable)
warning  libmamba Cannot lock '/home/r.dinnage/.cache/mamba/proc'
    Waiting for other mamba process to finish
[collector wgpu0] --once drained 0 checkpoint(s); exiting.
[collector wgpu0] --once drained 0 checkpoint(s); exiting.
[collector wgpu0] --once drained 0 checkpoint(s); exiting.
[collector wgpu0] --once drained 0 checkpoint(s); exiting.
[collector wgpu0] --once drained 0 checkpoint(s); exiting.
[collector wgpu0] --once drained 0 checkpoint(s); exiting.
[collector wgpu0] --once drained 0 checkpoint(s); exiting.
[collector wgpu0] --once drained 0 checkpoint(s); exiting.
[collector wgpu0] --once drained 0 checkpoint(s); exiting.
[collector wgpu0] --once drained 0 checkpoint(s); exiting.
[collector wgpu0] --once drained 0 checkpoint(s); exiting.
error    libmamba Could not set lock (Resource temporarily unavailable)
warning  libmamba Cannot lock '/home/r.dinnage/.cache/mamba/proc'
    Waiting for other mamba process to finish
[collector wgpu0] --once drained 0 checkpoint(s); exiting.
error    libmamba Could not set lock (Resource temporarily unavailable)
warning  libmamba Cannot lock '/home/r.dinnage/.cache/mamba/proc'
    Waiting for other mamba process to finish
[extract] step=1100 SKIP heavy block block_interp (ordinal=220 basis=step_fallback heavy_every=8)
[extract] step=1100 SKIP heavy block block_probes (ordinal=220 basis=step_fallback heavy_every=8)
[extract] step=1100 heavy=FALSE total=14.80s | block_curvature=5.73 block_fitness=5.95
[collector wgpu0] gpu-pass DONE run_id=naive__stable_evo__s42 step=0 blocks_ok=2 t=14.801s (all_passes_complete=True)
[extract] step=1100 SKIP heavy block block_interp (ordinal=220 basis=step_fallback heavy_every=8)
[extract] step=1100 SKIP heavy block block_probes (ordinal=220 basis=step_fallback heavy_every=8)
[extract] step=1100 heavy=FALSE total=12.01s | block_curvature=4.53 block_fitness=4.69
[collector wgpu0] gpu-pass DONE run_id=naive__stable_evo__s42 step=0 blocks_ok=2 t=12.009s (all_passes_complete=True)
[collector wgpu0] FINALIZED run_id=naive__stable_evo__s42 step=0 -> KEPT(->kept/,FULL anchor)
[collector wgpu0] FINALIZED run_id=naive__stable_evo__s42 step=0 -> KEPT(->kept/,FULL anchor)
[collector wgpu0] --once drained 4 checkpoint(s); exiting.
[cwgpu0] drained 4 checkpoint(s); GPU-pass backlog present -> skip d90, loop.
[collector wgpu0] --once drained 0 checkpoint(s); exiting.
error    libmamba Could not set lock (Resource temporarily unavailable)
warning  libmamba Cannot lock '/home/r.dinnage/.cache/mamba/proc'
    Waiting for other mamba process to finish
[collector wgpu0] --once drained 0 checkpoint(s); exiting.
[collector wgpu0] --once drained 0 checkpoint(s); exiting.
[collector wgpu0] --once drained 0 checkpoint(s); exiting.
[collector wgpu0] --once drained 0 checkpoint(s); exiting.
[extract] step=1112 SKIP heavy block block_interp (ordinal=222 basis=step_fallback heavy_every=8)
[extract] step=1112 SKIP heavy block block_probes (ordinal=222 basis=step_fallback heavy_every=8)
[extract] step=1112 heavy=FALSE total=16.21s | block_curvature=4.68 block_fitness=6.11
[collector wgpu0] gpu-pass DONE run_id=naive__stable_evo__s42 step=1112 blocks_ok=2 t=16.209s (all_passes_complete=True)
[collector wgpu0] FINALIZED run_id=naive__stable_evo__s42 step=1112 -> KEPT(->kept/,ladder model-only+FULL latest-slot)
[collector wgpu0] --once drained 2 checkpoint(s); exiting.
[cwgpu0] drained 2 checkpoint(s); GPU-pass backlog present -> skip d90, loop.
[collector wgpu0] --once drained 0 checkpoint(s); exiting.
error    libmamba Could not set lock (Resource temporarily unavailable)
warning  libmamba Cannot lock '/home/r.dinnage/.cache/mamba/proc'
    Waiting for other mamba process to finish
[collector wgpu0] --once drained 0 checkpoint(s); exiting.
[collector wgpu0] --once drained 0 checkpoint(s); exiting.
[collector wgpu0] --once drained 0 checkpoint(s); exiting.
[extract] step=1124 heavy=TRUE total=95.30s | block_curvature=4.64 block_interp=41.18 block_probes=37.61 block_fitness=6.78
[collector wgpu0] gpu-pass DONE run_id=naive__stable_evo__s42 step=1124 blocks_ok=4 t=95.303s (all_passes_complete=True)
[collector wgpu0] FINALIZED run_id=naive__stable_evo__s42 step=1124 -> deleted
[collector wgpu0] --once drained 2 checkpoint(s); exiting.
[cwgpu0] drained 2 checkpoint(s); GPU-pass backlog present -> skip d90, loop.
[extract] step=1136 SKIP heavy block block_interp (ordinal=227 basis=step_fallback heavy_every=8)
[extract] step=1136 SKIP heavy block block_probes (ordinal=227 basis=step_fallback heavy_every=8)
[extract] step=1136 heavy=FALSE total=16.61s | block_curvature=5.26 block_fitness=6.02
[collector wgpu0] gpu-pass DONE run_id=naive__stable_evo__s42 step=1136 blocks_ok=2 t=16.608s (all_passes_complete=True)
[collector wgpu0] FINALIZED run_id=naive__stable_evo__s42 step=1136 -> KEPT(->kept/,FULL latest-slot)
[collector wgpu0] --once drained 2 checkpoint(s); exiting.
[cwgpu0] drained 2 checkpoint(s); GPU-pass backlog present -> skip d90, loop.
[collector wgpu0] --once drained 0 checkpoint(s); exiting.
[collector wgpu0] --once drained 0 checkpoint(s); exiting.
[collector wgpu0] --once drained 0 checkpoint(s); exiting.
error    libmamba Could not set lock (Resource temporarily unavailable)
warning  libmamba Cannot lock '/home/r.dinnage/.cache/mamba/proc'
    Waiting for other mamba process to finish
[collector wgpu0] --once drained 0 checkpoint(s); exiting.
error    libmamba Could not set lock (Resource temporarily unavailable)
warning  libmamba Cannot lock '/home/r.dinnage/.cache/mamba/proc'
    Waiting for other mamba process to finish
[collector wgpu0] --once drained 0 checkpoint(s); exiting.
[extract] step=1148 SKIP heavy block block_interp (ordinal=229 basis=step_fallback heavy_every=8)
[extract] step=1148 SKIP heavy block block_probes (ordinal=229 basis=step_fallback heavy_every=8)
[extract] step=1148 heavy=FALSE total=15.88s | block_curvature=4.63 block_fitness=6.03
[collector wgpu0] gpu-pass DONE run_id=naive__stable_evo__s42 step=1148 blocks_ok=2 t=15.876s (all_passes_complete=True)
[collector wgpu0] FINALIZED run_id=naive__stable_evo__s42 step=1148 -> KEPT(->kept/,FULL latest-slot)
[collector wgpu0] --once drained 2 checkpoint(s); exiting.
[cwgpu0] drained 2 checkpoint(s); GPU-pass backlog present -> skip d90, loop.
[collector wgpu0] --once drained 0 checkpoint(s); exiting.
[collector wgpu0] --once drained 0 checkpoint(s); exiting.
[collector wgpu0] --once drained 0 checkpoint(s); exiting.
[collector wgpu0] --once drained 0 checkpoint(s); exiting.
error    libmamba Could not set lock (Resource temporarily unavailable)
warning  libmamba Cannot lock '/home/r.dinnage/.cache/mamba/proc'
    Waiting for other mamba process to finish
[extract] step=1160 heavy=TRUE total=91.30s | block_curvature=4.63 block_interp=40.59 block_probes=33.47 block_fitness=7.55
[collector wgpu0] gpu-pass DONE run_id=naive__stable_evo__s42 step=1160 blocks_ok=4 t=91.297s (all_passes_complete=True)
[collector wgpu0] FINALIZED run_id=naive__stable_evo__s42 step=1160 -> KEPT(->kept/,FULL latest-slot)
[collector wgpu0] --once drained 2 checkpoint(s); exiting.
[cwgpu0] drained 2 checkpoint(s); GPU-pass backlog present -> skip d90, loop.
[collector wgpu0] --once drained 0 checkpoint(s); exiting.
error    libmamba Could not set lock (Resource temporarily unavailable)
warning  libmamba Cannot lock '/home/r.dinnage/.cache/mamba/proc'
    Waiting for other mamba process to finish
[extract] step=1172 SKIP heavy block block_interp (ordinal=234 basis=step_fallback heavy_every=8)
[extract] step=1172 SKIP heavy block block_probes (ordinal=234 basis=step_fallback heavy_every=8)
[extract] step=1172 heavy=FALSE total=15.88s | block_curvature=4.64 block_fitness=5.91
[collector wgpu0] gpu-pass DONE run_id=naive__stable_evo__s42 step=1172 blocks_ok=2 t=15.88s (all_passes_complete=True)
[collector wgpu0] FINALIZED run_id=naive__stable_evo__s42 step=1172 -> KEPT(->kept/,FULL latest-slot)
[collector wgpu0] --once drained 2 checkpoint(s); exiting.
[cwgpu0] drained 2 checkpoint(s); GPU-pass backlog present -> skip d90, loop.
[collector wgpu0] --once drained 0 checkpoint(s); exiting.
[collector wgpu0] --once drained 0 checkpoint(s); exiting.
[collector wgpu0] --once drained 0 checkpoint(s); exiting.
[collector wgpu0] --once drained 0 checkpoint(s); exiting.
[extract] step=1184 SKIP heavy block block_interp (ordinal=236 basis=step_fallback heavy_every=8)
[extract] step=1184 SKIP heavy block block_probes (ordinal=236 basis=step_fallback heavy_every=8)
[extract] step=1184 heavy=FALSE total=15.93s | block_curvature=4.67 block_fitness=5.92
[collector wgpu0] gpu-pass DONE run_id=naive__stable_evo__s42 step=1184 blocks_ok=2 t=15.926s (all_passes_complete=True)
[collector wgpu0] FINALIZED run_id=naive__stable_evo__s42 step=1184 -> KEPT(->kept/,FULL latest-slot)
[collector wgpu0] --once drained 2 checkpoint(s); exiting.
[cwgpu0] drained 2 checkpoint(s); GPU-pass backlog present -> skip d90, loop.
[collector wgpu0] --once drained 0 checkpoint(s); exiting.
[collector wgpu0] --once drained 0 checkpoint(s); exiting.
[collector wgpu0] --once drained 0 checkpoint(s); exiting.
[collector wgpu0] --once drained 0 checkpoint(s); exiting.
[extract] step=1196 SKIP heavy block block_interp (ordinal=239 basis=step_fallback heavy_every=8)
[extract] step=1196 SKIP heavy block block_probes (ordinal=239 basis=step_fallback heavy_every=8)
[extract] step=1196 heavy=FALSE total=17.52s | block_curvature=5.07 block_fitness=6.04
[collector wgpu0] gpu-pass DONE run_id=naive__stable_evo__s42 step=1196 blocks_ok=2 t=17.516s (all_passes_complete=True)
[collector wgpu0] FINALIZED run_id=naive__stable_evo__s42 step=1196 -> KEPT(->kept/,FULL latest-slot)
[collector wgpu0] --once drained 2 checkpoint(s); exiting.
[cwgpu0] drained 2 checkpoint(s); GPU-pass backlog present -> skip d90, loop.
[collector wgpu0] --once drained 0 checkpoint(s); exiting.
[collector wgpu0] --once drained 0 checkpoint(s); exiting.
[collector wgpu0] --once drained 0 checkpoint(s); exiting.
[collector wgpu0] --once drained 0 checkpoint(s); exiting.
[collector wgpu0] --once drained 0 checkpoint(s); exiting.
error    libmamba Could not set lock (Resource temporarily unavailable)
warning  libmamba Cannot lock '/home/r.dinnage/.cache/mamba/proc'
    Waiting for other mamba process to finish
[collector wgpu0] --once drained 0 checkpoint(s); exiting.
[collector wgpu0] --once drained 0 checkpoint(s); exiting.
[extract] step=1208 SKIP heavy block block_interp (ordinal=241 basis=step_fallback heavy_every=8)
[extract] step=1208 SKIP heavy block block_probes (ordinal=241 basis=step_fallback heavy_every=8)
[extract] step=1208 heavy=FALSE total=16.29s | block_curvature=5.18 block_fitness=5.88
[collector wgpu0] gpu-pass DONE run_id=naive__stable_evo__s42 step=1208 blocks_ok=2 t=16.293s (all_passes_complete=True)
[collector wgpu0] FINALIZED run_id=naive__stable_evo__s42 step=1208 -> KEPT(->kept/,FULL latest-slot)
[collector wgpu0] --once drained 2 checkpoint(s); exiting.
[cwgpu0] drained 2 checkpoint(s); GPU-pass backlog present -> skip d90, loop.
[collector wgpu0] --once drained 0 checkpoint(s); exiting.
[collector wgpu0] --once drained 0 checkpoint(s); exiting.
[collector wgpu0] --once drained 0 checkpoint(s); exiting.
[collector wgpu0] --once drained 0 checkpoint(s); exiting.
[collector wgpu0] --once drained 0 checkpoint(s); exiting.
[extract] step=1220 SKIP heavy block block_interp (ordinal=244 basis=step_fallback heavy_every=8)
[extract] step=1220 SKIP heavy block block_probes (ordinal=244 basis=step_fallback heavy_every=8)
[extract] step=1220 heavy=FALSE total=15.72s | block_curvature=4.57 block_fitness=5.87
[collector wgpu0] gpu-pass DONE run_id=naive__stable_evo__s42 step=1220 blocks_ok=2 t=15.72s (all_passes_complete=True)
[collector wgpu0] FINALIZED run_id=naive__stable_evo__s42 step=1220 -> KEPT(->kept/,FULL latest-slot)
[collector wgpu0] --once drained 2 checkpoint(s); exiting.
[cwgpu0] drained 2 checkpoint(s); GPU-pass backlog present -> skip d90, loop.
[collector wgpu0] --once drained 0 checkpoint(s); exiting.
[collector wgpu0] --once drained 0 checkpoint(s); exiting.
[collector wgpu0] --once drained 0 checkpoint(s); exiting.
[collector wgpu0] --once drained 0 checkpoint(s); exiting.
[extract] step=1232 SKIP heavy block block_interp (ordinal=246 basis=step_fallback heavy_every=8)
[extract] step=1232 SKIP heavy block block_probes (ordinal=246 basis=step_fallback heavy_every=8)
[extract] step=1232 heavy=FALSE total=16.00s | block_curvature=4.62 block_fitness=5.89
[collector wgpu0] gpu-pass DONE run_id=naive__stable_evo__s42 step=1232 blocks_ok=2 t=16.002s (all_passes_complete=True)
[collector wgpu0] FINALIZED run_id=naive__stable_evo__s42 step=1232 -> KEPT(->kept/,FULL latest-slot)
[collector wgpu0] --once drained 2 checkpoint(s); exiting.
[cwgpu0] drained 2 checkpoint(s); GPU-pass backlog present -> skip d90, loop.
[collector wgpu0] --once drained 0 checkpoint(s); exiting.
[collector wgpu0] --once drained 0 checkpoint(s); exiting.
[collector wgpu0] --once drained 0 checkpoint(s); exiting.
[collector wgpu0] --once drained 0 checkpoint(s); exiting.
[extract] step=1244 heavy=TRUE total=93.72s | block_curvature=5.12 block_interp=41.26 block_probes=35.20 block_fitness=6.22
[collector wgpu0] gpu-pass DONE run_id=naive__stable_evo__s42 step=1244 blocks_ok=4 t=93.72s (all_passes_complete=True)
[collector wgpu0] FINALIZED run_id=naive__stable_evo__s42 step=1244 -> KEPT(->kept/,FULL latest-slot)
[collector wgpu0] --once drained 2 checkpoint(s); exiting.
[cwgpu0] drained 2 checkpoint(s); GPU-pass backlog present -> skip d90, loop.
[collector wgpu0] --once drained 0 checkpoint(s); exiting.
error    libmamba Could not set lock (Resource temporarily unavailable)
warning  libmamba Cannot lock '/home/r.dinnage/.cache/mamba/proc'
    Waiting for other mamba process to finish
[extract] step=1256 SKIP heavy block block_interp (ordinal=251 basis=step_fallback heavy_every=8)
[extract] step=1256 SKIP heavy block block_probes (ordinal=251 basis=step_fallback heavy_every=8)
[extract] step=1256 heavy=FALSE total=16.04s | block_curvature=4.89 block_fitness=5.84
[collector wgpu0] gpu-pass DONE run_id=naive__stable_evo__s42 step=1256 blocks_ok=2 t=16.041s (all_passes_complete=True)
[collector wgpu0] FINALIZED run_id=naive__stable_evo__s42 step=1256 -> KEPT(->kept/,FULL latest-slot)
[collector wgpu0] --once drained 2 checkpoint(s); exiting.
[cwgpu0] drained 2 checkpoint(s); GPU-pass backlog present -> skip d90, loop.
[collector wgpu0] --once drained 0 checkpoint(s); exiting.
[collector wgpu0] --once drained 0 checkpoint(s); exiting.
[collector wgpu0] --once drained 0 checkpoint(s); exiting.
[collector wgpu0] --once drained 0 checkpoint(s); exiting.
[extract] step=1268 SKIP heavy block block_interp (ordinal=253 basis=step_fallback heavy_every=8)
[extract] step=1268 SKIP heavy block block_probes (ordinal=253 basis=step_fallback heavy_every=8)
[extract] step=1268 heavy=FALSE total=16.64s | block_curvature=5.11 block_fitness=6.11
[collector wgpu0] gpu-pass DONE run_id=naive__stable_evo__s42 step=1268 blocks_ok=2 t=16.635s (all_passes_complete=True)
[collector wgpu0] FINALIZED run_id=naive__stable_evo__s42 step=1268 -> KEPT(->kept/,FULL latest-slot)
[collector wgpu0] --once drained 2 checkpoint(s); exiting.
[cwgpu0] drained 2 checkpoint(s); GPU-pass backlog present -> skip d90, loop.
[collector wgpu0] --once drained 0 checkpoint(s); exiting.
[collector wgpu0] --once drained 0 checkpoint(s); exiting.
[collector wgpu0] --once drained 0 checkpoint(s); exiting.
[collector wgpu0] --once drained 0 checkpoint(s); exiting.
error    libmamba Could not set lock (Resource temporarily unavailable)
warning  libmamba Cannot lock '/home/r.dinnage/.cache/mamba/proc'
    Waiting for other mamba process to finish
[extract] step=1280 heavy=TRUE total=98.26s | block_curvature=4.71 block_interp=41.26 block_probes=41.22 block_fitness=6.00
[collector wgpu0] gpu-pass DONE run_id=naive__stable_evo__s42 step=1280 blocks_ok=4 t=98.264s (all_passes_complete=True)
[collector wgpu0] FINALIZED run_id=naive__stable_evo__s42 step=1280 -> KEPT(->kept/,FULL latest-slot)
[collector wgpu0] --once drained 2 checkpoint(s); exiting.
[cwgpu0] drained 2 checkpoint(s); GPU-pass backlog present -> skip d90, loop.
[extract] step=1292 SKIP heavy block block_interp (ordinal=258 basis=step_fallback heavy_every=8)
[extract] step=1292 SKIP heavy block block_probes (ordinal=258 basis=step_fallback heavy_every=8)
[extract] step=1292 heavy=FALSE total=15.92s | block_curvature=4.64 block_fitness=5.89
[collector wgpu0] gpu-pass DONE run_id=naive__stable_evo__s42 step=1292 blocks_ok=2 t=15.921s (all_passes_complete=True)
[collector wgpu0] FINALIZED run_id=naive__stable_evo__s42 step=1292 -> KEPT(->kept/,FULL latest-slot)
[collector wgpu0] --once drained 2 checkpoint(s); exiting.
[cwgpu0] drained 2 checkpoint(s); GPU-pass backlog present -> skip d90, loop.
[collector wgpu0] --once drained 0 checkpoint(s); exiting.
[collector wgpu0] --once drained 0 checkpoint(s); exiting.
[collector wgpu0] --once drained 0 checkpoint(s); exiting.
error    libmamba Could not set lock (Resource temporarily unavailable)
warning  libmamba Cannot lock '/home/r.dinnage/.cache/mamba/proc'
    Waiting for other mamba process to finish
[collector wgpu0] --once drained 0 checkpoint(s); exiting.
[collector wgpu0] --once drained 0 checkpoint(s); exiting.
[collector wgpu0] --once drained 0 checkpoint(s); exiting.
[collector wgpu0] --once drained 0 checkpoint(s); exiting.
[extract] step=1304 SKIP heavy block block_interp (ordinal=260 basis=step_fallback heavy_every=8)
[extract] step=1304 SKIP heavy block block_probes (ordinal=260 basis=step_fallback heavy_every=8)
[extract] step=1304 heavy=FALSE total=17.28s | block_curvature=5.57 block_fitness=6.15
[collector wgpu0] gpu-pass DONE run_id=naive__stable_evo__s42 step=1304 blocks_ok=2 t=17.281s (all_passes_complete=True)
[collector wgpu0] FINALIZED run_id=naive__stable_evo__s42 step=1304 -> KEPT(->kept/,FULL latest-slot)
[collector wgpu0] --once drained 2 checkpoint(s); exiting.
[cwgpu0] drained 2 checkpoint(s); GPU-pass backlog present -> skip d90, loop.
[collector wgpu0] --once drained 0 checkpoint(s); exiting.
[collector wgpu0] --once drained 0 checkpoint(s); exiting.
[collector wgpu0] --once drained 0 checkpoint(s); exiting.
[collector wgpu0] --once drained 0 checkpoint(s); exiting.
[extract] step=1316 SKIP heavy block block_interp (ordinal=263 basis=step_fallback heavy_every=8)
[extract] step=1316 SKIP heavy block block_probes (ordinal=263 basis=step_fallback heavy_every=8)
[extract] step=1316 heavy=FALSE total=16.87s | block_curvature=4.62 block_fitness=5.96
[collector wgpu0] gpu-pass DONE run_id=naive__stable_evo__s42 step=1316 blocks_ok=2 t=16.875s (all_passes_complete=True)
[collector wgpu0] FINALIZED run_id=naive__stable_evo__s42 step=1316 -> KEPT(->kept/,FULL latest-slot)
[collector wgpu0] --once drained 2 checkpoint(s); exiting.
[cwgpu0] drained 2 checkpoint(s); GPU-pass backlog present -> skip d90, loop.
[collector wgpu0] --once drained 0 checkpoint(s); exiting.
[collector wgpu0] --once drained 0 checkpoint(s); exiting.
[collector wgpu0] --once drained 0 checkpoint(s); exiting.
[collector wgpu0] --once drained 0 checkpoint(s); exiting.
[collector wgpu0] --once drained 0 checkpoint(s); exiting.
[extract] step=1328 SKIP heavy block block_interp (ordinal=265 basis=step_fallback heavy_every=8)
[extract] step=1328 SKIP heavy block block_probes (ordinal=265 basis=step_fallback heavy_every=8)
[extract] step=1328 heavy=FALSE total=16.17s | block_curvature=4.64 block_fitness=6.08
[collector wgpu0] gpu-pass DONE run_id=naive__stable_evo__s42 step=1328 blocks_ok=2 t=16.173s (all_passes_complete=True)
[collector wgpu0] FINALIZED run_id=naive__stable_evo__s42 step=1328 -> KEPT(->kept/,FULL latest-slot)
[collector wgpu0] --once drained 2 checkpoint(s); exiting.
[cwgpu0] drained 2 checkpoint(s); GPU-pass backlog present -> skip d90, loop.
[collector wgpu0] --once drained 0 checkpoint(s); exiting.
[collector wgpu0] --once drained 0 checkpoint(s); exiting.
[collector wgpu0] --once drained 0 checkpoint(s); exiting.
[collector wgpu0] --once drained 0 checkpoint(s); exiting.
[extract] step=1340 SKIP heavy block block_interp (ordinal=268 basis=step_fallback heavy_every=8)
[extract] step=1340 SKIP heavy block block_probes (ordinal=268 basis=step_fallback heavy_every=8)
[extract] step=1340 heavy=FALSE total=16.04s | block_curvature=4.63 block_fitness=5.97
[collector wgpu0] gpu-pass DONE run_id=naive__stable_evo__s42 step=1340 blocks_ok=2 t=16.042s (all_passes_complete=True)
[collector wgpu0] FINALIZED run_id=naive__stable_evo__s42 step=1340 -> KEPT(->kept/,FULL latest-slot)
[collector wgpu0] --once drained 2 checkpoint(s); exiting.
[cwgpu0] drained 2 checkpoint(s); GPU-pass backlog present -> skip d90, loop.
[collector wgpu0] --once drained 0 checkpoint(s); exiting.
error    libmamba Could not set lock (Resource temporarily unavailable)
warning  libmamba Cannot lock '/home/r.dinnage/.cache/mamba/proc'
    Waiting for other mamba process to finish
[collector wgpu0] --once drained 0 checkpoint(s); exiting.
[collector wgpu0] --once drained 0 checkpoint(s); exiting.
[collector wgpu0] --once drained 0 checkpoint(s); exiting.
error    libmamba Could not set lock (Resource temporarily unavailable)
warning  libmamba Cannot lock '/home/r.dinnage/.cache/mamba/proc'
    Waiting for other mamba process to finish
[extract] step=1352 SKIP heavy block block_interp (ordinal=270 basis=step_fallback heavy_every=8)
[extract] step=1352 SKIP heavy block block_probes (ordinal=270 basis=step_fallback heavy_every=8)
[extract] step=1352 heavy=FALSE total=17.13s | block_curvature=4.65 block_fitness=5.96
[collector wgpu0] gpu-pass DONE run_id=naive__stable_evo__s42 step=1352 blocks_ok=2 t=17.13s (all_passes_complete=True)
[collector wgpu0] FINALIZED run_id=naive__stable_evo__s42 step=1352 -> KEPT(->kept/,FULL latest-slot)
[collector wgpu0] --once drained 2 checkpoint(s); exiting.
[cwgpu0] drained 2 checkpoint(s); GPU-pass backlog present -> skip d90, loop.
[collector wgpu0] --once drained 0 checkpoint(s); exiting.
error    libmamba Could not set lock (Resource temporarily unavailable)
warning  libmamba Cannot lock '/home/r.dinnage/.cache/mamba/proc'
    Waiting for other mamba process to finish
[collector wgpu0] --once drained 0 checkpoint(s); exiting.
error    libmamba Could not set lock (Resource temporarily unavailable)
warning  libmamba Cannot lock '/home/r.dinnage/.cache/mamba/proc'
    Waiting for other mamba process to finish
[collector wgpu0] --once drained 0 checkpoint(s); exiting.
[collector wgpu0] --once drained 0 checkpoint(s); exiting.
error    libmamba Could not set lock (Resource temporarily unavailable)
warning  libmamba Cannot lock '/home/r.dinnage/.cache/mamba/proc'
    Waiting for other mamba process to finish
[collector wgpu0] --once drained 0 checkpoint(s); exiting.
[extract] step=1364 heavy=TRUE total=100.75s | block_curvature=5.09 block_interp=42.35 block_probes=41.91 block_fitness=6.17
[collector wgpu0] gpu-pass DONE run_id=naive__stable_evo__s42 step=1364 blocks_ok=4 t=100.749s (all_passes_complete=True)
[extract] step=1376 SKIP heavy block block_interp (ordinal=275 basis=step_fallback heavy_every=8)
[extract] step=1376 SKIP heavy block block_probes (ordinal=275 basis=step_fallback heavy_every=8)
[extract] step=1376 heavy=FALSE total=15.44s | block_curvature=4.59 block_fitness=5.38
[collector wgpu0] gpu-pass DONE run_id=naive__stable_evo__s42 step=1376 blocks_ok=2 t=15.444s (all_passes_complete=True)
[collector wgpu0] FINALIZED run_id=naive__stable_evo__s42 step=1364 -> deleted
[collector wgpu0] FINALIZED run_id=naive__stable_evo__s42 step=1376 -> deleted
[collector wgpu0] --once drained 4 checkpoint(s); exiting.
[cwgpu0] drained 4 checkpoint(s); GPU-pass backlog present -> skip d90, loop.
[extract] step=1378 SKIP heavy block block_interp (ordinal=275 basis=step_fallback heavy_every=8)
[extract] step=1378 SKIP heavy block block_probes (ordinal=275 basis=step_fallback heavy_every=8)
[extract] step=1378 heavy=FALSE total=16.09s | block_curvature=4.67 block_fitness=6.02
[collector wgpu0] gpu-pass DONE run_id=naive__stable_evo__s42 step=1378 blocks_ok=2 t=16.093s (all_passes_complete=True)
[collector wgpu0] FINALIZED run_id=naive__stable_evo__s42 step=1378 -> KEPT(->kept/,FULL latest-slot)
[collector wgpu0] --once drained 2 checkpoint(s); exiting.
[cwgpu0] drained 2 checkpoint(s); GPU-pass backlog present -> skip d90, loop.
[collector wgpu0] --once drained 0 checkpoint(s); exiting.
[collector wgpu0] --once drained 0 checkpoint(s); exiting.
[collector wgpu0] --once drained 0 checkpoint(s); exiting.
[collector wgpu0] --once drained 0 checkpoint(s); exiting.
[collector wgpu0] --once drained 0 checkpoint(s); exiting.
[extract] step=1390 SKIP heavy block block_interp (ordinal=278 basis=step_fallback heavy_every=8)
[extract] step=1390 SKIP heavy block block_probes (ordinal=278 basis=step_fallback heavy_every=8)
[extract] step=1390 heavy=FALSE total=15.99s | block_curvature=4.62 block_fitness=5.88
[collector wgpu0] gpu-pass DONE run_id=naive__stable_evo__s42 step=1390 blocks_ok=2 t=15.989s (all_passes_complete=True)
[collector wgpu0] FINALIZED run_id=naive__stable_evo__s42 step=1390 -> KEPT(->kept/,FULL latest-slot)
[collector wgpu0] --once drained 2 checkpoint(s); exiting.
[cwgpu0] drained 2 checkpoint(s); GPU-pass backlog present -> skip d90, loop.
[collector wgpu0] --once drained 0 checkpoint(s); exiting.
[collector wgpu0] --once drained 0 checkpoint(s); exiting.
[collector wgpu0] --once drained 0 checkpoint(s); exiting.
[collector wgpu0] --once drained 0 checkpoint(s); exiting.
error    libmamba Could not set lock (Resource temporarily unavailable)
warning  libmamba Cannot lock '/home/r.dinnage/.cache/mamba/proc'
    Waiting for other mamba process to finish
[collector wgpu0] --once drained 0 checkpoint(s); exiting.
[collector wgpu0] --once drained 0 checkpoint(s); exiting.
[collector wgpu0] --once drained 0 checkpoint(s); exiting.
[extract] step=1402 heavy=TRUE total=95.05s | block_curvature=4.63 block_interp=41.36 block_probes=36.98 block_fitness=6.79
[collector wgpu0] gpu-pass DONE run_id=naive__stable_evo__s42 step=1402 blocks_ok=4 t=95.047s (all_passes_complete=True)
[collector wgpu0] FINALIZED run_id=naive__stable_evo__s42 step=1402 -> deleted
[collector wgpu0] --once drained 2 checkpoint(s); exiting.
[cwgpu0] drained 2 checkpoint(s); GPU-pass backlog present -> skip d90, loop.
[extract] step=1414 SKIP heavy block block_interp (ordinal=282 basis=step_fallback heavy_every=8)
[extract] step=1414 SKIP heavy block block_probes (ordinal=282 basis=step_fallback heavy_every=8)
[extract] step=1414 heavy=FALSE total=16.30s | block_curvature=4.69 block_fitness=6.02
[collector wgpu0] gpu-pass DONE run_id=naive__stable_evo__s42 step=1414 blocks_ok=2 t=16.298s (all_passes_complete=True)
[collector wgpu0] FINALIZED run_id=naive__stable_evo__s42 step=1414 -> KEPT(->kept/,FULL latest-slot)
[collector wgpu0] --once drained 2 checkpoint(s); exiting.
[cwgpu0] drained 2 checkpoint(s); GPU-pass backlog present -> skip d90, loop.
[collector wgpu0] --once drained 0 checkpoint(s); exiting.
[collector wgpu0] --once drained 0 checkpoint(s); exiting.
error    libmamba Could not set lock (Resource temporarily unavailable)
warning  libmamba Cannot lock '/home/r.dinnage/.cache/mamba/proc'
    Waiting for other mamba process to finish
[collector wgpu0] --once drained 0 checkpoint(s); exiting.
[collector wgpu0] --once drained 0 checkpoint(s); exiting.
error    libmamba Could not set lock (Resource temporarily unavailable)
warning  libmamba Cannot lock '/home/r.dinnage/.cache/mamba/proc'
    Waiting for other mamba process to finish
[collector wgpu0] --once drained 0 checkpoint(s); exiting.
[extract] step=1426 SKIP heavy block block_interp (ordinal=285 basis=step_fallback heavy_every=8)
[extract] step=1426 SKIP heavy block block_probes (ordinal=285 basis=step_fallback heavy_every=8)
[extract] step=1426 heavy=FALSE total=16.34s | block_curvature=4.68 block_fitness=6.05
[collector wgpu0] gpu-pass DONE run_id=naive__stable_evo__s42 step=1426 blocks_ok=2 t=16.341s (all_passes_complete=True)
[collector wgpu0] FINALIZED run_id=naive__stable_evo__s42 step=1426 -> KEPT(->kept/,FULL latest-slot)
[collector wgpu0] --once drained 2 checkpoint(s); exiting.
[cwgpu0] drained 2 checkpoint(s); GPU-pass backlog present -> skip d90, loop.
[collector wgpu0] --once drained 0 checkpoint(s); exiting.
error    libmamba Could not set lock (Resource temporarily unavailable)
warning  libmamba Cannot lock '/home/r.dinnage/.cache/mamba/proc'
    Waiting for other mamba process to finish
[collector wgpu0] --once drained 0 checkpoint(s); exiting.
[collector wgpu0] --once drained 0 checkpoint(s); exiting.
[collector wgpu0] --once drained 0 checkpoint(s); exiting.
[extract] step=1438 SKIP heavy block block_interp (ordinal=287 basis=step_fallback heavy_every=8)
[extract] step=1438 SKIP heavy block block_probes (ordinal=287 basis=step_fallback heavy_every=8)
[extract] step=1438 heavy=FALSE total=16.52s | block_curvature=4.67 block_fitness=6.06
[collector wgpu0] gpu-pass DONE run_id=naive__stable_evo__s42 step=1438 blocks_ok=2 t=16.523s (all_passes_complete=True)
[collector wgpu0] FINALIZED run_id=naive__stable_evo__s42 step=1438 -> KEPT(->kept/,FULL latest-slot)
[collector wgpu0] --once drained 2 checkpoint(s); exiting.
[cwgpu0] drained 2 checkpoint(s); GPU-pass backlog present -> skip d90, loop.
[collector wgpu0] --once drained 0 checkpoint(s); exiting.
[collector wgpu0] --once drained 0 checkpoint(s); exiting.
[collector wgpu0] --once drained 0 checkpoint(s); exiting.
[collector wgpu0] --once drained 0 checkpoint(s); exiting.
[extract] step=1450 SKIP heavy block block_interp (ordinal=290 basis=step_fallback heavy_every=8)
[extract] step=1450 SKIP heavy block block_probes (ordinal=290 basis=step_fallback heavy_every=8)
[extract] step=1450 heavy=FALSE total=16.30s | block_curvature=4.65 block_fitness=6.01
[collector wgpu0] gpu-pass DONE run_id=naive__stable_evo__s42 step=1450 blocks_ok=2 t=16.298s (all_passes_complete=True)
[collector wgpu0] FINALIZED run_id=naive__stable_evo__s42 step=1450 -> KEPT(->kept/,FULL latest-slot)
[collector wgpu0] --once drained 2 checkpoint(s); exiting.
[cwgpu0] drained 2 checkpoint(s); GPU-pass backlog present -> skip d90, loop.
[collector wgpu0] --once drained 0 checkpoint(s); exiting.
[collector wgpu0] --once drained 0 checkpoint(s); exiting.
[collector wgpu0] --once drained 0 checkpoint(s); exiting.
error    libmamba Could not set lock (Resource temporarily unavailable)
warning  libmamba Cannot lock '/home/r.dinnage/.cache/mamba/proc'
    Waiting for other mamba process to finish
[collector wgpu0] --once drained 0 checkpoint(s); exiting.
[extract] step=1462 SKIP heavy block block_interp (ordinal=292 basis=step_fallback heavy_every=8)
[extract] step=1462 SKIP heavy block block_probes (ordinal=292 basis=step_fallback heavy_every=8)
[extract] step=1462 heavy=FALSE total=17.03s | block_curvature=4.62 block_fitness=5.86
[collector wgpu0] gpu-pass DONE run_id=naive__stable_evo__s42 step=1462 blocks_ok=2 t=17.033s (all_passes_complete=True)
[collector wgpu0] FINALIZED run_id=naive__stable_evo__s42 step=1462 -> KEPT(->kept/,FULL latest-slot)
[collector wgpu0] --once drained 2 checkpoint(s); exiting.
error    libmamba Could not set lock (Resource temporarily unavailable)
warning  libmamba Cannot lock '/home/r.dinnage/.cache/mamba/proc'
    Waiting for other mamba process to finish
[cwgpu0] drained 2 checkpoint(s); GPU-pass backlog present -> skip d90, loop.
[collector wgpu0] --once drained 0 checkpoint(s); exiting.
[collector wgpu0] --once drained 0 checkpoint(s); exiting.
[collector wgpu0] --once drained 0 checkpoint(s); exiting.
[collector wgpu0] --once drained 0 checkpoint(s); exiting.
[collector wgpu0] --once drained 0 checkpoint(s); exiting.
error    libmamba Could not set lock (Resource temporarily unavailable)
warning  libmamba Cannot lock '/home/r.dinnage/.cache/mamba/proc'
    Waiting for other mamba process to finish
[extract] step=1474 SKIP heavy block block_interp (ordinal=294 basis=step_fallback heavy_every=8)
[extract] step=1474 SKIP heavy block block_probes (ordinal=294 basis=step_fallback heavy_every=8)
[extract] step=1474 heavy=FALSE total=16.50s | block_curvature=4.90 block_fitness=5.97
[collector wgpu0] gpu-pass DONE run_id=naive__stable_evo__s42 step=1474 blocks_ok=2 t=16.5s (all_passes_complete=True)
[collector wgpu0] FINALIZED run_id=naive__stable_evo__s42 step=1474 -> KEPT(->kept/,FULL latest-slot)
[collector wgpu0] --once drained 2 checkpoint(s); exiting.
[cwgpu0] drained 2 checkpoint(s); GPU-pass backlog present -> skip d90, loop.
[collector wgpu0] --once drained 0 checkpoint(s); exiting.
[collector wgpu0] --once drained 0 checkpoint(s); exiting.
error    libmamba Could not set lock (Resource temporarily unavailable)
warning  libmamba Cannot lock '/home/r.dinnage/.cache/mamba/proc'
    Waiting for other mamba process to finish
[collector wgpu0] --once drained 0 checkpoint(s); exiting.
error    libmamba Could not set lock (Resource temporarily unavailable)
warning  libmamba Cannot lock '/home/r.dinnage/.cache/mamba/proc'
    Waiting for other mamba process to finish
[collector wgpu0] --once drained 0 checkpoint(s); exiting.
[extract] step=1486 SKIP heavy block block_interp (ordinal=297 basis=step_fallback heavy_every=8)
[extract] step=1486 SKIP heavy block block_probes (ordinal=297 basis=step_fallback heavy_every=8)
[extract] step=1486 heavy=FALSE total=16.57s | block_curvature=4.65 block_fitness=5.89
[collector wgpu0] gpu-pass DONE run_id=naive__stable_evo__s42 step=1486 blocks_ok=2 t=16.571s (all_passes_complete=True)
[collector wgpu0] FINALIZED run_id=naive__stable_evo__s42 step=1486 -> KEPT(->kept/,FULL latest-slot)
[collector wgpu0] --once drained 2 checkpoint(s); exiting.
[cwgpu0] drained 2 checkpoint(s); GPU-pass backlog present -> skip d90, loop.
[collector wgpu0] --once drained 0 checkpoint(s); exiting.
error    libmamba Could not set lock (Resource temporarily unavailable)
warning  libmamba Cannot lock '/home/r.dinnage/.cache/mamba/proc'
    Waiting for other mamba process to finish
[collector wgpu0] --once drained 0 checkpoint(s); exiting.
[collector wgpu0] --once drained 0 checkpoint(s); exiting.
[collector wgpu0] --once drained 0 checkpoint(s); exiting.
[extract] step=1498 SKIP heavy block block_interp (ordinal=299 basis=step_fallback heavy_every=8)
[extract] step=1498 SKIP heavy block block_probes (ordinal=299 basis=step_fallback heavy_every=8)
[extract] step=1498 heavy=FALSE total=17.09s | block_curvature=4.61 block_fitness=6.01
[collector wgpu0] gpu-pass DONE run_id=naive__stable_evo__s42 step=1498 blocks_ok=2 t=17.091s (all_passes_complete=True)
[collector wgpu0] FINALIZED run_id=naive__stable_evo__s42 step=1498 -> KEPT(->kept/,FULL latest-slot)
[collector wgpu0] --once drained 2 checkpoint(s); exiting.
[cwgpu0] drained 2 checkpoint(s); GPU-pass backlog present -> skip d90, loop.
[collector wgpu0] --once drained 0 checkpoint(s); exiting.
[collector wgpu0] --once drained 0 checkpoint(s); exiting.
[collector wgpu0] --once drained 0 checkpoint(s); exiting.
[collector wgpu0] --once drained 0 checkpoint(s); exiting.
[collector wgpu0] --once drained 0 checkpoint(s); exiting.
[collector wgpu0] --once drained 0 checkpoint(s); exiting.
[collector wgpu0] --once drained 0 checkpoint(s); exiting.
error    libmamba Could not set lock (Resource temporarily unavailable)
warning  libmamba Cannot lock '/home/r.dinnage/.cache/mamba/proc'
    Waiting for other mamba process to finish
[extract] step=1510 SKIP heavy block block_interp (ordinal=302 basis=step_fallback heavy_every=8)
[extract] step=1510 SKIP heavy block block_probes (ordinal=302 basis=step_fallback heavy_every=8)
[extract] step=1510 heavy=FALSE total=16.33s | block_curvature=4.67 block_fitness=6.16
[collector wgpu0] gpu-pass DONE run_id=naive__stable_evo__s42 step=1510 blocks_ok=2 t=16.329s (all_passes_complete=True)
[collector wgpu0] FINALIZED run_id=naive__stable_evo__s42 step=1510 -> KEPT(->kept/,FULL latest-slot)
[collector wgpu0] --once drained 2 checkpoint(s); exiting.
error    libmamba Could not set lock (Resource temporarily unavailable)
warning  libmamba Cannot lock '/home/r.dinnage/.cache/mamba/proc'
    Waiting for other mamba process to finish
[cwgpu0] drained 2 checkpoint(s); GPU-pass backlog present -> skip d90, loop.
[collector wgpu0] --once drained 0 checkpoint(s); exiting.
[collector wgpu0] --once drained 0 checkpoint(s); exiting.
error    libmamba Could not set lock (Resource temporarily unavailable)
warning  libmamba Cannot lock '/home/r.dinnage/.cache/mamba/proc'
    Waiting for other mamba process to finish
[collector wgpu0] --once drained 0 checkpoint(s); exiting.
[collector wgpu0] --once drained 0 checkpoint(s); exiting.
[collector wgpu0] --once drained 0 checkpoint(s); exiting.
[extract] step=1522 heavy=TRUE total=100.09s | block_curvature=4.63 block_interp=41.62 block_probes=42.24 block_fitness=6.38
[collector wgpu0] gpu-pass DONE run_id=naive__stable_evo__s42 step=1522 blocks_ok=4 t=100.094s (all_passes_complete=True)
[extract] step=1534 SKIP heavy block block_interp (ordinal=306 basis=step_fallback heavy_every=8)
[extract] step=1534 SKIP heavy block block_probes (ordinal=306 basis=step_fallback heavy_every=8)
[extract] step=1534 heavy=FALSE total=15.67s | block_curvature=4.58 block_fitness=5.69
[collector wgpu0] gpu-pass DONE run_id=naive__stable_evo__s42 step=1534 blocks_ok=2 t=15.671s (all_passes_complete=True)
[collector wgpu0] FINALIZED run_id=naive__stable_evo__s42 step=1534 -> KEPT(->kept/,FULL latest-slot)
[collector wgpu0] FINALIZED run_id=naive__stable_evo__s42 step=1522 -> deleted
[collector wgpu0] --once drained 4 checkpoint(s); exiting.
[cwgpu0] drained 4 checkpoint(s); GPU-pass backlog present -> skip d90, loop.
[collector wgpu0] --once drained 0 checkpoint(s); exiting.
error    libmamba Could not set lock (Resource temporarily unavailable)
warning  libmamba Cannot lock '/home/r.dinnage/.cache/mamba/proc'
    Waiting for other mamba process to finish
[collector wgpu0] --once drained 0 checkpoint(s); exiting.
error    libmamba Could not set lock (Resource temporarily unavailable)
warning  libmamba Cannot lock '/home/r.dinnage/.cache/mamba/proc'
    Waiting for other mamba process to finish
[collector wgpu0] --once drained 0 checkpoint(s); exiting.
[collector wgpu0] --once drained 0 checkpoint(s); exiting.
[collector wgpu0] --once drained 0 checkpoint(s); exiting.
[extract] step=1546 SKIP heavy block block_interp (ordinal=309 basis=step_fallback heavy_every=8)
[extract] step=1546 SKIP heavy block block_probes (ordinal=309 basis=step_fallback heavy_every=8)
[extract] step=1546 heavy=FALSE total=15.91s | block_curvature=4.62 block_fitness=5.86
[collector wgpu0] gpu-pass DONE run_id=naive__stable_evo__s42 step=1546 blocks_ok=2 t=15.914s (all_passes_complete=True)
[collector wgpu0] FINALIZED run_id=naive__stable_evo__s42 step=1546 -> KEPT(->kept/,FULL latest-slot)
[collector wgpu0] --once drained 2 checkpoint(s); exiting.
[cwgpu0] drained 2 checkpoint(s); GPU-pass backlog present -> skip d90, loop.
[collector wgpu0] --once drained 0 checkpoint(s); exiting.
[collector wgpu0] --once drained 0 checkpoint(s); exiting.
[collector wgpu0] --once drained 0 checkpoint(s); exiting.
[collector wgpu0] --once drained 0 checkpoint(s); exiting.
[extract] step=1558 SKIP heavy block block_interp (ordinal=311 basis=step_fallback heavy_every=8)
[extract] step=1558 SKIP heavy block block_probes (ordinal=311 basis=step_fallback heavy_every=8)
[extract] step=1558 heavy=FALSE total=16.19s | block_curvature=4.83 block_fitness=5.97
[collector wgpu0] gpu-pass DONE run_id=naive__stable_evo__s42 step=1558 blocks_ok=2 t=16.187s (all_passes_complete=True)
[collector wgpu0] FINALIZED run_id=naive__stable_evo__s42 step=1558 -> KEPT(->kept/,FULL latest-slot)
[collector wgpu0] --once drained 2 checkpoint(s); exiting.
[cwgpu0] drained 2 checkpoint(s); GPU-pass backlog present -> skip d90, loop.
[collector wgpu0] --once drained 0 checkpoint(s); exiting.
[collector wgpu0] --once drained 0 checkpoint(s); exiting.
[collector wgpu0] --once drained 0 checkpoint(s); exiting.
[collector wgpu0] --once drained 0 checkpoint(s); exiting.
error    libmamba Could not set lock (Resource temporarily unavailable)
warning  libmamba Cannot lock '/home/r.dinnage/.cache/mamba/proc'
    Waiting for other mamba process to finish
[collector wgpu0] --once drained 0 checkpoint(s); exiting.
[extract] step=1570 SKIP heavy block block_interp (ordinal=314 basis=step_fallback heavy_every=8)
[extract] step=1570 SKIP heavy block block_probes (ordinal=314 basis=step_fallback heavy_every=8)
[extract] step=1570 heavy=FALSE total=16.09s | block_curvature=4.79 block_fitness=5.95
[collector wgpu0] gpu-pass DONE run_id=naive__stable_evo__s42 step=1570 blocks_ok=2 t=16.088s (all_passes_complete=True)
[collector wgpu0] FINALIZED run_id=naive__stable_evo__s42 step=1570 -> KEPT(->kept/,FULL latest-slot)
[collector wgpu0] --once drained 2 checkpoint(s); exiting.
[cwgpu0] drained 2 checkpoint(s); GPU-pass backlog present -> skip d90, loop.
[collector wgpu0] --once drained 0 checkpoint(s); exiting.
[collector wgpu0] --once drained 0 checkpoint(s); exiting.
error    libmamba Could not set lock (Resource temporarily unavailable)
warning  libmamba Cannot lock '/home/r.dinnage/.cache/mamba/proc'
    Waiting for other mamba process to finish
[collector wgpu0] --once drained 0 checkpoint(s); exiting.
[collector wgpu0] --once drained 0 checkpoint(s); exiting.
[extract] step=1582 SKIP heavy block block_interp (ordinal=316 basis=step_fallback heavy_every=8)
[extract] step=1582 SKIP heavy block block_probes (ordinal=316 basis=step_fallback heavy_every=8)
[extract] step=1582 heavy=FALSE total=16.20s | block_curvature=4.64 block_fitness=5.97
[collector wgpu0] gpu-pass DONE run_id=naive__stable_evo__s42 step=1582 blocks_ok=2 t=16.196s (all_passes_complete=True)
[collector wgpu0] FINALIZED run_id=naive__stable_evo__s42 step=1582 -> KEPT(->kept/,FULL latest-slot)
[collector wgpu0] --once drained 2 checkpoint(s); exiting.
[cwgpu0] drained 2 checkpoint(s); GPU-pass backlog present -> skip d90, loop.
[collector wgpu0] --once drained 0 checkpoint(s); exiting.
[collector wgpu0] --once drained 0 checkpoint(s); exiting.
[collector wgpu0] --once drained 0 checkpoint(s); exiting.
error    libmamba Could not set lock (Resource temporarily unavailable)
warning  libmamba Cannot lock '/home/r.dinnage/.cache/mamba/proc'
    Waiting for other mamba process to finish
[collector wgpu0] --once drained 0 checkpoint(s); exiting.
[extract] step=1594 SKIP heavy block block_interp (ordinal=318 basis=step_fallback heavy_every=8)
[extract] step=1594 SKIP heavy block block_probes (ordinal=318 basis=step_fallback heavy_every=8)
[extract] step=1594 heavy=FALSE total=16.01s | block_curvature=4.64 block_fitness=5.95
[collector wgpu0] gpu-pass DONE run_id=naive__stable_evo__s42 step=1594 blocks_ok=2 t=16.011s (all_passes_complete=True)
[collector wgpu0] FINALIZED run_id=naive__stable_evo__s42 step=1594 -> KEPT(->kept/,FULL latest-slot)
[collector wgpu0] --once drained 2 checkpoint(s); exiting.
error    libmamba Could not set lock (Resource temporarily unavailable)
warning  libmamba Cannot lock '/home/r.dinnage/.cache/mamba/proc'
    Waiting for other mamba process to finish
[cwgpu0] drained 2 checkpoint(s); GPU-pass backlog present -> skip d90, loop.
[collector wgpu0] --once drained 0 checkpoint(s); exiting.
[collector wgpu0] --once drained 0 checkpoint(s); exiting.
[collector wgpu0] --once drained 0 checkpoint(s); exiting.
[collector wgpu0] --once drained 0 checkpoint(s); exiting.
[collector wgpu0] --once drained 0 checkpoint(s); exiting.
[collector wgpu0] --once drained 0 checkpoint(s); exiting.
[collector wgpu0] --once drained 0 checkpoint(s); exiting.
[collector wgpu0] --once drained 0 checkpoint(s); exiting.
[extract] step=1606 SKIP heavy block block_interp (ordinal=321 basis=step_fallback heavy_every=8)
[extract] step=1606 SKIP heavy block block_probes (ordinal=321 basis=step_fallback heavy_every=8)
[extract] step=1606 heavy=FALSE total=16.00s | block_curvature=4.65 block_fitness=5.91
[collector wgpu0] gpu-pass DONE run_id=naive__stable_evo__s42 step=1606 blocks_ok=2 t=16.0s (all_passes_complete=True)
[collector wgpu0] FINALIZED run_id=naive__stable_evo__s42 step=1606 -> KEPT(->kept/,FULL latest-slot)
[collector wgpu0] --once drained 2 checkpoint(s); exiting.
[cwgpu0] drained 2 checkpoint(s); GPU-pass backlog present -> skip d90, loop.
[collector wgpu0] --once drained 0 checkpoint(s); exiting.
error    libmamba Could not set lock (Resource temporarily unavailable)
warning  libmamba Cannot lock '/home/r.dinnage/.cache/mamba/proc'
    Waiting for other mamba process to finish
[collector wgpu0] --once drained 0 checkpoint(s); exiting.
[collector wgpu0] --once drained 0 checkpoint(s); exiting.
[collector wgpu0] --once drained 0 checkpoint(s); exiting.
[extract] step=1618 SKIP heavy block block_interp (ordinal=323 basis=step_fallback heavy_every=8)
[extract] step=1618 SKIP heavy block block_probes (ordinal=323 basis=step_fallback heavy_every=8)
[extract] step=1618 heavy=FALSE total=16.07s | block_curvature=4.64 block_fitness=5.90
[collector wgpu0] gpu-pass DONE run_id=naive__stable_evo__s42 step=1618 blocks_ok=2 t=16.068s (all_passes_complete=True)
[collector wgpu0] FINALIZED run_id=naive__stable_evo__s42 step=1618 -> KEPT(->kept/,FULL latest-slot)
[collector wgpu0] --once drained 2 checkpoint(s); exiting.
[cwgpu0] drained 2 checkpoint(s); GPU-pass backlog present -> skip d90, loop.
[collector wgpu0] --once drained 0 checkpoint(s); exiting.
[collector wgpu0] --once drained 0 checkpoint(s); exiting.
error    libmamba Could not set lock (Resource temporarily unavailable)
warning  libmamba Cannot lock '/home/r.dinnage/.cache/mamba/proc'
    Waiting for other mamba process to finish
[collector wgpu0] --once drained 0 checkpoint(s); exiting.
[collector wgpu0] --once drained 0 checkpoint(s); exiting.
[extract] step=1630 SKIP heavy block block_interp (ordinal=326 basis=step_fallback heavy_every=8)
[extract] step=1630 SKIP heavy block block_probes (ordinal=326 basis=step_fallback heavy_every=8)
[extract] step=1630 heavy=FALSE total=17.76s | block_curvature=5.33 block_fitness=5.96
[collector wgpu0] gpu-pass DONE run_id=naive__stable_evo__s42 step=1630 blocks_ok=2 t=17.763s (all_passes_complete=True)
[collector wgpu0] FINALIZED run_id=naive__stable_evo__s42 step=1630 -> KEPT(->kept/,FULL latest-slot)
[collector wgpu0] --once drained 2 checkpoint(s); exiting.
[cwgpu0] drained 2 checkpoint(s); GPU-pass backlog present -> skip d90, loop.
[collector wgpu0] --once drained 0 checkpoint(s); exiting.
error    libmamba Could not set lock (Resource temporarily unavailable)
warning  libmamba Cannot lock '/home/r.dinnage/.cache/mamba/proc'
    Waiting for other mamba process to finish
[collector wgpu0] --once drained 0 checkpoint(s); exiting.
[collector wgpu0] --once drained 0 checkpoint(s); exiting.
[collector wgpu0] --once drained 0 checkpoint(s); exiting.
[collector wgpu0] --once drained 0 checkpoint(s); exiting.
[extract] step=1642 heavy=TRUE total=98.84s | block_curvature=4.63 block_interp=41.22 block_probes=41.80 block_fitness=6.01
[collector wgpu0] gpu-pass DONE run_id=naive__stable_evo__s42 step=1642 blocks_ok=4 t=98.841s (all_passes_complete=True)
[extract] step=1654 SKIP heavy block block_interp (ordinal=330 basis=step_fallback heavy_every=8)
[extract] step=1654 SKIP heavy block block_probes (ordinal=330 basis=step_fallback heavy_every=8)
[extract] step=1654 heavy=FALSE total=16.89s | block_curvature=5.05 block_fitness=5.27
[collector wgpu0] gpu-pass DONE run_id=naive__stable_evo__s42 step=1654 blocks_ok=2 t=16.893s (all_passes_complete=True)
[collector wgpu0] FINALIZED run_id=naive__stable_evo__s42 step=1654 -> deleted
[collector wgpu0] FINALIZED run_id=naive__stable_evo__s42 step=1642 -> deleted
[collector wgpu0] --once drained 4 checkpoint(s); exiting.
[cwgpu0] drained 4 checkpoint(s); GPU-pass backlog present -> skip d90, loop.
[extract] step=1656 SKIP heavy block block_interp (ordinal=331 basis=step_fallback heavy_every=8)
[extract] step=1656 SKIP heavy block block_probes (ordinal=331 basis=step_fallback heavy_every=8)
[extract] step=1656 heavy=FALSE total=15.94s | block_curvature=4.64 block_fitness=5.94
[collector wgpu0] gpu-pass DONE run_id=naive__stable_evo__s42 step=1656 blocks_ok=2 t=15.942s (all_passes_complete=True)
[collector wgpu0] FINALIZED run_id=naive__stable_evo__s42 step=1656 -> KEPT(->kept/,FULL latest-slot)
[collector wgpu0] --once drained 2 checkpoint(s); exiting.
[cwgpu0] drained 2 checkpoint(s); GPU-pass backlog present -> skip d90, loop.
[collector wgpu0] --once drained 0 checkpoint(s); exiting.
[collector wgpu0] --once drained 0 checkpoint(s); exiting.
[collector wgpu0] --once drained 0 checkpoint(s); exiting.
[collector wgpu0] --once drained 0 checkpoint(s); exiting.
error    libmamba Could not set lock (Resource temporarily unavailable)
warning  libmamba Cannot lock '/home/r.dinnage/.cache/mamba/proc'
    Waiting for other mamba process to finish
[collector wgpu0] --once drained 0 checkpoint(s); exiting.
[extract] step=1668 SKIP heavy block block_interp (ordinal=333 basis=step_fallback heavy_every=8)
[extract] step=1668 SKIP heavy block block_probes (ordinal=333 basis=step_fallback heavy_every=8)
[extract] step=1668 heavy=FALSE total=15.99s | block_curvature=4.65 block_fitness=5.91
[collector wgpu0] gpu-pass DONE run_id=naive__stable_evo__s42 step=1668 blocks_ok=2 t=15.991s (all_passes_complete=True)
[collector wgpu0] FINALIZED run_id=naive__stable_evo__s42 step=1668 -> KEPT(->kept/,FULL latest-slot)
[collector wgpu0] --once drained 2 checkpoint(s); exiting.
[cwgpu0] drained 2 checkpoint(s); GPU-pass backlog present -> skip d90, loop.
[collector wgpu0] --once drained 0 checkpoint(s); exiting.
[collector wgpu0] --once drained 0 checkpoint(s); exiting.
error    libmamba Could not set lock (Resource temporarily unavailable)
warning  libmamba Cannot lock '/home/r.dinnage/.cache/mamba/proc'
    Waiting for other mamba process to finish
[collector wgpu0] --once drained 0 checkpoint(s); exiting.
[collector wgpu0] --once drained 0 checkpoint(s); exiting.
[collector wgpu0] --once drained 0 checkpoint(s); exiting.
[extract] step=1680 heavy=TRUE total=96.16s | block_curvature=4.62 block_interp=41.08 block_probes=38.88 block_fitness=6.36
[collector wgpu0] gpu-pass DONE run_id=naive__stable_evo__s42 step=1680 blocks_ok=4 t=96.159s (all_passes_complete=True)
[extract] step=1692 SKIP heavy block block_interp (ordinal=338 basis=step_fallback heavy_every=8)
[extract] step=1692 SKIP heavy block block_probes (ordinal=338 basis=step_fallback heavy_every=8)
[extract] step=1692 heavy=FALSE total=16.50s | block_curvature=4.59 block_fitness=5.50
[collector wgpu0] gpu-pass DONE run_id=naive__stable_evo__s42 step=1692 blocks_ok=2 t=16.5s (all_passes_complete=True)
[collector wgpu0] FINALIZED run_id=naive__stable_evo__s42 step=1680 -> deleted
[collector wgpu0] FINALIZED run_id=naive__stable_evo__s42 step=1692 -> KEPT(->kept/,FULL latest-slot)
[collector wgpu0] --once drained 4 checkpoint(s); exiting.
[cwgpu0] drained 4 checkpoint(s); GPU-pass backlog present -> skip d90, loop.
[collector wgpu0] --once drained 0 checkpoint(s); exiting.
[collector wgpu0] --once drained 0 checkpoint(s); exiting.
error    libmamba Could not set lock (Resource temporarily unavailable)
warning  libmamba Cannot lock '/home/r.dinnage/.cache/mamba/proc'
    Waiting for other mamba process to finish
[collector wgpu0] --once drained 0 checkpoint(s); exiting.
[collector wgpu0] --once drained 0 checkpoint(s); exiting.
[collector wgpu0] --once drained 0 checkpoint(s); exiting.
error    libmamba Could not set lock (Resource temporarily unavailable)
warning  libmamba Cannot lock '/home/r.dinnage/.cache/mamba/proc'
    Waiting for other mamba process to finish
[collector wgpu0] --once drained 0 checkpoint(s); exiting.
error    libmamba Could not set lock (Resource temporarily unavailable)
warning  libmamba Cannot lock '/home/r.dinnage/.cache/mamba/proc'
    Waiting for other mamba process to finish
[collector wgpu0] --once drained 0 checkpoint(s); exiting.
[collector wgpu0] --once drained 0 checkpoint(s); exiting.
[extract] step=1704 SKIP heavy block block_interp (ordinal=340 basis=step_fallback heavy_every=8)
[extract] step=1704 SKIP heavy block block_probes (ordinal=340 basis=step_fallback heavy_every=8)
[extract] step=1704 heavy=FALSE total=16.07s | block_curvature=4.62 block_fitness=6.02
[collector wgpu0] gpu-pass DONE run_id=naive__stable_evo__s42 step=1704 blocks_ok=2 t=16.073s (all_passes_complete=True)
[collector wgpu0] FINALIZED run_id=naive__stable_evo__s42 step=1704 -> KEPT(->kept/,FULL latest-slot)
[collector wgpu0] --once drained 2 checkpoint(s); exiting.
[cwgpu0] drained 2 checkpoint(s); GPU-pass backlog present -> skip d90, loop.
[collector wgpu0] --once drained 0 checkpoint(s); exiting.
[collector wgpu0] --once drained 0 checkpoint(s); exiting.
[collector wgpu0] --once drained 0 checkpoint(s); exiting.
error    libmamba Could not set lock (Resource temporarily unavailable)
warning  libmamba Cannot lock '/home/r.dinnage/.cache/mamba/proc'
    Waiting for other mamba process to finish
[collector wgpu0] --once drained 0 checkpoint(s); exiting.
[extract] step=1716 SKIP heavy block block_interp (ordinal=343 basis=step_fallback heavy_every=8)
[extract] step=1716 SKIP heavy block block_probes (ordinal=343 basis=step_fallback heavy_every=8)
[extract] step=1716 heavy=FALSE total=16.17s | block_curvature=4.84 block_fitness=5.93
[collector wgpu0] gpu-pass DONE run_id=naive__stable_evo__s42 step=1716 blocks_ok=2 t=16.167s (all_passes_complete=True)
[collector wgpu0] FINALIZED run_id=naive__stable_evo__s42 step=1716 -> KEPT(->kept/,FULL latest-slot)
[collector wgpu0] --once drained 2 checkpoint(s); exiting.
[cwgpu0] drained 2 checkpoint(s); GPU-pass backlog present -> skip d90, loop.
[collector wgpu0] --once drained 0 checkpoint(s); exiting.
[collector wgpu0] --once drained 0 checkpoint(s); exiting.
[collector wgpu0] --once drained 0 checkpoint(s); exiting.
[collector wgpu0] --once drained 0 checkpoint(s); exiting.
[extract] step=1728 SKIP heavy block block_interp (ordinal=345 basis=step_fallback heavy_every=8)
[extract] step=1728 SKIP heavy block block_probes (ordinal=345 basis=step_fallback heavy_every=8)
[extract] step=1728 heavy=FALSE total=16.12s | block_curvature=4.63 block_fitness=5.91
[collector wgpu0] gpu-pass DONE run_id=naive__stable_evo__s42 step=1728 blocks_ok=2 t=16.12s (all_passes_complete=True)
[collector wgpu0] FINALIZED run_id=naive__stable_evo__s42 step=1728 -> KEPT(->kept/,FULL latest-slot)
[collector wgpu0] --once drained 2 checkpoint(s); exiting.
[cwgpu0] drained 2 checkpoint(s); GPU-pass backlog present -> skip d90, loop.
[collector wgpu0] --once drained 0 checkpoint(s); exiting.
[collector wgpu0] --once drained 0 checkpoint(s); exiting.
error    libmamba Could not set lock (Resource temporarily unavailable)
warning  libmamba Cannot lock '/home/r.dinnage/.cache/mamba/proc'
    Waiting for other mamba process to finish
[collector wgpu0] --once drained 0 checkpoint(s); exiting.
[collector wgpu0] --once drained 0 checkpoint(s); exiting.
error    libmamba Could not set lock (Resource temporarily unavailable)
warning  libmamba Cannot lock '/home/r.dinnage/.cache/mamba/proc'
    Waiting for other mamba process to finish
[collector wgpu0] --once drained 0 checkpoint(s); exiting.
[extract] step=1740 SKIP heavy block block_interp (ordinal=348 basis=step_fallback heavy_every=8)
[extract] step=1740 SKIP heavy block block_probes (ordinal=348 basis=step_fallback heavy_every=8)
[extract] step=1740 heavy=FALSE total=16.49s | block_curvature=5.01 block_fitness=5.94
[collector wgpu0] gpu-pass DONE run_id=naive__stable_evo__s42 step=1740 blocks_ok=2 t=16.491s (all_passes_complete=True)
[collector wgpu0] FINALIZED run_id=naive__stable_evo__s42 step=1740 -> KEPT(->kept/,FULL latest-slot)
[collector wgpu0] --once drained 2 checkpoint(s); exiting.
[cwgpu0] drained 2 checkpoint(s); GPU-pass backlog present -> skip d90, loop.
[collector wgpu0] --once drained 0 checkpoint(s); exiting.
[collector wgpu0] --once drained 0 checkpoint(s); exiting.
[collector wgpu0] --once drained 0 checkpoint(s); exiting.
[collector wgpu0] --once drained 0 checkpoint(s); exiting.
[extract] step=1752 SKIP heavy block block_interp (ordinal=350 basis=step_fallback heavy_every=8)
[extract] step=1752 SKIP heavy block block_probes (ordinal=350 basis=step_fallback heavy_every=8)
[extract] step=1752 heavy=FALSE total=16.20s | block_curvature=4.62 block_fitness=6.00
[collector wgpu0] gpu-pass DONE run_id=naive__stable_evo__s42 step=1752 blocks_ok=2 t=16.197s (all_passes_complete=True)
[collector wgpu0] FINALIZED run_id=naive__stable_evo__s42 step=1752 -> KEPT(->kept/,FULL latest-slot)
[collector wgpu0] --once drained 2 checkpoint(s); exiting.
[cwgpu0] drained 2 checkpoint(s); GPU-pass backlog present -> skip d90, loop.
[collector wgpu0] --once drained 0 checkpoint(s); exiting.
[collector wgpu0] --once drained 0 checkpoint(s); exiting.
[collector wgpu0] --once drained 0 checkpoint(s); exiting.
[collector wgpu0] --once drained 0 checkpoint(s); exiting.
[extract] step=1764 heavy=TRUE total=94.49s | block_curvature=4.66 block_interp=41.33 block_probes=35.82 block_fitness=7.19
[collector wgpu0] gpu-pass DONE run_id=naive__stable_evo__s42 step=1764 blocks_ok=4 t=94.49s (all_passes_complete=True)
[collector wgpu0] FINALIZED run_id=naive__stable_evo__s42 step=1764 -> KEPT(->kept/,FULL latest-slot)
[collector wgpu0] --once drained 2 checkpoint(s); exiting.
[cwgpu0] drained 2 checkpoint(s); GPU-pass backlog present -> skip d90, loop.
[collector wgpu0] --once drained 0 checkpoint(s); exiting.
error    libmamba Could not set lock (Resource temporarily unavailable)
warning  libmamba Cannot lock '/home/r.dinnage/.cache/mamba/proc'
    Waiting for other mamba process to finish
[extract] step=1776 SKIP heavy block block_interp (ordinal=355 basis=step_fallback heavy_every=8)
[extract] step=1776 SKIP heavy block block_probes (ordinal=355 basis=step_fallback heavy_every=8)
[extract] step=1776 heavy=FALSE total=16.10s | block_curvature=4.62 block_fitness=5.89
[collector wgpu0] gpu-pass DONE run_id=naive__stable_evo__s42 step=1776 blocks_ok=2 t=16.099s (all_passes_complete=True)
[collector wgpu0] FINALIZED run_id=naive__stable_evo__s42 step=1776 -> KEPT(->kept/,FULL latest-slot)
[collector wgpu0] --once drained 2 checkpoint(s); exiting.
[cwgpu0] drained 2 checkpoint(s); GPU-pass backlog present -> skip d90, loop.
[collector wgpu0] --once drained 0 checkpoint(s); exiting.
[collector wgpu0] --once drained 0 checkpoint(s); exiting.
[collector wgpu0] --once drained 0 checkpoint(s); exiting.
error    libmamba Could not set lock (Resource temporarily unavailable)
warning  libmamba Cannot lock '/home/r.dinnage/.cache/mamba/proc'
    Waiting for other mamba process to finish
[collector wgpu0] --once drained 0 checkpoint(s); exiting.
[extract] step=1788 SKIP heavy block block_interp (ordinal=357 basis=step_fallback heavy_every=8)
[extract] step=1788 SKIP heavy block block_probes (ordinal=357 basis=step_fallback heavy_every=8)
[extract] step=1788 heavy=FALSE total=16.22s | block_curvature=4.63 block_fitness=6.06
[collector wgpu0] gpu-pass DONE run_id=naive__stable_evo__s42 step=1788 blocks_ok=2 t=16.224s (all_passes_complete=True)
[collector wgpu0] FINALIZED run_id=naive__stable_evo__s42 step=1788 -> KEPT(->kept/,FULL latest-slot)
[collector wgpu0] --once drained 2 checkpoint(s); exiting.
[cwgpu0] drained 2 checkpoint(s); GPU-pass backlog present -> skip d90, loop.
[collector wgpu0] --once drained 0 checkpoint(s); exiting.
[collector wgpu0] --once drained 0 checkpoint(s); exiting.
[collector wgpu0] --once drained 0 checkpoint(s); exiting.
[collector wgpu0] --once drained 0 checkpoint(s); exiting.
error    libmamba Could not set lock (Resource temporarily unavailable)
warning  libmamba Cannot lock '/home/r.dinnage/.cache/mamba/proc'
    Waiting for other mamba process to finish
[extract] step=1800 heavy=TRUE total=96.50s | block_curvature=4.66 block_interp=42.00 block_probes=38.10 block_fitness=6.50
[collector wgpu0] gpu-pass DONE run_id=naive__stable_evo__s42 step=1800 blocks_ok=4 t=96.504s (all_passes_complete=True)
[collector wgpu0] FINALIZED run_id=naive__stable_evo__s42 step=1800 -> KEPT(->kept/,FULL latest-slot)
[collector wgpu0] --once drained 2 checkpoint(s); exiting.
[cwgpu0] drained 2 checkpoint(s); GPU-pass backlog present -> skip d90, loop.
[collector wgpu0] --once drained 0 checkpoint(s); exiting.
error    libmamba Could not set lock (Resource temporarily unavailable)
warning  libmamba Cannot lock '/home/r.dinnage/.cache/mamba/proc'
    Waiting for other mamba process to finish
[collector wgpu0] --once drained 0 checkpoint(s); exiting.
[collector wgpu0] --once drained 0 checkpoint(s); exiting.
error    libmamba Could not set lock (Resource temporarily unavailable)
warning  libmamba Cannot lock '/home/r.dinnage/.cache/mamba/proc'
    Waiting for other mamba process to finish
[extract] step=1812 SKIP heavy block block_interp (ordinal=362 basis=step_fallback heavy_every=8)
[extract] step=1812 SKIP heavy block block_probes (ordinal=362 basis=step_fallback heavy_every=8)
[extract] step=1812 heavy=FALSE total=16.21s | block_curvature=4.63 block_fitness=6.00
[collector wgpu0] gpu-pass DONE run_id=naive__stable_evo__s42 step=1812 blocks_ok=2 t=16.206s (all_passes_complete=True)
[collector wgpu0] FINALIZED run_id=naive__stable_evo__s42 step=1812 -> KEPT(->kept/,FULL latest-slot)
[collector wgpu0] --once drained 2 checkpoint(s); exiting.
[cwgpu0] drained 2 checkpoint(s); GPU-pass backlog present -> skip d90, loop.
[collector wgpu0] --once drained 0 checkpoint(s); exiting.
error    libmamba Could not set lock (Resource temporarily unavailable)
warning  libmamba Cannot lock '/home/r.dinnage/.cache/mamba/proc'
    Waiting for other mamba process to finish
[collector wgpu0] --once drained 0 checkpoint(s); exiting.
[collector wgpu0] --once drained 0 checkpoint(s); exiting.
[collector wgpu0] --once drained 0 checkpoint(s); exiting.
[collector wgpu0] --once drained 0 checkpoint(s); exiting.
[extract] step=1824 SKIP heavy block block_interp (ordinal=364 basis=step_fallback heavy_every=8)
[extract] step=1824 SKIP heavy block block_probes (ordinal=364 basis=step_fallback heavy_every=8)
[extract] step=1824 heavy=FALSE total=16.30s | block_curvature=4.63 block_fitness=5.99
[collector wgpu0] gpu-pass DONE run_id=naive__stable_evo__s42 step=1824 blocks_ok=2 t=16.304s (all_passes_complete=True)
[collector wgpu0] FINALIZED run_id=naive__stable_evo__s42 step=1824 -> KEPT(->kept/,FULL latest-slot)
[collector wgpu0] --once drained 2 checkpoint(s); exiting.
[cwgpu0] drained 2 checkpoint(s); GPU-pass backlog present -> skip d90, loop.
[collector wgpu0] --once drained 0 checkpoint(s); exiting.
[collector wgpu0] --once drained 0 checkpoint(s); exiting.
[collector wgpu0] --once drained 0 checkpoint(s); exiting.
[collector wgpu0] --once drained 0 checkpoint(s); exiting.
[extract] step=1836 SKIP heavy block block_interp (ordinal=367 basis=step_fallback heavy_every=8)
[extract] step=1836 SKIP heavy block block_probes (ordinal=367 basis=step_fallback heavy_every=8)
[extract] step=1836 heavy=FALSE total=16.22s | block_curvature=4.64 block_fitness=6.01
[collector wgpu0] gpu-pass DONE run_id=naive__stable_evo__s42 step=1836 blocks_ok=2 t=16.219s (all_passes_complete=True)
[collector wgpu0] FINALIZED run_id=naive__stable_evo__s42 step=1836 -> KEPT(->kept/,FULL latest-slot)
[collector wgpu0] --once drained 2 checkpoint(s); exiting.
[cwgpu0] drained 2 checkpoint(s); GPU-pass backlog present -> skip d90, loop.
[collector wgpu0] --once drained 0 checkpoint(s); exiting.
[collector wgpu0] --once drained 0 checkpoint(s); exiting.
error    libmamba Could not set lock (Resource temporarily unavailable)
warning  libmamba Cannot lock '/home/r.dinnage/.cache/mamba/proc'
    Waiting for other mamba process to finish
[collector wgpu0] --once drained 0 checkpoint(s); exiting.
[collector wgpu0] --once drained 0 checkpoint(s); exiting.
[extract] step=1848 SKIP heavy block block_interp (ordinal=369 basis=step_fallback heavy_every=8)
[extract] step=1848 SKIP heavy block block_probes (ordinal=369 basis=step_fallback heavy_every=8)
[extract] step=1848 heavy=FALSE total=16.25s | block_curvature=4.66 block_fitness=6.03
[collector wgpu0] gpu-pass DONE run_id=naive__stable_evo__s42 step=1848 blocks_ok=2 t=16.251s (all_passes_complete=True)
[collector wgpu0] FINALIZED run_id=naive__stable_evo__s42 step=1848 -> KEPT(->kept/,FULL latest-slot)
[collector wgpu0] --once drained 2 checkpoint(s); exiting.
[cwgpu0] drained 2 checkpoint(s); GPU-pass backlog present -> skip d90, loop.
[collector wgpu0] --once drained 0 checkpoint(s); exiting.
[collector wgpu0] --once drained 0 checkpoint(s); exiting.
[collector wgpu0] --once drained 0 checkpoint(s); exiting.
[collector wgpu0] --once drained 0 checkpoint(s); exiting.
[collector wgpu0] --once drained 0 checkpoint(s); exiting.
[extract] step=1860 SKIP heavy block block_interp (ordinal=372 basis=step_fallback heavy_every=8)
[extract] step=1860 SKIP heavy block block_probes (ordinal=372 basis=step_fallback heavy_every=8)
[extract] step=1860 heavy=FALSE total=16.24s | block_curvature=4.64 block_fitness=5.92
[collector wgpu0] gpu-pass DONE run_id=naive__stable_evo__s42 step=1860 blocks_ok=2 t=16.241s (all_passes_complete=True)
[collector wgpu0] FINALIZED run_id=naive__stable_evo__s42 step=1860 -> KEPT(->kept/,FULL latest-slot)
[collector wgpu0] --once drained 2 checkpoint(s); exiting.
[cwgpu0] drained 2 checkpoint(s); GPU-pass backlog present -> skip d90, loop.
[collector wgpu0] --once drained 0 checkpoint(s); exiting.
[collector wgpu0] --once drained 0 checkpoint(s); exiting.
error    libmamba Could not set lock (Resource temporarily unavailable)
warning  libmamba Cannot lock '/home/r.dinnage/.cache/mamba/proc'
    Waiting for other mamba process to finish
[collector wgpu0] --once drained 0 checkpoint(s); exiting.
[collector wgpu0] --once drained 0 checkpoint(s); exiting.
error    libmamba Could not set lock (Resource temporarily unavailable)
warning  libmamba Cannot lock '/home/r.dinnage/.cache/mamba/proc'
    Waiting for other mamba process to finish
[extract] step=1872 SKIP heavy block block_interp (ordinal=374 basis=step_fallback heavy_every=8)
[extract] step=1872 SKIP heavy block block_probes (ordinal=374 basis=step_fallback heavy_every=8)
[extract] step=1872 heavy=FALSE total=16.83s | block_curvature=5.28 block_fitness=5.94
[collector wgpu0] gpu-pass DONE run_id=naive__stable_evo__s42 step=1872 blocks_ok=2 t=16.832s (all_passes_complete=True)
[collector wgpu0] FINALIZED run_id=naive__stable_evo__s42 step=1872 -> KEPT(->kept/,FULL latest-slot)
[collector wgpu0] --once drained 2 checkpoint(s); exiting.
[cwgpu0] drained 2 checkpoint(s); GPU-pass backlog present -> skip d90, loop.
[collector wgpu0] --once drained 0 checkpoint(s); exiting.
[collector wgpu0] --once drained 0 checkpoint(s); exiting.
[collector wgpu0] --once drained 0 checkpoint(s); exiting.
[collector wgpu0] --once drained 0 checkpoint(s); exiting.
[extract] step=1884 heavy=TRUE total=95.74s | block_curvature=4.63 block_interp=41.31 block_probes=36.54 block_fitness=7.06
[collector wgpu0] gpu-pass DONE run_id=naive__stable_evo__s42 step=1884 blocks_ok=4 t=95.742s (all_passes_complete=True)
[collector wgpu0] FINALIZED run_id=naive__stable_evo__s42 step=1884 -> KEPT(->kept/,FULL latest-slot)
[collector wgpu0] --once drained 2 checkpoint(s); exiting.
[cwgpu0] drained 2 checkpoint(s); GPU-pass backlog present -> skip d90, loop.
[extract] step=1896 SKIP heavy block block_interp (ordinal=379 basis=step_fallback heavy_every=8)
[extract] step=1896 SKIP heavy block block_probes (ordinal=379 basis=step_fallback heavy_every=8)
[extract] step=1896 heavy=FALSE total=15.96s | block_curvature=4.64 block_fitness=5.96
[collector wgpu0] gpu-pass DONE run_id=naive__stable_evo__s42 step=1896 blocks_ok=2 t=15.957s (all_passes_complete=True)
[collector wgpu0] FINALIZED run_id=naive__stable_evo__s42 step=1896 -> KEPT(->kept/,FULL latest-slot)
[collector wgpu0] --once drained 2 checkpoint(s); exiting.
[cwgpu0] drained 2 checkpoint(s); GPU-pass backlog present -> skip d90, loop.
[collector wgpu0] --once drained 0 checkpoint(s); exiting.
[collector wgpu0] --once drained 0 checkpoint(s); exiting.
[collector wgpu0] --once drained 0 checkpoint(s); exiting.
[collector wgpu0] --once drained 0 checkpoint(s); exiting.
[collector wgpu0] --once drained 0 checkpoint(s); exiting.
[collector wgpu0] --once drained 0 checkpoint(s); exiting.
[collector wgpu0] --once drained 0 checkpoint(s); exiting.
[collector wgpu0] --once drained 0 checkpoint(s); exiting.
[extract] step=1908 SKIP heavy block block_interp (ordinal=381 basis=step_fallback heavy_every=8)
[extract] step=1908 SKIP heavy block block_probes (ordinal=381 basis=step_fallback heavy_every=8)
[extract] step=1908 heavy=FALSE total=16.02s | block_curvature=4.64 block_fitness=5.96
[collector wgpu0] gpu-pass DONE run_id=naive__stable_evo__s42 step=1908 blocks_ok=2 t=16.022s (all_passes_complete=True)
[collector wgpu0] FINALIZED run_id=naive__stable_evo__s42 step=1908 -> KEPT(->kept/,FULL latest-slot)
[collector wgpu0] --once drained 2 checkpoint(s); exiting.
[cwgpu0] drained 2 checkpoint(s); GPU-pass backlog present -> skip d90, loop.
[collector wgpu0] --once drained 0 checkpoint(s); exiting.
[collector wgpu0] --once drained 0 checkpoint(s); exiting.
[collector wgpu0] --once drained 0 checkpoint(s); exiting.
[collector wgpu0] --once drained 0 checkpoint(s); exiting.
[extract] step=1920 heavy=TRUE total=94.47s | block_curvature=4.63 block_interp=40.98 block_probes=35.25 block_fitness=7.41
[collector wgpu0] gpu-pass DONE run_id=naive__stable_evo__s42 step=1920 blocks_ok=4 t=94.475s (all_passes_complete=True)
[collector wgpu0] FINALIZED run_id=naive__stable_evo__s42 step=1920 -> KEPT(->kept/,FULL latest-slot)
[collector wgpu0] --once drained 2 checkpoint(s); exiting.
[cwgpu0] drained 2 checkpoint(s); GPU-pass backlog present -> skip d90, loop.
[extract] step=1932 SKIP heavy block block_interp (ordinal=386 basis=step_fallback heavy_every=8)
[extract] step=1932 SKIP heavy block block_probes (ordinal=386 basis=step_fallback heavy_every=8)
[extract] step=1932 heavy=FALSE total=16.31s | block_curvature=4.64 block_fitness=5.99
[collector wgpu0] gpu-pass DONE run_id=naive__stable_evo__s42 step=1932 blocks_ok=2 t=16.312s (all_passes_complete=True)
[collector wgpu0] FINALIZED run_id=naive__stable_evo__s42 step=1932 -> deleted
[collector wgpu0] --once drained 2 checkpoint(s); exiting.
[cwgpu0] drained 2 checkpoint(s); GPU-pass backlog present -> skip d90, loop.
[extract] step=1934 SKIP heavy block block_interp (ordinal=386 basis=step_fallback heavy_every=8)
[extract] step=1934 SKIP heavy block block_probes (ordinal=386 basis=step_fallback heavy_every=8)
[extract] step=1934 heavy=FALSE total=17.20s | block_curvature=4.69 block_fitness=6.04
[collector wgpu0] gpu-pass DONE run_id=naive__stable_evo__s42 step=1934 blocks_ok=2 t=17.199s (all_passes_complete=True)
[collector wgpu0] FINALIZED run_id=naive__stable_evo__s42 step=1934 -> KEPT(->kept/,FULL latest-slot)
[collector wgpu0] --once drained 2 checkpoint(s); exiting.
[cwgpu0] drained 2 checkpoint(s); GPU-pass backlog present -> skip d90, loop.
[collector wgpu0] --once drained 0 checkpoint(s); exiting.
[collector wgpu0] --once drained 0 checkpoint(s); exiting.
[collector wgpu0] --once drained 0 checkpoint(s); exiting.
[collector wgpu0] --once drained 0 checkpoint(s); exiting.
[collector wgpu0] --once drained 0 checkpoint(s); exiting.
error    libmamba Could not set lock (Resource temporarily unavailable)
warning  libmamba Cannot lock '/home/r.dinnage/.cache/mamba/proc'
    Waiting for other mamba process to finish
[extract] step=1946 SKIP heavy block block_interp (ordinal=389 basis=step_fallback heavy_every=8)
[extract] step=1946 SKIP heavy block block_probes (ordinal=389 basis=step_fallback heavy_every=8)
[extract] step=1946 heavy=FALSE total=16.62s | block_curvature=4.96 block_fitness=6.02
[collector wgpu0] gpu-pass DONE run_id=naive__stable_evo__s42 step=1946 blocks_ok=2 t=16.621s (all_passes_complete=True)
[collector wgpu0] FINALIZED run_id=naive__stable_evo__s42 step=1946 -> KEPT(->kept/,FULL latest-slot)
[collector wgpu0] --once drained 2 checkpoint(s); exiting.
[cwgpu0] drained 2 checkpoint(s); GPU-pass backlog present -> skip d90, loop.
[collector wgpu0] --once drained 0 checkpoint(s); exiting.
[collector wgpu0] --once drained 0 checkpoint(s); exiting.
[collector wgpu0] --once drained 0 checkpoint(s); exiting.
error    libmamba Could not set lock (Resource temporarily unavailable)
warning  libmamba Cannot lock '/home/r.dinnage/.cache/mamba/proc'
    Waiting for other mamba process to finish
[collector wgpu0] --once drained 0 checkpoint(s); exiting.
[extract] step=1958 SKIP heavy block block_interp (ordinal=391 basis=step_fallback heavy_every=8)
[extract] step=1958 SKIP heavy block block_probes (ordinal=391 basis=step_fallback heavy_every=8)
[extract] step=1958 heavy=FALSE total=16.61s | block_curvature=5.07 block_fitness=6.05
[collector wgpu0] gpu-pass DONE run_id=naive__stable_evo__s42 step=1958 blocks_ok=2 t=16.608s (all_passes_complete=True)
[collector wgpu0] FINALIZED run_id=naive__stable_evo__s42 step=1958 -> KEPT(->kept/,FULL latest-slot)
[collector wgpu0] --once drained 2 checkpoint(s); exiting.
[cwgpu0] drained 2 checkpoint(s); GPU-pass backlog present -> skip d90, loop.
[collector wgpu0] --once drained 0 checkpoint(s); exiting.
[collector wgpu0] --once drained 0 checkpoint(s); exiting.
[collector wgpu0] --once drained 0 checkpoint(s); exiting.
error    libmamba Could not set lock (Resource temporarily unavailable)
warning  libmamba Cannot lock '/home/r.dinnage/.cache/mamba/proc'
    Waiting for other mamba process to finish
[collector wgpu0] --once drained 0 checkpoint(s); exiting.
[extract] step=1970 SKIP heavy block block_interp (ordinal=394 basis=step_fallback heavy_every=8)
[extract] step=1970 SKIP heavy block block_probes (ordinal=394 basis=step_fallback heavy_every=8)
[extract] step=1970 heavy=FALSE total=17.68s | block_curvature=4.72 block_fitness=6.08
[collector wgpu0] gpu-pass DONE run_id=naive__stable_evo__s42 step=1970 blocks_ok=2 t=17.677s (all_passes_complete=True)
[collector wgpu0] FINALIZED run_id=naive__stable_evo__s42 step=1970 -> KEPT(->kept/,FULL latest-slot)
[collector wgpu0] --once drained 2 checkpoint(s); exiting.
[cwgpu0] drained 2 checkpoint(s); GPU-pass backlog present -> skip d90, loop.
[collector wgpu0] --once drained 0 checkpoint(s); exiting.
[collector wgpu0] --once drained 0 checkpoint(s); exiting.
[collector wgpu0] --once drained 0 checkpoint(s); exiting.
[collector wgpu0] --once drained 0 checkpoint(s); exiting.
[collector wgpu0] --once drained 0 checkpoint(s); exiting.
[extract] step=1982 SKIP heavy block block_interp (ordinal=396 basis=step_fallback heavy_every=8)
[extract] step=1982 SKIP heavy block block_probes (ordinal=396 basis=step_fallback heavy_every=8)
[extract] step=1982 heavy=FALSE total=16.27s | block_curvature=4.66 block_fitness=6.02
[collector wgpu0] gpu-pass DONE run_id=naive__stable_evo__s42 step=1982 blocks_ok=2 t=16.267s (all_passes_complete=True)
[collector wgpu0] FINALIZED run_id=naive__stable_evo__s42 step=1982 -> KEPT(->kept/,FULL latest-slot)
[collector wgpu0] --once drained 2 checkpoint(s); exiting.
[cwgpu0] drained 2 checkpoint(s); GPU-pass backlog present -> skip d90, loop.
[collector wgpu0] --once drained 0 checkpoint(s); exiting.
[collector wgpu0] --once drained 0 checkpoint(s); exiting.
error    libmamba Could not set lock (Resource temporarily unavailable)
warning  libmamba Cannot lock '/home/r.dinnage/.cache/mamba/proc'
    Waiting for other mamba process to finish
[collector wgpu0] --once drained 0 checkpoint(s); exiting.
[collector wgpu0] --once drained 0 checkpoint(s); exiting.
[extract] step=1994 SKIP heavy block block_interp (ordinal=398 basis=step_fallback heavy_every=8)
[extract] step=1994 SKIP heavy block block_probes (ordinal=398 basis=step_fallback heavy_every=8)
[extract] step=1994 heavy=FALSE total=16.19s | block_curvature=4.66 block_fitness=6.01
[collector wgpu0] gpu-pass DONE run_id=naive__stable_evo__s42 step=1994 blocks_ok=2 t=16.194s (all_passes_complete=True)
[collector wgpu0] FINALIZED run_id=naive__stable_evo__s42 step=1994 -> KEPT(->kept/,FULL latest-slot)
[collector wgpu0] --once drained 2 checkpoint(s); exiting.
error    libmamba Could not set lock (Resource temporarily unavailable)
warning  libmamba Cannot lock '/home/r.dinnage/.cache/mamba/proc'
    Waiting for other mamba process to finish
[cwgpu0] drained 2 checkpoint(s); GPU-pass backlog present -> skip d90, loop.
[collector wgpu0] --once drained 0 checkpoint(s); exiting.
[collector wgpu0] --once drained 0 checkpoint(s); exiting.
[collector wgpu0] --once drained 0 checkpoint(s); exiting.
[collector wgpu0] --once drained 0 checkpoint(s); exiting.
[collector wgpu0] --once drained 0 checkpoint(s); exiting.
error    libmamba Could not set lock (Resource temporarily unavailable)
warning  libmamba Cannot lock '/home/r.dinnage/.cache/mamba/proc'
    Waiting for other mamba process to finish
[collector wgpu0] --once drained 0 checkpoint(s); exiting.
[collector wgpu0] --once drained 0 checkpoint(s); exiting.
[extract] step=2006 SKIP heavy block block_interp (ordinal=401 basis=step_fallback heavy_every=8)
[extract] step=2006 SKIP heavy block block_probes (ordinal=401 basis=step_fallback heavy_every=8)
[extract] step=2006 heavy=FALSE total=16.22s | block_curvature=4.62 block_fitness=6.04
[collector wgpu0] gpu-pass DONE run_id=naive__stable_evo__s42 step=2006 blocks_ok=2 t=16.223s (all_passes_complete=True)
[collector wgpu0] FINALIZED run_id=naive__stable_evo__s42 step=2006 -> KEPT(->kept/,FULL latest-slot)
[collector wgpu0] --once drained 2 checkpoint(s); exiting.
[cwgpu0] drained 2 checkpoint(s); GPU-pass backlog present -> skip d90, loop.
[collector wgpu0] --once drained 0 checkpoint(s); exiting.
error    libmamba Could not set lock (Resource temporarily unavailable)
warning  libmamba Cannot lock '/home/r.dinnage/.cache/mamba/proc'
    Waiting for other mamba process to finish
[collector wgpu0] --once drained 0 checkpoint(s); exiting.
error    libmamba Could not set lock (Resource temporarily unavailable)
warning  libmamba Cannot lock '/home/r.dinnage/.cache/mamba/proc'
    Waiting for other mamba process to finish
[collector wgpu0] --once drained 0 checkpoint(s); exiting.
[collector wgpu0] --once drained 0 checkpoint(s); exiting.
[collector wgpu0] --once drained 0 checkpoint(s); exiting.
[extract] step=2018 SKIP heavy block block_interp (ordinal=403 basis=step_fallback heavy_every=8)
[extract] step=2018 SKIP heavy block block_probes (ordinal=403 basis=step_fallback heavy_every=8)
[extract] step=2018 heavy=FALSE total=16.20s | block_curvature=4.65 block_fitness=5.87
[collector wgpu0] gpu-pass DONE run_id=naive__stable_evo__s42 step=2018 blocks_ok=2 t=16.195s (all_passes_complete=True)
[collector wgpu0] FINALIZED run_id=naive__stable_evo__s42 step=2018 -> KEPT(->kept/,FULL latest-slot)
[collector wgpu0] --once drained 2 checkpoint(s); exiting.
[cwgpu0] drained 2 checkpoint(s); GPU-pass backlog present -> skip d90, loop.
[collector wgpu0] --once drained 0 checkpoint(s); exiting.
[collector wgpu0] --once drained 0 checkpoint(s); exiting.
[collector wgpu0] --once drained 0 checkpoint(s); exiting.
[collector wgpu0] --once drained 0 checkpoint(s); exiting.
[extract] step=2030 SKIP heavy block block_interp (ordinal=406 basis=step_fallback heavy_every=8)
[extract] step=2030 SKIP heavy block block_probes (ordinal=406 basis=step_fallback heavy_every=8)
[extract] step=2030 heavy=FALSE total=16.20s | block_curvature=4.65 block_fitness=5.98
[collector wgpu0] gpu-pass DONE run_id=naive__stable_evo__s42 step=2030 blocks_ok=2 t=16.2s (all_passes_complete=True)
[collector wgpu0] FINALIZED run_id=naive__stable_evo__s42 step=2030 -> KEPT(->kept/,FULL latest-slot)
[collector wgpu0] --once drained 2 checkpoint(s); exiting.
[cwgpu0] drained 2 checkpoint(s); GPU-pass backlog present -> skip d90, loop.
[collector wgpu0] --once drained 0 checkpoint(s); exiting.
[collector wgpu0] --once drained 0 checkpoint(s); exiting.
[collector wgpu0] --once drained 0 checkpoint(s); exiting.
[collector wgpu0] --once drained 0 checkpoint(s); exiting.
[extract] step=2042 heavy=TRUE total=102.47s | block_curvature=4.69 block_interp=42.58 block_probes=43.83 block_fitness=6.04
[collector wgpu0] gpu-pass DONE run_id=naive__stable_evo__s42 step=2042 blocks_ok=4 t=102.466s (all_passes_complete=True)
[collector wgpu0] FINALIZED run_id=naive__stable_evo__s42 step=2042 -> deleted
[collector wgpu0] --once drained 2 checkpoint(s); exiting.
[cwgpu0] drained 2 checkpoint(s); GPU-pass backlog present -> skip d90, loop.
[extract] step=2054 SKIP heavy block block_interp (ordinal=410 basis=step_fallback heavy_every=8)
[extract] step=2054 SKIP heavy block block_probes (ordinal=410 basis=step_fallback heavy_every=8)
[extract] step=2054 heavy=FALSE total=17.38s | block_curvature=4.67 block_fitness=6.04
[collector wgpu0] gpu-pass DONE run_id=naive__stable_evo__s42 step=2054 blocks_ok=2 t=17.376s (all_passes_complete=True)
[collector wgpu0] FINALIZED run_id=naive__stable_evo__s42 step=2054 -> KEPT(->kept/,ladder model-only+FULL latest-slot)
[collector wgpu0] --once drained 2 checkpoint(s); exiting.
[cwgpu0] drained 2 checkpoint(s); GPU-pass backlog present -> skip d90, loop.
[collector wgpu0] --once drained 0 checkpoint(s); exiting.
[collector wgpu0] --once drained 0 checkpoint(s); exiting.
[collector wgpu0] --once drained 0 checkpoint(s); exiting.
error    libmamba Could not set lock (Resource temporarily unavailable)
warning  libmamba Cannot lock '/home/r.dinnage/.cache/mamba/proc'
    Waiting for other mamba process to finish
[collector wgpu0] --once drained 0 checkpoint(s); exiting.
[collector wgpu0] --once drained 0 checkpoint(s); exiting.
[extract] step=2066 SKIP heavy block block_interp (ordinal=413 basis=step_fallback heavy_every=8)
[extract] step=2066 SKIP heavy block block_probes (ordinal=413 basis=step_fallback heavy_every=8)
[extract] step=2066 heavy=FALSE total=16.24s | block_curvature=4.64 block_fitness=6.00
[collector wgpu0] gpu-pass DONE run_id=naive__stable_evo__s42 step=2066 blocks_ok=2 t=16.242s (all_passes_complete=True)
[collector wgpu0] FINALIZED run_id=naive__stable_evo__s42 step=2066 -> KEPT(->kept/,FULL latest-slot)
[collector wgpu0] --once drained 2 checkpoint(s); exiting.
[cwgpu0] drained 2 checkpoint(s); GPU-pass backlog present -> skip d90, loop.
[collector wgpu0] --once drained 0 checkpoint(s); exiting.
[collector wgpu0] --once drained 0 checkpoint(s); exiting.
[collector wgpu0] --once drained 0 checkpoint(s); exiting.
[collector wgpu0] --once drained 0 checkpoint(s); exiting.
[extract] step=2078 SKIP heavy block block_interp (ordinal=415 basis=step_fallback heavy_every=8)
[extract] step=2078 SKIP heavy block block_probes (ordinal=415 basis=step_fallback heavy_every=8)
[extract] step=2078 heavy=FALSE total=16.22s | block_curvature=4.66 block_fitness=5.98
[collector wgpu0] gpu-pass DONE run_id=naive__stable_evo__s42 step=2078 blocks_ok=2 t=16.221s (all_passes_complete=True)
[collector wgpu0] FINALIZED run_id=naive__stable_evo__s42 step=2078 -> KEPT(->kept/,FULL latest-slot)
[collector wgpu0] --once drained 2 checkpoint(s); exiting.
[cwgpu0] drained 2 checkpoint(s); GPU-pass backlog present -> skip d90, loop.
[collector wgpu0] --once drained 0 checkpoint(s); exiting.
error    libmamba Could not set lock (Resource temporarily unavailable)
warning  libmamba Cannot lock '/home/r.dinnage/.cache/mamba/proc'
    Waiting for other mamba process to finish
[collector wgpu0] --once drained 0 checkpoint(s); exiting.
[collector wgpu0] --once drained 0 checkpoint(s); exiting.
[collector wgpu0] --once drained 0 checkpoint(s); exiting.
[extract] step=2090 SKIP heavy block block_interp (ordinal=418 basis=step_fallback heavy_every=8)
[extract] step=2090 SKIP heavy block block_probes (ordinal=418 basis=step_fallback heavy_every=8)
[extract] step=2090 heavy=FALSE total=16.62s | block_curvature=4.70 block_fitness=6.08
[collector wgpu0] gpu-pass DONE run_id=naive__stable_evo__s42 step=2090 blocks_ok=2 t=16.617s (all_passes_complete=True)
[collector wgpu0] FINALIZED run_id=naive__stable_evo__s42 step=2090 -> KEPT(->kept/,FULL latest-slot)
[collector wgpu0] --once drained 2 checkpoint(s); exiting.
[cwgpu0] drained 2 checkpoint(s); GPU-pass backlog present -> skip d90, loop.
[collector wgpu0] --once drained 0 checkpoint(s); exiting.
[collector wgpu0] --once drained 0 checkpoint(s); exiting.
[collector wgpu0] --once drained 0 checkpoint(s); exiting.
[collector wgpu0] --once drained 0 checkpoint(s); exiting.
[collector wgpu0] --once drained 0 checkpoint(s); exiting.
[collector wgpu0] --once drained 0 checkpoint(s); exiting.
[collector wgpu0] --once drained 0 checkpoint(s); exiting.
error    libmamba Could not set lock (Resource temporarily unavailable)
warning  libmamba Cannot lock '/home/r.dinnage/.cache/mamba/proc'
    Waiting for other mamba process to finish
[extract] step=2102 SKIP heavy block block_interp (ordinal=420 basis=step_fallback heavy_every=8)
[extract] step=2102 SKIP heavy block block_probes (ordinal=420 basis=step_fallback heavy_every=8)
[extract] step=2102 heavy=FALSE total=16.38s | block_curvature=4.65 block_fitness=6.05
[collector wgpu0] gpu-pass DONE run_id=naive__stable_evo__s42 step=2102 blocks_ok=2 t=16.382s (all_passes_complete=True)
[collector wgpu0] FINALIZED run_id=naive__stable_evo__s42 step=2102 -> KEPT(->kept/,FULL latest-slot)
[collector wgpu0] --once drained 2 checkpoint(s); exiting.
[cwgpu0] drained 2 checkpoint(s); GPU-pass backlog present -> skip d90, loop.
[collector wgpu0] --once drained 0 checkpoint(s); exiting.
[collector wgpu0] --once drained 0 checkpoint(s); exiting.
[collector wgpu0] --once drained 0 checkpoint(s); exiting.
[collector wgpu0] --once drained 0 checkpoint(s); exiting.
[collector wgpu0] --once drained 0 checkpoint(s); exiting.
[extract] step=2114 SKIP heavy block block_interp (ordinal=422 basis=step_fallback heavy_every=8)
[extract] step=2114 SKIP heavy block block_probes (ordinal=422 basis=step_fallback heavy_every=8)
[extract] step=2114 heavy=FALSE total=16.14s | block_curvature=4.64 block_fitness=6.07
[collector wgpu0] gpu-pass DONE run_id=naive__stable_evo__s42 step=2114 blocks_ok=2 t=16.137s (all_passes_complete=True)
[collector wgpu0] FINALIZED run_id=naive__stable_evo__s42 step=2114 -> KEPT(->kept/,FULL latest-slot)
[collector wgpu0] --once drained 2 checkpoint(s); exiting.
[cwgpu0] drained 2 checkpoint(s); GPU-pass backlog present -> skip d90, loop.
[collector wgpu0] --once drained 0 checkpoint(s); exiting.
[collector wgpu0] --once drained 0 checkpoint(s); exiting.
[collector wgpu0] --once drained 0 checkpoint(s); exiting.
[collector wgpu0] --once drained 0 checkpoint(s); exiting.
[extract] step=2126 SKIP heavy block block_interp (ordinal=425 basis=step_fallback heavy_every=8)
[extract] step=2126 SKIP heavy block block_probes (ordinal=425 basis=step_fallback heavy_every=8)
[extract] step=2126 heavy=FALSE total=16.38s | block_curvature=5.03 block_fitness=6.00
[collector wgpu0] gpu-pass DONE run_id=naive__stable_evo__s42 step=2126 blocks_ok=2 t=16.383s (all_passes_complete=True)
[collector wgpu0] FINALIZED run_id=naive__stable_evo__s42 step=2126 -> KEPT(->kept/,FULL latest-slot)
[collector wgpu0] --once drained 2 checkpoint(s); exiting.
[cwgpu0] drained 2 checkpoint(s); GPU-pass backlog present -> skip d90, loop.
[collector wgpu0] --once drained 0 checkpoint(s); exiting.
error    libmamba Could not set lock (Resource temporarily unavailable)
warning  libmamba Cannot lock '/home/r.dinnage/.cache/mamba/proc'
    Waiting for other mamba process to finish
[collector wgpu0] --once drained 0 checkpoint(s); exiting.
[collector wgpu0] --once drained 0 checkpoint(s); exiting.
[collector wgpu0] --once drained 0 checkpoint(s); exiting.
[extract] step=2138 SKIP heavy block block_interp (ordinal=427 basis=step_fallback heavy_every=8)
[extract] step=2138 SKIP heavy block block_probes (ordinal=427 basis=step_fallback heavy_every=8)
[extract] step=2138 heavy=FALSE total=17.32s | block_curvature=4.75 block_fitness=6.09
[collector wgpu0] gpu-pass DONE run_id=naive__stable_evo__s42 step=2138 blocks_ok=2 t=17.324s (all_passes_complete=True)
[collector wgpu0] FINALIZED run_id=naive__stable_evo__s42 step=2138 -> KEPT(->kept/,FULL latest-slot)
[collector wgpu0] --once drained 2 checkpoint(s); exiting.
[cwgpu0] drained 2 checkpoint(s); GPU-pass backlog present -> skip d90, loop.
[collector wgpu0] --once drained 0 checkpoint(s); exiting.
[collector wgpu0] --once drained 0 checkpoint(s); exiting.
error    libmamba Could not set lock (Resource temporarily unavailable)
warning  libmamba Cannot lock '/home/r.dinnage/.cache/mamba/proc'
    Waiting for other mamba process to finish
[collector wgpu0] --once drained 0 checkpoint(s); exiting.
[collector wgpu0] --once drained 0 checkpoint(s); exiting.
[collector wgpu0] --once drained 0 checkpoint(s); exiting.
[extract] step=2150 SKIP heavy block block_interp (ordinal=430 basis=step_fallback heavy_every=8)
[extract] step=2150 SKIP heavy block block_probes (ordinal=430 basis=step_fallback heavy_every=8)
[extract] step=2150 heavy=FALSE total=16.46s | block_curvature=4.83 block_fitness=6.04
[collector wgpu0] gpu-pass DONE run_id=naive__stable_evo__s42 step=2150 blocks_ok=2 t=16.458s (all_passes_complete=True)
[collector wgpu0] FINALIZED run_id=naive__stable_evo__s42 step=2150 -> KEPT(->kept/,FULL latest-slot)
[collector wgpu0] --once drained 2 checkpoint(s); exiting.
[cwgpu0] drained 2 checkpoint(s); GPU-pass backlog present -> skip d90, loop.
[collector wgpu0] --once drained 0 checkpoint(s); exiting.
[collector wgpu0] --once drained 0 checkpoint(s); exiting.
[collector wgpu0] --once drained 0 checkpoint(s); exiting.
[collector wgpu0] --once drained 0 checkpoint(s); exiting.
[extract] step=2162 heavy=TRUE total=95.08s | block_curvature=4.68 block_interp=41.67 block_probes=36.85 block_fitness=6.58
[collector wgpu0] gpu-pass DONE run_id=naive__stable_evo__s42 step=2162 blocks_ok=4 t=95.079s (all_passes_complete=True)
[collector wgpu0] FINALIZED run_id=naive__stable_evo__s42 step=2162 -> deleted
[collector wgpu0] --once drained 2 checkpoint(s); exiting.
[cwgpu0] drained 2 checkpoint(s); GPU-pass backlog present -> skip d90, loop.
[extract] step=2174 SKIP heavy block block_interp (ordinal=434 basis=step_fallback heavy_every=8)
[extract] step=2174 SKIP heavy block block_probes (ordinal=434 basis=step_fallback heavy_every=8)
[extract] step=2174 heavy=FALSE total=17.13s | block_curvature=4.66 block_fitness=6.01
[collector wgpu0] gpu-pass DONE run_id=naive__stable_evo__s42 step=2174 blocks_ok=2 t=17.131s (all_passes_complete=True)
[collector wgpu0] FINALIZED run_id=naive__stable_evo__s42 step=2174 -> KEPT(->kept/,FULL latest-slot)
[collector wgpu0] --once drained 2 checkpoint(s); exiting.
error    libmamba Could not set lock (Resource temporarily unavailable)
warning  libmamba Cannot lock '/home/r.dinnage/.cache/mamba/proc'
    Waiting for other mamba process to finish
[cwgpu0] drained 2 checkpoint(s); GPU-pass backlog present -> skip d90, loop.
[collector wgpu0] --once drained 0 checkpoint(s); exiting.
[collector wgpu0] --once drained 0 checkpoint(s); exiting.
[collector wgpu0] --once drained 0 checkpoint(s); exiting.
[collector wgpu0] --once drained 0 checkpoint(s); exiting.
[collector wgpu0] --once drained 0 checkpoint(s); exiting.
[extract] step=2186 SKIP heavy block block_interp (ordinal=437 basis=step_fallback heavy_every=8)
[extract] step=2186 SKIP heavy block block_probes (ordinal=437 basis=step_fallback heavy_every=8)
[extract] step=2186 heavy=FALSE total=16.32s | block_curvature=4.64 block_fitness=6.03
[collector wgpu0] gpu-pass DONE run_id=naive__stable_evo__s42 step=2186 blocks_ok=2 t=16.319s (all_passes_complete=True)
[collector wgpu0] FINALIZED run_id=naive__stable_evo__s42 step=2186 -> KEPT(->kept/,FULL latest-slot)
[collector wgpu0] --once drained 2 checkpoint(s); exiting.
[cwgpu0] drained 2 checkpoint(s); GPU-pass backlog present -> skip d90, loop.
[collector wgpu0] --once drained 0 checkpoint(s); exiting.
error    libmamba Could not set lock (Resource temporarily unavailable)
warning  libmamba Cannot lock '/home/r.dinnage/.cache/mamba/proc'
    Waiting for other mamba process to finish
[collector wgpu0] --once drained 0 checkpoint(s); exiting.
[collector wgpu0] --once drained 0 checkpoint(s); exiting.
error    libmamba Could not set lock (Resource temporarily unavailable)
warning  libmamba Cannot lock '/home/r.dinnage/.cache/mamba/proc'
    Waiting for other mamba process to finish
[collector wgpu0] --once drained 0 checkpoint(s); exiting.
[extract] step=2198 SKIP heavy block block_interp (ordinal=439 basis=step_fallback heavy_every=8)
[extract] step=2198 SKIP heavy block block_probes (ordinal=439 basis=step_fallback heavy_every=8)
[extract] step=2198 heavy=FALSE total=16.27s | block_curvature=4.67 block_fitness=5.96
[collector wgpu0] gpu-pass DONE run_id=naive__stable_evo__s42 step=2198 blocks_ok=2 t=16.265s (all_passes_complete=True)
[collector wgpu0] FINALIZED run_id=naive__stable_evo__s42 step=2198 -> KEPT(->kept/,FULL latest-slot)
[collector wgpu0] --once drained 2 checkpoint(s); exiting.
[cwgpu0] drained 2 checkpoint(s); GPU-pass backlog present -> skip d90, loop.
error    libmamba Could not set lock (Resource temporarily unavailable)
warning  libmamba Cannot lock '/home/r.dinnage/.cache/mamba/proc'
    Waiting for other mamba process to finish
[collector wgpu0] --once drained 0 checkpoint(s); exiting.
[collector wgpu0] --once drained 0 checkpoint(s); exiting.
[collector wgpu0] --once drained 0 checkpoint(s); exiting.
[collector wgpu0] --once drained 0 checkpoint(s); exiting.
[collector wgpu0] --once drained 0 checkpoint(s); exiting.
[collector wgpu0] --once drained 0 checkpoint(s); exiting.
error    libmamba Could not set lock (Resource temporarily unavailable)
warning  libmamba Cannot lock '/home/r.dinnage/.cache/mamba/proc'
    Waiting for other mamba process to finish
[collector wgpu0] --once drained 0 checkpoint(s); exiting.
[extract] step=2210 SKIP heavy block block_interp (ordinal=442 basis=step_fallback heavy_every=8)
[extract] step=2210 SKIP heavy block block_probes (ordinal=442 basis=step_fallback heavy_every=8)
[extract] step=2210 heavy=FALSE total=17.86s | block_curvature=5.37 block_fitness=6.03
[collector wgpu0] gpu-pass DONE run_id=naive__stable_evo__s42 step=2210 blocks_ok=2 t=17.86s (all_passes_complete=True)
[extract] step=2212 SKIP heavy block block_interp (ordinal=442 basis=step_fallback heavy_every=8)
[extract] step=2212 SKIP heavy block block_probes (ordinal=442 basis=step_fallback heavy_every=8)
[extract] step=2212 heavy=FALSE total=16.97s | block_curvature=5.07 block_fitness=5.37
[collector wgpu0] gpu-pass DONE run_id=naive__stable_evo__s42 step=2212 blocks_ok=2 t=16.972s (all_passes_complete=True)
[collector wgpu0] FINALIZED run_id=naive__stable_evo__s42 step=2212 -> KEPT(->kept/,FULL latest-slot)
[collector wgpu0] FINALIZED run_id=naive__stable_evo__s42 step=2210 -> deleted
[collector wgpu0] --once drained 4 checkpoint(s); exiting.
[cwgpu0] drained 4 checkpoint(s); GPU-pass backlog present -> skip d90, loop.
[collector wgpu0] --once drained 0 checkpoint(s); exiting.
[collector wgpu0] --once drained 0 checkpoint(s); exiting.
[collector wgpu0] --once drained 0 checkpoint(s); exiting.
[collector wgpu0] --once drained 0 checkpoint(s); exiting.
[collector wgpu0] --once drained 0 checkpoint(s); exiting.
error    libmamba Could not set lock (Resource temporarily unavailable)
warning  libmamba Cannot lock '/home/r.dinnage/.cache/mamba/proc'
    Waiting for other mamba process to finish
[extract] step=2224 SKIP heavy block block_interp (ordinal=444 basis=step_fallback heavy_every=8)
[extract] step=2224 SKIP heavy block block_probes (ordinal=444 basis=step_fallback heavy_every=8)
[extract] step=2224 heavy=FALSE total=16.38s | block_curvature=4.66 block_fitness=6.04
[collector wgpu0] gpu-pass DONE run_id=naive__stable_evo__s42 step=2224 blocks_ok=2 t=16.376s (all_passes_complete=True)
[collector wgpu0] FINALIZED run_id=naive__stable_evo__s42 step=2224 -> KEPT(->kept/,FULL latest-slot)
[collector wgpu0] --once drained 2 checkpoint(s); exiting.
[cwgpu0] drained 2 checkpoint(s); GPU-pass backlog present -> skip d90, loop.
[collector wgpu0] --once drained 0 checkpoint(s); exiting.
[collector wgpu0] --once drained 0 checkpoint(s); exiting.
[collector wgpu0] --once drained 0 checkpoint(s); exiting.
[collector wgpu0] --once drained 0 checkpoint(s); exiting.
[extract] step=2236 SKIP heavy block block_interp (ordinal=447 basis=step_fallback heavy_every=8)
[extract] step=2236 SKIP heavy block block_probes (ordinal=447 basis=step_fallback heavy_every=8)
[extract] step=2236 heavy=FALSE total=15.99s | block_curvature=4.61 block_fitness=5.91
[collector wgpu0] gpu-pass DONE run_id=naive__stable_evo__s42 step=2236 blocks_ok=2 t=15.995s (all_passes_complete=True)
[collector wgpu0] FINALIZED run_id=naive__stable_evo__s42 step=2236 -> KEPT(->kept/,FULL latest-slot)
[collector wgpu0] --once drained 2 checkpoint(s); exiting.
[cwgpu0] drained 2 checkpoint(s); GPU-pass backlog present -> skip d90, loop.
[collector wgpu0] --once drained 0 checkpoint(s); exiting.
error    libmamba Could not set lock (Resource temporarily unavailable)
warning  libmamba Cannot lock '/home/r.dinnage/.cache/mamba/proc'
    Waiting for other mamba process to finish
[collector wgpu0] --once drained 0 checkpoint(s); exiting.
[collector wgpu0] --once drained 0 checkpoint(s); exiting.
[collector wgpu0] --once drained 0 checkpoint(s); exiting.
[collector wgpu0] --once drained 0 checkpoint(s); exiting.
[extract] step=2248 SKIP heavy block block_interp (ordinal=449 basis=step_fallback heavy_every=8)
[extract] step=2248 SKIP heavy block block_probes (ordinal=449 basis=step_fallback heavy_every=8)
[extract] step=2248 heavy=FALSE total=16.45s | block_curvature=4.69 block_fitness=6.03
[collector wgpu0] gpu-pass DONE run_id=naive__stable_evo__s42 step=2248 blocks_ok=2 t=16.45s (all_passes_complete=True)
[collector wgpu0] FINALIZED run_id=naive__stable_evo__s42 step=2248 -> KEPT(->kept/,FULL latest-slot)
[collector wgpu0] --once drained 2 checkpoint(s); exiting.
[cwgpu0] drained 2 checkpoint(s); GPU-pass backlog present -> skip d90, loop.
[collector wgpu0] --once drained 0 checkpoint(s); exiting.
[collector wgpu0] --once drained 0 checkpoint(s); exiting.
[collector wgpu0] --once drained 0 checkpoint(s); exiting.
[collector wgpu0] --once drained 0 checkpoint(s); exiting.
[extract] step=2260 SKIP heavy block block_interp (ordinal=452 basis=step_fallback heavy_every=8)
[extract] step=2260 SKIP heavy block block_probes (ordinal=452 basis=step_fallback heavy_every=8)
[extract] step=2260 heavy=FALSE total=16.57s | block_curvature=4.90 block_fitness=6.06
[collector wgpu0] gpu-pass DONE run_id=naive__stable_evo__s42 step=2260 blocks_ok=2 t=16.569s (all_passes_complete=True)
[collector wgpu0] FINALIZED run_id=naive__stable_evo__s42 step=2260 -> KEPT(->kept/,FULL latest-slot)
[collector wgpu0] --once drained 2 checkpoint(s); exiting.
[cwgpu0] drained 2 checkpoint(s); GPU-pass backlog present -> skip d90, loop.
[collector wgpu0] --once drained 0 checkpoint(s); exiting.
[collector wgpu0] --once drained 0 checkpoint(s); exiting.
[collector wgpu0] --once drained 0 checkpoint(s); exiting.
error    libmamba Could not set lock (Resource temporarily unavailable)
warning  libmamba Cannot lock '/home/r.dinnage/.cache/mamba/proc'
    Waiting for other mamba process to finish
[collector wgpu0] --once drained 0 checkpoint(s); exiting.
[extract] step=2272 SKIP heavy block block_interp (ordinal=454 basis=step_fallback heavy_every=8)
[extract] step=2272 SKIP heavy block block_probes (ordinal=454 basis=step_fallback heavy_every=8)
[extract] step=2272 heavy=FALSE total=17.12s | block_curvature=4.72 block_fitness=5.99
[collector wgpu0] gpu-pass DONE run_id=naive__stable_evo__s42 step=2272 blocks_ok=2 t=17.122s (all_passes_complete=True)
[collector wgpu0] FINALIZED run_id=naive__stable_evo__s42 step=2272 -> KEPT(->kept/,FULL latest-slot)
[collector wgpu0] --once drained 2 checkpoint(s); exiting.
[cwgpu0] drained 2 checkpoint(s); GPU-pass backlog present -> skip d90, loop.
[collector wgpu0] --once drained 0 checkpoint(s); exiting.
[collector wgpu0] --once drained 0 checkpoint(s); exiting.
error    libmamba Could not set lock (Resource temporarily unavailable)
warning  libmamba Cannot lock '/home/r.dinnage/.cache/mamba/proc'
    Waiting for other mamba process to finish
[collector wgpu0] --once drained 0 checkpoint(s); exiting.
[collector wgpu0] --once drained 0 checkpoint(s); exiting.
[extract] step=2284 heavy=TRUE total=94.00s | block_curvature=4.65 block_interp=41.89 block_probes=35.17 block_fitness=6.97
[collector wgpu0] gpu-pass DONE run_id=naive__stable_evo__s42 step=2284 blocks_ok=4 t=93.998s (all_passes_complete=True)
[collector wgpu0] FINALIZED run_id=naive__stable_evo__s42 step=2284 -> KEPT(->kept/,FULL latest-slot)
[collector wgpu0] --once drained 2 checkpoint(s); exiting.
[cwgpu0] drained 2 checkpoint(s); GPU-pass backlog present -> skip d90, loop.
[collector wgpu0] --once drained 0 checkpoint(s); exiting.
[extract] step=2296 SKIP heavy block block_interp (ordinal=459 basis=step_fallback heavy_every=8)
[extract] step=2296 SKIP heavy block block_probes (ordinal=459 basis=step_fallback heavy_every=8)
[extract] step=2296 heavy=FALSE total=15.89s | block_curvature=4.65 block_fitness=5.87
[collector wgpu0] gpu-pass DONE run_id=naive__stable_evo__s42 step=2296 blocks_ok=2 t=15.888s (all_passes_complete=True)
[collector wgpu0] FINALIZED run_id=naive__stable_evo__s42 step=2296 -> KEPT(->kept/,FULL latest-slot)
[collector wgpu0] --once drained 2 checkpoint(s); exiting.
[cwgpu0] drained 2 checkpoint(s); GPU-pass backlog present -> skip d90, loop.
[collector wgpu0] --once drained 0 checkpoint(s); exiting.
[collector wgpu0] --once drained 0 checkpoint(s); exiting.
[collector wgpu0] --once drained 0 checkpoint(s); exiting.
[collector wgpu0] --once drained 0 checkpoint(s); exiting.
error    libmamba Could not set lock (Resource temporarily unavailable)
warning  libmamba Cannot lock '/home/r.dinnage/.cache/mamba/proc'
    Waiting for other mamba process to finish
[collector wgpu0] --once drained 0 checkpoint(s); exiting.
[collector wgpu0] --once drained 0 checkpoint(s); exiting.
[collector wgpu0] --once drained 0 checkpoint(s); exiting.
[extract] step=2308 SKIP heavy block block_interp (ordinal=461 basis=step_fallback heavy_every=8)
[extract] step=2308 SKIP heavy block block_probes (ordinal=461 basis=step_fallback heavy_every=8)
[extract] step=2308 heavy=FALSE total=16.93s | block_curvature=5.12 block_fitness=6.15
[collector wgpu0] gpu-pass DONE run_id=naive__stable_evo__s42 step=2308 blocks_ok=2 t=16.93s (all_passes_complete=True)
[collector wgpu0] FINALIZED run_id=naive__stable_evo__s42 step=2308 -> KEPT(->kept/,FULL latest-slot)
[collector wgpu0] --once drained 2 checkpoint(s); exiting.
[cwgpu0] drained 2 checkpoint(s); GPU-pass backlog present -> skip d90, loop.
[collector wgpu0] --once drained 0 checkpoint(s); exiting.
[collector wgpu0] --once drained 0 checkpoint(s); exiting.
[collector wgpu0] --once drained 0 checkpoint(s); exiting.
error    libmamba Could not set lock (Resource temporarily unavailable)
warning  libmamba Cannot lock '/home/r.dinnage/.cache/mamba/proc'
    Waiting for other mamba process to finish
[collector wgpu0] --once drained 0 checkpoint(s); exiting.
[extract] step=2320 heavy=TRUE total=101.85s | block_curvature=5.04 block_interp=42.25 block_probes=43.12 block_fitness=6.11
[collector wgpu0] gpu-pass DONE run_id=naive__stable_evo__s42 step=2320 blocks_ok=4 t=101.852s (all_passes_complete=True)
[extract] step=2332 SKIP heavy block block_interp (ordinal=466 basis=step_fallback heavy_every=8)
[extract] step=2332 SKIP heavy block block_probes (ordinal=466 basis=step_fallback heavy_every=8)
[extract] step=2332 heavy=FALSE total=16.38s | block_curvature=4.57 block_fitness=5.54
[collector wgpu0] gpu-pass DONE run_id=naive__stable_evo__s42 step=2332 blocks_ok=2 t=16.38s (all_passes_complete=True)
[collector wgpu0] FINALIZED run_id=naive__stable_evo__s42 step=2332 -> KEPT(->kept/,FULL latest-slot)
[collector wgpu0] FINALIZED run_id=naive__stable_evo__s42 step=2320 -> deleted
[collector wgpu0] --once drained 4 checkpoint(s); exiting.
[cwgpu0] drained 4 checkpoint(s); GPU-pass backlog present -> skip d90, loop.
[collector wgpu0] --once drained 0 checkpoint(s); exiting.
[collector wgpu0] --once drained 0 checkpoint(s); exiting.
[collector wgpu0] --once drained 0 checkpoint(s); exiting.
[collector wgpu0] --once drained 0 checkpoint(s); exiting.
[collector wgpu0] --once drained 0 checkpoint(s); exiting.
[extract] step=2344 SKIP heavy block block_interp (ordinal=468 basis=step_fallback heavy_every=8)
[extract] step=2344 SKIP heavy block block_probes (ordinal=468 basis=step_fallback heavy_every=8)
[extract] step=2344 heavy=FALSE total=15.89s | block_curvature=4.63 block_fitness=5.95
[collector wgpu0] gpu-pass DONE run_id=naive__stable_evo__s42 step=2344 blocks_ok=2 t=15.886s (all_passes_complete=True)
[collector wgpu0] FINALIZED run_id=naive__stable_evo__s42 step=2344 -> KEPT(->kept/,FULL latest-slot)
[collector wgpu0] --once drained 2 checkpoint(s); exiting.
[cwgpu0] drained 2 checkpoint(s); GPU-pass backlog present -> skip d90, loop.
[collector wgpu0] --once drained 0 checkpoint(s); exiting.
[collector wgpu0] --once drained 0 checkpoint(s); exiting.
[collector wgpu0] --once drained 0 checkpoint(s); exiting.
[collector wgpu0] --once drained 0 checkpoint(s); exiting.
[extract] step=2356 SKIP heavy block block_interp (ordinal=471 basis=step_fallback heavy_every=8)
[extract] step=2356 SKIP heavy block block_probes (ordinal=471 basis=step_fallback heavy_every=8)
[extract] step=2356 heavy=FALSE total=16.16s | block_curvature=4.64 block_fitness=6.12
[collector wgpu0] gpu-pass DONE run_id=naive__stable_evo__s42 step=2356 blocks_ok=2 t=16.165s (all_passes_complete=True)
[collector wgpu0] FINALIZED run_id=naive__stable_evo__s42 step=2356 -> KEPT(->kept/,FULL latest-slot)
[collector wgpu0] --once drained 2 checkpoint(s); exiting.
[cwgpu0] drained 2 checkpoint(s); GPU-pass backlog present -> skip d90, loop.
[collector wgpu0] --once drained 0 checkpoint(s); exiting.
[collector wgpu0] --once drained 0 checkpoint(s); exiting.
[collector wgpu0] --once drained 0 checkpoint(s); exiting.
[collector wgpu0] --once drained 0 checkpoint(s); exiting.
[extract] step=2368 SKIP heavy block block_interp (ordinal=473 basis=step_fallback heavy_every=8)
[extract] step=2368 SKIP heavy block block_probes (ordinal=473 basis=step_fallback heavy_every=8)
[extract] step=2368 heavy=FALSE total=17.36s | block_curvature=4.70 block_fitness=5.99
[collector wgpu0] gpu-pass DONE run_id=naive__stable_evo__s42 step=2368 blocks_ok=2 t=17.357s (all_passes_complete=True)
[collector wgpu0] FINALIZED run_id=naive__stable_evo__s42 step=2368 -> KEPT(->kept/,FULL latest-slot)
[collector wgpu0] --once drained 2 checkpoint(s); exiting.
[cwgpu0] drained 2 checkpoint(s); GPU-pass backlog present -> skip d90, loop.
[collector wgpu0] --once drained 0 checkpoint(s); exiting.
[collector wgpu0] --once drained 0 checkpoint(s); exiting.
[collector wgpu0] --once drained 0 checkpoint(s); exiting.
[collector wgpu0] --once drained 0 checkpoint(s); exiting.
[collector wgpu0] --once drained 0 checkpoint(s); exiting.
[extract] step=2380 SKIP heavy block block_interp (ordinal=476 basis=step_fallback heavy_every=8)
[extract] step=2380 SKIP heavy block block_probes (ordinal=476 basis=step_fallback heavy_every=8)
[extract] step=2380 heavy=FALSE total=16.73s | block_curvature=4.91 block_fitness=6.06
[collector wgpu0] gpu-pass DONE run_id=naive__stable_evo__s42 step=2380 blocks_ok=2 t=16.727s (all_passes_complete=True)
[collector wgpu0] FINALIZED run_id=naive__stable_evo__s42 step=2380 -> KEPT(->kept/,FULL latest-slot)
[collector wgpu0] --once drained 2 checkpoint(s); exiting.
[cwgpu0] drained 2 checkpoint(s); GPU-pass backlog present -> skip d90, loop.
error    libmamba Could not set lock (Resource temporarily unavailable)
warning  libmamba Cannot lock '/home/r.dinnage/.cache/mamba/proc'
    Waiting for other mamba process to finish
[collector wgpu0] --once drained 0 checkpoint(s); exiting.
[collector wgpu0] --once drained 0 checkpoint(s); exiting.
[collector wgpu0] --once drained 0 checkpoint(s); exiting.
[collector wgpu0] --once drained 0 checkpoint(s); exiting.
[extract] step=2392 SKIP heavy block block_interp (ordinal=478 basis=step_fallback heavy_every=8)
[extract] step=2392 SKIP heavy block block_probes (ordinal=478 basis=step_fallback heavy_every=8)
[extract] step=2392 heavy=FALSE total=16.35s | block_curvature=4.75 block_fitness=6.04
[collector wgpu0] gpu-pass DONE run_id=naive__stable_evo__s42 step=2392 blocks_ok=2 t=16.352s (all_passes_complete=True)
[collector wgpu0] FINALIZED run_id=naive__stable_evo__s42 step=2392 -> KEPT(->kept/,FULL latest-slot)
[collector wgpu0] --once drained 2 checkpoint(s); exiting.
[cwgpu0] drained 2 checkpoint(s); GPU-pass backlog present -> skip d90, loop.
[collector wgpu0] --once drained 0 checkpoint(s); exiting.
[collector wgpu0] --once drained 0 checkpoint(s); exiting.
error    libmamba Could not set lock (Resource temporarily unavailable)
warning  libmamba Cannot lock '/home/r.dinnage/.cache/mamba/proc'
    Waiting for other mamba process to finish
[collector wgpu0] --once drained 0 checkpoint(s); exiting.
[collector wgpu0] --once drained 0 checkpoint(s); exiting.
[collector wgpu0] --once drained 0 checkpoint(s); exiting.
[collector wgpu0] --once drained 0 checkpoint(s); exiting.
error    libmamba Could not set lock (Resource temporarily unavailable)
warning  libmamba Cannot lock '/home/r.dinnage/.cache/mamba/proc'
    Waiting for other mamba process to finish
[collector wgpu0] --once drained 0 checkpoint(s); exiting.
[extract] step=2404 heavy=TRUE total=100.38s | block_curvature=4.68 block_interp=42.01 block_probes=42.26 block_fitness=6.26
[collector wgpu0] gpu-pass DONE run_id=naive__stable_evo__s42 step=2404 blocks_ok=4 t=100.377s (all_passes_complete=True)
[extract] step=2416 SKIP heavy block block_interp (ordinal=483 basis=step_fallback heavy_every=8)
[extract] step=2416 SKIP heavy block block_probes (ordinal=483 basis=step_fallback heavy_every=8)
[extract] step=2416 heavy=FALSE total=16.39s | block_curvature=4.59 block_fitness=5.50
[collector wgpu0] gpu-pass DONE run_id=naive__stable_evo__s42 step=2416 blocks_ok=2 t=16.391s (all_passes_complete=True)
[collector wgpu0] FINALIZED run_id=naive__stable_evo__s42 step=2416 -> KEPT(->kept/,FULL latest-slot)
[collector wgpu0] FINALIZED run_id=naive__stable_evo__s42 step=2404 -> deleted
[collector wgpu0] --once drained 4 checkpoint(s); exiting.
[cwgpu0] drained 4 checkpoint(s); GPU-pass backlog present -> skip d90, loop.
[collector wgpu0] --once drained 0 checkpoint(s); exiting.
[collector wgpu0] --once drained 0 checkpoint(s); exiting.
[collector wgpu0] --once drained 0 checkpoint(s); exiting.
error    libmamba Could not set lock (Resource temporarily unavailable)
warning  libmamba Cannot lock '/home/r.dinnage/.cache/mamba/proc'
    Waiting for other mamba process to finish
[collector wgpu0] --once drained 0 checkpoint(s); exiting.
[collector wgpu0] --once drained 0 checkpoint(s); exiting.
[extract] step=2428 SKIP heavy block block_interp (ordinal=485 basis=step_fallback heavy_every=8)
[extract] step=2428 SKIP heavy block block_probes (ordinal=485 basis=step_fallback heavy_every=8)
[extract] step=2428 heavy=FALSE total=16.03s | block_curvature=4.67 block_fitness=5.99
[collector wgpu0] gpu-pass DONE run_id=naive__stable_evo__s42 step=2428 blocks_ok=2 t=16.031s (all_passes_complete=True)
[collector wgpu0] FINALIZED run_id=naive__stable_evo__s42 step=2428 -> KEPT(->kept/,FULL latest-slot)
[collector wgpu0] --once drained 2 checkpoint(s); exiting.
[cwgpu0] drained 2 checkpoint(s); GPU-pass backlog present -> skip d90, loop.
[collector wgpu0] --once drained 0 checkpoint(s); exiting.
[collector wgpu0] --once drained 0 checkpoint(s); exiting.
error    libmamba Could not set lock (Resource temporarily unavailable)
warning  libmamba Cannot lock '/home/r.dinnage/.cache/mamba/proc'
    Waiting for other mamba process to finish
[collector wgpu0] --once drained 0 checkpoint(s); exiting.
[collector wgpu0] --once drained 0 checkpoint(s); exiting.
[extract] step=2440 heavy=TRUE total=97.70s | block_curvature=4.88 block_interp=42.04 block_probes=38.77 block_fitness=6.88
[collector wgpu0] gpu-pass DONE run_id=naive__stable_evo__s42 step=2440 blocks_ok=4 t=97.696s (all_passes_complete=True)
[collector wgpu0] FINALIZED run_id=naive__stable_evo__s42 step=2440 -> KEPT(->kept/,FULL latest-slot)
[collector wgpu0] --once drained 2 checkpoint(s); exiting.
[cwgpu0] drained 2 checkpoint(s); GPU-pass backlog present -> skip d90, loop.
[extract] step=2452 SKIP heavy block block_interp (ordinal=490 basis=step_fallback heavy_every=8)
[extract] step=2452 SKIP heavy block block_probes (ordinal=490 basis=step_fallback heavy_every=8)
[extract] step=2452 heavy=FALSE total=16.52s | block_curvature=4.75 block_fitness=6.03
[collector wgpu0] gpu-pass DONE run_id=naive__stable_evo__s42 step=2452 blocks_ok=2 t=16.517s (all_passes_complete=True)
[collector wgpu0] FINALIZED run_id=naive__stable_evo__s42 step=2452 -> KEPT(->kept/,FULL latest-slot)
[collector wgpu0] --once drained 2 checkpoint(s); exiting.
[cwgpu0] drained 2 checkpoint(s); GPU-pass backlog present -> skip d90, loop.
[collector wgpu0] --once drained 0 checkpoint(s); exiting.
[collector wgpu0] --once drained 0 checkpoint(s); exiting.
[collector wgpu0] --once drained 0 checkpoint(s); exiting.
[collector wgpu0] --once drained 0 checkpoint(s); exiting.
[collector wgpu0] --once drained 0 checkpoint(s); exiting.
[extract] step=2464 SKIP heavy block block_interp (ordinal=492 basis=step_fallback heavy_every=8)
[extract] step=2464 SKIP heavy block block_probes (ordinal=492 basis=step_fallback heavy_every=8)
[extract] step=2464 heavy=FALSE total=16.39s | block_curvature=4.74 block_fitness=6.00
[collector wgpu0] gpu-pass DONE run_id=naive__stable_evo__s42 step=2464 blocks_ok=2 t=16.393s (all_passes_complete=True)
[collector wgpu0] FINALIZED run_id=naive__stable_evo__s42 step=2464 -> KEPT(->kept/,FULL latest-slot)
[collector wgpu0] --once drained 2 checkpoint(s); exiting.
[cwgpu0] drained 2 checkpoint(s); GPU-pass backlog present -> skip d90, loop.
[collector wgpu0] --once drained 0 checkpoint(s); exiting.
[collector wgpu0] --once drained 0 checkpoint(s); exiting.
[collector wgpu0] --once drained 0 checkpoint(s); exiting.
[collector wgpu0] --once drained 0 checkpoint(s); exiting.
[extract] step=2476 SKIP heavy block block_interp (ordinal=495 basis=step_fallback heavy_every=8)
[extract] step=2476 SKIP heavy block block_probes (ordinal=495 basis=step_fallback heavy_every=8)
[extract] step=2476 heavy=FALSE total=16.16s | block_curvature=4.61 block_fitness=6.02
[collector wgpu0] gpu-pass DONE run_id=naive__stable_evo__s42 step=2476 blocks_ok=2 t=16.164s (all_passes_complete=True)
[collector wgpu0] FINALIZED run_id=naive__stable_evo__s42 step=2476 -> KEPT(->kept/,FULL latest-slot)
[collector wgpu0] --once drained 2 checkpoint(s); exiting.
[cwgpu0] drained 2 checkpoint(s); GPU-pass backlog present -> skip d90, loop.
[collector wgpu0] --once drained 0 checkpoint(s); exiting.
[collector wgpu0] --once drained 0 checkpoint(s); exiting.
[collector wgpu0] --once drained 0 checkpoint(s); exiting.
[collector wgpu0] --once drained 0 checkpoint(s); exiting.
[extract] step=2488 SKIP heavy block block_interp (ordinal=497 basis=step_fallback heavy_every=8)
[extract] step=2488 SKIP heavy block block_probes (ordinal=497 basis=step_fallback heavy_every=8)
[extract] step=2488 heavy=FALSE total=17.09s | block_curvature=5.11 block_fitness=6.19
[collector wgpu0] gpu-pass DONE run_id=naive__stable_evo__s42 step=2488 blocks_ok=2 t=17.093s (all_passes_complete=True)
[extract] step=2490 SKIP heavy block block_interp (ordinal=498 basis=step_fallback heavy_every=8)
[extract] step=2490 SKIP heavy block block_probes (ordinal=498 basis=step_fallback heavy_every=8)
[extract] step=2490 heavy=FALSE total=16.35s | block_curvature=5.09 block_fitness=5.43
[collector wgpu0] gpu-pass DONE run_id=naive__stable_evo__s42 step=2490 blocks_ok=2 t=16.348s (all_passes_complete=True)
[collector wgpu0] FINALIZED run_id=naive__stable_evo__s42 step=2488 -> deleted
[collector wgpu0] FINALIZED run_id=naive__stable_evo__s42 step=2490 -> KEPT(->kept/,FULL latest-slot)
[collector wgpu0] --once drained 4 checkpoint(s); exiting.
[cwgpu0] drained 4 checkpoint(s); GPU-pass backlog present -> skip d90, loop.
[collector wgpu0] --once drained 0 checkpoint(s); exiting.
[collector wgpu0] --once drained 0 checkpoint(s); exiting.
[collector wgpu0] --once drained 0 checkpoint(s); exiting.
error    libmamba Could not set lock (Resource temporarily unavailable)
warning  libmamba Cannot lock '/home/r.dinnage/.cache/mamba/proc'
    Waiting for other mamba process to finish
[collector wgpu0] --once drained 0 checkpoint(s); exiting.
[collector wgpu0] --once drained 0 checkpoint(s); exiting.
[collector wgpu0] --once drained 0 checkpoint(s); exiting.
[collector wgpu0] --once drained 0 checkpoint(s); exiting.
[collector wgpu0] --once drained 0 checkpoint(s); exiting.
[extract] step=2502 SKIP heavy block block_interp (ordinal=500 basis=step_fallback heavy_every=8)
[extract] step=2502 SKIP heavy block block_probes (ordinal=500 basis=step_fallback heavy_every=8)
[extract] step=2502 heavy=FALSE total=16.61s | block_curvature=4.92 block_fitness=5.99
[collector wgpu0] gpu-pass DONE run_id=naive__stable_evo__s42 step=2502 blocks_ok=2 t=16.606s (all_passes_complete=True)
[collector wgpu0] FINALIZED run_id=naive__stable_evo__s42 step=2502 -> KEPT(->kept/,FULL latest-slot)
[collector wgpu0] --once drained 2 checkpoint(s); exiting.
[cwgpu0] drained 2 checkpoint(s); GPU-pass backlog present -> skip d90, loop.
[collector wgpu0] --once drained 0 checkpoint(s); exiting.
[collector wgpu0] --once drained 0 checkpoint(s); exiting.
[collector wgpu0] --once drained 0 checkpoint(s); exiting.
error    libmamba Could not set lock (Resource temporarily unavailable)
warning  libmamba Cannot lock '/home/r.dinnage/.cache/mamba/proc'
    Waiting for other mamba process to finish
[collector wgpu0] --once drained 0 checkpoint(s); exiting.
[extract] step=2514 SKIP heavy block block_interp (ordinal=502 basis=step_fallback heavy_every=8)
[extract] step=2514 SKIP heavy block block_probes (ordinal=502 basis=step_fallback heavy_every=8)
[extract] step=2514 heavy=FALSE total=16.46s | block_curvature=4.64 block_fitness=6.12
[collector wgpu0] gpu-pass DONE run_id=naive__stable_evo__s42 step=2514 blocks_ok=2 t=16.46s (all_passes_complete=True)
[collector wgpu0] FINALIZED run_id=naive__stable_evo__s42 step=2514 -> KEPT(->kept/,FULL latest-slot)
[collector wgpu0] --once drained 2 checkpoint(s); exiting.
[cwgpu0] drained 2 checkpoint(s); GPU-pass backlog present -> skip d90, loop.
[collector wgpu0] --once drained 0 checkpoint(s); exiting.
[collector wgpu0] --once drained 0 checkpoint(s); exiting.
[collector wgpu0] --once drained 0 checkpoint(s); exiting.
[collector wgpu0] --once drained 0 checkpoint(s); exiting.
error    libmamba Could not set lock (Resource temporarily unavailable)
warning  libmamba Cannot lock '/home/r.dinnage/.cache/mamba/proc'
    Waiting for other mamba process to finish
[extract] step=2526 SKIP heavy block block_interp (ordinal=505 basis=step_fallback heavy_every=8)
[extract] step=2526 SKIP heavy block block_probes (ordinal=505 basis=step_fallback heavy_every=8)
[extract] step=2526 heavy=FALSE total=17.42s | block_curvature=4.65 block_fitness=6.03
[collector wgpu0] gpu-pass DONE run_id=naive__stable_evo__s42 step=2526 blocks_ok=2 t=17.417s (all_passes_complete=True)
[collector wgpu0] FINALIZED run_id=naive__stable_evo__s42 step=2526 -> KEPT(->kept/,FULL latest-slot)
[collector wgpu0] --once drained 2 checkpoint(s); exiting.
[cwgpu0] drained 2 checkpoint(s); GPU-pass backlog present -> skip d90, loop.
[collector wgpu0] --once drained 0 checkpoint(s); exiting.
error    libmamba Could not set lock (Resource temporarily unavailable)
warning  libmamba Cannot lock '/home/r.dinnage/.cache/mamba/proc'
    Waiting for other mamba process to finish
[collector wgpu0] --once drained 0 checkpoint(s); exiting.
[collector wgpu0] --once drained 0 checkpoint(s); exiting.
[collector wgpu0] --once drained 0 checkpoint(s); exiting.
[extract] step=2538 SKIP heavy block block_interp (ordinal=507 basis=step_fallback heavy_every=8)
[extract] step=2538 SKIP heavy block block_probes (ordinal=507 basis=step_fallback heavy_every=8)
[extract] step=2538 heavy=FALSE total=17.35s | block_curvature=4.63 block_fitness=6.02
[collector wgpu0] gpu-pass DONE run_id=naive__stable_evo__s42 step=2538 blocks_ok=2 t=17.355s (all_passes_complete=True)
[collector wgpu0] FINALIZED run_id=naive__stable_evo__s42 step=2538 -> KEPT(->kept/,FULL latest-slot)
[collector wgpu0] --once drained 2 checkpoint(s); exiting.
[cwgpu0] drained 2 checkpoint(s); GPU-pass backlog present -> skip d90, loop.
[collector wgpu0] --once drained 0 checkpoint(s); exiting.
[collector wgpu0] --once drained 0 checkpoint(s); exiting.
[collector wgpu0] --once drained 0 checkpoint(s); exiting.
[collector wgpu0] --once drained 0 checkpoint(s); exiting.
[collector wgpu0] --once drained 0 checkpoint(s); exiting.
[extract] step=2550 SKIP heavy block block_interp (ordinal=510 basis=step_fallback heavy_every=8)
[extract] step=2550 SKIP heavy block block_probes (ordinal=510 basis=step_fallback heavy_every=8)
[extract] step=2550 heavy=FALSE total=17.00s | block_curvature=5.11 block_fitness=6.06
[collector wgpu0] gpu-pass DONE run_id=naive__stable_evo__s42 step=2550 blocks_ok=2 t=17.0s (all_passes_complete=True)
[collector wgpu0] FINALIZED run_id=naive__stable_evo__s42 step=2550 -> KEPT(->kept/,FULL latest-slot)
[collector wgpu0] --once drained 2 checkpoint(s); exiting.
[cwgpu0] drained 2 checkpoint(s); GPU-pass backlog present -> skip d90, loop.
[collector wgpu0] --once drained 0 checkpoint(s); exiting.
error    libmamba Could not set lock (Resource temporarily unavailable)
warning  libmamba Cannot lock '/home/r.dinnage/.cache/mamba/proc'
    Waiting for other mamba process to finish
[collector wgpu0] --once drained 0 checkpoint(s); exiting.
[collector wgpu0] --once drained 0 checkpoint(s); exiting.
[collector wgpu0] --once drained 0 checkpoint(s); exiting.
[extract] step=2562 heavy=TRUE total=96.20s | block_curvature=4.65 block_interp=42.53 block_probes=36.29 block_fitness=7.42
[collector wgpu0] gpu-pass DONE run_id=naive__stable_evo__s42 step=2562 blocks_ok=4 t=96.205s (all_passes_complete=True)
[extract] step=2574 SKIP heavy block block_interp (ordinal=514 basis=step_fallback heavy_every=8)
[extract] step=2574 SKIP heavy block block_probes (ordinal=514 basis=step_fallback heavy_every=8)
[extract] step=2574 heavy=FALSE total=17.85s | block_curvature=4.61 block_fitness=6.70
[collector wgpu0] gpu-pass DONE run_id=naive__stable_evo__s42 step=2574 blocks_ok=2 t=17.849s (all_passes_complete=True)
[collector wgpu0] FINALIZED run_id=naive__stable_evo__s42 step=2562 -> deleted
[collector wgpu0] FINALIZED run_id=naive__stable_evo__s42 step=2574 -> KEPT(->kept/,FULL latest-slot)
[collector wgpu0] --once drained 4 checkpoint(s); exiting.
[cwgpu0] drained 4 checkpoint(s); GPU-pass backlog present -> skip d90, loop.
[collector wgpu0] --once drained 0 checkpoint(s); exiting.
[collector wgpu0] --once drained 0 checkpoint(s); exiting.
[collector wgpu0] --once drained 0 checkpoint(s); exiting.
error    libmamba Could not set lock (Resource temporarily unavailable)
warning  libmamba Cannot lock '/home/r.dinnage/.cache/mamba/proc'
    Waiting for other mamba process to finish
[collector wgpu0] --once drained 0 checkpoint(s); exiting.
[collector wgpu0] --once drained 0 checkpoint(s); exiting.
[extract] step=2586 SKIP heavy block block_interp (ordinal=517 basis=step_fallback heavy_every=8)
[extract] step=2586 SKIP heavy block block_probes (ordinal=517 basis=step_fallback heavy_every=8)
[extract] step=2586 heavy=FALSE total=16.20s | block_curvature=4.63 block_fitness=5.97
[collector wgpu0] gpu-pass DONE run_id=naive__stable_evo__s42 step=2586 blocks_ok=2 t=16.204s (all_passes_complete=True)
[collector wgpu0] FINALIZED run_id=naive__stable_evo__s42 step=2586 -> KEPT(->kept/,FULL latest-slot)
[collector wgpu0] --once drained 2 checkpoint(s); exiting.
[cwgpu0] drained 2 checkpoint(s); GPU-pass backlog present -> skip d90, loop.
[collector wgpu0] --once drained 0 checkpoint(s); exiting.
[collector wgpu0] --once drained 0 checkpoint(s); exiting.
[collector wgpu0] --once drained 0 checkpoint(s); exiting.
[collector wgpu0] --once drained 0 checkpoint(s); exiting.
[extract] step=2598 SKIP heavy block block_interp (ordinal=519 basis=step_fallback heavy_every=8)
[extract] step=2598 SKIP heavy block block_probes (ordinal=519 basis=step_fallback heavy_every=8)
[extract] step=2598 heavy=FALSE total=16.51s | block_curvature=4.68 block_fitness=6.06
[collector wgpu0] gpu-pass DONE run_id=naive__stable_evo__s42 step=2598 blocks_ok=2 t=16.507s (all_passes_complete=True)
[collector wgpu0] FINALIZED run_id=naive__stable_evo__s42 step=2598 -> KEPT(->kept/,FULL latest-slot)
[collector wgpu0] --once drained 2 checkpoint(s); exiting.
[cwgpu0] drained 2 checkpoint(s); GPU-pass backlog present -> skip d90, loop.
[collector wgpu0] --once drained 0 checkpoint(s); exiting.
[collector wgpu0] --once drained 0 checkpoint(s); exiting.
[collector wgpu0] --once drained 0 checkpoint(s); exiting.
[collector wgpu0] --once drained 0 checkpoint(s); exiting.
[collector wgpu0] --once drained 0 checkpoint(s); exiting.
[collector wgpu0] --once drained 0 checkpoint(s); exiting.
error    libmamba Could not set lock (Resource temporarily unavailable)
warning  libmamba Cannot lock '/home/r.dinnage/.cache/mamba/proc'
    Waiting for other mamba process to finish
[collector wgpu0] --once drained 0 checkpoint(s); exiting.
error    libmamba Could not set lock (Resource temporarily unavailable)
warning  libmamba Cannot lock '/home/r.dinnage/.cache/mamba/proc'
    Waiting for other mamba process to finish
[extract] step=2610 SKIP heavy block block_interp (ordinal=522 basis=step_fallback heavy_every=8)
[extract] step=2610 SKIP heavy block block_probes (ordinal=522 basis=step_fallback heavy_every=8)
[extract] step=2610 heavy=FALSE total=16.69s | block_curvature=4.68 block_fitness=6.13
[collector wgpu0] gpu-pass DONE run_id=naive__stable_evo__s42 step=2610 blocks_ok=2 t=16.686s (all_passes_complete=True)
[collector wgpu0] FINALIZED run_id=naive__stable_evo__s42 step=2610 -> KEPT(->kept/,FULL latest-slot)
[collector wgpu0] --once drained 2 checkpoint(s); exiting.
error    libmamba Could not set lock (Resource temporarily unavailable)
warning  libmamba Cannot lock '/home/r.dinnage/.cache/mamba/proc'
    Waiting for other mamba process to finish
[cwgpu0] drained 2 checkpoint(s); GPU-pass backlog present -> skip d90, loop.
[collector wgpu0] --once drained 0 checkpoint(s); exiting.
[collector wgpu0] --once drained 0 checkpoint(s); exiting.
[collector wgpu0] --once drained 0 checkpoint(s); exiting.
[collector wgpu0] --once drained 0 checkpoint(s); exiting.
error    libmamba Could not set lock (Resource temporarily unavailable)
warning  libmamba Cannot lock '/home/r.dinnage/.cache/mamba/proc'
    Waiting for other mamba process to finish
[extract] step=2622 SKIP heavy block block_interp (ordinal=524 basis=step_fallback heavy_every=8)
[extract] step=2622 SKIP heavy block block_probes (ordinal=524 basis=step_fallback heavy_every=8)
[extract] step=2622 heavy=FALSE total=17.98s | block_curvature=5.05 block_fitness=6.08
[collector wgpu0] gpu-pass DONE run_id=naive__stable_evo__s42 step=2622 blocks_ok=2 t=17.981s (all_passes_complete=True)
[collector wgpu0] FINALIZED run_id=naive__stable_evo__s42 step=2622 -> KEPT(->kept/,FULL latest-slot)
[collector wgpu0] --once drained 2 checkpoint(s); exiting.
[cwgpu0] drained 2 checkpoint(s); GPU-pass backlog present -> skip d90, loop.
[collector wgpu0] --once drained 0 checkpoint(s); exiting.
error    libmamba Could not set lock (Resource temporarily unavailable)
warning  libmamba Cannot lock '/home/r.dinnage/.cache/mamba/proc'
    Waiting for other mamba process to finish
[collector wgpu0] --once drained 0 checkpoint(s); exiting.
[collector wgpu0] --once drained 0 checkpoint(s); exiting.
[collector wgpu0] --once drained 0 checkpoint(s); exiting.
[extract] step=2634 SKIP heavy block block_interp (ordinal=526 basis=step_fallback heavy_every=8)
[extract] step=2634 SKIP heavy block block_probes (ordinal=526 basis=step_fallback heavy_every=8)
[extract] step=2634 heavy=FALSE total=16.12s | block_curvature=4.64 block_fitness=5.95
[collector wgpu0] gpu-pass DONE run_id=naive__stable_evo__s42 step=2634 blocks_ok=2 t=16.116s (all_passes_complete=True)
[collector wgpu0] FINALIZED run_id=naive__stable_evo__s42 step=2634 -> KEPT(->kept/,FULL latest-slot)
[collector wgpu0] --once drained 2 checkpoint(s); exiting.
[cwgpu0] drained 2 checkpoint(s); GPU-pass backlog present -> skip d90, loop.
[collector wgpu0] --once drained 0 checkpoint(s); exiting.
[collector wgpu0] --once drained 0 checkpoint(s); exiting.
[collector wgpu0] --once drained 0 checkpoint(s); exiting.
[collector wgpu0] --once drained 0 checkpoint(s); exiting.
[collector wgpu0] --once drained 0 checkpoint(s); exiting.
error    libmamba Could not set lock (Resource temporarily unavailable)
warning  libmamba Cannot lock '/home/r.dinnage/.cache/mamba/proc'
    Waiting for other mamba process to finish
[extract] step=2646 SKIP heavy block block_interp (ordinal=529 basis=step_fallback heavy_every=8)
[extract] step=2646 SKIP heavy block block_probes (ordinal=529 basis=step_fallback heavy_every=8)
[extract] step=2646 heavy=FALSE total=16.49s | block_curvature=4.67 block_fitness=6.16
[collector wgpu0] gpu-pass DONE run_id=naive__stable_evo__s42 step=2646 blocks_ok=2 t=16.493s (all_passes_complete=True)
[collector wgpu0] FINALIZED run_id=naive__stable_evo__s42 step=2646 -> KEPT(->kept/,FULL latest-slot)
[collector wgpu0] --once drained 2 checkpoint(s); exiting.
[cwgpu0] drained 2 checkpoint(s); GPU-pass backlog present -> skip d90, loop.
[collector wgpu0] --once drained 0 checkpoint(s); exiting.
[collector wgpu0] --once drained 0 checkpoint(s); exiting.
[collector wgpu0] --once drained 0 checkpoint(s); exiting.
error    libmamba Could not set lock (Resource temporarily unavailable)
warning  libmamba Cannot lock '/home/r.dinnage/.cache/mamba/proc'
    Waiting for other mamba process to finish
[collector wgpu0] --once drained 0 checkpoint(s); exiting.
[extract] step=2658 SKIP heavy block block_interp (ordinal=531 basis=step_fallback heavy_every=8)
[extract] step=2658 SKIP heavy block block_probes (ordinal=531 basis=step_fallback heavy_every=8)
[extract] step=2658 heavy=FALSE total=16.96s | block_curvature=5.09 block_fitness=6.11
[collector wgpu0] gpu-pass DONE run_id=naive__stable_evo__s42 step=2658 blocks_ok=2 t=16.96s (all_passes_complete=True)
[collector wgpu0] FINALIZED run_id=naive__stable_evo__s42 step=2658 -> KEPT(->kept/,FULL latest-slot)
[collector wgpu0] --once drained 2 checkpoint(s); exiting.
[cwgpu0] drained 2 checkpoint(s); GPU-pass backlog present -> skip d90, loop.
[collector wgpu0] --once drained 0 checkpoint(s); exiting.
[collector wgpu0] --once drained 0 checkpoint(s); exiting.
error    libmamba Could not set lock (Resource temporarily unavailable)
warning  libmamba Cannot lock '/home/r.dinnage/.cache/mamba/proc'
    Waiting for other mamba process to finish
[collector wgpu0] --once drained 0 checkpoint(s); exiting.
[collector wgpu0] --once drained 0 checkpoint(s); exiting.
error    libmamba Could not set lock (Resource temporarily unavailable)
warning  libmamba Cannot lock '/home/r.dinnage/.cache/mamba/proc'
    Waiting for other mamba process to finish
[extract] step=2670 SKIP heavy block block_interp (ordinal=534 basis=step_fallback heavy_every=8)
[extract] step=2670 SKIP heavy block block_probes (ordinal=534 basis=step_fallback heavy_every=8)
[extract] step=2670 heavy=FALSE total=17.42s | block_curvature=4.66 block_fitness=6.03
[collector wgpu0] gpu-pass DONE run_id=naive__stable_evo__s42 step=2670 blocks_ok=2 t=17.422s (all_passes_complete=True)
[collector wgpu0] FINALIZED run_id=naive__stable_evo__s42 step=2670 -> KEPT(->kept/,FULL latest-slot)
[collector wgpu0] --once drained 2 checkpoint(s); exiting.
[cwgpu0] drained 2 checkpoint(s); GPU-pass backlog present -> skip d90, loop.
[collector wgpu0] --once drained 0 checkpoint(s); exiting.
[collector wgpu0] --once drained 0 checkpoint(s); exiting.
[collector wgpu0] --once drained 0 checkpoint(s); exiting.
[collector wgpu0] --once drained 0 checkpoint(s); exiting.
[extract] step=2682 heavy=TRUE total=103.01s | block_curvature=4.62 block_interp=42.36 block_probes=44.43 block_fitness=6.24
[collector wgpu0] gpu-pass DONE run_id=naive__stable_evo__s42 step=2682 blocks_ok=4 t=103.006s (all_passes_complete=True)
[collector wgpu0] FINALIZED run_id=naive__stable_evo__s42 step=2682 -> deleted
[collector wgpu0] --once drained 2 checkpoint(s); exiting.
[cwgpu0] drained 2 checkpoint(s); GPU-pass backlog present -> skip d90, loop.
[extract] step=2694 SKIP heavy block block_interp (ordinal=538 basis=step_fallback heavy_every=8)
[extract] step=2694 SKIP heavy block block_probes (ordinal=538 basis=step_fallback heavy_every=8)
[extract] step=2694 heavy=FALSE total=16.39s | block_curvature=4.67 block_fitness=6.13
[collector wgpu0] gpu-pass DONE run_id=naive__stable_evo__s42 step=2694 blocks_ok=2 t=16.386s (all_passes_complete=True)
[collector wgpu0] FINALIZED run_id=naive__stable_evo__s42 step=2694 -> KEPT(->kept/,FULL latest-slot)
[collector wgpu0] --once drained 2 checkpoint(s); exiting.
[cwgpu0] drained 2 checkpoint(s); GPU-pass backlog present -> skip d90, loop.
[collector wgpu0] --once drained 0 checkpoint(s); exiting.
[collector wgpu0] --once drained 0 checkpoint(s); exiting.
[collector wgpu0] --once drained 0 checkpoint(s); exiting.
[collector wgpu0] --once drained 0 checkpoint(s); exiting.
[collector wgpu0] --once drained 0 checkpoint(s); exiting.
[collector wgpu0] --once drained 0 checkpoint(s); exiting.
[collector wgpu0] --once drained 0 checkpoint(s); exiting.
error    libmamba Could not set lock (Resource temporarily unavailable)
warning  libmamba Cannot lock '/home/r.dinnage/.cache/mamba/proc'
    Waiting for other mamba process to finish
[extract] step=2706 SKIP heavy block block_interp (ordinal=541 basis=step_fallback heavy_every=8)
[extract] step=2706 SKIP heavy block block_probes (ordinal=541 basis=step_fallback heavy_every=8)
[extract] step=2706 heavy=FALSE total=16.34s | block_curvature=4.64 block_fitness=6.01
[collector wgpu0] gpu-pass DONE run_id=naive__stable_evo__s42 step=2706 blocks_ok=2 t=16.336s (all_passes_complete=True)
[collector wgpu0] FINALIZED run_id=naive__stable_evo__s42 step=2706 -> KEPT(->kept/,FULL latest-slot)
[collector wgpu0] --once drained 2 checkpoint(s); exiting.
[cwgpu0] drained 2 checkpoint(s); GPU-pass backlog present -> skip d90, loop.
[collector wgpu0] --once drained 0 checkpoint(s); exiting.
[collector wgpu0] --once drained 0 checkpoint(s); exiting.
[collector wgpu0] --once drained 0 checkpoint(s); exiting.
[collector wgpu0] --once drained 0 checkpoint(s); exiting.
[collector wgpu0] --once drained 0 checkpoint(s); exiting.
[extract] step=2718 SKIP heavy block block_interp (ordinal=543 basis=step_fallback heavy_every=8)
[extract] step=2718 SKIP heavy block block_probes (ordinal=543 basis=step_fallback heavy_every=8)
[extract] step=2718 heavy=FALSE total=16.48s | block_curvature=4.70 block_fitness=6.07
[collector wgpu0] gpu-pass DONE run_id=naive__stable_evo__s42 step=2718 blocks_ok=2 t=16.476s (all_passes_complete=True)
[collector wgpu0] FINALIZED run_id=naive__stable_evo__s42 step=2718 -> KEPT(->kept/,FULL latest-slot)
[collector wgpu0] --once drained 2 checkpoint(s); exiting.
[cwgpu0] drained 2 checkpoint(s); GPU-pass backlog present -> skip d90, loop.
[collector wgpu0] --once drained 0 checkpoint(s); exiting.
[collector wgpu0] --once drained 0 checkpoint(s); exiting.
[collector wgpu0] --once drained 0 checkpoint(s); exiting.
[collector wgpu0] --once drained 0 checkpoint(s); exiting.
[extract] step=2730 SKIP heavy block block_interp (ordinal=546 basis=step_fallback heavy_every=8)
[extract] step=2730 SKIP heavy block block_probes (ordinal=546 basis=step_fallback heavy_every=8)
[extract] step=2730 heavy=FALSE total=16.49s | block_curvature=4.65 block_fitness=6.02
[collector wgpu0] gpu-pass DONE run_id=naive__stable_evo__s42 step=2730 blocks_ok=2 t=16.487s (all_passes_complete=True)
[collector wgpu0] FINALIZED run_id=naive__stable_evo__s42 step=2730 -> KEPT(->kept/,FULL latest-slot)
[collector wgpu0] --once drained 2 checkpoint(s); exiting.
[cwgpu0] drained 2 checkpoint(s); GPU-pass backlog present -> skip d90, loop.
[collector wgpu0] --once drained 0 checkpoint(s); exiting.
[collector wgpu0] --once drained 0 checkpoint(s); exiting.
[collector wgpu0] --once drained 0 checkpoint(s); exiting.
[collector wgpu0] --once drained 0 checkpoint(s); exiting.
[extract] step=2742 SKIP heavy block block_interp (ordinal=548 basis=step_fallback heavy_every=8)
[extract] step=2742 SKIP heavy block block_probes (ordinal=548 basis=step_fallback heavy_every=8)
[extract] step=2742 heavy=FALSE total=16.90s | block_curvature=4.64 block_fitness=6.00
[collector wgpu0] gpu-pass DONE run_id=naive__stable_evo__s42 step=2742 blocks_ok=2 t=16.902s (all_passes_complete=True)
[collector wgpu0] FINALIZED run_id=naive__stable_evo__s42 step=2742 -> KEPT(->kept/,FULL latest-slot)
[collector wgpu0] --once drained 2 checkpoint(s); exiting.
[cwgpu0] drained 2 checkpoint(s); GPU-pass backlog present -> skip d90, loop.
[collector wgpu0] --once drained 0 checkpoint(s); exiting.
[collector wgpu0] --once drained 0 checkpoint(s); exiting.
[collector wgpu0] --once drained 0 checkpoint(s); exiting.
error    libmamba Could not set lock (Resource temporarily unavailable)
warning  libmamba Cannot lock '/home/r.dinnage/.cache/mamba/proc'
    Waiting for other mamba process to finish
[collector wgpu0] --once drained 0 checkpoint(s); exiting.
error    libmamba Could not set lock (Resource temporarily unavailable)
warning  libmamba Cannot lock '/home/r.dinnage/.cache/mamba/proc'
    Waiting for other mamba process to finish
[extract] step=2754 SKIP heavy block block_interp (ordinal=550 basis=step_fallback heavy_every=8)
[extract] step=2754 SKIP heavy block block_probes (ordinal=550 basis=step_fallback heavy_every=8)
[extract] step=2754 heavy=FALSE total=17.08s | block_curvature=4.65 block_fitness=6.04
[collector wgpu0] gpu-pass DONE run_id=naive__stable_evo__s42 step=2754 blocks_ok=2 t=17.084s (all_passes_complete=True)
[collector wgpu0] FINALIZED run_id=naive__stable_evo__s42 step=2754 -> KEPT(->kept/,FULL latest-slot)
[collector wgpu0] --once drained 2 checkpoint(s); exiting.
[cwgpu0] drained 2 checkpoint(s); GPU-pass backlog present -> skip d90, loop.
[collector wgpu0] --once drained 0 checkpoint(s); exiting.
error    libmamba Could not set lock (Resource temporarily unavailable)
warning  libmamba Cannot lock '/home/r.dinnage/.cache/mamba/proc'
    Waiting for other mamba process to finish
[collector wgpu0] --once drained 0 checkpoint(s); exiting.
error    libmamba Could not set lock (Resource temporarily unavailable)
warning  libmamba Cannot lock '/home/r.dinnage/.cache/mamba/proc'
    Waiting for other mamba process to finish
[collector wgpu0] --once drained 0 checkpoint(s); exiting.
[collector wgpu0] --once drained 0 checkpoint(s); exiting.
[collector wgpu0] --once drained 0 checkpoint(s); exiting.
[extract] step=2766 SKIP heavy block block_interp (ordinal=553 basis=step_fallback heavy_every=8)
[extract] step=2766 SKIP heavy block block_probes (ordinal=553 basis=step_fallback heavy_every=8)
[extract] step=2766 heavy=FALSE total=16.03s | block_curvature=4.63 block_fitness=5.97
[collector wgpu0] gpu-pass DONE run_id=naive__stable_evo__s42 step=2766 blocks_ok=2 t=16.027s (all_passes_complete=True)
[extract] step=2768 SKIP heavy block block_interp (ordinal=553 basis=step_fallback heavy_every=8)
[extract] step=2768 SKIP heavy block block_probes (ordinal=553 basis=step_fallback heavy_every=8)
[extract] step=2768 heavy=FALSE total=17.19s | block_curvature=5.12 block_fitness=5.42
[collector wgpu0] gpu-pass DONE run_id=naive__stable_evo__s42 step=2768 blocks_ok=2 t=17.185s (all_passes_complete=True)
[collector wgpu0] FINALIZED run_id=naive__stable_evo__s42 step=2768 -> KEPT(->kept/,FULL latest-slot)
[collector wgpu0] FINALIZED run_id=naive__stable_evo__s42 step=2766 -> deleted
[collector wgpu0] --once drained 4 checkpoint(s); exiting.
[cwgpu0] drained 4 checkpoint(s); GPU-pass backlog present -> skip d90, loop.
[collector wgpu0] --once drained 0 checkpoint(s); exiting.
[collector wgpu0] --once drained 0 checkpoint(s); exiting.
[collector wgpu0] --once drained 0 checkpoint(s); exiting.
[collector wgpu0] --once drained 0 checkpoint(s); exiting.
[collector wgpu0] --once drained 0 checkpoint(s); exiting.
[extract] step=2780 SKIP heavy block block_interp (ordinal=556 basis=step_fallback heavy_every=8)
[extract] step=2780 SKIP heavy block block_probes (ordinal=556 basis=step_fallback heavy_every=8)
[extract] step=2780 heavy=FALSE total=16.19s | block_curvature=4.63 block_fitness=5.96
[collector wgpu0] gpu-pass DONE run_id=naive__stable_evo__s42 step=2780 blocks_ok=2 t=16.19s (all_passes_complete=True)
[collector wgpu0] FINALIZED run_id=naive__stable_evo__s42 step=2780 -> KEPT(->kept/,FULL latest-slot)
[collector wgpu0] --once drained 2 checkpoint(s); exiting.
[cwgpu0] drained 2 checkpoint(s); GPU-pass backlog present -> skip d90, loop.
[collector wgpu0] --once drained 0 checkpoint(s); exiting.
[collector wgpu0] --once drained 0 checkpoint(s); exiting.
[collector wgpu0] --once drained 0 checkpoint(s); exiting.
[collector wgpu0] --once drained 0 checkpoint(s); exiting.
[extract] step=2792 SKIP heavy block block_interp (ordinal=558 basis=step_fallback heavy_every=8)
[extract] step=2792 SKIP heavy block block_probes (ordinal=558 basis=step_fallback heavy_every=8)
[extract] step=2792 heavy=FALSE total=16.03s | block_curvature=4.62 block_fitness=5.88
[collector wgpu0] gpu-pass DONE run_id=naive__stable_evo__s42 step=2792 blocks_ok=2 t=16.034s (all_passes_complete=True)
[collector wgpu0] FINALIZED run_id=naive__stable_evo__s42 step=2792 -> KEPT(->kept/,FULL latest-slot)
[collector wgpu0] --once drained 2 checkpoint(s); exiting.
[cwgpu0] drained 2 checkpoint(s); GPU-pass backlog present -> skip d90, loop.
[collector wgpu0] --once drained 0 checkpoint(s); exiting.
[collector wgpu0] --once drained 0 checkpoint(s); exiting.
[collector wgpu0] --once drained 0 checkpoint(s); exiting.
[collector wgpu0] --once drained 0 checkpoint(s); exiting.
[collector wgpu0] --once drained 0 checkpoint(s); exiting.
[collector wgpu0] --once drained 0 checkpoint(s); exiting.
[collector wgpu0] --once drained 0 checkpoint(s); exiting.
[extract] step=2804 heavy=TRUE total=95.11s | block_curvature=4.62 block_interp=40.51 block_probes=38.91 block_fitness=6.13
[collector wgpu0] gpu-pass DONE run_id=naive__stable_evo__s42 step=2804 blocks_ok=4 t=95.111s (all_passes_complete=True)
[collector wgpu0] FINALIZED run_id=naive__stable_evo__s42 step=2804 -> KEPT(->kept/,FULL latest-slot)
[collector wgpu0] --once drained 2 checkpoint(s); exiting.
[cwgpu0] drained 2 checkpoint(s); GPU-pass backlog present -> skip d90, loop.
[collector wgpu0] --once drained 0 checkpoint(s); exiting.
[extract] step=2816 SKIP heavy block block_interp (ordinal=563 basis=step_fallback heavy_every=8)
[extract] step=2816 SKIP heavy block block_probes (ordinal=563 basis=step_fallback heavy_every=8)
[extract] step=2816 heavy=FALSE total=15.78s | block_curvature=4.64 block_fitness=5.83
[collector wgpu0] gpu-pass DONE run_id=naive__stable_evo__s42 step=2816 blocks_ok=2 t=15.783s (all_passes_complete=True)
[collector wgpu0] FINALIZED run_id=naive__stable_evo__s42 step=2816 -> KEPT(->kept/,FULL latest-slot)
[collector wgpu0] --once drained 2 checkpoint(s); exiting.
[cwgpu0] drained 2 checkpoint(s); GPU-pass backlog present -> skip d90, loop.
[collector wgpu0] --once drained 0 checkpoint(s); exiting.
[collector wgpu0] --once drained 0 checkpoint(s); exiting.
[collector wgpu0] --once drained 0 checkpoint(s); exiting.
[collector wgpu0] --once drained 0 checkpoint(s); exiting.
error    libmamba Could not set lock (Resource temporarily unavailable)
warning  libmamba Cannot lock '/home/r.dinnage/.cache/mamba/proc'
    Waiting for other mamba process to finish
[extract] step=2828 SKIP heavy block block_interp (ordinal=565 basis=step_fallback heavy_every=8)
[extract] step=2828 SKIP heavy block block_probes (ordinal=565 basis=step_fallback heavy_every=8)
[extract] step=2828 heavy=FALSE total=15.80s | block_curvature=4.66 block_fitness=5.92
[collector wgpu0] gpu-pass DONE run_id=naive__stable_evo__s42 step=2828 blocks_ok=2 t=15.803s (all_passes_complete=True)
[collector wgpu0] FINALIZED run_id=naive__stable_evo__s42 step=2828 -> KEPT(->kept/,FULL latest-slot)
[collector wgpu0] --once drained 2 checkpoint(s); exiting.
[cwgpu0] drained 2 checkpoint(s); GPU-pass backlog present -> skip d90, loop.
[collector wgpu0] --once drained 0 checkpoint(s); exiting.
[collector wgpu0] --once drained 0 checkpoint(s); exiting.
error    libmamba Could not set lock (Resource temporarily unavailable)
warning  libmamba Cannot lock '/home/r.dinnage/.cache/mamba/proc'
    Waiting for other mamba process to finish
[collector wgpu0] --once drained 0 checkpoint(s); exiting.
error    libmamba Could not set lock (Resource temporarily unavailable)
warning  libmamba Cannot lock '/home/r.dinnage/.cache/mamba/proc'
    Waiting for other mamba process to finish
[collector wgpu0] --once drained 0 checkpoint(s); exiting.
[collector wgpu0] --once drained 0 checkpoint(s); exiting.
[extract] step=2840 heavy=TRUE total=90.95s | block_curvature=4.62 block_interp=40.16 block_probes=35.04 block_fitness=6.19
[collector wgpu0] gpu-pass DONE run_id=naive__stable_evo__s42 step=2840 blocks_ok=4 t=90.946s (all_passes_complete=True)
[collector wgpu0] FINALIZED run_id=naive__stable_evo__s42 step=2840 -> deleted
[collector wgpu0] --once drained 2 checkpoint(s); exiting.
[cwgpu0] drained 2 checkpoint(s); GPU-pass backlog present -> skip d90, loop.
[extract] step=2852 SKIP heavy block block_interp (ordinal=570 basis=step_fallback heavy_every=8)
[extract] step=2852 SKIP heavy block block_probes (ordinal=570 basis=step_fallback heavy_every=8)
[extract] step=2852 heavy=FALSE total=16.78s | block_curvature=4.66 block_fitness=5.99
[collector wgpu0] gpu-pass DONE run_id=naive__stable_evo__s42 step=2852 blocks_ok=2 t=16.782s (all_passes_complete=True)
[collector wgpu0] FINALIZED run_id=naive__stable_evo__s42 step=2852 -> KEPT(->kept/,FULL latest-slot)
[collector wgpu0] --once drained 2 checkpoint(s); exiting.
error    libmamba Could not set lock (Resource temporarily unavailable)
warning  libmamba Cannot lock '/home/r.dinnage/.cache/mamba/proc'
    Waiting for other mamba process to finish
[cwgpu0] drained 2 checkpoint(s); GPU-pass backlog present -> skip d90, loop.
[collector wgpu0] --once drained 0 checkpoint(s); exiting.
[collector wgpu0] --once drained 0 checkpoint(s); exiting.
error    libmamba Could not set lock (Resource temporarily unavailable)
warning  libmamba Cannot lock '/home/r.dinnage/.cache/mamba/proc'
    Waiting for other mamba process to finish
[collector wgpu0] --once drained 0 checkpoint(s); exiting.
[collector wgpu0] --once drained 0 checkpoint(s); exiting.
[collector wgpu0] --once drained 0 checkpoint(s); exiting.
[extract] step=2864 SKIP heavy block block_interp (ordinal=572 basis=step_fallback heavy_every=8)
[extract] step=2864 SKIP heavy block block_probes (ordinal=572 basis=step_fallback heavy_every=8)
[extract] step=2864 heavy=FALSE total=15.87s | block_curvature=4.62 block_fitness=5.88
[collector wgpu0] gpu-pass DONE run_id=naive__stable_evo__s42 step=2864 blocks_ok=2 t=15.871s (all_passes_complete=True)
[collector wgpu0] FINALIZED run_id=naive__stable_evo__s42 step=2864 -> KEPT(->kept/,FULL latest-slot)
[collector wgpu0] --once drained 2 checkpoint(s); exiting.
[cwgpu0] drained 2 checkpoint(s); GPU-pass backlog present -> skip d90, loop.
[collector wgpu0] --once drained 0 checkpoint(s); exiting.
error    libmamba Could not set lock (Resource temporarily unavailable)
warning  libmamba Cannot lock '/home/r.dinnage/.cache/mamba/proc'
    Waiting for other mamba process to finish
[collector wgpu0] --once drained 0 checkpoint(s); exiting.
[collector wgpu0] --once drained 0 checkpoint(s); exiting.
[collector wgpu0] --once drained 0 checkpoint(s); exiting.
[extract] step=2876 SKIP heavy block block_interp (ordinal=575 basis=step_fallback heavy_every=8)
[extract] step=2876 SKIP heavy block block_probes (ordinal=575 basis=step_fallback heavy_every=8)
[extract] step=2876 heavy=FALSE total=15.84s | block_curvature=4.60 block_fitness=5.97
[collector wgpu0] gpu-pass DONE run_id=naive__stable_evo__s42 step=2876 blocks_ok=2 t=15.844s (all_passes_complete=True)
[collector wgpu0] FINALIZED run_id=naive__stable_evo__s42 step=2876 -> KEPT(->kept/,FULL latest-slot)
[collector wgpu0] --once drained 2 checkpoint(s); exiting.
[cwgpu0] drained 2 checkpoint(s); GPU-pass backlog present -> skip d90, loop.
[collector wgpu0] --once drained 0 checkpoint(s); exiting.
[collector wgpu0] --once drained 0 checkpoint(s); exiting.
[collector wgpu0] --once drained 0 checkpoint(s); exiting.
[collector wgpu0] --once drained 0 checkpoint(s); exiting.
[collector wgpu0] --once drained 0 checkpoint(s); exiting.
[extract] step=2888 SKIP heavy block block_interp (ordinal=577 basis=step_fallback heavy_every=8)
[extract] step=2888 SKIP heavy block block_probes (ordinal=577 basis=step_fallback heavy_every=8)
[extract] step=2888 heavy=FALSE total=15.97s | block_curvature=4.65 block_fitness=5.93
[collector wgpu0] gpu-pass DONE run_id=naive__stable_evo__s42 step=2888 blocks_ok=2 t=15.97s (all_passes_complete=True)
[collector wgpu0] FINALIZED run_id=naive__stable_evo__s42 step=2888 -> KEPT(->kept/,FULL latest-slot)
[collector wgpu0] --once drained 2 checkpoint(s); exiting.
[cwgpu0] drained 2 checkpoint(s); GPU-pass backlog present -> skip d90, loop.
[collector wgpu0] --once drained 0 checkpoint(s); exiting.
[collector wgpu0] --once drained 0 checkpoint(s); exiting.
[collector wgpu0] --once drained 0 checkpoint(s); exiting.
error    libmamba Could not set lock (Resource temporarily unavailable)
warning  libmamba Cannot lock '/home/r.dinnage/.cache/mamba/proc'
    Waiting for other mamba process to finish
[collector wgpu0] --once drained 0 checkpoint(s); exiting.
[extract] step=2900 SKIP heavy block block_interp (ordinal=580 basis=step_fallback heavy_every=8)
[extract] step=2900 SKIP heavy block block_probes (ordinal=580 basis=step_fallback heavy_every=8)
[extract] step=2900 heavy=FALSE total=15.70s | block_curvature=4.62 block_fitness=5.90
[collector wgpu0] gpu-pass DONE run_id=naive__stable_evo__s42 step=2900 blocks_ok=2 t=15.7s (all_passes_complete=True)
[collector wgpu0] FINALIZED run_id=naive__stable_evo__s42 step=2900 -> KEPT(->kept/,FULL latest-slot)
[collector wgpu0] --once drained 2 checkpoint(s); exiting.
[cwgpu0] drained 2 checkpoint(s); GPU-pass backlog present -> skip d90, loop.
[collector wgpu0] --once drained 0 checkpoint(s); exiting.
error    libmamba Could not set lock (Resource temporarily unavailable)
warning  libmamba Cannot lock '/home/r.dinnage/.cache/mamba/proc'
    Waiting for other mamba process to finish
[collector wgpu0] --once drained 0 checkpoint(s); exiting.
[collector wgpu0] --once drained 0 checkpoint(s); exiting.
error    libmamba Could not set lock (Resource temporarily unavailable)
warning  libmamba Cannot lock '/home/r.dinnage/.cache/mamba/proc'
    Waiting for other mamba process to finish
[collector wgpu0] --once drained 0 checkpoint(s); exiting.
[collector wgpu0] --once drained 0 checkpoint(s); exiting.
[collector wgpu0] --once drained 0 checkpoint(s); exiting.
[collector wgpu0] --once drained 0 checkpoint(s); exiting.
error    libmamba Could not set lock (Resource temporarily unavailable)
warning  libmamba Cannot lock '/home/r.dinnage/.cache/mamba/proc'
    Waiting for other mamba process to finish
[extract] step=2912 SKIP heavy block block_interp (ordinal=582 basis=step_fallback heavy_every=8)
[extract] step=2912 SKIP heavy block block_probes (ordinal=582 basis=step_fallback heavy_every=8)
[extract] step=2912 heavy=FALSE total=16.87s | block_curvature=5.45 block_fitness=6.09
[collector wgpu0] gpu-pass DONE run_id=naive__stable_evo__s42 step=2912 blocks_ok=2 t=16.867s (all_passes_complete=True)
[collector wgpu0] FINALIZED run_id=naive__stable_evo__s42 step=2912 -> KEPT(->kept/,FULL latest-slot)
[collector wgpu0] --once drained 2 checkpoint(s); exiting.
[cwgpu0] drained 2 checkpoint(s); GPU-pass backlog present -> skip d90, loop.
[collector wgpu0] --once drained 0 checkpoint(s); exiting.
[collector wgpu0] --once drained 0 checkpoint(s); exiting.
[collector wgpu0] --once drained 0 checkpoint(s); exiting.
[collector wgpu0] --once drained 0 checkpoint(s); exiting.
[extract] step=2924 heavy=TRUE total=92.80s | block_curvature=4.61 block_interp=40.77 block_probes=34.18 block_fitness=7.17
[collector wgpu0] gpu-pass DONE run_id=naive__stable_evo__s42 step=2924 blocks_ok=4 t=92.803s (all_passes_complete=True)
[collector wgpu0] FINALIZED run_id=naive__stable_evo__s42 step=2924 -> KEPT(->kept/,FULL latest-slot)
[collector wgpu0] --once drained 2 checkpoint(s); exiting.
[cwgpu0] drained 2 checkpoint(s); GPU-pass backlog present -> skip d90, loop.
[collector wgpu0] --once drained 0 checkpoint(s); exiting.
error    libmamba Could not set lock (Resource temporarily unavailable)
warning  libmamba Cannot lock '/home/r.dinnage/.cache/mamba/proc'
    Waiting for other mamba process to finish
[extract] step=2936 SKIP heavy block block_interp (ordinal=587 basis=step_fallback heavy_every=8)
[extract] step=2936 SKIP heavy block block_probes (ordinal=587 basis=step_fallback heavy_every=8)
[extract] step=2936 heavy=FALSE total=15.84s | block_curvature=4.67 block_fitness=5.79
[collector wgpu0] gpu-pass DONE run_id=naive__stable_evo__s42 step=2936 blocks_ok=2 t=15.836s (all_passes_complete=True)
[collector wgpu0] FINALIZED run_id=naive__stable_evo__s42 step=2936 -> KEPT(->kept/,FULL latest-slot)
[collector wgpu0] --once drained 2 checkpoint(s); exiting.
[cwgpu0] drained 2 checkpoint(s); GPU-pass backlog present -> skip d90, loop.
[collector wgpu0] --once drained 0 checkpoint(s); exiting.
[collector wgpu0] --once drained 0 checkpoint(s); exiting.
[collector wgpu0] --once drained 0 checkpoint(s); exiting.
[collector wgpu0] --once drained 0 checkpoint(s); exiting.
[extract] step=2948 SKIP heavy block block_interp (ordinal=589 basis=step_fallback heavy_every=8)
[extract] step=2948 SKIP heavy block block_probes (ordinal=589 basis=step_fallback heavy_every=8)
[extract] step=2948 heavy=FALSE total=15.84s | block_curvature=4.66 block_fitness=5.90
[collector wgpu0] gpu-pass DONE run_id=naive__stable_evo__s42 step=2948 blocks_ok=2 t=15.842s (all_passes_complete=True)
[collector wgpu0] FINALIZED run_id=naive__stable_evo__s42 step=2948 -> KEPT(->kept/,FULL latest-slot)
[collector wgpu0] --once drained 2 checkpoint(s); exiting.
[cwgpu0] drained 2 checkpoint(s); GPU-pass backlog present -> skip d90, loop.
[collector wgpu0] --once drained 0 checkpoint(s); exiting.
[collector wgpu0] --once drained 0 checkpoint(s); exiting.
[collector wgpu0] --once drained 0 checkpoint(s); exiting.
[collector wgpu0] --once drained 0 checkpoint(s); exiting.
error    libmamba Could not set lock (Resource temporarily unavailable)
warning  libmamba Cannot lock '/home/r.dinnage/.cache/mamba/proc'
    Waiting for other mamba process to finish
[collector wgpu0] --once drained 0 checkpoint(s); exiting.
[extract] step=2960 heavy=TRUE total=97.24s | block_curvature=4.64 block_interp=40.68 block_probes=40.90 block_fitness=5.85
[collector wgpu0] gpu-pass DONE run_id=naive__stable_evo__s42 step=2960 blocks_ok=4 t=97.235s (all_passes_complete=True)
[extract] step=2972 SKIP heavy block block_interp (ordinal=594 basis=step_fallback heavy_every=8)
[extract] step=2972 SKIP heavy block block_probes (ordinal=594 basis=step_fallback heavy_every=8)
[extract] step=2972 heavy=FALSE total=15.85s | block_curvature=5.12 block_fitness=5.33
[collector wgpu0] gpu-pass DONE run_id=naive__stable_evo__s42 step=2972 blocks_ok=2 t=15.851s (all_passes_complete=True)
[collector wgpu0] FINALIZED run_id=naive__stable_evo__s42 step=2960 -> deleted
[collector wgpu0] FINALIZED run_id=naive__stable_evo__s42 step=2972 -> KEPT(->kept/,FULL latest-slot)
[collector wgpu0] --once drained 4 checkpoint(s); exiting.
[cwgpu0] drained 4 checkpoint(s); GPU-pass backlog present -> skip d90, loop.
[collector wgpu0] --once drained 0 checkpoint(s); exiting.
[collector wgpu0] --once drained 0 checkpoint(s); exiting.
[collector wgpu0] --once drained 0 checkpoint(s); exiting.
[collector wgpu0] --once drained 0 checkpoint(s); exiting.
[collector wgpu0] --once drained 0 checkpoint(s); exiting.
[extract] step=2984 SKIP heavy block block_interp (ordinal=596 basis=step_fallback heavy_every=8)
[extract] step=2984 SKIP heavy block block_probes (ordinal=596 basis=step_fallback heavy_every=8)
[extract] step=2984 heavy=FALSE total=15.79s | block_curvature=4.63 block_fitness=5.87
[collector wgpu0] gpu-pass DONE run_id=naive__stable_evo__s42 step=2984 blocks_ok=2 t=15.785s (all_passes_complete=True)
[collector wgpu0] FINALIZED run_id=naive__stable_evo__s42 step=2984 -> KEPT(->kept/,FULL latest-slot)
[collector wgpu0] --once drained 2 checkpoint(s); exiting.
[cwgpu0] drained 2 checkpoint(s); GPU-pass backlog present -> skip d90, loop.
[collector wgpu0] --once drained 0 checkpoint(s); exiting.
[collector wgpu0] --once drained 0 checkpoint(s); exiting.
[collector wgpu0] --once drained 0 checkpoint(s); exiting.
error    libmamba Could not set lock (Resource temporarily unavailable)
warning  libmamba Cannot lock '/home/r.dinnage/.cache/mamba/proc'
    Waiting for other mamba process to finish
[collector wgpu0] --once drained 0 checkpoint(s); exiting.
[extract] step=2996 SKIP heavy block block_interp (ordinal=599 basis=step_fallback heavy_every=8)
[extract] step=2996 SKIP heavy block block_probes (ordinal=599 basis=step_fallback heavy_every=8)
[extract] step=2996 heavy=FALSE total=16.69s | block_curvature=4.63 block_fitness=5.88
[collector wgpu0] gpu-pass DONE run_id=naive__stable_evo__s42 step=2996 blocks_ok=2 t=16.693s (all_passes_complete=True)
[collector wgpu0] FINALIZED run_id=naive__stable_evo__s42 step=2996 -> KEPT(->kept/,FULL latest-slot)
[collector wgpu0] --once drained 2 checkpoint(s); exiting.
[cwgpu0] drained 2 checkpoint(s); GPU-pass backlog present -> skip d90, loop.
[collector wgpu0] --once drained 0 checkpoint(s); exiting.
error    libmamba Could not set lock (Resource temporarily unavailable)
warning  libmamba Cannot lock '/home/r.dinnage/.cache/mamba/proc'
    Waiting for other mamba process to finish
error    libmamba Could not set lock (Resource temporarily unavailable)
warning  libmamba Cannot lock '/home/r.dinnage/.cache/mamba/proc'
    Waiting for other mamba process to finish
[collector wgpu0] --once drained 0 checkpoint(s); exiting.
[collector wgpu0] --once drained 0 checkpoint(s); exiting.
[collector wgpu0] --once drained 0 checkpoint(s); exiting.
[collector wgpu0] --once drained 0 checkpoint(s); exiting.
[collector wgpu0] --once drained 0 checkpoint(s); exiting.
[collector wgpu0] --once drained 0 checkpoint(s); exiting.
[collector wgpu0] --once drained 0 checkpoint(s); exiting.
[extract] step=3008 SKIP heavy block block_interp (ordinal=601 basis=step_fallback heavy_every=8)
[extract] step=3008 SKIP heavy block block_probes (ordinal=601 basis=step_fallback heavy_every=8)
[extract] step=3008 heavy=FALSE total=15.99s | block_curvature=4.66 block_fitness=5.91
[collector wgpu0] gpu-pass DONE run_id=naive__stable_evo__s42 step=3008 blocks_ok=2 t=15.993s (all_passes_complete=True)
[collector wgpu0] FINALIZED run_id=naive__stable_evo__s42 step=3008 -> KEPT(->kept/,FULL latest-slot)
[collector wgpu0] --once drained 2 checkpoint(s); exiting.
[cwgpu0] drained 2 checkpoint(s); GPU-pass backlog present -> skip d90, loop.
[collector wgpu0] --once drained 0 checkpoint(s); exiting.
[collector wgpu0] --once drained 0 checkpoint(s); exiting.
[collector wgpu0] --once drained 0 checkpoint(s); exiting.
error    libmamba Could not set lock (Resource temporarily unavailable)
warning  libmamba Cannot lock '/home/r.dinnage/.cache/mamba/proc'
    Waiting for other mamba process to finish
[collector wgpu0] --once drained 0 checkpoint(s); exiting.
[extract] step=3020 SKIP heavy block block_interp (ordinal=604 basis=step_fallback heavy_every=8)
[extract] step=3020 SKIP heavy block block_probes (ordinal=604 basis=step_fallback heavy_every=8)
[extract] step=3020 heavy=FALSE total=15.86s | block_curvature=4.68 block_fitness=5.83
[collector wgpu0] gpu-pass DONE run_id=naive__stable_evo__s42 step=3020 blocks_ok=2 t=15.856s (all_passes_complete=True)
[collector wgpu0] FINALIZED run_id=naive__stable_evo__s42 step=3020 -> KEPT(->kept/,FULL latest-slot)
[collector wgpu0] --once drained 2 checkpoint(s); exiting.
[cwgpu0] drained 2 checkpoint(s); GPU-pass backlog present -> skip d90, loop.
[collector wgpu0] --once drained 0 checkpoint(s); exiting.
[collector wgpu0] --once drained 0 checkpoint(s); exiting.
[collector wgpu0] --once drained 0 checkpoint(s); exiting.
error    libmamba Could not set lock (Resource temporarily unavailable)
warning  libmamba Cannot lock '/home/r.dinnage/.cache/mamba/proc'
    Waiting for other mamba process to finish
[collector wgpu0] --once drained 0 checkpoint(s); exiting.
[extract] step=3032 SKIP heavy block block_interp (ordinal=606 basis=step_fallback heavy_every=8)
[extract] step=3032 SKIP heavy block block_probes (ordinal=606 basis=step_fallback heavy_every=8)
[extract] step=3032 heavy=FALSE total=16.78s | block_curvature=4.64 block_fitness=5.85
[collector wgpu0] gpu-pass DONE run_id=naive__stable_evo__s42 step=3032 blocks_ok=2 t=16.778s (all_passes_complete=True)
[collector wgpu0] FINALIZED run_id=naive__stable_evo__s42 step=3032 -> KEPT(->kept/,FULL latest-slot)
[collector wgpu0] --once drained 2 checkpoint(s); exiting.
[cwgpu0] drained 2 checkpoint(s); GPU-pass backlog present -> skip d90, loop.
[collector wgpu0] --once drained 0 checkpoint(s); exiting.
[collector wgpu0] --once drained 0 checkpoint(s); exiting.
[collector wgpu0] --once drained 0 checkpoint(s); exiting.
[collector wgpu0] --once drained 0 checkpoint(s); exiting.
error    libmamba Could not set lock (Resource temporarily unavailable)
warning  libmamba Cannot lock '/home/r.dinnage/.cache/mamba/proc'
    Waiting for other mamba process to finish
[collector wgpu0] --once drained 0 checkpoint(s); exiting.
[extract] step=3044 heavy=TRUE total=91.87s | block_curvature=4.62 block_interp=40.51 block_probes=34.83 block_fitness=6.89
[collector wgpu0] gpu-pass DONE run_id=naive__stable_evo__s42 step=3044 blocks_ok=4 t=91.866s (all_passes_complete=True)
[extract] step=3046 SKIP heavy block block_interp (ordinal=609 basis=step_fallback heavy_every=8)
[extract] step=3046 SKIP heavy block block_probes (ordinal=609 basis=step_fallback heavy_every=8)
[extract] step=3046 heavy=FALSE total=15.97s | block_curvature=4.58 block_fitness=6.18
[collector wgpu0] gpu-pass DONE run_id=naive__stable_evo__s42 step=3046 blocks_ok=2 t=15.97s (all_passes_complete=True)
[collector wgpu0] FINALIZED run_id=naive__stable_evo__s42 step=3046 -> KEPT(->kept/,FULL latest-slot)
[collector wgpu0] FINALIZED run_id=naive__stable_evo__s42 step=3044 -> deleted
[collector wgpu0] --once drained 4 checkpoint(s); exiting.
[cwgpu0] drained 4 checkpoint(s); GPU-pass backlog present -> skip d90, loop.
[collector wgpu0] --once drained 0 checkpoint(s); exiting.
[extract] step=3058 SKIP heavy block block_interp (ordinal=611 basis=step_fallback heavy_every=8)
[extract] step=3058 SKIP heavy block block_probes (ordinal=611 basis=step_fallback heavy_every=8)
[extract] step=3058 heavy=FALSE total=15.94s | block_curvature=4.66 block_fitness=5.91
[collector wgpu0] gpu-pass DONE run_id=naive__stable_evo__s42 step=3058 blocks_ok=2 t=15.938s (all_passes_complete=True)
[collector wgpu0] FINALIZED run_id=naive__stable_evo__s42 step=3058 -> KEPT(->kept/,FULL latest-slot)
[collector wgpu0] --once drained 2 checkpoint(s); exiting.
[cwgpu0] drained 2 checkpoint(s); GPU-pass backlog present -> skip d90, loop.
[collector wgpu0] --once drained 0 checkpoint(s); exiting.
[collector wgpu0] --once drained 0 checkpoint(s); exiting.
[collector wgpu0] --once drained 0 checkpoint(s); exiting.
[collector wgpu0] --once drained 0 checkpoint(s); exiting.
[extract] step=3070 SKIP heavy block block_interp (ordinal=614 basis=step_fallback heavy_every=8)
[extract] step=3070 SKIP heavy block block_probes (ordinal=614 basis=step_fallback heavy_every=8)
[extract] step=3070 heavy=FALSE total=16.00s | block_curvature=4.62 block_fitness=5.92
[collector wgpu0] gpu-pass DONE run_id=naive__stable_evo__s42 step=3070 blocks_ok=2 t=16.004s (all_passes_complete=True)
[collector wgpu0] FINALIZED run_id=naive__stable_evo__s42 step=3070 -> KEPT(->kept/,FULL latest-slot)
[collector wgpu0] --once drained 2 checkpoint(s); exiting.
[cwgpu0] drained 2 checkpoint(s); GPU-pass backlog present -> skip d90, loop.
[collector wgpu0] --once drained 0 checkpoint(s); exiting.
[collector wgpu0] --once drained 0 checkpoint(s); exiting.
[collector wgpu0] --once drained 0 checkpoint(s); exiting.
[collector wgpu0] --once drained 0 checkpoint(s); exiting.
error    libmamba Could not set lock (Resource temporarily unavailable)
warning  libmamba Cannot lock '/home/r.dinnage/.cache/mamba/proc'
    Waiting for other mamba process to finish
[collector wgpu0] --once drained 0 checkpoint(s); exiting.
[extract] step=3082 heavy=TRUE total=91.73s | block_curvature=4.60 block_interp=40.43 block_probes=34.63 block_fitness=7.16
[collector wgpu0] gpu-pass DONE run_id=naive__stable_evo__s42 step=3082 blocks_ok=4 t=91.731s (all_passes_complete=True)
[collector wgpu0] FINALIZED run_id=naive__stable_evo__s42 step=3082 -> deleted
[collector wgpu0] --once drained 2 checkpoint(s); exiting.
[cwgpu0] drained 2 checkpoint(s); GPU-pass backlog present -> skip d90, loop.
[extract] step=3094 SKIP heavy block block_interp (ordinal=618 basis=step_fallback heavy_every=8)
[extract] step=3094 SKIP heavy block block_probes (ordinal=618 basis=step_fallback heavy_every=8)
[extract] step=3094 heavy=FALSE total=15.86s | block_curvature=4.65 block_fitness=5.93
[collector wgpu0] gpu-pass DONE run_id=naive__stable_evo__s42 step=3094 blocks_ok=2 t=15.859s (all_passes_complete=True)
[collector wgpu0] FINALIZED run_id=naive__stable_evo__s42 step=3094 -> KEPT(->kept/,FULL latest-slot)
[collector wgpu0] --once drained 2 checkpoint(s); exiting.
[cwgpu0] drained 2 checkpoint(s); GPU-pass backlog present -> skip d90, loop.
[collector wgpu0] --once drained 0 checkpoint(s); exiting.
[collector wgpu0] --once drained 0 checkpoint(s); exiting.
[collector wgpu0] --once drained 0 checkpoint(s); exiting.
[collector wgpu0] --once drained 0 checkpoint(s); exiting.
[collector wgpu0] --once drained 0 checkpoint(s); exiting.
[collector wgpu0] --once drained 0 checkpoint(s); exiting.
error    libmamba Could not set lock (Resource temporarily unavailable)
warning  libmamba Cannot lock '/home/r.dinnage/.cache/mamba/proc'
    Waiting for other mamba process to finish
[collector wgpu0] --once drained 0 checkpoint(s); exiting.
[collector wgpu0] --once drained 0 checkpoint(s); exiting.
[extract] step=3106 SKIP heavy block block_interp (ordinal=621 basis=step_fallback heavy_every=8)
[extract] step=3106 SKIP heavy block block_probes (ordinal=621 basis=step_fallback heavy_every=8)
[extract] step=3106 heavy=FALSE total=15.78s | block_curvature=4.62 block_fitness=5.82
[collector wgpu0] gpu-pass DONE run_id=naive__stable_evo__s42 step=3106 blocks_ok=2 t=15.778s (all_passes_complete=True)
[collector wgpu0] FINALIZED run_id=naive__stable_evo__s42 step=3106 -> KEPT(->kept/,FULL latest-slot)
[collector wgpu0] --once drained 2 checkpoint(s); exiting.
[cwgpu0] drained 2 checkpoint(s); GPU-pass backlog present -> skip d90, loop.
[collector wgpu0] --once drained 0 checkpoint(s); exiting.
[collector wgpu0] --once drained 0 checkpoint(s); exiting.
[collector wgpu0] --once drained 0 checkpoint(s); exiting.
error    libmamba Could not set lock (Resource temporarily unavailable)
warning  libmamba Cannot lock '/home/r.dinnage/.cache/mamba/proc'
    Waiting for other mamba process to finish
[collector wgpu0] --once drained 0 checkpoint(s); exiting.
[extract] step=3118 SKIP heavy block block_interp (ordinal=623 basis=step_fallback heavy_every=8)
[extract] step=3118 SKIP heavy block block_probes (ordinal=623 basis=step_fallback heavy_every=8)
[extract] step=3118 heavy=FALSE total=16.47s | block_curvature=5.28 block_fitness=5.94
[collector wgpu0] gpu-pass DONE run_id=naive__stable_evo__s42 step=3118 blocks_ok=2 t=16.468s (all_passes_complete=True)
[collector wgpu0] FINALIZED run_id=naive__stable_evo__s42 step=3118 -> KEPT(->kept/,FULL latest-slot)
[collector wgpu0] --once drained 2 checkpoint(s); exiting.
[cwgpu0] drained 2 checkpoint(s); GPU-pass backlog present -> skip d90, loop.
[collector wgpu0] --once drained 0 checkpoint(s); exiting.
[collector wgpu0] --once drained 0 checkpoint(s); exiting.
[collector wgpu0] --once drained 0 checkpoint(s); exiting.
[collector wgpu0] --once drained 0 checkpoint(s); exiting.
error    libmamba Could not set lock (Resource temporarily unavailable)
warning  libmamba Cannot lock '/home/r.dinnage/.cache/mamba/proc'
    Waiting for other mamba process to finish
[extract] step=3130 SKIP heavy block block_interp (ordinal=626 basis=step_fallback heavy_every=8)
[extract] step=3130 SKIP heavy block block_probes (ordinal=626 basis=step_fallback heavy_every=8)
[extract] step=3130 heavy=FALSE total=15.89s | block_curvature=4.64 block_fitness=5.86
[collector wgpu0] gpu-pass DONE run_id=naive__stable_evo__s42 step=3130 blocks_ok=2 t=15.892s (all_passes_complete=True)
[collector wgpu0] FINALIZED run_id=naive__stable_evo__s42 step=3130 -> KEPT(->kept/,FULL latest-slot)
[collector wgpu0] --once drained 2 checkpoint(s); exiting.
[cwgpu0] drained 2 checkpoint(s); GPU-pass backlog present -> skip d90, loop.
[collector wgpu0] --once drained 0 checkpoint(s); exiting.
[collector wgpu0] --once drained 0 checkpoint(s); exiting.
[collector wgpu0] --once drained 0 checkpoint(s); exiting.
[collector wgpu0] --once drained 0 checkpoint(s); exiting.
[collector wgpu0] --once drained 0 checkpoint(s); exiting.
error    libmamba Could not set lock (Resource temporarily unavailable)
warning  libmamba Cannot lock '/home/r.dinnage/.cache/mamba/proc'
    Waiting for other mamba process to finish
[extract] step=3142 SKIP heavy block block_interp (ordinal=628 basis=step_fallback heavy_every=8)
[extract] step=3142 SKIP heavy block block_probes (ordinal=628 basis=step_fallback heavy_every=8)
[extract] step=3142 heavy=FALSE total=15.97s | block_curvature=4.66 block_fitness=5.99
[collector wgpu0] gpu-pass DONE run_id=naive__stable_evo__s42 step=3142 blocks_ok=2 t=15.969s (all_passes_complete=True)
[collector wgpu0] FINALIZED run_id=naive__stable_evo__s42 step=3142 -> KEPT(->kept/,FULL latest-slot)
[collector wgpu0] --once drained 2 checkpoint(s); exiting.
[cwgpu0] drained 2 checkpoint(s); GPU-pass backlog present -> skip d90, loop.
[collector wgpu0] --once drained 0 checkpoint(s); exiting.
[collector wgpu0] --once drained 0 checkpoint(s); exiting.
error    libmamba Could not set lock (Resource temporarily unavailable)
warning  libmamba Cannot lock '/home/r.dinnage/.cache/mamba/proc'
    Waiting for other mamba process to finish
[collector wgpu0] --once drained 0 checkpoint(s); exiting.
[collector wgpu0] --once drained 0 checkpoint(s); exiting.
error    libmamba Could not set lock (Resource temporarily unavailable)
warning  libmamba Cannot lock '/home/r.dinnage/.cache/mamba/proc'
    Waiting for other mamba process to finish
[extract] step=3154 SKIP heavy block block_interp (ordinal=630 basis=step_fallback heavy_every=8)
[extract] step=3154 SKIP heavy block block_probes (ordinal=630 basis=step_fallback heavy_every=8)
[extract] step=3154 heavy=FALSE total=15.98s | block_curvature=4.63 block_fitness=5.95
[collector wgpu0] gpu-pass DONE run_id=naive__stable_evo__s42 step=3154 blocks_ok=2 t=15.978s (all_passes_complete=True)
[collector wgpu0] FINALIZED run_id=naive__stable_evo__s42 step=3154 -> KEPT(->kept/,FULL latest-slot)
[collector wgpu0] --once drained 2 checkpoint(s); exiting.
[cwgpu0] drained 2 checkpoint(s); GPU-pass backlog present -> skip d90, loop.
[collector wgpu0] --once drained 0 checkpoint(s); exiting.
[collector wgpu0] --once drained 0 checkpoint(s); exiting.
[collector wgpu0] --once drained 0 checkpoint(s); exiting.
[collector wgpu0] --once drained 0 checkpoint(s); exiting.
[extract] step=3166 SKIP heavy block block_interp (ordinal=633 basis=step_fallback heavy_every=8)
[extract] step=3166 SKIP heavy block block_probes (ordinal=633 basis=step_fallback heavy_every=8)
[extract] step=3166 heavy=FALSE total=16.71s | block_curvature=4.67 block_fitness=5.87
[collector wgpu0] gpu-pass DONE run_id=naive__stable_evo__s42 step=3166 blocks_ok=2 t=16.714s (all_passes_complete=True)
[collector wgpu0] FINALIZED run_id=naive__stable_evo__s42 step=3166 -> KEPT(->kept/,FULL latest-slot)
[collector wgpu0] --once drained 2 checkpoint(s); exiting.
[cwgpu0] drained 2 checkpoint(s); GPU-pass backlog present -> skip d90, loop.
[collector wgpu0] --once drained 0 checkpoint(s); exiting.
[collector wgpu0] --once drained 0 checkpoint(s); exiting.
error    libmamba Could not set lock (Resource temporarily unavailable)
warning  libmamba Cannot lock '/home/r.dinnage/.cache/mamba/proc'
    Waiting for other mamba process to finish
[collector wgpu0] --once drained 0 checkpoint(s); exiting.
[collector wgpu0] --once drained 0 checkpoint(s); exiting.
[collector wgpu0] --once drained 0 checkpoint(s); exiting.
[extract] step=3178 SKIP heavy block block_interp (ordinal=635 basis=step_fallback heavy_every=8)
[extract] step=3178 SKIP heavy block block_probes (ordinal=635 basis=step_fallback heavy_every=8)
[extract] step=3178 heavy=FALSE total=15.88s | block_curvature=4.64 block_fitness=5.88
[collector wgpu0] gpu-pass DONE run_id=naive__stable_evo__s42 step=3178 blocks_ok=2 t=15.875s (all_passes_complete=True)
[collector wgpu0] FINALIZED run_id=naive__stable_evo__s42 step=3178 -> KEPT(->kept/,FULL latest-slot)
[collector wgpu0] --once drained 2 checkpoint(s); exiting.
[cwgpu0] drained 2 checkpoint(s); GPU-pass backlog present -> skip d90, loop.
[collector wgpu0] --once drained 0 checkpoint(s); exiting.
[collector wgpu0] --once drained 0 checkpoint(s); exiting.
[collector wgpu0] --once drained 0 checkpoint(s); exiting.
[collector wgpu0] --once drained 0 checkpoint(s); exiting.
[extract] step=3190 SKIP heavy block block_interp (ordinal=638 basis=step_fallback heavy_every=8)
[extract] step=3190 SKIP heavy block block_probes (ordinal=638 basis=step_fallback heavy_every=8)
[extract] step=3190 heavy=FALSE total=17.38s | block_curvature=4.97 block_fitness=6.01
[collector wgpu0] gpu-pass DONE run_id=naive__stable_evo__s42 step=3190 blocks_ok=2 t=17.383s (all_passes_complete=True)
[collector wgpu0] FINALIZED run_id=naive__stable_evo__s42 step=3190 -> KEPT(->kept/,FULL latest-slot)
[collector wgpu0] --once drained 2 checkpoint(s); exiting.
[cwgpu0] drained 2 checkpoint(s); GPU-pass backlog present -> skip d90, loop.
[collector wgpu0] --once drained 0 checkpoint(s); exiting.
[collector wgpu0] --once drained 0 checkpoint(s); exiting.
[collector wgpu0] --once drained 0 checkpoint(s); exiting.
[collector wgpu0] --once drained 0 checkpoint(s); exiting.
[collector wgpu0] --once drained 0 checkpoint(s); exiting.
[collector wgpu0] --once drained 0 checkpoint(s); exiting.
[collector wgpu0] --once drained 0 checkpoint(s); exiting.
[extract] step=3202 heavy=TRUE total=93.33s | block_curvature=4.63 block_interp=40.68 block_probes=35.33 block_fitness=6.74
[collector wgpu0] gpu-pass DONE run_id=naive__stable_evo__s42 step=3202 blocks_ok=4 t=93.329s (all_passes_complete=True)
[collector wgpu0] FINALIZED run_id=naive__stable_evo__s42 step=3202 -> KEPT(->kept/,FULL latest-slot)
[collector wgpu0] --once drained 2 checkpoint(s); exiting.
[cwgpu0] drained 2 checkpoint(s); GPU-pass backlog present -> skip d90, loop.
[collector wgpu0] --once drained 0 checkpoint(s); exiting.
error    libmamba Could not set lock (Resource temporarily unavailable)
warning  libmamba Cannot lock '/home/r.dinnage/.cache/mamba/proc'
    Waiting for other mamba process to finish
[extract] step=3214 SKIP heavy block block_interp (ordinal=642 basis=step_fallback heavy_every=8)
[extract] step=3214 SKIP heavy block block_probes (ordinal=642 basis=step_fallback heavy_every=8)
[extract] step=3214 heavy=FALSE total=15.75s | block_curvature=4.67 block_fitness=5.89
[collector wgpu0] gpu-pass DONE run_id=naive__stable_evo__s42 step=3214 blocks_ok=2 t=15.747s (all_passes_complete=True)
[collector wgpu0] FINALIZED run_id=naive__stable_evo__s42 step=3214 -> KEPT(->kept/,FULL latest-slot)
[collector wgpu0] --once drained 2 checkpoint(s); exiting.
[cwgpu0] drained 2 checkpoint(s); GPU-pass backlog present -> skip d90, loop.
[collector wgpu0] --once drained 0 checkpoint(s); exiting.
[collector wgpu0] --once drained 0 checkpoint(s); exiting.
[collector wgpu0] --once drained 0 checkpoint(s); exiting.
[collector wgpu0] --once drained 0 checkpoint(s); exiting.
[extract] step=3226 SKIP heavy block block_interp (ordinal=645 basis=step_fallback heavy_every=8)
[extract] step=3226 SKIP heavy block block_probes (ordinal=645 basis=step_fallback heavy_every=8)
[extract] step=3226 heavy=FALSE total=15.94s | block_curvature=4.64 block_fitness=5.91
[collector wgpu0] gpu-pass DONE run_id=naive__stable_evo__s42 step=3226 blocks_ok=2 t=15.938s (all_passes_complete=True)
[collector wgpu0] FINALIZED run_id=naive__stable_evo__s42 step=3226 -> KEPT(->kept/,FULL latest-slot)
[collector wgpu0] --once drained 2 checkpoint(s); exiting.
[cwgpu0] drained 2 checkpoint(s); GPU-pass backlog present -> skip d90, loop.
[collector wgpu0] --once drained 0 checkpoint(s); exiting.
[collector wgpu0] --once drained 0 checkpoint(s); exiting.
[collector wgpu0] --once drained 0 checkpoint(s); exiting.
[collector wgpu0] --once drained 0 checkpoint(s); exiting.
error    libmamba Could not set lock (Resource temporarily unavailable)
warning  libmamba Cannot lock '/home/r.dinnage/.cache/mamba/proc'
    Waiting for other mamba process to finish
[extract] step=3238 SKIP heavy block block_interp (ordinal=647 basis=step_fallback heavy_every=8)
[extract] step=3238 SKIP heavy block block_probes (ordinal=647 basis=step_fallback heavy_every=8)
[extract] step=3238 heavy=FALSE total=16.79s | block_curvature=4.70 block_fitness=5.91
[collector wgpu0] gpu-pass DONE run_id=naive__stable_evo__s42 step=3238 blocks_ok=2 t=16.788s (all_passes_complete=True)
[collector wgpu0] FINALIZED run_id=naive__stable_evo__s42 step=3238 -> KEPT(->kept/,FULL latest-slot)
[collector wgpu0] --once drained 2 checkpoint(s); exiting.
[cwgpu0] drained 2 checkpoint(s); GPU-pass backlog present -> skip d90, loop.
[collector wgpu0] --once drained 0 checkpoint(s); exiting.
error    libmamba Could not set lock (Resource temporarily unavailable)
warning  libmamba Cannot lock '/home/r.dinnage/.cache/mamba/proc'
    Waiting for other mamba process to finish
[collector wgpu0] --once drained 0 checkpoint(s); exiting.
[collector wgpu0] --once drained 0 checkpoint(s); exiting.
error    libmamba Could not set lock (Resource temporarily unavailable)
warning  libmamba Cannot lock '/home/r.dinnage/.cache/mamba/proc'
    Waiting for other mamba process to finish
[collector wgpu0] --once drained 0 checkpoint(s); exiting.
[collector wgpu0] --once drained 0 checkpoint(s); exiting.
[extract] step=3250 SKIP heavy block block_interp (ordinal=650 basis=step_fallback heavy_every=8)
[extract] step=3250 SKIP heavy block block_probes (ordinal=650 basis=step_fallback heavy_every=8)
[extract] step=3250 heavy=FALSE total=15.97s | block_curvature=4.64 block_fitness=5.92
[collector wgpu0] gpu-pass DONE run_id=naive__stable_evo__s42 step=3250 blocks_ok=2 t=15.971s (all_passes_complete=True)
[collector wgpu0] FINALIZED run_id=naive__stable_evo__s42 step=3250 -> KEPT(->kept/,FULL latest-slot)
[collector wgpu0] --once drained 2 checkpoint(s); exiting.
[cwgpu0] drained 2 checkpoint(s); GPU-pass backlog present -> skip d90, loop.
[collector wgpu0] --once drained 0 checkpoint(s); exiting.
[collector wgpu0] --once drained 0 checkpoint(s); exiting.
[collector wgpu0] --once drained 0 checkpoint(s); exiting.
[collector wgpu0] --once drained 0 checkpoint(s); exiting.
[extract] step=3262 SKIP heavy block block_interp (ordinal=652 basis=step_fallback heavy_every=8)
[extract] step=3262 SKIP heavy block block_probes (ordinal=652 basis=step_fallback heavy_every=8)
[extract] step=3262 heavy=FALSE total=15.97s | block_curvature=4.63 block_fitness=5.89
[collector wgpu0] gpu-pass DONE run_id=naive__stable_evo__s42 step=3262 blocks_ok=2 t=15.97s (all_passes_complete=True)
[collector wgpu0] FINALIZED run_id=naive__stable_evo__s42 step=3262 -> KEPT(->kept/,FULL latest-slot)
[collector wgpu0] --once drained 2 checkpoint(s); exiting.
error    libmamba Could not set lock (Resource temporarily unavailable)
warning  libmamba Cannot lock '/home/r.dinnage/.cache/mamba/proc'
    Waiting for other mamba process to finish
[cwgpu0] drained 2 checkpoint(s); GPU-pass backlog present -> skip d90, loop.
[collector wgpu0] --once drained 0 checkpoint(s); exiting.
[collector wgpu0] --once drained 0 checkpoint(s); exiting.
error    libmamba Could not set lock (Resource temporarily unavailable)
warning  libmamba Cannot lock '/home/r.dinnage/.cache/mamba/proc'
    Waiting for other mamba process to finish
[collector wgpu0] --once drained 0 checkpoint(s); exiting.
[collector wgpu0] --once drained 0 checkpoint(s); exiting.
[collector wgpu0] --once drained 0 checkpoint(s); exiting.
[extract] step=3274 SKIP heavy block block_interp (ordinal=654 basis=step_fallback heavy_every=8)
[extract] step=3274 SKIP heavy block block_probes (ordinal=654 basis=step_fallback heavy_every=8)
[extract] step=3274 heavy=FALSE total=15.92s | block_curvature=4.63 block_fitness=5.91
[collector wgpu0] gpu-pass DONE run_id=naive__stable_evo__s42 step=3274 blocks_ok=2 t=15.921s (all_passes_complete=True)
[collector wgpu0] FINALIZED run_id=naive__stable_evo__s42 step=3274 -> KEPT(->kept/,FULL latest-slot)
[collector wgpu0] --once drained 2 checkpoint(s); exiting.
[cwgpu0] drained 2 checkpoint(s); GPU-pass backlog present -> skip d90, loop.
[collector wgpu0] --once drained 0 checkpoint(s); exiting.
[collector wgpu0] --once drained 0 checkpoint(s); exiting.
[collector wgpu0] --once drained 0 checkpoint(s); exiting.
[collector wgpu0] --once drained 0 checkpoint(s); exiting.
[extract] step=3286 SKIP heavy block block_interp (ordinal=657 basis=step_fallback heavy_every=8)
[extract] step=3286 SKIP heavy block block_probes (ordinal=657 basis=step_fallback heavy_every=8)
[extract] step=3286 heavy=FALSE total=16.74s | block_curvature=4.65 block_fitness=5.87
[collector wgpu0] gpu-pass DONE run_id=naive__stable_evo__s42 step=3286 blocks_ok=2 t=16.743s (all_passes_complete=True)
[collector wgpu0] FINALIZED run_id=naive__stable_evo__s42 step=3286 -> KEPT(->kept/,FULL latest-slot)
[collector wgpu0] --once drained 2 checkpoint(s); exiting.
[cwgpu0] drained 2 checkpoint(s); GPU-pass backlog present -> skip d90, loop.
[collector wgpu0] --once drained 0 checkpoint(s); exiting.
error    libmamba Could not set lock (Resource temporarily unavailable)
warning  libmamba Cannot lock '/home/r.dinnage/.cache/mamba/proc'
    Waiting for other mamba process to finish
[collector wgpu0] --once drained 0 checkpoint(s); exiting.
[collector wgpu0] --once drained 0 checkpoint(s); exiting.
[collector wgpu0] --once drained 0 checkpoint(s); exiting.
[extract] step=3298 SKIP heavy block block_interp (ordinal=659 basis=step_fallback heavy_every=8)
[extract] step=3298 SKIP heavy block block_probes (ordinal=659 basis=step_fallback heavy_every=8)
[extract] step=3298 heavy=FALSE total=16.42s | block_curvature=4.64 block_fitness=5.93
[collector wgpu0] gpu-pass DONE run_id=naive__stable_evo__s42 step=3298 blocks_ok=2 t=16.415s (all_passes_complete=True)
[collector wgpu0] FINALIZED run_id=naive__stable_evo__s42 step=3298 -> KEPT(->kept/,FULL latest-slot)
[collector wgpu0] --once drained 2 checkpoint(s); exiting.
[cwgpu0] drained 2 checkpoint(s); GPU-pass backlog present -> skip d90, loop.
[collector wgpu0] --once drained 0 checkpoint(s); exiting.
[collector wgpu0] --once drained 0 checkpoint(s); exiting.
[collector wgpu0] --once drained 0 checkpoint(s); exiting.
[collector wgpu0] --once drained 0 checkpoint(s); exiting.
[collector wgpu0] --once drained 0 checkpoint(s); exiting.
[collector wgpu0] --once drained 0 checkpoint(s); exiting.
[collector wgpu0] --once drained 0 checkpoint(s); exiting.
[collector wgpu0] --once drained 0 checkpoint(s); exiting.
[extract] step=3310 SKIP heavy block block_interp (ordinal=662 basis=step_fallback heavy_every=8)
[extract] step=3310 SKIP heavy block block_probes (ordinal=662 basis=step_fallback heavy_every=8)
[extract] step=3310 heavy=FALSE total=15.95s | block_curvature=4.67 block_fitness=5.87
[collector wgpu0] gpu-pass DONE run_id=naive__stable_evo__s42 step=3310 blocks_ok=2 t=15.95s (all_passes_complete=True)
[collector wgpu0] FINALIZED run_id=naive__stable_evo__s42 step=3310 -> KEPT(->kept/,FULL latest-slot)
[collector wgpu0] --once drained 2 checkpoint(s); exiting.
error    libmamba Could not set lock (Resource temporarily unavailable)
warning  libmamba Cannot lock '/home/r.dinnage/.cache/mamba/proc'
    Waiting for other mamba process to finish
[cwgpu0] drained 2 checkpoint(s); GPU-pass backlog present -> skip d90, loop.
[collector wgpu0] --once drained 0 checkpoint(s); exiting.
[collector wgpu0] --once drained 0 checkpoint(s); exiting.
[collector wgpu0] --once drained 0 checkpoint(s); exiting.
[collector wgpu0] --once drained 0 checkpoint(s); exiting.
error    libmamba Could not set lock (Resource temporarily unavailable)
warning  libmamba Cannot lock '/home/r.dinnage/.cache/mamba/proc'
    Waiting for other mamba process to finish
[extract] step=3322 heavy=TRUE total=96.58s | block_curvature=4.63 block_interp=40.82 block_probes=40.05 block_fitness=6.08
[collector wgpu0] gpu-pass DONE run_id=naive__stable_evo__s42 step=3322 blocks_ok=4 t=96.58s (all_passes_complete=True)
[extract] step=3324 heavy=TRUE total=96.98s | block_curvature=4.56 block_interp=40.81 block_probes=41.25 block_fitness=5.36
[collector wgpu0] gpu-pass DONE run_id=naive__stable_evo__s42 step=3324 blocks_ok=4 t=96.984s (all_passes_complete=True)
[extract] step=3336 SKIP heavy block block_interp (ordinal=667 basis=step_fallback heavy_every=8)
[extract] step=3336 SKIP heavy block block_probes (ordinal=667 basis=step_fallback heavy_every=8)
[extract] step=3336 heavy=FALSE total=15.39s | block_curvature=4.58 block_fitness=5.40
[collector wgpu0] gpu-pass DONE run_id=naive__stable_evo__s42 step=3336 blocks_ok=2 t=15.386s (all_passes_complete=True)
[collector wgpu0] FINALIZED run_id=naive__stable_evo__s42 step=3336 -> KEPT(->kept/,FULL latest-slot)
[collector wgpu0] --once drained 4 checkpoint(s); exiting.
[cwgpu0] drained 4 checkpoint(s); GPU-pass backlog present -> skip d90, loop.
[collector wgpu0] --once drained 0 checkpoint(s); exiting.
[collector wgpu0] --once drained 0 checkpoint(s); exiting.
[extract] step=3348 SKIP heavy block block_interp (ordinal=669 basis=step_fallback heavy_every=8)
[extract] step=3348 SKIP heavy block block_probes (ordinal=669 basis=step_fallback heavy_every=8)
[extract] step=3348 heavy=FALSE total=16.05s | block_curvature=4.67 block_fitness=5.94
[collector wgpu0] gpu-pass DONE run_id=naive__stable_evo__s42 step=3348 blocks_ok=2 t=16.051s (all_passes_complete=True)
[collector wgpu0] FINALIZED run_id=naive__stable_evo__s42 step=3348 -> KEPT(->kept/,FULL latest-slot)
[collector wgpu0] --once drained 2 checkpoint(s); exiting.
[cwgpu0] drained 2 checkpoint(s); GPU-pass backlog present -> skip d90, loop.
[collector wgpu0] --once drained 0 checkpoint(s); exiting.
[collector wgpu0] --once drained 0 checkpoint(s); exiting.
error    libmamba Could not set lock (Resource temporarily unavailable)
warning  libmamba Cannot lock '/home/r.dinnage/.cache/mamba/proc'
    Waiting for other mamba process to finish
[collector wgpu0] --once drained 0 checkpoint(s); exiting.
[collector wgpu0] --once drained 0 checkpoint(s); exiting.
[extract] step=3360 heavy=TRUE total=94.94s | block_curvature=5.16 block_interp=41.03 block_probes=36.27 block_fitness=6.53
[collector wgpu0] gpu-pass DONE run_id=naive__stable_evo__s42 step=3360 blocks_ok=4 t=94.938s (all_passes_complete=True)
[collector wgpu0] FINALIZED run_id=naive__stable_evo__s42 step=3360 -> KEPT(->kept/,FULL latest-slot)
[collector wgpu0] --once drained 2 checkpoint(s); exiting.
[cwgpu0] drained 2 checkpoint(s); GPU-pass backlog present -> skip d90, loop.
[collector wgpu0] --once drained 0 checkpoint(s); exiting.
[extract] step=3372 SKIP heavy block block_interp (ordinal=674 basis=step_fallback heavy_every=8)
[extract] step=3372 SKIP heavy block block_probes (ordinal=674 basis=step_fallback heavy_every=8)
[extract] step=3372 heavy=FALSE total=15.96s | block_curvature=4.65 block_fitness=5.95
[collector wgpu0] gpu-pass DONE run_id=naive__stable_evo__s42 step=3372 blocks_ok=2 t=15.965s (all_passes_complete=True)
[collector wgpu0] FINALIZED run_id=naive__stable_evo__s42 step=3372 -> KEPT(->kept/,FULL latest-slot)
[collector wgpu0] --once drained 2 checkpoint(s); exiting.
[cwgpu0] drained 2 checkpoint(s); GPU-pass backlog present -> skip d90, loop.
[collector wgpu0] --once drained 0 checkpoint(s); exiting.
[collector wgpu0] --once drained 0 checkpoint(s); exiting.
[collector wgpu0] --once drained 0 checkpoint(s); exiting.
[collector wgpu0] --once drained 0 checkpoint(s); exiting.
[extract] step=3384 SKIP heavy block block_interp (ordinal=676 basis=step_fallback heavy_every=8)
[extract] step=3384 SKIP heavy block block_probes (ordinal=676 basis=step_fallback heavy_every=8)
[extract] step=3384 heavy=FALSE total=15.89s | block_curvature=4.64 block_fitness=5.87
[collector wgpu0] gpu-pass DONE run_id=naive__stable_evo__s42 step=3384 blocks_ok=2 t=15.89s (all_passes_complete=True)
[collector wgpu0] FINALIZED run_id=naive__stable_evo__s42 step=3384 -> KEPT(->kept/,FULL latest-slot)
[collector wgpu0] --once drained 2 checkpoint(s); exiting.
[cwgpu0] drained 2 checkpoint(s); GPU-pass backlog present -> skip d90, loop.
[collector wgpu0] --once drained 0 checkpoint(s); exiting.
error    libmamba Could not set lock (Resource temporarily unavailable)
warning  libmamba Cannot lock '/home/r.dinnage/.cache/mamba/proc'
    Waiting for other mamba process to finish
[collector wgpu0] --once drained 0 checkpoint(s); exiting.
[collector wgpu0] --once drained 0 checkpoint(s); exiting.
[collector wgpu0] --once drained 0 checkpoint(s); exiting.
[extract] step=3396 SKIP heavy block block_interp (ordinal=679 basis=step_fallback heavy_every=8)
[extract] step=3396 SKIP heavy block block_probes (ordinal=679 basis=step_fallback heavy_every=8)
[extract] step=3396 heavy=FALSE total=16.56s | block_curvature=4.63 block_fitness=5.84
[collector wgpu0] gpu-pass DONE run_id=naive__stable_evo__s42 step=3396 blocks_ok=2 t=16.556s (all_passes_complete=True)
[collector wgpu0] FINALIZED run_id=naive__stable_evo__s42 step=3396 -> KEPT(->kept/,FULL latest-slot)
[collector wgpu0] --once drained 2 checkpoint(s); exiting.
[cwgpu0] drained 2 checkpoint(s); GPU-pass backlog present -> skip d90, loop.
[collector wgpu0] --once drained 0 checkpoint(s); exiting.
[collector wgpu0] --once drained 0 checkpoint(s); exiting.
error    libmamba Could not set lock (Resource temporarily unavailable)
warning  libmamba Cannot lock '/home/r.dinnage/.cache/mamba/proc'
    Waiting for other mamba process to finish
[collector wgpu0] --once drained 0 checkpoint(s); exiting.
[collector wgpu0] --once drained 0 checkpoint(s); exiting.
[collector wgpu0] --once drained 0 checkpoint(s); exiting.
[collector wgpu0] --once drained 0 checkpoint(s); exiting.
[collector wgpu0] --once drained 0 checkpoint(s); exiting.
[collector wgpu0] --once drained 0 checkpoint(s); exiting.
[extract] step=3408 SKIP heavy block block_interp (ordinal=681 basis=step_fallback heavy_every=8)
[extract] step=3408 SKIP heavy block block_probes (ordinal=681 basis=step_fallback heavy_every=8)
[extract] step=3408 heavy=FALSE total=15.85s | block_curvature=4.66 block_fitness=5.92
[collector wgpu0] gpu-pass DONE run_id=naive__stable_evo__s42 step=3408 blocks_ok=2 t=15.852s (all_passes_complete=True)
[collector wgpu0] FINALIZED run_id=naive__stable_evo__s42 step=3408 -> KEPT(->kept/,FULL latest-slot)
[collector wgpu0] --once drained 2 checkpoint(s); exiting.
error    libmamba Could not set lock (Resource temporarily unavailable)
warning  libmamba Cannot lock '/home/r.dinnage/.cache/mamba/proc'
    Waiting for other mamba process to finish
[cwgpu0] drained 2 checkpoint(s); GPU-pass backlog present -> skip d90, loop.
error    libmamba Could not set lock (Resource temporarily unavailable)
warning  libmamba Cannot lock '/home/r.dinnage/.cache/mamba/proc'
    Waiting for other mamba process to finish
[collector wgpu0] --once drained 0 checkpoint(s); exiting.
[collector wgpu0] --once drained 0 checkpoint(s); exiting.
[collector wgpu0] --once drained 0 checkpoint(s); exiting.
[collector wgpu0] --once drained 0 checkpoint(s); exiting.
[extract] step=3420 SKIP heavy block block_interp (ordinal=684 basis=step_fallback heavy_every=8)
[extract] step=3420 SKIP heavy block block_probes (ordinal=684 basis=step_fallback heavy_every=8)
[extract] step=3420 heavy=FALSE total=16.37s | block_curvature=5.09 block_fitness=5.95
[collector wgpu0] gpu-pass DONE run_id=naive__stable_evo__s42 step=3420 blocks_ok=2 t=16.373s (all_passes_complete=True)
[collector wgpu0] FINALIZED run_id=naive__stable_evo__s42 step=3420 -> KEPT(->kept/,FULL latest-slot)
[collector wgpu0] --once drained 2 checkpoint(s); exiting.
[cwgpu0] drained 2 checkpoint(s); GPU-pass backlog present -> skip d90, loop.
[collector wgpu0] --once drained 0 checkpoint(s); exiting.
[collector wgpu0] --once drained 0 checkpoint(s); exiting.
[collector wgpu0] --once drained 0 checkpoint(s); exiting.
[collector wgpu0] --once drained 0 checkpoint(s); exiting.
[extract] step=3432 SKIP heavy block block_interp (ordinal=686 basis=step_fallback heavy_every=8)
[extract] step=3432 SKIP heavy block block_probes (ordinal=686 basis=step_fallback heavy_every=8)
[extract] step=3432 heavy=FALSE total=16.07s | block_curvature=4.65 block_fitness=5.96
[collector wgpu0] gpu-pass DONE run_id=naive__stable_evo__s42 step=3432 blocks_ok=2 t=16.066s (all_passes_complete=True)
[collector wgpu0] FINALIZED run_id=naive__stable_evo__s42 step=3432 -> KEPT(->kept/,FULL latest-slot)
[collector wgpu0] --once drained 2 checkpoint(s); exiting.
[cwgpu0] drained 2 checkpoint(s); GPU-pass backlog present -> skip d90, loop.
[collector wgpu0] --once drained 0 checkpoint(s); exiting.
[collector wgpu0] --once drained 0 checkpoint(s); exiting.
error    libmamba Could not set lock (Resource temporarily unavailable)
warning  libmamba Cannot lock '/home/r.dinnage/.cache/mamba/proc'
    Waiting for other mamba process to finish
[collector wgpu0] --once drained 0 checkpoint(s); exiting.
[collector wgpu0] --once drained 0 checkpoint(s); exiting.
[collector wgpu0] --once drained 0 checkpoint(s); exiting.
[extract] step=3444 heavy=TRUE total=93.57s | block_curvature=4.63 block_interp=40.67 block_probes=36.51 block_fitness=6.70
[collector wgpu0] gpu-pass DONE run_id=naive__stable_evo__s42 step=3444 blocks_ok=4 t=93.566s (all_passes_complete=True)
[collector wgpu0] FINALIZED run_id=naive__stable_evo__s42 step=3444 -> deleted
[collector wgpu0] --once drained 2 checkpoint(s); exiting.
error    libmamba Could not set lock (Resource temporarily unavailable)
warning  libmamba Cannot lock '/home/r.dinnage/.cache/mamba/proc'
    Waiting for other mamba process to finish
[cwgpu0] drained 2 checkpoint(s); GPU-pass backlog present -> skip d90, loop.
[extract] step=3456 SKIP heavy block block_interp (ordinal=691 basis=step_fallback heavy_every=8)
[extract] step=3456 SKIP heavy block block_probes (ordinal=691 basis=step_fallback heavy_every=8)
[extract] step=3456 heavy=FALSE total=17.03s | block_curvature=4.63 block_fitness=6.00
[collector wgpu0] gpu-pass DONE run_id=naive__stable_evo__s42 step=3456 blocks_ok=2 t=17.027s (all_passes_complete=True)
[collector wgpu0] FINALIZED run_id=naive__stable_evo__s42 step=3456 -> KEPT(->kept/,FULL latest-slot)
[collector wgpu0] --once drained 2 checkpoint(s); exiting.
error    libmamba Could not set lock (Resource temporarily unavailable)
warning  libmamba Cannot lock '/home/r.dinnage/.cache/mamba/proc'
    Waiting for other mamba process to finish
[cwgpu0] drained 2 checkpoint(s); GPU-pass backlog present -> skip d90, loop.
[collector wgpu0] --once drained 0 checkpoint(s); exiting.
[collector wgpu0] --once drained 0 checkpoint(s); exiting.
[collector wgpu0] --once drained 0 checkpoint(s); exiting.
error    libmamba Could not set lock (Resource temporarily unavailable)
warning  libmamba Cannot lock '/home/r.dinnage/.cache/mamba/proc'
    Waiting for other mamba process to finish
[collector wgpu0] --once drained 0 checkpoint(s); exiting.
[collector wgpu0] --once drained 0 checkpoint(s); exiting.
[extract] step=3468 SKIP heavy block block_interp (ordinal=693 basis=step_fallback heavy_every=8)
[extract] step=3468 SKIP heavy block block_probes (ordinal=693 basis=step_fallback heavy_every=8)
[extract] step=3468 heavy=FALSE total=16.03s | block_curvature=4.64 block_fitness=6.00
[collector wgpu0] gpu-pass DONE run_id=naive__stable_evo__s42 step=3468 blocks_ok=2 t=16.034s (all_passes_complete=True)
[collector wgpu0] FINALIZED run_id=naive__stable_evo__s42 step=3468 -> KEPT(->kept/,FULL latest-slot)
[collector wgpu0] --once drained 2 checkpoint(s); exiting.
[cwgpu0] drained 2 checkpoint(s); GPU-pass backlog present -> skip d90, loop.
[collector wgpu0] --once drained 0 checkpoint(s); exiting.
[collector wgpu0] --once drained 0 checkpoint(s); exiting.
[collector wgpu0] --once drained 0 checkpoint(s); exiting.
[collector wgpu0] --once drained 0 checkpoint(s); exiting.
[extract] step=3480 heavy=TRUE total=97.86s | block_curvature=4.72 block_interp=40.35 block_probes=41.14 block_fitness=6.53
[collector wgpu0] gpu-pass DONE run_id=naive__stable_evo__s42 step=3480 blocks_ok=4 t=97.865s (all_passes_complete=True)
[collector wgpu0] FINALIZED run_id=naive__stable_evo__s42 step=3480 -> deleted
[collector wgpu0] --once drained 2 checkpoint(s); exiting.
[cwgpu0] drained 2 checkpoint(s); GPU-pass backlog present -> skip d90, loop.
[extract] step=3492 SKIP heavy block block_interp (ordinal=698 basis=step_fallback heavy_every=8)
[extract] step=3492 SKIP heavy block block_probes (ordinal=698 basis=step_fallback heavy_every=8)
[extract] step=3492 heavy=FALSE total=16.76s | block_curvature=4.61 block_fitness=5.93
[collector wgpu0] gpu-pass DONE run_id=naive__stable_evo__s42 step=3492 blocks_ok=2 t=16.763s (all_passes_complete=True)
[collector wgpu0] FINALIZED run_id=naive__stable_evo__s42 step=3492 -> KEPT(->kept/,FULL latest-slot)
[collector wgpu0] --once drained 2 checkpoint(s); exiting.
[cwgpu0] drained 2 checkpoint(s); GPU-pass backlog present -> skip d90, loop.
[collector wgpu0] --once drained 0 checkpoint(s); exiting.
[collector wgpu0] --once drained 0 checkpoint(s); exiting.
[collector wgpu0] --once drained 0 checkpoint(s); exiting.
[collector wgpu0] --once drained 0 checkpoint(s); exiting.
[collector wgpu0] --once drained 0 checkpoint(s); exiting.
[collector wgpu0] --once drained 0 checkpoint(s); exiting.
[collector wgpu0] --once drained 0 checkpoint(s); exiting.
[collector wgpu0] --once drained 0 checkpoint(s); exiting.
[extract] step=3504 SKIP heavy block block_interp (ordinal=700 basis=step_fallback heavy_every=8)
[extract] step=3504 SKIP heavy block block_probes (ordinal=700 basis=step_fallback heavy_every=8)
[extract] step=3504 heavy=FALSE total=16.10s | block_curvature=4.61 block_fitness=6.05
[collector wgpu0] gpu-pass DONE run_id=naive__stable_evo__s42 step=3504 blocks_ok=2 t=16.095s (all_passes_complete=True)
[collector wgpu0] FINALIZED run_id=naive__stable_evo__s42 step=3504 -> KEPT(->kept/,FULL latest-slot)
[collector wgpu0] --once drained 2 checkpoint(s); exiting.
[cwgpu0] drained 2 checkpoint(s); GPU-pass backlog present -> skip d90, loop.
[collector wgpu0] --once drained 0 checkpoint(s); exiting.
[collector wgpu0] --once drained 0 checkpoint(s); exiting.
error    libmamba Could not set lock (Resource temporarily unavailable)
warning  libmamba Cannot lock '/home/r.dinnage/.cache/mamba/proc'
    Waiting for other mamba process to finish
[collector wgpu0] --once drained 0 checkpoint(s); exiting.
[collector wgpu0] --once drained 0 checkpoint(s); exiting.
[extract] step=3516 SKIP heavy block block_interp (ordinal=703 basis=step_fallback heavy_every=8)
[extract] step=3516 SKIP heavy block block_probes (ordinal=703 basis=step_fallback heavy_every=8)
[extract] step=3516 heavy=FALSE total=16.47s | block_curvature=5.02 block_fitness=6.01
[collector wgpu0] gpu-pass DONE run_id=naive__stable_evo__s42 step=3516 blocks_ok=2 t=16.467s (all_passes_complete=True)
[collector wgpu0] FINALIZED run_id=naive__stable_evo__s42 step=3516 -> KEPT(->kept/,FULL latest-slot)
[collector wgpu0] --once drained 2 checkpoint(s); exiting.
[cwgpu0] drained 2 checkpoint(s); GPU-pass backlog present -> skip d90, loop.
[collector wgpu0] --once drained 0 checkpoint(s); exiting.
[collector wgpu0] --once drained 0 checkpoint(s); exiting.
[collector wgpu0] --once drained 0 checkpoint(s); exiting.
[collector wgpu0] --once drained 0 checkpoint(s); exiting.
[extract] step=3528 SKIP heavy block block_interp (ordinal=705 basis=step_fallback heavy_every=8)
[extract] step=3528 SKIP heavy block block_probes (ordinal=705 basis=step_fallback heavy_every=8)
[extract] step=3528 heavy=FALSE total=16.47s | block_curvature=4.60 block_fitness=5.72
[collector wgpu0] gpu-pass DONE run_id=naive__stable_evo__s42 step=3528 blocks_ok=2 t=16.469s (all_passes_complete=True)
[collector wgpu0] FINALIZED run_id=naive__stable_evo__s42 step=3528 -> KEPT(->kept/,FULL latest-slot)
[collector wgpu0] --once drained 2 checkpoint(s); exiting.
[cwgpu0] drained 2 checkpoint(s); GPU-pass backlog present -> skip d90, loop.
[collector wgpu0] --once drained 0 checkpoint(s); exiting.
[collector wgpu0] --once drained 0 checkpoint(s); exiting.
[collector wgpu0] --once drained 0 checkpoint(s); exiting.
[collector wgpu0] --once drained 0 checkpoint(s); exiting.
[collector wgpu0] --once drained 0 checkpoint(s); exiting.
[extract] step=3540 SKIP heavy block block_interp (ordinal=708 basis=step_fallback heavy_every=8)
[extract] step=3540 SKIP heavy block block_probes (ordinal=708 basis=step_fallback heavy_every=8)
[extract] step=3540 heavy=FALSE total=16.25s | block_curvature=5.23 block_fitness=5.87
[collector wgpu0] gpu-pass DONE run_id=naive__stable_evo__s42 step=3540 blocks_ok=2 t=16.253s (all_passes_complete=True)
[collector wgpu0] FINALIZED run_id=naive__stable_evo__s42 step=3540 -> KEPT(->kept/,FULL latest-slot)
[collector wgpu0] --once drained 2 checkpoint(s); exiting.
[cwgpu0] drained 2 checkpoint(s); GPU-pass backlog present -> skip d90, loop.
[collector wgpu0] --once drained 0 checkpoint(s); exiting.
[collector wgpu0] --once drained 0 checkpoint(s); exiting.
[collector wgpu0] --once drained 0 checkpoint(s); exiting.
[collector wgpu0] --once drained 0 checkpoint(s); exiting.
[extract] step=3552 SKIP heavy block block_interp (ordinal=710 basis=step_fallback heavy_every=8)
[extract] step=3552 SKIP heavy block block_probes (ordinal=710 basis=step_fallback heavy_every=8)
[extract] step=3552 heavy=FALSE total=15.79s | block_curvature=4.63 block_fitness=5.86
[collector wgpu0] gpu-pass DONE run_id=naive__stable_evo__s42 step=3552 blocks_ok=2 t=15.787s (all_passes_complete=True)
[collector wgpu0] FINALIZED run_id=naive__stable_evo__s42 step=3552 -> KEPT(->kept/,FULL latest-slot)
[collector wgpu0] --once drained 2 checkpoint(s); exiting.
[cwgpu0] drained 2 checkpoint(s); GPU-pass backlog present -> skip d90, loop.
[collector wgpu0] --once drained 0 checkpoint(s); exiting.
[collector wgpu0] --once drained 0 checkpoint(s); exiting.
[collector wgpu0] --once drained 0 checkpoint(s); exiting.
[collector wgpu0] --once drained 0 checkpoint(s); exiting.
[collector wgpu0] --once drained 0 checkpoint(s); exiting.
[extract] step=3564 heavy=TRUE total=90.83s | block_curvature=4.59 block_interp=40.44 block_probes=33.94 block_fitness=6.94
[collector wgpu0] gpu-pass DONE run_id=naive__stable_evo__s42 step=3564 blocks_ok=4 t=90.828s (all_passes_complete=True)
[collector wgpu0] FINALIZED run_id=naive__stable_evo__s42 step=3564 -> deleted
[collector wgpu0] --once drained 2 checkpoint(s); exiting.
[cwgpu0] drained 2 checkpoint(s); GPU-pass backlog present -> skip d90, loop.
[extract] step=3576 SKIP heavy block block_interp (ordinal=715 basis=step_fallback heavy_every=8)
[extract] step=3576 SKIP heavy block block_probes (ordinal=715 basis=step_fallback heavy_every=8)
[extract] step=3576 heavy=FALSE total=17.69s | block_curvature=5.15 block_fitness=6.08
[collector wgpu0] gpu-pass DONE run_id=naive__stable_evo__s42 step=3576 blocks_ok=2 t=17.687s (all_passes_complete=True)
[collector wgpu0] FINALIZED run_id=naive__stable_evo__s42 step=3576 -> KEPT(->kept/,FULL latest-slot)
[collector wgpu0] --once drained 2 checkpoint(s); exiting.
[cwgpu0] drained 2 checkpoint(s); GPU-pass backlog present -> skip d90, loop.
[collector wgpu0] --once drained 0 checkpoint(s); exiting.
[collector wgpu0] --once drained 0 checkpoint(s); exiting.
[collector wgpu0] --once drained 0 checkpoint(s); exiting.
[collector wgpu0] --once drained 0 checkpoint(s); exiting.
[collector wgpu0] --once drained 0 checkpoint(s); exiting.
[extract] step=3588 SKIP heavy block block_interp (ordinal=717 basis=step_fallback heavy_every=8)
[extract] step=3588 SKIP heavy block block_probes (ordinal=717 basis=step_fallback heavy_every=8)
[extract] step=3588 heavy=FALSE total=16.44s | block_curvature=4.63 block_fitness=6.08
[collector wgpu0] gpu-pass DONE run_id=naive__stable_evo__s42 step=3588 blocks_ok=2 t=16.438s (all_passes_complete=True)
[collector wgpu0] FINALIZED run_id=naive__stable_evo__s42 step=3588 -> KEPT(->kept/,FULL latest-slot)
[collector wgpu0] --once drained 2 checkpoint(s); exiting.
[cwgpu0] drained 2 checkpoint(s); GPU-pass backlog present -> skip d90, loop.
[collector wgpu0] --once drained 0 checkpoint(s); exiting.
error    libmamba Could not set lock (Resource temporarily unavailable)
warning  libmamba Cannot lock '/home/r.dinnage/.cache/mamba/proc'
    Waiting for other mamba process to finish
[collector wgpu0] --once drained 0 checkpoint(s); exiting.
[collector wgpu0] --once drained 0 checkpoint(s); exiting.
[collector wgpu0] --once drained 0 checkpoint(s); exiting.
[extract] step=3600 heavy=TRUE total=99.77s | block_curvature=4.72 block_interp=41.34 block_probes=42.27 block_fitness=6.12
[collector wgpu0] gpu-pass DONE run_id=naive__stable_evo__s42 step=3600 blocks_ok=4 t=99.772s (all_passes_complete=True)
[extract] step=3602 heavy=TRUE total=95.02s | block_curvature=4.96 block_interp=41.12 block_probes=38.14 block_fitness=5.59
[collector wgpu0] gpu-pass DONE run_id=naive__stable_evo__s42 step=3602 blocks_ok=4 t=95.019s (all_passes_complete=True)
[extract] step=3614 SKIP heavy block block_interp (ordinal=722 basis=step_fallback heavy_every=8)
[extract] step=3614 SKIP heavy block block_probes (ordinal=722 basis=step_fallback heavy_every=8)
[extract] step=3614 heavy=FALSE total=15.67s | block_curvature=4.63 block_fitness=5.42
[collector wgpu0] gpu-pass DONE run_id=naive__stable_evo__s42 step=3614 blocks_ok=2 t=15.672s (all_passes_complete=True)
[collector wgpu0] FINALIZED run_id=naive__stable_evo__s42 step=3602 -> deleted
[collector wgpu0] FINALIZED run_id=naive__stable_evo__s42 step=3614 -> KEPT(->kept/,FULL latest-slot)
[collector wgpu0] --once drained 5 checkpoint(s); exiting.
[cwgpu0] drained 5 checkpoint(s); GPU-pass backlog present -> skip d90, loop.
[collector wgpu0] --once drained 0 checkpoint(s); exiting.
[collector wgpu0] --once drained 0 checkpoint(s); exiting.
[collector wgpu0] --once drained 0 checkpoint(s); exiting.
[collector wgpu0] --once drained 0 checkpoint(s); exiting.
[extract] step=3626 SKIP heavy block block_interp (ordinal=725 basis=step_fallback heavy_every=8)
[extract] step=3626 SKIP heavy block block_probes (ordinal=725 basis=step_fallback heavy_every=8)
[extract] step=3626 heavy=FALSE total=16.21s | block_curvature=4.85 block_fitness=6.03
[collector wgpu0] gpu-pass DONE run_id=naive__stable_evo__s42 step=3626 blocks_ok=2 t=16.214s (all_passes_complete=True)
[collector wgpu0] FINALIZED run_id=naive__stable_evo__s42 step=3626 -> KEPT(->kept/,FULL latest-slot)
[collector wgpu0] --once drained 2 checkpoint(s); exiting.
[cwgpu0] drained 2 checkpoint(s); GPU-pass backlog present -> skip d90, loop.
[collector wgpu0] --once drained 0 checkpoint(s); exiting.
[collector wgpu0] --once drained 0 checkpoint(s); exiting.
[collector wgpu0] --once drained 0 checkpoint(s); exiting.
[collector wgpu0] --once drained 0 checkpoint(s); exiting.
[collector wgpu0] --once drained 0 checkpoint(s); exiting.
[extract] step=3638 SKIP heavy block block_interp (ordinal=727 basis=step_fallback heavy_every=8)
[extract] step=3638 SKIP heavy block block_probes (ordinal=727 basis=step_fallback heavy_every=8)
[extract] step=3638 heavy=FALSE total=16.64s | block_curvature=5.04 block_fitness=6.08
[collector wgpu0] gpu-pass DONE run_id=naive__stable_evo__s42 step=3638 blocks_ok=2 t=16.64s (all_passes_complete=True)
[collector wgpu0] FINALIZED run_id=naive__stable_evo__s42 step=3638 -> KEPT(->kept/,FULL latest-slot)
[collector wgpu0] --once drained 2 checkpoint(s); exiting.
[cwgpu0] drained 2 checkpoint(s); GPU-pass backlog present -> skip d90, loop.
[collector wgpu0] --once drained 0 checkpoint(s); exiting.
[collector wgpu0] --once drained 0 checkpoint(s); exiting.
error    libmamba Could not set lock (Resource temporarily unavailable)
warning  libmamba Cannot lock '/home/r.dinnage/.cache/mamba/proc'
    Waiting for other mamba process to finish
[collector wgpu0] --once drained 0 checkpoint(s); exiting.
[collector wgpu0] --once drained 0 checkpoint(s); exiting.
error    libmamba Could not set lock (Resource temporarily unavailable)
warning  libmamba Cannot lock '/home/r.dinnage/.cache/mamba/proc'
    Waiting for other mamba process to finish
[extract] step=3650 SKIP heavy block block_interp (ordinal=730 basis=step_fallback heavy_every=8)
[extract] step=3650 SKIP heavy block block_probes (ordinal=730 basis=step_fallback heavy_every=8)
[extract] step=3650 heavy=FALSE total=17.11s | block_curvature=4.87 block_fitness=6.02
[collector wgpu0] gpu-pass DONE run_id=naive__stable_evo__s42 step=3650 blocks_ok=2 t=17.11s (all_passes_complete=True)
[collector wgpu0] FINALIZED run_id=naive__stable_evo__s42 step=3650 -> KEPT(->kept/,FULL latest-slot)
[collector wgpu0] --once drained 2 checkpoint(s); exiting.
[cwgpu0] drained 2 checkpoint(s); GPU-pass backlog present -> skip d90, loop.
[collector wgpu0] --once drained 0 checkpoint(s); exiting.
[collector wgpu0] --once drained 0 checkpoint(s); exiting.
error    libmamba Could not set lock (Resource temporarily unavailable)
warning  libmamba Cannot lock '/home/r.dinnage/.cache/mamba/proc'
    Waiting for other mamba process to finish
[collector wgpu0] --once drained 0 checkpoint(s); exiting.
[collector wgpu0] --once drained 0 checkpoint(s); exiting.
error    libmamba Could not set lock (Resource temporarily unavailable)
warning  libmamba Cannot lock '/home/r.dinnage/.cache/mamba/proc'
    Waiting for other mamba process to finish
[extract] step=3662 SKIP heavy block block_interp (ordinal=732 basis=step_fallback heavy_every=8)
[extract] step=3662 SKIP heavy block block_probes (ordinal=732 basis=step_fallback heavy_every=8)
[extract] step=3662 heavy=FALSE total=17.06s | block_curvature=4.73 block_fitness=6.02
[collector wgpu0] gpu-pass DONE run_id=naive__stable_evo__s42 step=3662 blocks_ok=2 t=17.056s (all_passes_complete=True)
[collector wgpu0] FINALIZED run_id=naive__stable_evo__s42 step=3662 -> KEPT(->kept/,FULL latest-slot)
[collector wgpu0] --once drained 2 checkpoint(s); exiting.
[cwgpu0] drained 2 checkpoint(s); GPU-pass backlog present -> skip d90, loop.
[collector wgpu0] --once drained 0 checkpoint(s); exiting.
[collector wgpu0] --once drained 0 checkpoint(s); exiting.
[collector wgpu0] --once drained 0 checkpoint(s); exiting.
[collector wgpu0] --once drained 0 checkpoint(s); exiting.
[collector wgpu0] --once drained 0 checkpoint(s); exiting.
[extract] step=3674 SKIP heavy block block_interp (ordinal=734 basis=step_fallback heavy_every=8)
[extract] step=3674 SKIP heavy block block_probes (ordinal=734 basis=step_fallback heavy_every=8)
[extract] step=3674 heavy=FALSE total=16.36s | block_curvature=4.72 block_fitness=6.02
[collector wgpu0] gpu-pass DONE run_id=naive__stable_evo__s42 step=3674 blocks_ok=2 t=16.363s (all_passes_complete=True)
[collector wgpu0] FINALIZED run_id=naive__stable_evo__s42 step=3674 -> KEPT(->kept/,FULL latest-slot)
[collector wgpu0] --once drained 2 checkpoint(s); exiting.
[cwgpu0] drained 2 checkpoint(s); GPU-pass backlog present -> skip d90, loop.
[collector wgpu0] --once drained 0 checkpoint(s); exiting.
[collector wgpu0] --once drained 0 checkpoint(s); exiting.
error    libmamba Could not set lock (Resource temporarily unavailable)
warning  libmamba Cannot lock '/home/r.dinnage/.cache/mamba/proc'
    Waiting for other mamba process to finish
[collector wgpu0] --once drained 0 checkpoint(s); exiting.
[collector wgpu0] --once drained 0 checkpoint(s); exiting.
[extract] step=3686 SKIP heavy block block_interp (ordinal=737 basis=step_fallback heavy_every=8)
[extract] step=3686 SKIP heavy block block_probes (ordinal=737 basis=step_fallback heavy_every=8)
[extract] step=3686 heavy=FALSE total=17.08s | block_curvature=4.63 block_fitness=6.04
[collector wgpu0] gpu-pass DONE run_id=naive__stable_evo__s42 step=3686 blocks_ok=2 t=17.083s (all_passes_complete=True)
[collector wgpu0] FINALIZED run_id=naive__stable_evo__s42 step=3686 -> KEPT(->kept/,FULL latest-slot)
[collector wgpu0] --once drained 2 checkpoint(s); exiting.
[cwgpu0] drained 2 checkpoint(s); GPU-pass backlog present -> skip d90, loop.
[collector wgpu0] --once drained 0 checkpoint(s); exiting.
[collector wgpu0] --once drained 0 checkpoint(s); exiting.
[collector wgpu0] --once drained 0 checkpoint(s); exiting.
[collector wgpu0] --once drained 0 checkpoint(s); exiting.
[extract] step=3698 SKIP heavy block block_interp (ordinal=739 basis=step_fallback heavy_every=8)
[extract] step=3698 SKIP heavy block block_probes (ordinal=739 basis=step_fallback heavy_every=8)
[extract] step=3698 heavy=FALSE total=16.90s | block_curvature=4.64 block_fitness=5.99
[collector wgpu0] gpu-pass DONE run_id=naive__stable_evo__s42 step=3698 blocks_ok=2 t=16.903s (all_passes_complete=True)
[collector wgpu0] FINALIZED run_id=naive__stable_evo__s42 step=3698 -> KEPT(->kept/,FULL latest-slot)
[collector wgpu0] --once drained 2 checkpoint(s); exiting.
[cwgpu0] drained 2 checkpoint(s); GPU-pass backlog present -> skip d90, loop.
[collector wgpu0] --once drained 0 checkpoint(s); exiting.
[collector wgpu0] --once drained 0 checkpoint(s); exiting.
[collector wgpu0] --once drained 0 checkpoint(s); exiting.
[collector wgpu0] --once drained 0 checkpoint(s); exiting.
[collector wgpu0] --once drained 0 checkpoint(s); exiting.
[collector wgpu0] --once drained 0 checkpoint(s); exiting.
[collector wgpu0] --once drained 0 checkpoint(s); exiting.
[extract] step=3710 SKIP heavy block block_interp (ordinal=742 basis=step_fallback heavy_every=8)
[extract] step=3710 SKIP heavy block block_probes (ordinal=742 basis=step_fallback heavy_every=8)
[extract] step=3710 heavy=FALSE total=17.04s | block_curvature=4.62 block_fitness=6.05
[collector wgpu0] gpu-pass DONE run_id=naive__stable_evo__s42 step=3710 blocks_ok=2 t=17.041s (all_passes_complete=True)
[collector wgpu0] FINALIZED run_id=naive__stable_evo__s42 step=3710 -> KEPT(->kept/,FULL latest-slot)
[collector wgpu0] --once drained 2 checkpoint(s); exiting.
[cwgpu0] drained 2 checkpoint(s); GPU-pass backlog present -> skip d90, loop.
[collector wgpu0] --once drained 0 checkpoint(s); exiting.
[collector wgpu0] --once drained 0 checkpoint(s); exiting.
[collector wgpu0] --once drained 0 checkpoint(s); exiting.
[collector wgpu0] --once drained 0 checkpoint(s); exiting.
[collector wgpu0] --once drained 0 checkpoint(s); exiting.
[extract] step=3722 heavy=TRUE total=99.33s | block_curvature=5.14 block_interp=41.69 block_probes=41.02 block_fitness=6.29
[collector wgpu0] gpu-pass DONE run_id=naive__stable_evo__s42 step=3722 blocks_ok=4 t=99.328s (all_passes_complete=True)
[extract] step=3734 SKIP heavy block block_interp (ordinal=746 basis=step_fallback heavy_every=8)
[extract] step=3734 SKIP heavy block block_probes (ordinal=746 basis=step_fallback heavy_every=8)
[extract] step=3734 heavy=FALSE total=16.49s | block_curvature=4.66 block_fitness=5.51
[collector wgpu0] gpu-pass DONE run_id=naive__stable_evo__s42 step=3734 blocks_ok=2 t=16.49s (all_passes_complete=True)
[collector wgpu0] FINALIZED run_id=naive__stable_evo__s42 step=3722 -> deleted
[collector wgpu0] FINALIZED run_id=naive__stable_evo__s42 step=3734 -> KEPT(->kept/,FULL latest-slot)
[collector wgpu0] --once drained 4 checkpoint(s); exiting.
[cwgpu0] drained 4 checkpoint(s); GPU-pass backlog present -> skip d90, loop.
[collector wgpu0] --once drained 0 checkpoint(s); exiting.
[collector wgpu0] --once drained 0 checkpoint(s); exiting.
[collector wgpu0] --once drained 0 checkpoint(s); exiting.
[collector wgpu0] --once drained 0 checkpoint(s); exiting.
[collector wgpu0] --once drained 0 checkpoint(s); exiting.
[extract] step=3746 SKIP heavy block block_interp (ordinal=749 basis=step_fallback heavy_every=8)
[extract] step=3746 SKIP heavy block block_probes (ordinal=749 basis=step_fallback heavy_every=8)
[extract] step=3746 heavy=FALSE total=16.20s | block_curvature=4.85 block_fitness=5.88
[collector wgpu0] gpu-pass DONE run_id=naive__stable_evo__s42 step=3746 blocks_ok=2 t=16.2s (all_passes_complete=True)
[collector wgpu0] FINALIZED run_id=naive__stable_evo__s42 step=3746 -> KEPT(->kept/,FULL latest-slot)
[collector wgpu0] --once drained 2 checkpoint(s); exiting.
[cwgpu0] drained 2 checkpoint(s); GPU-pass backlog present -> skip d90, loop.
[collector wgpu0] --once drained 0 checkpoint(s); exiting.
[collector wgpu0] --once drained 0 checkpoint(s); exiting.
[collector wgpu0] --once drained 0 checkpoint(s); exiting.
[collector wgpu0] --once drained 0 checkpoint(s); exiting.
[extract] step=3758 SKIP heavy block block_interp (ordinal=751 basis=step_fallback heavy_every=8)
[extract] step=3758 SKIP heavy block block_probes (ordinal=751 basis=step_fallback heavy_every=8)
[extract] step=3758 heavy=FALSE total=15.96s | block_curvature=4.64 block_fitness=5.99
[collector wgpu0] gpu-pass DONE run_id=naive__stable_evo__s42 step=3758 blocks_ok=2 t=15.963s (all_passes_complete=True)
[collector wgpu0] FINALIZED run_id=naive__stable_evo__s42 step=3758 -> KEPT(->kept/,FULL latest-slot)
[collector wgpu0] --once drained 2 checkpoint(s); exiting.
[cwgpu0] drained 2 checkpoint(s); GPU-pass backlog present -> skip d90, loop.
[collector wgpu0] --once drained 0 checkpoint(s); exiting.
[collector wgpu0] --once drained 0 checkpoint(s); exiting.
[collector wgpu0] --once drained 0 checkpoint(s); exiting.
[collector wgpu0] --once drained 0 checkpoint(s); exiting.
error    libmamba Could not set lock (Resource temporarily unavailable)
warning  libmamba Cannot lock '/home/r.dinnage/.cache/mamba/proc'
    Waiting for other mamba process to finish
[extract] step=3770 SKIP heavy block block_interp (ordinal=754 basis=step_fallback heavy_every=8)
[extract] step=3770 SKIP heavy block block_probes (ordinal=754 basis=step_fallback heavy_every=8)
[extract] step=3770 heavy=FALSE total=17.38s | block_curvature=4.64 block_fitness=6.13
[collector wgpu0] gpu-pass DONE run_id=naive__stable_evo__s42 step=3770 blocks_ok=2 t=17.38s (all_passes_complete=True)
[collector wgpu0] FINALIZED run_id=naive__stable_evo__s42 step=3770 -> KEPT(->kept/,FULL latest-slot)
[collector wgpu0] --once drained 2 checkpoint(s); exiting.
[cwgpu0] drained 2 checkpoint(s); GPU-pass backlog present -> skip d90, loop.
[collector wgpu0] --once drained 0 checkpoint(s); exiting.
error    libmamba Could not set lock (Resource temporarily unavailable)
warning  libmamba Cannot lock '/home/r.dinnage/.cache/mamba/proc'
    Waiting for other mamba process to finish
[collector wgpu0] --once drained 0 checkpoint(s); exiting.
[collector wgpu0] --once drained 0 checkpoint(s); exiting.
[collector wgpu0] --once drained 0 checkpoint(s); exiting.
[collector wgpu0] --once drained 0 checkpoint(s); exiting.
error    libmamba Could not set lock (Resource temporarily unavailable)
warning  libmamba Cannot lock '/home/r.dinnage/.cache/mamba/proc'
    Waiting for other mamba process to finish
[extract] step=3782 SKIP heavy block block_interp (ordinal=756 basis=step_fallback heavy_every=8)
[extract] step=3782 SKIP heavy block block_probes (ordinal=756 basis=step_fallback heavy_every=8)
[extract] step=3782 heavy=FALSE total=16.61s | block_curvature=4.65 block_fitness=6.10
[collector wgpu0] gpu-pass DONE run_id=naive__stable_evo__s42 step=3782 blocks_ok=2 t=16.61s (all_passes_complete=True)
[collector wgpu0] FINALIZED run_id=naive__stable_evo__s42 step=3782 -> KEPT(->kept/,FULL latest-slot)
[collector wgpu0] --once drained 2 checkpoint(s); exiting.
[cwgpu0] drained 2 checkpoint(s); GPU-pass backlog present -> skip d90, loop.
[collector wgpu0] --once drained 0 checkpoint(s); exiting.
error    libmamba Could not set lock (Resource temporarily unavailable)
warning  libmamba Cannot lock '/home/r.dinnage/.cache/mamba/proc'
    Waiting for other mamba process to finish
[collector wgpu0] --once drained 0 checkpoint(s); exiting.
[collector wgpu0] --once drained 0 checkpoint(s); exiting.
[collector wgpu0] --once drained 0 checkpoint(s); exiting.
[extract] step=3794 SKIP heavy block block_interp (ordinal=758 basis=step_fallback heavy_every=8)
[extract] step=3794 SKIP heavy block block_probes (ordinal=758 basis=step_fallback heavy_every=8)
[extract] step=3794 heavy=FALSE total=16.38s | block_curvature=4.67 block_fitness=6.08
[collector wgpu0] gpu-pass DONE run_id=naive__stable_evo__s42 step=3794 blocks_ok=2 t=16.382s (all_passes_complete=True)
[collector wgpu0] FINALIZED run_id=naive__stable_evo__s42 step=3794 -> KEPT(->kept/,FULL latest-slot)
[collector wgpu0] --once drained 2 checkpoint(s); exiting.
[cwgpu0] drained 2 checkpoint(s); GPU-pass backlog present -> skip d90, loop.
[collector wgpu0] --once drained 0 checkpoint(s); exiting.
[collector wgpu0] --once drained 0 checkpoint(s); exiting.
[collector wgpu0] --once drained 0 checkpoint(s); exiting.
error    libmamba Could not set lock (Resource temporarily unavailable)
warning  libmamba Cannot lock '/home/r.dinnage/.cache/mamba/proc'
    Waiting for other mamba process to finish
[collector wgpu0] --once drained 0 checkpoint(s); exiting.
[collector wgpu0] --once drained 0 checkpoint(s); exiting.
[collector wgpu0] --once drained 0 checkpoint(s); exiting.
error    libmamba Could not set lock (Resource temporarily unavailable)
warning  libmamba Cannot lock '/home/r.dinnage/.cache/mamba/proc'
    Waiting for other mamba process to finish
[collector wgpu0] --once drained 0 checkpoint(s); exiting.
[extract] step=3806 SKIP heavy block block_interp (ordinal=761 basis=step_fallback heavy_every=8)
[extract] step=3806 SKIP heavy block block_probes (ordinal=761 basis=step_fallback heavy_every=8)
[extract] step=3806 heavy=FALSE total=16.27s | block_curvature=4.63 block_fitness=6.00
[collector wgpu0] gpu-pass DONE run_id=naive__stable_evo__s42 step=3806 blocks_ok=2 t=16.274s (all_passes_complete=True)
[collector wgpu0] FINALIZED run_id=naive__stable_evo__s42 step=3806 -> KEPT(->kept/,FULL latest-slot)
[collector wgpu0] --once drained 2 checkpoint(s); exiting.
[cwgpu0] drained 2 checkpoint(s); GPU-pass backlog present -> skip d90, loop.
[collector wgpu0] --once drained 0 checkpoint(s); exiting.
[collector wgpu0] --once drained 0 checkpoint(s); exiting.
[collector wgpu0] --once drained 0 checkpoint(s); exiting.
[collector wgpu0] --once drained 0 checkpoint(s); exiting.
[extract] step=3818 SKIP heavy block block_interp (ordinal=763 basis=step_fallback heavy_every=8)
[extract] step=3818 SKIP heavy block block_probes (ordinal=763 basis=step_fallback heavy_every=8)
[extract] step=3818 heavy=FALSE total=16.44s | block_curvature=4.66 block_fitness=6.10
[collector wgpu0] gpu-pass DONE run_id=naive__stable_evo__s42 step=3818 blocks_ok=2 t=16.443s (all_passes_complete=True)
[collector wgpu0] FINALIZED run_id=naive__stable_evo__s42 step=3818 -> KEPT(->kept/,FULL latest-slot)
[collector wgpu0] --once drained 2 checkpoint(s); exiting.
[cwgpu0] drained 2 checkpoint(s); GPU-pass backlog present -> skip d90, loop.
[collector wgpu0] --once drained 0 checkpoint(s); exiting.
[collector wgpu0] --once drained 0 checkpoint(s); exiting.
[collector wgpu0] --once drained 0 checkpoint(s); exiting.
[collector wgpu0] --once drained 0 checkpoint(s); exiting.
[collector wgpu0] --once drained 0 checkpoint(s); exiting.
[extract] step=3830 SKIP heavy block block_interp (ordinal=766 basis=step_fallback heavy_every=8)
[extract] step=3830 SKIP heavy block block_probes (ordinal=766 basis=step_fallback heavy_every=8)
[extract] step=3830 heavy=FALSE total=16.73s | block_curvature=4.66 block_fitness=6.13
[collector wgpu0] gpu-pass DONE run_id=naive__stable_evo__s42 step=3830 blocks_ok=2 t=16.73s (all_passes_complete=True)
[collector wgpu0] FINALIZED run_id=naive__stable_evo__s42 step=3830 -> KEPT(->kept/,FULL latest-slot)
[collector wgpu0] --once drained 2 checkpoint(s); exiting.
[cwgpu0] drained 2 checkpoint(s); GPU-pass backlog present -> skip d90, loop.
[collector wgpu0] --once drained 0 checkpoint(s); exiting.
[collector wgpu0] --once drained 0 checkpoint(s); exiting.
[collector wgpu0] --once drained 0 checkpoint(s); exiting.
[collector wgpu0] --once drained 0 checkpoint(s); exiting.
[extract] step=3842 heavy=TRUE total=98.27s | block_curvature=4.65 block_interp=42.79 block_probes=37.95 block_fitness=7.41
[collector wgpu0] gpu-pass DONE run_id=naive__stable_evo__s42 step=3842 blocks_ok=4 t=98.27s (all_passes_complete=True)
[extract] step=3854 SKIP heavy block block_interp (ordinal=770 basis=step_fallback heavy_every=8)
[extract] step=3854 SKIP heavy block block_probes (ordinal=770 basis=step_fallback heavy_every=8)
[extract] step=3854 heavy=FALSE total=18.00s | block_curvature=4.60 block_fitness=6.71
[collector wgpu0] gpu-pass DONE run_id=naive__stable_evo__s42 step=3854 blocks_ok=2 t=18.0s (all_passes_complete=True)
[collector wgpu0] FINALIZED run_id=naive__stable_evo__s42 step=3854 -> KEPT(->kept/,FULL latest-slot)
[collector wgpu0] FINALIZED run_id=naive__stable_evo__s42 step=3842 -> deleted
[collector wgpu0] --once drained 4 checkpoint(s); exiting.
[cwgpu0] drained 4 checkpoint(s); GPU-pass backlog present -> skip d90, loop.
[collector wgpu0] --once drained 0 checkpoint(s); exiting.
[collector wgpu0] --once drained 0 checkpoint(s); exiting.
[collector wgpu0] --once drained 0 checkpoint(s); exiting.
[collector wgpu0] --once drained 0 checkpoint(s); exiting.
[collector wgpu0] --once drained 0 checkpoint(s); exiting.
[extract] step=3866 SKIP heavy block block_interp (ordinal=773 basis=step_fallback heavy_every=8)
[extract] step=3866 SKIP heavy block block_probes (ordinal=773 basis=step_fallback heavy_every=8)
[extract] step=3866 heavy=FALSE total=16.55s | block_curvature=4.66 block_fitness=6.10
[collector wgpu0] gpu-pass DONE run_id=naive__stable_evo__s42 step=3866 blocks_ok=2 t=16.55s (all_passes_complete=True)
[collector wgpu0] FINALIZED run_id=naive__stable_evo__s42 step=3866 -> KEPT(->kept/,FULL latest-slot)
[collector wgpu0] --once drained 2 checkpoint(s); exiting.
[cwgpu0] drained 2 checkpoint(s); GPU-pass backlog present -> skip d90, loop.
[collector wgpu0] --once drained 0 checkpoint(s); exiting.
[collector wgpu0] --once drained 0 checkpoint(s); exiting.
error    libmamba Could not set lock (Resource temporarily unavailable)
warning  libmamba Cannot lock '/home/r.dinnage/.cache/mamba/proc'
    Waiting for other mamba process to finish
[collector wgpu0] --once drained 0 checkpoint(s); exiting.
[collector wgpu0] --once drained 0 checkpoint(s); exiting.
error    libmamba Could not set lock (Resource temporarily unavailable)
warning  libmamba Cannot lock '/home/r.dinnage/.cache/mamba/proc'
    Waiting for other mamba process to finish
[extract] step=3878 SKIP heavy block block_interp (ordinal=775 basis=step_fallback heavy_every=8)
[extract] step=3878 SKIP heavy block block_probes (ordinal=775 basis=step_fallback heavy_every=8)
[extract] step=3878 heavy=FALSE total=16.82s | block_curvature=4.77 block_fitness=6.26
[collector wgpu0] gpu-pass DONE run_id=naive__stable_evo__s42 step=3878 blocks_ok=2 t=16.818s (all_passes_complete=True)
[extract] step=3880 heavy=TRUE total=106.80s | block_curvature=5.11 block_interp=43.23 block_probes=46.38 block_fitness=5.53
[collector wgpu0] gpu-pass DONE run_id=naive__stable_evo__s42 step=3880 blocks_ok=4 t=106.802s (all_passes_complete=True)
[collector wgpu0] FINALIZED run_id=naive__stable_evo__s42 step=3878 -> deleted
[collector wgpu0] FINALIZED run_id=naive__stable_evo__s42 step=3880 -> KEPT(->kept/,FULL latest-slot)
[collector wgpu0] --once drained 4 checkpoint(s); exiting.
[cwgpu0] drained 4 checkpoint(s); GPU-pass backlog present -> skip d90, loop.
[extract] step=3892 SKIP heavy block block_interp (ordinal=778 basis=step_fallback heavy_every=8)
[extract] step=3892 SKIP heavy block block_probes (ordinal=778 basis=step_fallback heavy_every=8)
[extract] step=3892 heavy=FALSE total=17.76s | block_curvature=4.87 block_fitness=6.14
[collector wgpu0] gpu-pass DONE run_id=naive__stable_evo__s42 step=3892 blocks_ok=2 t=17.76s (all_passes_complete=True)
[collector wgpu0] FINALIZED run_id=naive__stable_evo__s42 step=3892 -> KEPT(->kept/,FULL latest-slot)
[collector wgpu0] --once drained 2 checkpoint(s); exiting.
[cwgpu0] drained 2 checkpoint(s); GPU-pass backlog present -> skip d90, loop.
[collector wgpu0] --once drained 0 checkpoint(s); exiting.
[collector wgpu0] --once drained 0 checkpoint(s); exiting.
error    libmamba Could not set lock (Resource temporarily unavailable)
warning  libmamba Cannot lock '/home/r.dinnage/.cache/mamba/proc'
    Waiting for other mamba process to finish
[collector wgpu0] --once drained 0 checkpoint(s); exiting.
[collector wgpu0] --once drained 0 checkpoint(s); exiting.
[collector wgpu0] --once drained 0 checkpoint(s); exiting.
[collector wgpu0] --once drained 0 checkpoint(s); exiting.
[collector wgpu0] --once drained 0 checkpoint(s); exiting.
error    libmamba Could not set lock (Resource temporarily unavailable)
warning  libmamba Cannot lock '/home/r.dinnage/.cache/mamba/proc'
    Waiting for other mamba process to finish
[extract] step=3904 SKIP heavy block block_interp (ordinal=780 basis=step_fallback heavy_every=8)
[extract] step=3904 SKIP heavy block block_probes (ordinal=780 basis=step_fallback heavy_every=8)
[extract] step=3904 heavy=FALSE total=16.73s | block_curvature=4.69 block_fitness=6.13
[collector wgpu0] gpu-pass DONE run_id=naive__stable_evo__s42 step=3904 blocks_ok=2 t=16.731s (all_passes_complete=True)
[collector wgpu0] FINALIZED run_id=naive__stable_evo__s42 step=3904 -> KEPT(->kept/,FULL latest-slot)
[collector wgpu0] --once drained 2 checkpoint(s); exiting.
[cwgpu0] drained 2 checkpoint(s); GPU-pass backlog present -> skip d90, loop.
[collector wgpu0] --once drained 0 checkpoint(s); exiting.
[collector wgpu0] --once drained 0 checkpoint(s); exiting.
[collector wgpu0] --once drained 0 checkpoint(s); exiting.
error    libmamba Could not set lock (Resource temporarily unavailable)
warning  libmamba Cannot lock '/home/r.dinnage/.cache/mamba/proc'
    Waiting for other mamba process to finish
[collector wgpu0] --once drained 0 checkpoint(s); exiting.
error    libmamba Could not set lock (Resource temporarily unavailable)
warning  libmamba Cannot lock '/home/r.dinnage/.cache/mamba/proc'
    Waiting for other mamba process to finish
[extract] step=3916 SKIP heavy block block_interp (ordinal=783 basis=step_fallback heavy_every=8)
[extract] step=3916 SKIP heavy block block_probes (ordinal=783 basis=step_fallback heavy_every=8)
[extract] step=3916 heavy=FALSE total=17.54s | block_curvature=4.65 block_fitness=6.09
[collector wgpu0] gpu-pass DONE run_id=naive__stable_evo__s42 step=3916 blocks_ok=2 t=17.538s (all_passes_complete=True)
[collector wgpu0] FINALIZED run_id=naive__stable_evo__s42 step=3916 -> KEPT(->kept/,FULL latest-slot)
[collector wgpu0] --once drained 2 checkpoint(s); exiting.
[cwgpu0] drained 2 checkpoint(s); GPU-pass backlog present -> skip d90, loop.
[collector wgpu0] --once drained 0 checkpoint(s); exiting.
[collector wgpu0] --once drained 0 checkpoint(s); exiting.
[collector wgpu0] --once drained 0 checkpoint(s); exiting.
[collector wgpu0] --once drained 0 checkpoint(s); exiting.
[collector wgpu0] --once drained 0 checkpoint(s); exiting.
[extract] step=3928 SKIP heavy block block_interp (ordinal=785 basis=step_fallback heavy_every=8)
[extract] step=3928 SKIP heavy block block_probes (ordinal=785 basis=step_fallback heavy_every=8)
[extract] step=3928 heavy=FALSE total=16.37s | block_curvature=4.63 block_fitness=6.11
[collector wgpu0] gpu-pass DONE run_id=naive__stable_evo__s42 step=3928 blocks_ok=2 t=16.371s (all_passes_complete=True)
[collector wgpu0] FINALIZED run_id=naive__stable_evo__s42 step=3928 -> KEPT(->kept/,FULL latest-slot)
[collector wgpu0] --once drained 2 checkpoint(s); exiting.
[cwgpu0] drained 2 checkpoint(s); GPU-pass backlog present -> skip d90, loop.
[collector wgpu0] --once drained 0 checkpoint(s); exiting.
[collector wgpu0] --once drained 0 checkpoint(s); exiting.
[collector wgpu0] --once drained 0 checkpoint(s); exiting.
[collector wgpu0] --once drained 0 checkpoint(s); exiting.
[extract] step=3940 SKIP heavy block block_interp (ordinal=788 basis=step_fallback heavy_every=8)
[extract] step=3940 SKIP heavy block block_probes (ordinal=788 basis=step_fallback heavy_every=8)
[extract] step=3940 heavy=FALSE total=16.55s | block_curvature=4.64 block_fitness=6.13
[collector wgpu0] gpu-pass DONE run_id=naive__stable_evo__s42 step=3940 blocks_ok=2 t=16.55s (all_passes_complete=True)
[collector wgpu0] FINALIZED run_id=naive__stable_evo__s42 step=3940 -> KEPT(->kept/,FULL latest-slot)
[collector wgpu0] --once drained 2 checkpoint(s); exiting.
[cwgpu0] drained 2 checkpoint(s); GPU-pass backlog present -> skip d90, loop.
[collector wgpu0] --once drained 0 checkpoint(s); exiting.
[collector wgpu0] --once drained 0 checkpoint(s); exiting.
[collector wgpu0] --once drained 0 checkpoint(s); exiting.
error    libmamba Could not set lock (Resource temporarily unavailable)
warning  libmamba Cannot lock '/home/r.dinnage/.cache/mamba/proc'
    Waiting for other mamba process to finish
[collector wgpu0] --once drained 0 checkpoint(s); exiting.
[extract] step=3952 SKIP heavy block block_interp (ordinal=790 basis=step_fallback heavy_every=8)
[extract] step=3952 SKIP heavy block block_probes (ordinal=790 basis=step_fallback heavy_every=8)
[extract] step=3952 heavy=FALSE total=17.77s | block_curvature=4.67 block_fitness=6.21
[collector wgpu0] gpu-pass DONE run_id=naive__stable_evo__s42 step=3952 blocks_ok=2 t=17.775s (all_passes_complete=True)
[collector wgpu0] FINALIZED run_id=naive__stable_evo__s42 step=3952 -> KEPT(->kept/,FULL latest-slot)
[collector wgpu0] --once drained 2 checkpoint(s); exiting.
[cwgpu0] drained 2 checkpoint(s); GPU-pass backlog present -> skip d90, loop.
[collector wgpu0] --once drained 0 checkpoint(s); exiting.
[collector wgpu0] --once drained 0 checkpoint(s); exiting.
[collector wgpu0] --once drained 0 checkpoint(s); exiting.
[collector wgpu0] --once drained 0 checkpoint(s); exiting.
error    libmamba Could not set lock (Resource temporarily unavailable)
warning  libmamba Cannot lock '/home/r.dinnage/.cache/mamba/proc'
    Waiting for other mamba process to finish
[extract] step=3964 heavy=TRUE total=100.67s | block_curvature=4.65 block_interp=42.84 block_probes=40.46 block_fitness=6.51
[collector wgpu0] gpu-pass DONE run_id=naive__stable_evo__s42 step=3964 blocks_ok=4 t=100.672s (all_passes_complete=True)
[collector wgpu0] FINALIZED run_id=naive__stable_evo__s42 step=3964 -> KEPT(->kept/,FULL latest-slot)
[collector wgpu0] --once drained 2 checkpoint(s); exiting.
[cwgpu0] drained 2 checkpoint(s); GPU-pass backlog present -> skip d90, loop.
[extract] step=3976 SKIP heavy block block_interp (ordinal=795 basis=step_fallback heavy_every=8)
[extract] step=3976 SKIP heavy block block_probes (ordinal=795 basis=step_fallback heavy_every=8)
[extract] step=3976 heavy=FALSE total=17.21s | block_curvature=4.65 block_fitness=6.03
[collector wgpu0] gpu-pass DONE run_id=naive__stable_evo__s42 step=3976 blocks_ok=2 t=17.213s (all_passes_complete=True)
[collector wgpu0] FINALIZED run_id=naive__stable_evo__s42 step=3976 -> KEPT(->kept/,FULL latest-slot)
[collector wgpu0] --once drained 2 checkpoint(s); exiting.
[cwgpu0] drained 2 checkpoint(s); GPU-pass backlog present -> skip d90, loop.
[collector wgpu0] --once drained 0 checkpoint(s); exiting.
error    libmamba Could not set lock (Resource temporarily unavailable)
warning  libmamba Cannot lock '/home/r.dinnage/.cache/mamba/proc'
    Waiting for other mamba process to finish
[collector wgpu0] --once drained 0 checkpoint(s); exiting.
error    libmamba Could not set lock (Resource temporarily unavailable)
warning  libmamba Cannot lock '/home/r.dinnage/.cache/mamba/proc'
    Waiting for other mamba process to finish
[collector wgpu0] --once drained 0 checkpoint(s); exiting.
[collector wgpu0] --once drained 0 checkpoint(s); exiting.
[collector wgpu0] --once drained 0 checkpoint(s); exiting.
[extract] step=3988 SKIP heavy block block_interp (ordinal=797 basis=step_fallback heavy_every=8)
[extract] step=3988 SKIP heavy block block_probes (ordinal=797 basis=step_fallback heavy_every=8)
[extract] step=3988 heavy=FALSE total=16.46s | block_curvature=4.64 block_fitness=6.15
[collector wgpu0] gpu-pass DONE run_id=naive__stable_evo__s42 step=3988 blocks_ok=2 t=16.457s (all_passes_complete=True)
[collector wgpu0] FINALIZED run_id=naive__stable_evo__s42 step=3988 -> KEPT(->kept/,FULL latest-slot)
[collector wgpu0] --once drained 2 checkpoint(s); exiting.
[cwgpu0] drained 2 checkpoint(s); GPU-pass backlog present -> skip d90, loop.
[collector wgpu0] --once drained 0 checkpoint(s); exiting.
[collector wgpu0] --once drained 0 checkpoint(s); exiting.
[collector wgpu0] --once drained 0 checkpoint(s); exiting.
[collector wgpu0] --once drained 0 checkpoint(s); exiting.
[extract] step=4000 heavy=TRUE total=98.89s | block_curvature=4.65 block_interp=41.86 block_probes=40.04 block_fitness=7.06
[collector wgpu0] gpu-pass DONE run_id=naive__stable_evo__s42 step=4000 blocks_ok=4 t=98.886s (all_passes_complete=True)
[collector wgpu0] FINALIZED run_id=naive__stable_evo__s42 step=4000 -> KEPT(->kept/,FULL latest-slot)
[collector wgpu0] --once drained 2 checkpoint(s); exiting.
[cwgpu0] drained 2 checkpoint(s); GPU-pass backlog present -> skip d90, loop.
[collector wgpu0] --once drained 0 checkpoint(s); exiting.
[collector wgpu0] --once drained 0 checkpoint(s); exiting.
[collector wgpu0] --once drained 0 checkpoint(s); exiting.
[extract] step=4012 SKIP heavy block block_interp (ordinal=802 basis=step_fallback heavy_every=8)
[extract] step=4012 SKIP heavy block block_probes (ordinal=802 basis=step_fallback heavy_every=8)
[extract] step=4012 heavy=FALSE total=16.34s | block_curvature=4.64 block_fitness=6.08
[collector wgpu0] gpu-pass DONE run_id=naive__stable_evo__s42 step=4012 blocks_ok=2 t=16.345s (all_passes_complete=True)
[collector wgpu0] FINALIZED run_id=naive__stable_evo__s42 step=4012 -> KEPT(->kept/,FULL latest-slot)
[collector wgpu0] --once drained 2 checkpoint(s); exiting.
[cwgpu0] drained 2 checkpoint(s); GPU-pass backlog present -> skip d90, loop.
[collector wgpu0] --once drained 0 checkpoint(s); exiting.
[collector wgpu0] --once drained 0 checkpoint(s); exiting.
[collector wgpu0] --once drained 0 checkpoint(s); exiting.
[collector wgpu0] --once drained 0 checkpoint(s); exiting.
[extract] step=4024 SKIP heavy block block_interp (ordinal=804 basis=step_fallback heavy_every=8)
[extract] step=4024 SKIP heavy block block_probes (ordinal=804 basis=step_fallback heavy_every=8)
[extract] step=4024 heavy=FALSE total=16.38s | block_curvature=4.67 block_fitness=6.04
[collector wgpu0] gpu-pass DONE run_id=naive__stable_evo__s42 step=4024 blocks_ok=2 t=16.38s (all_passes_complete=True)
[collector wgpu0] FINALIZED run_id=naive__stable_evo__s42 step=4024 -> KEPT(->kept/,FULL latest-slot)
[collector wgpu0] --once drained 2 checkpoint(s); exiting.
[cwgpu0] drained 2 checkpoint(s); GPU-pass backlog present -> skip d90, loop.
[collector wgpu0] --once drained 0 checkpoint(s); exiting.
[collector wgpu0] --once drained 0 checkpoint(s); exiting.
[collector wgpu0] --once drained 0 checkpoint(s); exiting.
error    libmamba Could not set lock (Resource temporarily unavailable)
warning  libmamba Cannot lock '/home/r.dinnage/.cache/mamba/proc'
    Waiting for other mamba process to finish
[collector wgpu0] --once drained 0 checkpoint(s); exiting.
error    libmamba Could not set lock (Resource temporarily unavailable)
warning  libmamba Cannot lock '/home/r.dinnage/.cache/mamba/proc'
    Waiting for other mamba process to finish
[extract] step=4036 SKIP heavy block block_interp (ordinal=807 basis=step_fallback heavy_every=8)
[extract] step=4036 SKIP heavy block block_probes (ordinal=807 basis=step_fallback heavy_every=8)
[extract] step=4036 heavy=FALSE total=17.26s | block_curvature=4.63 block_fitness=6.01
[collector wgpu0] gpu-pass DONE run_id=naive__stable_evo__s42 step=4036 blocks_ok=2 t=17.259s (all_passes_complete=True)
[collector wgpu0] FINALIZED run_id=naive__stable_evo__s42 step=4036 -> KEPT(->kept/,FULL latest-slot)
[collector wgpu0] --once drained 2 checkpoint(s); exiting.
[cwgpu0] drained 2 checkpoint(s); GPU-pass backlog present -> skip d90, loop.
[collector wgpu0] --once drained 0 checkpoint(s); exiting.
[collector wgpu0] --once drained 0 checkpoint(s); exiting.
[collector wgpu0] --once drained 0 checkpoint(s); exiting.
error    libmamba Could not set lock (Resource temporarily unavailable)
warning  libmamba Cannot lock '/home/r.dinnage/.cache/mamba/proc'
    Waiting for other mamba process to finish
[collector wgpu0] --once drained 0 checkpoint(s); exiting.
[collector wgpu0] --once drained 0 checkpoint(s); exiting.
[extract] step=4048 SKIP heavy block block_interp (ordinal=809 basis=step_fallback heavy_every=8)
[extract] step=4048 SKIP heavy block block_probes (ordinal=809 basis=step_fallback heavy_every=8)
[extract] step=4048 heavy=FALSE total=16.41s | block_curvature=4.65 block_fitness=6.12
[collector wgpu0] gpu-pass DONE run_id=naive__stable_evo__s42 step=4048 blocks_ok=2 t=16.409s (all_passes_complete=True)
[collector wgpu0] FINALIZED run_id=naive__stable_evo__s42 step=4048 -> KEPT(->kept/,FULL latest-slot)
[collector wgpu0] --once drained 2 checkpoint(s); exiting.
[cwgpu0] drained 2 checkpoint(s); GPU-pass backlog present -> skip d90, loop.
[collector wgpu0] --once drained 0 checkpoint(s); exiting.
[collector wgpu0] --once drained 0 checkpoint(s); exiting.
[collector wgpu0] --once drained 0 checkpoint(s); exiting.
[collector wgpu0] --once drained 0 checkpoint(s); exiting.
[extract] step=4060 SKIP heavy block block_interp (ordinal=812 basis=step_fallback heavy_every=8)
[extract] step=4060 SKIP heavy block block_probes (ordinal=812 basis=step_fallback heavy_every=8)
[extract] step=4060 heavy=FALSE total=16.42s | block_curvature=4.63 block_fitness=6.12
[collector wgpu0] gpu-pass DONE run_id=naive__stable_evo__s42 step=4060 blocks_ok=2 t=16.416s (all_passes_complete=True)
[collector wgpu0] FINALIZED run_id=naive__stable_evo__s42 step=4060 -> KEPT(->kept/,FULL latest-slot)
[collector wgpu0] --once drained 2 checkpoint(s); exiting.
[cwgpu0] drained 2 checkpoint(s); GPU-pass backlog present -> skip d90, loop.
[collector wgpu0] --once drained 0 checkpoint(s); exiting.
[collector wgpu0] --once drained 0 checkpoint(s); exiting.
[collector wgpu0] --once drained 0 checkpoint(s); exiting.
[collector wgpu0] --once drained 0 checkpoint(s); exiting.
[extract] step=4072 SKIP heavy block block_interp (ordinal=814 basis=step_fallback heavy_every=8)
[extract] step=4072 SKIP heavy block block_probes (ordinal=814 basis=step_fallback heavy_every=8)
[extract] step=4072 heavy=FALSE total=17.38s | block_curvature=4.63 block_fitness=6.06
[collector wgpu0] gpu-pass DONE run_id=naive__stable_evo__s42 step=4072 blocks_ok=2 t=17.377s (all_passes_complete=True)
[collector wgpu0] FINALIZED run_id=naive__stable_evo__s42 step=4072 -> KEPT(->kept/,FULL latest-slot)
[collector wgpu0] --once drained 2 checkpoint(s); exiting.
[cwgpu0] drained 2 checkpoint(s); GPU-pass backlog present -> skip d90, loop.
[collector wgpu0] --once drained 0 checkpoint(s); exiting.
[collector wgpu0] --once drained 0 checkpoint(s); exiting.
error    libmamba Could not set lock (Resource temporarily unavailable)
warning  libmamba Cannot lock '/home/r.dinnage/.cache/mamba/proc'
    Waiting for other mamba process to finish
[collector wgpu0] --once drained 0 checkpoint(s); exiting.
[collector wgpu0] --once drained 0 checkpoint(s); exiting.
[collector wgpu0] --once drained 0 checkpoint(s); exiting.
[extract] step=4084 heavy=TRUE total=96.43s | block_curvature=4.64 block_interp=42.00 block_probes=38.07 block_fitness=6.39
[collector wgpu0] gpu-pass DONE run_id=naive__stable_evo__s42 step=4084 blocks_ok=4 t=96.433s (all_passes_complete=True)
[extract] step=4096 SKIP heavy block block_interp (ordinal=819 basis=step_fallback heavy_every=8)
[extract] step=4096 SKIP heavy block block_probes (ordinal=819 basis=step_fallback heavy_every=8)
[extract] step=4096 heavy=FALSE total=16.71s | block_curvature=4.59 block_fitness=5.71
[collector wgpu0] gpu-pass DONE run_id=naive__stable_evo__s42 step=4096 blocks_ok=2 t=16.713s (all_passes_complete=True)
[collector wgpu0] FINALIZED run_id=naive__stable_evo__s42 step=4096 -> KEPT(->kept/,ladder model-only+FULL latest-slot)
[collector wgpu0] FINALIZED run_id=naive__stable_evo__s42 step=4084 -> deleted
[collector wgpu0] --once drained 4 checkpoint(s); exiting.
[cwgpu0] drained 4 checkpoint(s); GPU-pass backlog present -> skip d90, loop.
[collector wgpu0] --once drained 0 checkpoint(s); exiting.
error    libmamba Could not set lock (Resource temporarily unavailable)
warning  libmamba Cannot lock '/home/r.dinnage/.cache/mamba/proc'
    Waiting for other mamba process to finish
[collector wgpu0] --once drained 0 checkpoint(s); exiting.
[collector wgpu0] --once drained 0 checkpoint(s); exiting.
[collector wgpu0] --once drained 0 checkpoint(s); exiting.
[collector wgpu0] --once drained 0 checkpoint(s); exiting.
[collector wgpu0] --once drained 0 checkpoint(s); exiting.
[collector wgpu0] --once drained 0 checkpoint(s); exiting.
[extract] step=4108 SKIP heavy block block_interp (ordinal=821 basis=step_fallback heavy_every=8)
[extract] step=4108 SKIP heavy block block_probes (ordinal=821 basis=step_fallback heavy_every=8)
[extract] step=4108 heavy=FALSE total=17.18s | block_curvature=4.64 block_fitness=6.13
[collector wgpu0] gpu-pass DONE run_id=naive__stable_evo__s42 step=4108 blocks_ok=2 t=17.178s (all_passes_complete=True)
[collector wgpu0] FINALIZED run_id=naive__stable_evo__s42 step=4108 -> KEPT(->kept/,FULL latest-slot)
[collector wgpu0] --once drained 2 checkpoint(s); exiting.
[cwgpu0] drained 2 checkpoint(s); GPU-pass backlog present -> skip d90, loop.
[collector wgpu0] --once drained 0 checkpoint(s); exiting.
[collector wgpu0] --once drained 0 checkpoint(s); exiting.
[collector wgpu0] --once drained 0 checkpoint(s); exiting.
[collector wgpu0] --once drained 0 checkpoint(s); exiting.
[collector wgpu0] --once drained 0 checkpoint(s); exiting.
[extract] step=4120 heavy=TRUE total=97.08s | block_curvature=4.65 block_interp=41.98 block_probes=38.24 block_fitness=6.86
[collector wgpu0] gpu-pass DONE run_id=naive__stable_evo__s42 step=4120 blocks_ok=4 t=97.075s (all_passes_complete=True)
[extract] step=4132 SKIP heavy block block_interp (ordinal=826 basis=step_fallback heavy_every=8)
[extract] step=4132 SKIP heavy block block_probes (ordinal=826 basis=step_fallback heavy_every=8)
[extract] step=4132 heavy=FALSE total=16.97s | block_curvature=4.59 block_fitness=6.19
[collector wgpu0] gpu-pass DONE run_id=naive__stable_evo__s42 step=4132 blocks_ok=2 t=16.967s (all_passes_complete=True)
[collector wgpu0] FINALIZED run_id=naive__stable_evo__s42 step=4132 -> KEPT(->kept/,FULL latest-slot)
[collector wgpu0] FINALIZED run_id=naive__stable_evo__s42 step=4120 -> deleted
[collector wgpu0] --once drained 4 checkpoint(s); exiting.
[cwgpu0] drained 4 checkpoint(s); GPU-pass backlog present -> skip d90, loop.
[collector wgpu0] --once drained 0 checkpoint(s); exiting.
[collector wgpu0] --once drained 0 checkpoint(s); exiting.
[collector wgpu0] --once drained 0 checkpoint(s); exiting.
[collector wgpu0] --once drained 0 checkpoint(s); exiting.
[collector wgpu0] --once drained 0 checkpoint(s); exiting.
[extract] step=4144 SKIP heavy block block_interp (ordinal=828 basis=step_fallback heavy_every=8)
[extract] step=4144 SKIP heavy block block_probes (ordinal=828 basis=step_fallback heavy_every=8)
[extract] step=4144 heavy=FALSE total=16.35s | block_curvature=4.64 block_fitness=6.10
[collector wgpu0] gpu-pass DONE run_id=naive__stable_evo__s42 step=4144 blocks_ok=2 t=16.348s (all_passes_complete=True)
[collector wgpu0] FINALIZED run_id=naive__stable_evo__s42 step=4144 -> KEPT(->kept/,FULL latest-slot)
[collector wgpu0] --once drained 2 checkpoint(s); exiting.
[cwgpu0] drained 2 checkpoint(s); GPU-pass backlog present -> skip d90, loop.
[collector wgpu0] --once drained 0 checkpoint(s); exiting.
[collector wgpu0] --once drained 0 checkpoint(s); exiting.
[collector wgpu0] --once drained 0 checkpoint(s); exiting.
[collector wgpu0] --once drained 0 checkpoint(s); exiting.
[extract] step=4156 SKIP heavy block block_interp (ordinal=831 basis=step_fallback heavy_every=8)
[extract] step=4156 SKIP heavy block block_probes (ordinal=831 basis=step_fallback heavy_every=8)
[extract] step=4156 heavy=FALSE total=16.28s | block_curvature=4.64 block_fitness=6.09
[collector wgpu0] gpu-pass DONE run_id=naive__stable_evo__s42 step=4156 blocks_ok=2 t=16.275s (all_passes_complete=True)
[extract] step=4158 SKIP heavy block block_interp (ordinal=831 basis=step_fallback heavy_every=8)
[extract] step=4158 SKIP heavy block block_probes (ordinal=831 basis=step_fallback heavy_every=8)
[extract] step=4158 heavy=FALSE total=17.42s | block_curvature=5.08 block_fitness=5.49
[collector wgpu0] gpu-pass DONE run_id=naive__stable_evo__s42 step=4158 blocks_ok=2 t=17.422s (all_passes_complete=True)
[collector wgpu0] FINALIZED run_id=naive__stable_evo__s42 step=4158 -> KEPT(->kept/,FULL latest-slot)
[collector wgpu0] FINALIZED run_id=naive__stable_evo__s42 step=4156 -> deleted
[collector wgpu0] --once drained 4 checkpoint(s); exiting.
[cwgpu0] drained 4 checkpoint(s); GPU-pass backlog present -> skip d90, loop.
[collector wgpu0] --once drained 0 checkpoint(s); exiting.
error    libmamba Could not set lock (Resource temporarily unavailable)
warning  libmamba Cannot lock '/home/r.dinnage/.cache/mamba/proc'
    Waiting for other mamba process to finish
[collector wgpu0] --once drained 0 checkpoint(s); exiting.
[collector wgpu0] --once drained 0 checkpoint(s); exiting.
[collector wgpu0] --once drained 0 checkpoint(s); exiting.
error    libmamba Could not set lock (Resource temporarily unavailable)
warning  libmamba Cannot lock '/home/r.dinnage/.cache/mamba/proc'
    Waiting for other mamba process to finish
[collector wgpu0] --once drained 0 checkpoint(s); exiting.
[extract] step=4170 SKIP heavy block block_interp (ordinal=834 basis=step_fallback heavy_every=8)
[extract] step=4170 SKIP heavy block block_probes (ordinal=834 basis=step_fallback heavy_every=8)
[extract] step=4170 heavy=FALSE total=16.42s | block_curvature=4.66 block_fitness=6.13
[collector wgpu0] gpu-pass DONE run_id=naive__stable_evo__s42 step=4170 blocks_ok=2 t=16.42s (all_passes_complete=True)
[collector wgpu0] FINALIZED run_id=naive__stable_evo__s42 step=4170 -> KEPT(->kept/,FULL latest-slot)
[collector wgpu0] --once drained 2 checkpoint(s); exiting.
[cwgpu0] drained 2 checkpoint(s); GPU-pass backlog present -> skip d90, loop.
[collector wgpu0] --once drained 0 checkpoint(s); exiting.
[collector wgpu0] --once drained 0 checkpoint(s); exiting.
[collector wgpu0] --once drained 0 checkpoint(s); exiting.
error    libmamba Could not set lock (Resource temporarily unavailable)
warning  libmamba Cannot lock '/home/r.dinnage/.cache/mamba/proc'
    Waiting for other mamba process to finish
[collector wgpu0] --once drained 0 checkpoint(s); exiting.
[extract] step=4182 SKIP heavy block block_interp (ordinal=836 basis=step_fallback heavy_every=8)
[extract] step=4182 SKIP heavy block block_probes (ordinal=836 basis=step_fallback heavy_every=8)
[extract] step=4182 heavy=FALSE total=17.65s | block_curvature=4.62 block_fitness=6.25
[collector wgpu0] gpu-pass DONE run_id=naive__stable_evo__s42 step=4182 blocks_ok=2 t=17.651s (all_passes_complete=True)
[collector wgpu0] FINALIZED run_id=naive__stable_evo__s42 step=4182 -> KEPT(->kept/,FULL latest-slot)
[collector wgpu0] --once drained 2 checkpoint(s); exiting.
[cwgpu0] drained 2 checkpoint(s); GPU-pass backlog present -> skip d90, loop.
[collector wgpu0] --once drained 0 checkpoint(s); exiting.
error    libmamba Could not set lock (Resource temporarily unavailable)
warning  libmamba Cannot lock '/home/r.dinnage/.cache/mamba/proc'
    Waiting for other mamba process to finish
[collector wgpu0] --once drained 0 checkpoint(s); exiting.
[collector wgpu0] --once drained 0 checkpoint(s); exiting.
error    libmamba Could not set lock (Resource temporarily unavailable)
warning  libmamba Cannot lock '/home/r.dinnage/.cache/mamba/proc'
    Waiting for other mamba process to finish
[collector wgpu0] --once drained 0 checkpoint(s); exiting.
[extract] step=4194 SKIP heavy block block_interp (ordinal=838 basis=step_fallback heavy_every=8)
[extract] step=4194 SKIP heavy block block_probes (ordinal=838 basis=step_fallback heavy_every=8)
[extract] step=4194 heavy=FALSE total=16.92s | block_curvature=5.24 block_fitness=6.12
[collector wgpu0] gpu-pass DONE run_id=naive__stable_evo__s42 step=4194 blocks_ok=2 t=16.918s (all_passes_complete=True)
[collector wgpu0] FINALIZED run_id=naive__stable_evo__s42 step=4194 -> KEPT(->kept/,FULL latest-slot)
[collector wgpu0] --once drained 2 checkpoint(s); exiting.
[cwgpu0] drained 2 checkpoint(s); GPU-pass backlog present -> skip d90, loop.
[collector wgpu0] --once drained 0 checkpoint(s); exiting.
error    libmamba Could not set lock (Resource temporarily unavailable)
warning  libmamba Cannot lock '/home/r.dinnage/.cache/mamba/proc'
    Waiting for other mamba process to finish
[collector wgpu0] --once drained 0 checkpoint(s); exiting.
[collector wgpu0] --once drained 0 checkpoint(s); exiting.
[collector wgpu0] --once drained 0 checkpoint(s); exiting.
[collector wgpu0] --once drained 0 checkpoint(s); exiting.
error    libmamba Could not set lock (Resource temporarily unavailable)
warning  libmamba Cannot lock '/home/r.dinnage/.cache/mamba/proc'
    Waiting for other mamba process to finish
[collector wgpu0] --once drained 0 checkpoint(s); exiting.
[collector wgpu0] --once drained 0 checkpoint(s); exiting.
[extract] step=4206 SKIP heavy block block_interp (ordinal=841 basis=step_fallback heavy_every=8)
[extract] step=4206 SKIP heavy block block_probes (ordinal=841 basis=step_fallback heavy_every=8)
[extract] step=4206 heavy=FALSE total=17.06s | block_curvature=4.64 block_fitness=6.06
[collector wgpu0] gpu-pass DONE run_id=naive__stable_evo__s42 step=4206 blocks_ok=2 t=17.056s (all_passes_complete=True)
[collector wgpu0] FINALIZED run_id=naive__stable_evo__s42 step=4206 -> KEPT(->kept/,FULL latest-slot)
[collector wgpu0] --once drained 2 checkpoint(s); exiting.
[cwgpu0] drained 2 checkpoint(s); GPU-pass backlog present -> skip d90, loop.
[collector wgpu0] --once drained 0 checkpoint(s); exiting.
error    libmamba Could not set lock (Resource temporarily unavailable)
warning  libmamba Cannot lock '/home/r.dinnage/.cache/mamba/proc'
    Waiting for other mamba process to finish
[collector wgpu0] --once drained 0 checkpoint(s); exiting.
[collector wgpu0] --once drained 0 checkpoint(s); exiting.
error    libmamba Could not set lock (Resource temporarily unavailable)
warning  libmamba Cannot lock '/home/r.dinnage/.cache/mamba/proc'
    Waiting for other mamba process to finish
[collector wgpu0] --once drained 0 checkpoint(s); exiting.
[collector wgpu0] --once drained 0 checkpoint(s); exiting.
[extract] step=4218 SKIP heavy block block_interp (ordinal=843 basis=step_fallback heavy_every=8)
[extract] step=4218 SKIP heavy block block_probes (ordinal=843 basis=step_fallback heavy_every=8)
[extract] step=4218 heavy=FALSE total=16.28s | block_curvature=4.64 block_fitness=6.05
[collector wgpu0] gpu-pass DONE run_id=naive__stable_evo__s42 step=4218 blocks_ok=2 t=16.284s (all_passes_complete=True)
[collector wgpu0] FINALIZED run_id=naive__stable_evo__s42 step=4218 -> KEPT(->kept/,FULL latest-slot)
[collector wgpu0] --once drained 2 checkpoint(s); exiting.
[cwgpu0] drained 2 checkpoint(s); GPU-pass backlog present -> skip d90, loop.
[collector wgpu0] --once drained 0 checkpoint(s); exiting.
[collector wgpu0] --once drained 0 checkpoint(s); exiting.
[collector wgpu0] --once drained 0 checkpoint(s); exiting.
[collector wgpu0] --once drained 0 checkpoint(s); exiting.
error    libmamba Could not set lock (Resource temporarily unavailable)
warning  libmamba Cannot lock '/home/r.dinnage/.cache/mamba/proc'
    Waiting for other mamba process to finish
[extract] step=4230 SKIP heavy block block_interp (ordinal=846 basis=step_fallback heavy_every=8)
[extract] step=4230 SKIP heavy block block_probes (ordinal=846 basis=step_fallback heavy_every=8)
[extract] step=4230 heavy=FALSE total=16.39s | block_curvature=4.65 block_fitness=6.03
[collector wgpu0] gpu-pass DONE run_id=naive__stable_evo__s42 step=4230 blocks_ok=2 t=16.387s (all_passes_complete=True)
[collector wgpu0] FINALIZED run_id=naive__stable_evo__s42 step=4230 -> KEPT(->kept/,FULL latest-slot)
[collector wgpu0] --once drained 2 checkpoint(s); exiting.
[cwgpu0] drained 2 checkpoint(s); GPU-pass backlog present -> skip d90, loop.
[collector wgpu0] --once drained 0 checkpoint(s); exiting.
[collector wgpu0] --once drained 0 checkpoint(s); exiting.
[collector wgpu0] --once drained 0 checkpoint(s); exiting.
[collector wgpu0] --once drained 0 checkpoint(s); exiting.
[extract] step=4242 heavy=TRUE total=96.54s | block_curvature=4.64 block_interp=41.82 block_probes=35.93 block_fitness=7.87
[collector wgpu0] gpu-pass DONE run_id=naive__stable_evo__s42 step=4242 blocks_ok=4 t=96.542s (all_passes_complete=True)
[collector wgpu0] FINALIZED run_id=naive__stable_evo__s42 step=4242 -> KEPT(->kept/,FULL latest-slot)
[collector wgpu0] --once drained 2 checkpoint(s); exiting.
[cwgpu0] drained 2 checkpoint(s); GPU-pass backlog present -> skip d90, loop.
[collector wgpu0] --once drained 0 checkpoint(s); exiting.
[extract] step=4254 SKIP heavy block block_interp (ordinal=850 basis=step_fallback heavy_every=8)
[extract] step=4254 SKIP heavy block block_probes (ordinal=850 basis=step_fallback heavy_every=8)
[extract] step=4254 heavy=FALSE total=16.39s | block_curvature=4.63 block_fitness=6.02
[collector wgpu0] gpu-pass DONE run_id=naive__stable_evo__s42 step=4254 blocks_ok=2 t=16.386s (all_passes_complete=True)
[collector wgpu0] FINALIZED run_id=naive__stable_evo__s42 step=4254 -> KEPT(->kept/,FULL latest-slot)
[collector wgpu0] --once drained 2 checkpoint(s); exiting.
[cwgpu0] drained 2 checkpoint(s); GPU-pass backlog present -> skip d90, loop.
[collector wgpu0] --once drained 0 checkpoint(s); exiting.
[collector wgpu0] --once drained 0 checkpoint(s); exiting.
[collector wgpu0] --once drained 0 checkpoint(s); exiting.
[collector wgpu0] --once drained 0 checkpoint(s); exiting.
[extract] step=4266 SKIP heavy block block_interp (ordinal=853 basis=step_fallback heavy_every=8)
[extract] step=4266 SKIP heavy block block_probes (ordinal=853 basis=step_fallback heavy_every=8)
[extract] step=4266 heavy=FALSE total=16.32s | block_curvature=4.62 block_fitness=6.06
[collector wgpu0] gpu-pass DONE run_id=naive__stable_evo__s42 step=4266 blocks_ok=2 t=16.325s (all_passes_complete=True)
[collector wgpu0] FINALIZED run_id=naive__stable_evo__s42 step=4266 -> KEPT(->kept/,FULL latest-slot)
[collector wgpu0] --once drained 2 checkpoint(s); exiting.
[cwgpu0] drained 2 checkpoint(s); GPU-pass backlog present -> skip d90, loop.
[collector wgpu0] --once drained 0 checkpoint(s); exiting.
[collector wgpu0] --once drained 0 checkpoint(s); exiting.
[collector wgpu0] --once drained 0 checkpoint(s); exiting.
[collector wgpu0] --once drained 0 checkpoint(s); exiting.
[extract] step=4278 SKIP heavy block block_interp (ordinal=855 basis=step_fallback heavy_every=8)
[extract] step=4278 SKIP heavy block block_probes (ordinal=855 basis=step_fallback heavy_every=8)
[extract] step=4278 heavy=FALSE total=16.21s | block_curvature=4.65 block_fitness=5.99
[collector wgpu0] gpu-pass DONE run_id=naive__stable_evo__s42 step=4278 blocks_ok=2 t=16.21s (all_passes_complete=True)
[collector wgpu0] FINALIZED run_id=naive__stable_evo__s42 step=4278 -> KEPT(->kept/,FULL latest-slot)
[collector wgpu0] --once drained 2 checkpoint(s); exiting.
[cwgpu0] drained 2 checkpoint(s); GPU-pass backlog present -> skip d90, loop.
[collector wgpu0] --once drained 0 checkpoint(s); exiting.
[collector wgpu0] --once drained 0 checkpoint(s); exiting.
[collector wgpu0] --once drained 0 checkpoint(s); exiting.
[collector wgpu0] --once drained 0 checkpoint(s); exiting.
error    libmamba Could not set lock (Resource temporarily unavailable)
warning  libmamba Cannot lock '/home/r.dinnage/.cache/mamba/proc'
    Waiting for other mamba process to finish
[collector wgpu0] --once drained 0 checkpoint(s); exiting.
[extract] step=4290 SKIP heavy block block_interp (ordinal=858 basis=step_fallback heavy_every=8)
[extract] step=4290 SKIP heavy block block_probes (ordinal=858 basis=step_fallback heavy_every=8)
[extract] step=4290 heavy=FALSE total=16.41s | block_curvature=4.66 block_fitness=6.03
[collector wgpu0] gpu-pass DONE run_id=naive__stable_evo__s42 step=4290 blocks_ok=2 t=16.411s (all_passes_complete=True)
[collector wgpu0] FINALIZED run_id=naive__stable_evo__s42 step=4290 -> KEPT(->kept/,FULL latest-slot)
[collector wgpu0] --once drained 2 checkpoint(s); exiting.
[cwgpu0] drained 2 checkpoint(s); GPU-pass backlog present -> skip d90, loop.
[collector wgpu0] --once drained 0 checkpoint(s); exiting.
[collector wgpu0] --once drained 0 checkpoint(s); exiting.
[collector wgpu0] --once drained 0 checkpoint(s); exiting.
[collector wgpu0] --once drained 0 checkpoint(s); exiting.
[collector wgpu0] --once drained 0 checkpoint(s); exiting.
[collector wgpu0] --once drained 0 checkpoint(s); exiting.
[collector wgpu0] --once drained 0 checkpoint(s); exiting.
[extract] step=4302 SKIP heavy block block_interp (ordinal=860 basis=step_fallback heavy_every=8)
[extract] step=4302 SKIP heavy block block_probes (ordinal=860 basis=step_fallback heavy_every=8)
[extract] step=4302 heavy=FALSE total=16.42s | block_curvature=4.64 block_fitness=6.06
[collector wgpu0] gpu-pass DONE run_id=naive__stable_evo__s42 step=4302 blocks_ok=2 t=16.419s (all_passes_complete=True)
[collector wgpu0] FINALIZED run_id=naive__stable_evo__s42 step=4302 -> KEPT(->kept/,FULL latest-slot)
[collector wgpu0] --once drained 2 checkpoint(s); exiting.
[cwgpu0] drained 2 checkpoint(s); GPU-pass backlog present -> skip d90, loop.
[collector wgpu0] --once drained 0 checkpoint(s); exiting.
[collector wgpu0] --once drained 0 checkpoint(s); exiting.
[collector wgpu0] --once drained 0 checkpoint(s); exiting.
[collector wgpu0] --once drained 0 checkpoint(s); exiting.
[extract] step=4314 SKIP heavy block block_interp (ordinal=862 basis=step_fallback heavy_every=8)
[extract] step=4314 SKIP heavy block block_probes (ordinal=862 basis=step_fallback heavy_every=8)
[extract] step=4314 heavy=FALSE total=16.36s | block_curvature=4.63 block_fitness=6.01
[collector wgpu0] gpu-pass DONE run_id=naive__stable_evo__s42 step=4314 blocks_ok=2 t=16.364s (all_passes_complete=True)
[collector wgpu0] FINALIZED run_id=naive__stable_evo__s42 step=4314 -> KEPT(->kept/,FULL latest-slot)
[collector wgpu0] --once drained 2 checkpoint(s); exiting.
[cwgpu0] drained 2 checkpoint(s); GPU-pass backlog present -> skip d90, loop.
[collector wgpu0] --once drained 0 checkpoint(s); exiting.
[collector wgpu0] --once drained 0 checkpoint(s); exiting.
[collector wgpu0] --once drained 0 checkpoint(s); exiting.
[collector wgpu0] --once drained 0 checkpoint(s); exiting.
[extract] step=4326 SKIP heavy block block_interp (ordinal=865 basis=step_fallback heavy_every=8)
[extract] step=4326 SKIP heavy block block_probes (ordinal=865 basis=step_fallback heavy_every=8)
[extract] step=4326 heavy=FALSE total=17.11s | block_curvature=4.61 block_fitness=6.05
[collector wgpu0] gpu-pass DONE run_id=naive__stable_evo__s42 step=4326 blocks_ok=2 t=17.115s (all_passes_complete=True)
[collector wgpu0] FINALIZED run_id=naive__stable_evo__s42 step=4326 -> KEPT(->kept/,FULL latest-slot)
[collector wgpu0] --once drained 2 checkpoint(s); exiting.
[cwgpu0] drained 2 checkpoint(s); GPU-pass backlog present -> skip d90, loop.
[collector wgpu0] --once drained 0 checkpoint(s); exiting.
error    libmamba Could not set lock (Resource temporarily unavailable)
warning  libmamba Cannot lock '/home/r.dinnage/.cache/mamba/proc'
    Waiting for other mamba process to finish
[collector wgpu0] --once drained 0 checkpoint(s); exiting.
[collector wgpu0] --once drained 0 checkpoint(s); exiting.
[collector wgpu0] --once drained 0 checkpoint(s); exiting.
[collector wgpu0] --once drained 0 checkpoint(s); exiting.
[extract] step=4338 SKIP heavy block block_interp (ordinal=867 basis=step_fallback heavy_every=8)
[extract] step=4338 SKIP heavy block block_probes (ordinal=867 basis=step_fallback heavy_every=8)
[extract] step=4338 heavy=FALSE total=16.28s | block_curvature=4.64 block_fitness=6.01
[collector wgpu0] gpu-pass DONE run_id=naive__stable_evo__s42 step=4338 blocks_ok=2 t=16.277s (all_passes_complete=True)
[collector wgpu0] FINALIZED run_id=naive__stable_evo__s42 step=4338 -> KEPT(->kept/,FULL latest-slot)
[collector wgpu0] --once drained 2 checkpoint(s); exiting.
[cwgpu0] drained 2 checkpoint(s); GPU-pass backlog present -> skip d90, loop.
[collector wgpu0] --once drained 0 checkpoint(s); exiting.
[collector wgpu0] --once drained 0 checkpoint(s); exiting.
[collector wgpu0] --once drained 0 checkpoint(s); exiting.
error    libmamba Could not set lock (Resource temporarily unavailable)
warning  libmamba Cannot lock '/home/r.dinnage/.cache/mamba/proc'
    Waiting for other mamba process to finish
[collector wgpu0] --once drained 0 checkpoint(s); exiting.
[extract] step=4350 SKIP heavy block block_interp (ordinal=870 basis=step_fallback heavy_every=8)
[extract] step=4350 SKIP heavy block block_probes (ordinal=870 basis=step_fallback heavy_every=8)
[extract] step=4350 heavy=FALSE total=16.28s | block_curvature=4.66 block_fitness=6.04
[collector wgpu0] gpu-pass DONE run_id=naive__stable_evo__s42 step=4350 blocks_ok=2 t=16.282s (all_passes_complete=True)
[collector wgpu0] FINALIZED run_id=naive__stable_evo__s42 step=4350 -> KEPT(->kept/,FULL latest-slot)
[collector wgpu0] --once drained 2 checkpoint(s); exiting.
[cwgpu0] drained 2 checkpoint(s); GPU-pass backlog present -> skip d90, loop.
[collector wgpu0] --once drained 0 checkpoint(s); exiting.
[collector wgpu0] --once drained 0 checkpoint(s); exiting.
[collector wgpu0] --once drained 0 checkpoint(s); exiting.
[collector wgpu0] --once drained 0 checkpoint(s); exiting.
[extract] step=4362 heavy=TRUE total=101.72s | block_curvature=4.64 block_interp=41.93 block_probes=42.68 block_fitness=6.21
[collector wgpu0] gpu-pass DONE run_id=naive__stable_evo__s42 step=4362 blocks_ok=4 t=101.716s (all_passes_complete=True)
[collector wgpu0] FINALIZED run_id=naive__stable_evo__s42 step=4362 -> KEPT(->kept/,FULL latest-slot)
[collector wgpu0] --once drained 2 checkpoint(s); exiting.
[cwgpu0] drained 2 checkpoint(s); GPU-pass backlog present -> skip d90, loop.
[extract] step=4374 SKIP heavy block block_interp (ordinal=874 basis=step_fallback heavy_every=8)
[extract] step=4374 SKIP heavy block block_probes (ordinal=874 basis=step_fallback heavy_every=8)
[extract] step=4374 heavy=FALSE total=16.52s | block_curvature=4.66 block_fitness=6.16
[collector wgpu0] gpu-pass DONE run_id=naive__stable_evo__s42 step=4374 blocks_ok=2 t=16.521s (all_passes_complete=True)
[collector wgpu0] FINALIZED run_id=naive__stable_evo__s42 step=4374 -> KEPT(->kept/,FULL latest-slot)
[collector wgpu0] --once drained 2 checkpoint(s); exiting.
[cwgpu0] drained 2 checkpoint(s); GPU-pass backlog present -> skip d90, loop.
[collector wgpu0] --once drained 0 checkpoint(s); exiting.
[collector wgpu0] --once drained 0 checkpoint(s); exiting.
[collector wgpu0] --once drained 0 checkpoint(s); exiting.
[collector wgpu0] --once drained 0 checkpoint(s); exiting.
[collector wgpu0] --once drained 0 checkpoint(s); exiting.
[extract] step=4386 SKIP heavy block block_interp (ordinal=877 basis=step_fallback heavy_every=8)
[extract] step=4386 SKIP heavy block block_probes (ordinal=877 basis=step_fallback heavy_every=8)
[extract] step=4386 heavy=FALSE total=16.26s | block_curvature=4.63 block_fitness=6.10
[collector wgpu0] gpu-pass DONE run_id=naive__stable_evo__s42 step=4386 blocks_ok=2 t=16.26s (all_passes_complete=True)
[collector wgpu0] FINALIZED run_id=naive__stable_evo__s42 step=4386 -> KEPT(->kept/,FULL latest-slot)
[collector wgpu0] --once drained 2 checkpoint(s); exiting.
[cwgpu0] drained 2 checkpoint(s); GPU-pass backlog present -> skip d90, loop.
[collector wgpu0] --once drained 0 checkpoint(s); exiting.
[collector wgpu0] --once drained 0 checkpoint(s); exiting.
[collector wgpu0] --once drained 0 checkpoint(s); exiting.
[collector wgpu0] --once drained 0 checkpoint(s); exiting.
[extract] step=4398 SKIP heavy block block_interp (ordinal=879 basis=step_fallback heavy_every=8)
[extract] step=4398 SKIP heavy block block_probes (ordinal=879 basis=step_fallback heavy_every=8)
[extract] step=4398 heavy=FALSE total=16.34s | block_curvature=4.65 block_fitness=6.11
[collector wgpu0] gpu-pass DONE run_id=naive__stable_evo__s42 step=4398 blocks_ok=2 t=16.342s (all_passes_complete=True)
[collector wgpu0] FINALIZED run_id=naive__stable_evo__s42 step=4398 -> KEPT(->kept/,FULL latest-slot)
[collector wgpu0] --once drained 2 checkpoint(s); exiting.
[cwgpu0] drained 2 checkpoint(s); GPU-pass backlog present -> skip d90, loop.
[collector wgpu0] --once drained 0 checkpoint(s); exiting.
error    libmamba Could not set lock (Resource temporarily unavailable)
warning  libmamba Cannot lock '/home/r.dinnage/.cache/mamba/proc'
    Waiting for other mamba process to finish
[collector wgpu0] --once drained 0 checkpoint(s); exiting.
[collector wgpu0] --once drained 0 checkpoint(s); exiting.
error    libmamba Could not set lock (Resource temporarily unavailable)
warning  libmamba Cannot lock '/home/r.dinnage/.cache/mamba/proc'
    Waiting for other mamba process to finish
[collector wgpu0] --once drained 0 checkpoint(s); exiting.
[collector wgpu0] --once drained 0 checkpoint(s); exiting.
[collector wgpu0] --once drained 0 checkpoint(s); exiting.
[collector wgpu0] --once drained 0 checkpoint(s); exiting.
error    libmamba Could not set lock (Resource temporarily unavailable)
warning  libmamba Cannot lock '/home/r.dinnage/.cache/mamba/proc'
    Waiting for other mamba process to finish
[extract] step=4410 SKIP heavy block block_interp (ordinal=882 basis=step_fallback heavy_every=8)
[extract] step=4410 SKIP heavy block block_probes (ordinal=882 basis=step_fallback heavy_every=8)
[extract] step=4410 heavy=FALSE total=16.41s | block_curvature=4.63 block_fitness=6.10
[collector wgpu0] gpu-pass DONE run_id=naive__stable_evo__s42 step=4410 blocks_ok=2 t=16.412s (all_passes_complete=True)
[collector wgpu0] FINALIZED run_id=naive__stable_evo__s42 step=4410 -> KEPT(->kept/,FULL latest-slot)
[collector wgpu0] --once drained 2 checkpoint(s); exiting.
[cwgpu0] drained 2 checkpoint(s); GPU-pass backlog present -> skip d90, loop.
[collector wgpu0] --once drained 0 checkpoint(s); exiting.
[collector wgpu0] --once drained 0 checkpoint(s); exiting.
error    libmamba Could not set lock (Resource temporarily unavailable)
warning  libmamba Cannot lock '/home/r.dinnage/.cache/mamba/proc'
    Waiting for other mamba process to finish
[collector wgpu0] --once drained 0 checkpoint(s); exiting.
[collector wgpu0] --once drained 0 checkpoint(s); exiting.
error    libmamba Could not set lock (Resource temporarily unavailable)
warning  libmamba Cannot lock '/home/r.dinnage/.cache/mamba/proc'
    Waiting for other mamba process to finish
[extract] step=4422 SKIP heavy block block_interp (ordinal=884 basis=step_fallback heavy_every=8)
[extract] step=4422 SKIP heavy block block_probes (ordinal=884 basis=step_fallback heavy_every=8)
[extract] step=4422 heavy=FALSE total=17.36s | block_curvature=4.67 block_fitness=6.11
[collector wgpu0] gpu-pass DONE run_id=naive__stable_evo__s42 step=4422 blocks_ok=2 t=17.356s (all_passes_complete=True)
[collector wgpu0] FINALIZED run_id=naive__stable_evo__s42 step=4422 -> KEPT(->kept/,FULL latest-slot)
[collector wgpu0] --once drained 2 checkpoint(s); exiting.
[cwgpu0] drained 2 checkpoint(s); GPU-pass backlog present -> skip d90, loop.
[collector wgpu0] --once drained 0 checkpoint(s); exiting.
[collector wgpu0] --once drained 0 checkpoint(s); exiting.
error    libmamba Could not set lock (Resource temporarily unavailable)
warning  libmamba Cannot lock '/home/r.dinnage/.cache/mamba/proc'
    Waiting for other mamba process to finish
[collector wgpu0] --once drained 0 checkpoint(s); exiting.
[collector wgpu0] --once drained 0 checkpoint(s); exiting.
[collector wgpu0] --once drained 0 checkpoint(s); exiting.
[extract] step=4434 SKIP heavy block block_interp (ordinal=886 basis=step_fallback heavy_every=8)
[extract] step=4434 SKIP heavy block block_probes (ordinal=886 basis=step_fallback heavy_every=8)
[extract] step=4434 heavy=FALSE total=16.36s | block_curvature=4.67 block_fitness=6.10
[collector wgpu0] gpu-pass DONE run_id=naive__stable_evo__s42 step=4434 blocks_ok=2 t=16.364s (all_passes_complete=True)
[extract] step=4436 SKIP heavy block block_interp (ordinal=887 basis=step_fallback heavy_every=8)
[extract] step=4436 SKIP heavy block block_probes (ordinal=887 basis=step_fallback heavy_every=8)
[extract] step=4436 heavy=FALSE total=15.99s | block_curvature=4.60 block_fitness=5.54
[collector wgpu0] gpu-pass DONE run_id=naive__stable_evo__s42 step=4436 blocks_ok=2 t=15.995s (all_passes_complete=True)
[collector wgpu0] FINALIZED run_id=naive__stable_evo__s42 step=4436 -> KEPT(->kept/,FULL latest-slot)
[collector wgpu0] FINALIZED run_id=naive__stable_evo__s42 step=4434 -> deleted
[collector wgpu0] --once drained 4 checkpoint(s); exiting.
[cwgpu0] drained 4 checkpoint(s); GPU-pass backlog present -> skip d90, loop.
[collector wgpu0] --once drained 0 checkpoint(s); exiting.
[collector wgpu0] --once drained 0 checkpoint(s); exiting.
[collector wgpu0] --once drained 0 checkpoint(s); exiting.
[collector wgpu0] --once drained 0 checkpoint(s); exiting.
[collector wgpu0] --once drained 0 checkpoint(s); exiting.
[extract] step=4448 SKIP heavy block block_interp (ordinal=889 basis=step_fallback heavy_every=8)
[extract] step=4448 SKIP heavy block block_probes (ordinal=889 basis=step_fallback heavy_every=8)
[extract] step=4448 heavy=FALSE total=16.39s | block_curvature=4.67 block_fitness=6.01
[collector wgpu0] gpu-pass DONE run_id=naive__stable_evo__s42 step=4448 blocks_ok=2 t=16.394s (all_passes_complete=True)
[collector wgpu0] FINALIZED run_id=naive__stable_evo__s42 step=4448 -> KEPT(->kept/,FULL latest-slot)
[collector wgpu0] --once drained 2 checkpoint(s); exiting.
[cwgpu0] drained 2 checkpoint(s); GPU-pass backlog present -> skip d90, loop.
[collector wgpu0] --once drained 0 checkpoint(s); exiting.
[collector wgpu0] --once drained 0 checkpoint(s); exiting.
[collector wgpu0] --once drained 0 checkpoint(s); exiting.
[collector wgpu0] --once drained 0 checkpoint(s); exiting.
[extract] step=4460 SKIP heavy block block_interp (ordinal=892 basis=step_fallback heavy_every=8)
[extract] step=4460 SKIP heavy block block_probes (ordinal=892 basis=step_fallback heavy_every=8)
[extract] step=4460 heavy=FALSE total=15.98s | block_curvature=4.60 block_fitness=5.94
[collector wgpu0] gpu-pass DONE run_id=naive__stable_evo__s42 step=4460 blocks_ok=2 t=15.979s (all_passes_complete=True)
[collector wgpu0] FINALIZED run_id=naive__stable_evo__s42 step=4460 -> KEPT(->kept/,FULL latest-slot)
[collector wgpu0] --once drained 2 checkpoint(s); exiting.
[cwgpu0] drained 2 checkpoint(s); GPU-pass backlog present -> skip d90, loop.
[collector wgpu0] --once drained 0 checkpoint(s); exiting.
[collector wgpu0] --once drained 0 checkpoint(s); exiting.
[collector wgpu0] --once drained 0 checkpoint(s); exiting.
[collector wgpu0] --once drained 0 checkpoint(s); exiting.
[extract] step=4472 SKIP heavy block block_interp (ordinal=894 basis=step_fallback heavy_every=8)
[extract] step=4472 SKIP heavy block block_probes (ordinal=894 basis=step_fallback heavy_every=8)
[extract] step=4472 heavy=FALSE total=16.34s | block_curvature=4.66 block_fitness=6.12
[collector wgpu0] gpu-pass DONE run_id=naive__stable_evo__s42 step=4472 blocks_ok=2 t=16.338s (all_passes_complete=True)
[collector wgpu0] FINALIZED run_id=naive__stable_evo__s42 step=4472 -> KEPT(->kept/,FULL latest-slot)
[collector wgpu0] --once drained 2 checkpoint(s); exiting.
[cwgpu0] drained 2 checkpoint(s); GPU-pass backlog present -> skip d90, loop.
[collector wgpu0] --once drained 0 checkpoint(s); exiting.
[collector wgpu0] --once drained 0 checkpoint(s); exiting.
[collector wgpu0] --once drained 0 checkpoint(s); exiting.
[collector wgpu0] --once drained 0 checkpoint(s); exiting.
[collector wgpu0] --once drained 0 checkpoint(s); exiting.
[extract] step=4484 heavy=TRUE total=101.45s | block_curvature=4.64 block_interp=41.99 block_probes=43.12 block_fitness=6.43
[collector wgpu0] gpu-pass DONE run_id=naive__stable_evo__s42 step=4484 blocks_ok=4 t=101.449s (all_passes_complete=True)
[extract] step=4496 SKIP heavy block block_interp (ordinal=899 basis=step_fallback heavy_every=8)
[extract] step=4496 SKIP heavy block block_probes (ordinal=899 basis=step_fallback heavy_every=8)
[extract] step=4496 heavy=FALSE total=17.43s | block_curvature=5.25 block_fitness=5.55
[collector wgpu0] gpu-pass DONE run_id=naive__stable_evo__s42 step=4496 blocks_ok=2 t=17.434s (all_passes_complete=True)
[collector wgpu0] FINALIZED run_id=naive__stable_evo__s42 step=4484 -> deleted
[collector wgpu0] FINALIZED run_id=naive__stable_evo__s42 step=4496 -> KEPT(->kept/,FULL latest-slot)
[collector wgpu0] --once drained 4 checkpoint(s); exiting.
[cwgpu0] drained 4 checkpoint(s); GPU-pass backlog present -> skip d90, loop.
[collector wgpu0] --once drained 0 checkpoint(s); exiting.
[collector wgpu0] --once drained 0 checkpoint(s); exiting.
[collector wgpu0] --once drained 0 checkpoint(s); exiting.
[collector wgpu0] --once drained 0 checkpoint(s); exiting.
[collector wgpu0] --once drained 0 checkpoint(s); exiting.
[collector wgpu0] --once drained 0 checkpoint(s); exiting.
[collector wgpu0] --once drained 0 checkpoint(s); exiting.
[extract] step=4508 SKIP heavy block block_interp (ordinal=901 basis=step_fallback heavy_every=8)
[extract] step=4508 SKIP heavy block block_probes (ordinal=901 basis=step_fallback heavy_every=8)
[extract] step=4508 heavy=FALSE total=16.97s | block_curvature=5.15 block_fitness=6.24
[collector wgpu0] gpu-pass DONE run_id=naive__stable_evo__s42 step=4508 blocks_ok=2 t=16.971s (all_passes_complete=True)
[collector wgpu0] FINALIZED run_id=naive__stable_evo__s42 step=4508 -> KEPT(->kept/,FULL latest-slot)
[collector wgpu0] --once drained 2 checkpoint(s); exiting.
[cwgpu0] drained 2 checkpoint(s); GPU-pass backlog present -> skip d90, loop.
[collector wgpu0] --once drained 0 checkpoint(s); exiting.
[collector wgpu0] --once drained 0 checkpoint(s); exiting.
[collector wgpu0] --once drained 0 checkpoint(s); exiting.
[collector wgpu0] --once drained 0 checkpoint(s); exiting.
[extract] step=4520 heavy=TRUE total=96.75s | block_curvature=4.64 block_interp=42.10 block_probes=37.34 block_fitness=6.38
[collector wgpu0] gpu-pass DONE run_id=naive__stable_evo__s42 step=4520 blocks_ok=4 t=96.751s (all_passes_complete=True)
[collector wgpu0] FINALIZED run_id=naive__stable_evo__s42 step=4520 -> KEPT(->kept/,FULL latest-slot)
[collector wgpu0] --once drained 2 checkpoint(s); exiting.
[cwgpu0] drained 2 checkpoint(s); GPU-pass backlog present -> skip d90, loop.
[collector wgpu0] --once drained 0 checkpoint(s); exiting.
[extract] step=4532 SKIP heavy block block_interp (ordinal=906 basis=step_fallback heavy_every=8)
[extract] step=4532 SKIP heavy block block_probes (ordinal=906 basis=step_fallback heavy_every=8)
[extract] step=4532 heavy=FALSE total=16.42s | block_curvature=4.66 block_fitness=6.04
[collector wgpu0] gpu-pass DONE run_id=naive__stable_evo__s42 step=4532 blocks_ok=2 t=16.421s (all_passes_complete=True)
[collector wgpu0] FINALIZED run_id=naive__stable_evo__s42 step=4532 -> KEPT(->kept/,FULL latest-slot)
[collector wgpu0] --once drained 2 checkpoint(s); exiting.
[cwgpu0] drained 2 checkpoint(s); GPU-pass backlog present -> skip d90, loop.
[collector wgpu0] --once drained 0 checkpoint(s); exiting.
[collector wgpu0] --once drained 0 checkpoint(s); exiting.
[collector wgpu0] --once drained 0 checkpoint(s); exiting.
[collector wgpu0] --once drained 0 checkpoint(s); exiting.
[extract] step=4544 SKIP heavy block block_interp (ordinal=908 basis=step_fallback heavy_every=8)
[extract] step=4544 SKIP heavy block block_probes (ordinal=908 basis=step_fallback heavy_every=8)
[extract] step=4544 heavy=FALSE total=16.34s | block_curvature=4.65 block_fitness=6.08
[collector wgpu0] gpu-pass DONE run_id=naive__stable_evo__s42 step=4544 blocks_ok=2 t=16.341s (all_passes_complete=True)
[collector wgpu0] FINALIZED run_id=naive__stable_evo__s42 step=4544 -> KEPT(->kept/,FULL latest-slot)
[collector wgpu0] --once drained 2 checkpoint(s); exiting.
[cwgpu0] drained 2 checkpoint(s); GPU-pass backlog present -> skip d90, loop.
[collector wgpu0] --once drained 0 checkpoint(s); exiting.
[collector wgpu0] --once drained 0 checkpoint(s); exiting.
error    libmamba Could not set lock (Resource temporarily unavailable)
warning  libmamba Cannot lock '/home/r.dinnage/.cache/mamba/proc'
    Waiting for other mamba process to finish
[collector wgpu0] --once drained 0 checkpoint(s); exiting.
[collector wgpu0] --once drained 0 checkpoint(s); exiting.
[extract] step=4556 SKIP heavy block block_interp (ordinal=911 basis=step_fallback heavy_every=8)
[extract] step=4556 SKIP heavy block block_probes (ordinal=911 basis=step_fallback heavy_every=8)
[extract] step=4556 heavy=FALSE total=16.48s | block_curvature=4.64 block_fitness=6.11
[collector wgpu0] gpu-pass DONE run_id=naive__stable_evo__s42 step=4556 blocks_ok=2 t=16.484s (all_passes_complete=True)
[collector wgpu0] FINALIZED run_id=naive__stable_evo__s42 step=4556 -> KEPT(->kept/,FULL latest-slot)
[collector wgpu0] --once drained 2 checkpoint(s); exiting.
[cwgpu0] drained 2 checkpoint(s); GPU-pass backlog present -> skip d90, loop.
[collector wgpu0] --once drained 0 checkpoint(s); exiting.
[collector wgpu0] --once drained 0 checkpoint(s); exiting.
[collector wgpu0] --once drained 0 checkpoint(s); exiting.
[collector wgpu0] --once drained 0 checkpoint(s); exiting.
[collector wgpu0] --once drained 0 checkpoint(s); exiting.
[extract] step=4568 SKIP heavy block block_interp (ordinal=913 basis=step_fallback heavy_every=8)
[extract] step=4568 SKIP heavy block block_probes (ordinal=913 basis=step_fallback heavy_every=8)
[extract] step=4568 heavy=FALSE total=16.35s | block_curvature=4.67 block_fitness=6.10
[collector wgpu0] gpu-pass DONE run_id=naive__stable_evo__s42 step=4568 blocks_ok=2 t=16.349s (all_passes_complete=True)
[collector wgpu0] FINALIZED run_id=naive__stable_evo__s42 step=4568 -> KEPT(->kept/,FULL latest-slot)
[collector wgpu0] --once drained 2 checkpoint(s); exiting.
[cwgpu0] drained 2 checkpoint(s); GPU-pass backlog present -> skip d90, loop.
[collector wgpu0] --once drained 0 checkpoint(s); exiting.
[collector wgpu0] --once drained 0 checkpoint(s); exiting.
[collector wgpu0] --once drained 0 checkpoint(s); exiting.
[collector wgpu0] --once drained 0 checkpoint(s); exiting.
[extract] step=4580 SKIP heavy block block_interp (ordinal=916 basis=step_fallback heavy_every=8)
[extract] step=4580 SKIP heavy block block_probes (ordinal=916 basis=step_fallback heavy_every=8)
[extract] step=4580 heavy=FALSE total=16.45s | block_curvature=4.66 block_fitness=6.11
[collector wgpu0] gpu-pass DONE run_id=naive__stable_evo__s42 step=4580 blocks_ok=2 t=16.447s (all_passes_complete=True)
[collector wgpu0] FINALIZED run_id=naive__stable_evo__s42 step=4580 -> KEPT(->kept/,FULL latest-slot)
[collector wgpu0] --once drained 2 checkpoint(s); exiting.
[cwgpu0] drained 2 checkpoint(s); GPU-pass backlog present -> skip d90, loop.
[collector wgpu0] --once drained 0 checkpoint(s); exiting.
[collector wgpu0] --once drained 0 checkpoint(s); exiting.
[collector wgpu0] --once drained 0 checkpoint(s); exiting.
[collector wgpu0] --once drained 0 checkpoint(s); exiting.
[extract] step=4592 SKIP heavy block block_interp (ordinal=918 basis=step_fallback heavy_every=8)
[extract] step=4592 SKIP heavy block block_probes (ordinal=918 basis=step_fallback heavy_every=8)
[extract] step=4592 heavy=FALSE total=16.39s | block_curvature=4.61 block_fitness=6.03
[collector wgpu0] gpu-pass DONE run_id=naive__stable_evo__s42 step=4592 blocks_ok=2 t=16.392s (all_passes_complete=True)
[collector wgpu0] FINALIZED run_id=naive__stable_evo__s42 step=4592 -> KEPT(->kept/,FULL latest-slot)
[collector wgpu0] --once drained 2 checkpoint(s); exiting.
[cwgpu0] drained 2 checkpoint(s); GPU-pass backlog present -> skip d90, loop.
[collector wgpu0] --once drained 0 checkpoint(s); exiting.
[collector wgpu0] --once drained 0 checkpoint(s); exiting.
[collector wgpu0] --once drained 0 checkpoint(s); exiting.
[collector wgpu0] --once drained 0 checkpoint(s); exiting.
error    libmamba Could not set lock (Resource temporarily unavailable)
warning  libmamba Cannot lock '/home/r.dinnage/.cache/mamba/proc'
    Waiting for other mamba process to finish
[collector wgpu0] --once drained 0 checkpoint(s); exiting.
error    libmamba Could not set lock (Resource temporarily unavailable)
warning  libmamba Cannot lock '/home/r.dinnage/.cache/mamba/proc'
    Waiting for other mamba process to finish
[collector wgpu0] --once drained 0 checkpoint(s); exiting.
[collector wgpu0] --once drained 0 checkpoint(s); exiting.
error    libmamba Could not set lock (Resource temporarily unavailable)
warning  libmamba Cannot lock '/home/r.dinnage/.cache/mamba/proc'
    Waiting for other mamba process to finish
[extract] step=4604 heavy=TRUE total=101.84s | block_curvature=4.64 block_interp=42.01 block_probes=43.69 block_fitness=6.10
[collector wgpu0] gpu-pass DONE run_id=naive__stable_evo__s42 step=4604 blocks_ok=4 t=101.842s (all_passes_complete=True)
[collector wgpu0] FINALIZED run_id=naive__stable_evo__s42 step=4604 -> deleted
[collector wgpu0] --once drained 2 checkpoint(s); exiting.
error    libmamba Could not set lock (Resource temporarily unavailable)
warning  libmamba Cannot lock '/home/r.dinnage/.cache/mamba/proc'
    Waiting for other mamba process to finish
[cwgpu0] drained 2 checkpoint(s); GPU-pass backlog present -> skip d90, loop.
[extract] step=4616 SKIP heavy block block_interp (ordinal=923 basis=step_fallback heavy_every=8)
[extract] step=4616 SKIP heavy block block_probes (ordinal=923 basis=step_fallback heavy_every=8)
[extract] step=4616 heavy=FALSE total=16.29s | block_curvature=4.65 block_fitness=6.05
[collector wgpu0] gpu-pass DONE run_id=naive__stable_evo__s42 step=4616 blocks_ok=2 t=16.291s (all_passes_complete=True)
[collector wgpu0] FINALIZED run_id=naive__stable_evo__s42 step=4616 -> KEPT(->kept/,FULL latest-slot)
[collector wgpu0] --once drained 2 checkpoint(s); exiting.
[cwgpu0] drained 2 checkpoint(s); GPU-pass backlog present -> skip d90, loop.
[collector wgpu0] --once drained 0 checkpoint(s); exiting.
[collector wgpu0] --once drained 0 checkpoint(s); exiting.
[collector wgpu0] --once drained 0 checkpoint(s); exiting.
error    libmamba Could not set lock (Resource temporarily unavailable)
warning  libmamba Cannot lock '/home/r.dinnage/.cache/mamba/proc'
    Waiting for other mamba process to finish
[collector wgpu0] --once drained 0 checkpoint(s); exiting.
[collector wgpu0] --once drained 0 checkpoint(s); exiting.
[extract] step=4628 SKIP heavy block block_interp (ordinal=925 basis=step_fallback heavy_every=8)
[extract] step=4628 SKIP heavy block block_probes (ordinal=925 basis=step_fallback heavy_every=8)
[extract] step=4628 heavy=FALSE total=16.24s | block_curvature=4.63 block_fitness=6.00
[collector wgpu0] gpu-pass DONE run_id=naive__stable_evo__s42 step=4628 blocks_ok=2 t=16.239s (all_passes_complete=True)
[collector wgpu0] FINALIZED run_id=naive__stable_evo__s42 step=4628 -> KEPT(->kept/,FULL latest-slot)
[collector wgpu0] --once drained 2 checkpoint(s); exiting.
[cwgpu0] drained 2 checkpoint(s); GPU-pass backlog present -> skip d90, loop.
[collector wgpu0] --once drained 0 checkpoint(s); exiting.
error    libmamba Could not set lock (Resource temporarily unavailable)
warning  libmamba Cannot lock '/home/r.dinnage/.cache/mamba/proc'
    Waiting for other mamba process to finish
[collector wgpu0] --once drained 0 checkpoint(s); exiting.
[collector wgpu0] --once drained 0 checkpoint(s); exiting.
[collector wgpu0] --once drained 0 checkpoint(s); exiting.
[extract] step=4640 heavy=TRUE total=95.41s | block_curvature=4.67 block_interp=41.59 block_probes=36.26 block_fitness=7.51
[collector wgpu0] gpu-pass DONE run_id=naive__stable_evo__s42 step=4640 blocks_ok=4 t=95.407s (all_passes_complete=True)
[collector wgpu0] FINALIZED run_id=naive__stable_evo__s42 step=4640 -> deleted
[collector wgpu0] --once drained 2 checkpoint(s); exiting.
error    libmamba Could not set lock (Resource temporarily unavailable)
warning  libmamba Cannot lock '/home/r.dinnage/.cache/mamba/proc'
    Waiting for other mamba process to finish
[cwgpu0] drained 2 checkpoint(s); GPU-pass backlog present -> skip d90, loop.
[collector wgpu0] --once drained 0 checkpoint(s); exiting.
[extract] step=4652 SKIP heavy block block_interp (ordinal=930 basis=step_fallback heavy_every=8)
[extract] step=4652 SKIP heavy block block_probes (ordinal=930 basis=step_fallback heavy_every=8)
[extract] step=4652 heavy=FALSE total=16.42s | block_curvature=4.66 block_fitness=6.08
[collector wgpu0] gpu-pass DONE run_id=naive__stable_evo__s42 step=4652 blocks_ok=2 t=16.416s (all_passes_complete=True)
[collector wgpu0] FINALIZED run_id=naive__stable_evo__s42 step=4652 -> KEPT(->kept/,FULL latest-slot)
[collector wgpu0] --once drained 2 checkpoint(s); exiting.
[cwgpu0] drained 2 checkpoint(s); GPU-pass backlog present -> skip d90, loop.
[collector wgpu0] --once drained 0 checkpoint(s); exiting.
[collector wgpu0] --once drained 0 checkpoint(s); exiting.
[collector wgpu0] --once drained 0 checkpoint(s); exiting.
[collector wgpu0] --once drained 0 checkpoint(s); exiting.
[extract] step=4664 SKIP heavy block block_interp (ordinal=932 basis=step_fallback heavy_every=8)
[extract] step=4664 SKIP heavy block block_probes (ordinal=932 basis=step_fallback heavy_every=8)
[extract] step=4664 heavy=FALSE total=16.62s | block_curvature=4.71 block_fitness=6.20
[collector wgpu0] gpu-pass DONE run_id=naive__stable_evo__s42 step=4664 blocks_ok=2 t=16.622s (all_passes_complete=True)
[collector wgpu0] FINALIZED run_id=naive__stable_evo__s42 step=4664 -> KEPT(->kept/,FULL latest-slot)
[collector wgpu0] --once drained 2 checkpoint(s); exiting.
[cwgpu0] drained 2 checkpoint(s); GPU-pass backlog present -> skip d90, loop.
[collector wgpu0] --once drained 0 checkpoint(s); exiting.
error    libmamba Could not set lock (Resource temporarily unavailable)
warning  libmamba Cannot lock '/home/r.dinnage/.cache/mamba/proc'
    Waiting for other mamba process to finish
[collector wgpu0] --once drained 0 checkpoint(s); exiting.
[collector wgpu0] --once drained 0 checkpoint(s); exiting.
error    libmamba Could not set lock (Resource temporarily unavailable)
warning  libmamba Cannot lock '/home/r.dinnage/.cache/mamba/proc'
    Waiting for other mamba process to finish
[collector wgpu0] --once drained 0 checkpoint(s); exiting.
[extract] step=4676 SKIP heavy block block_interp (ordinal=935 basis=step_fallback heavy_every=8)
[extract] step=4676 SKIP heavy block block_probes (ordinal=935 basis=step_fallback heavy_every=8)
[extract] step=4676 heavy=FALSE total=16.55s | block_curvature=4.64 block_fitness=6.08
[collector wgpu0] gpu-pass DONE run_id=naive__stable_evo__s42 step=4676 blocks_ok=2 t=16.548s (all_passes_complete=True)
[collector wgpu0] FINALIZED run_id=naive__stable_evo__s42 step=4676 -> KEPT(->kept/,FULL latest-slot)
[collector wgpu0] --once drained 2 checkpoint(s); exiting.
[cwgpu0] drained 2 checkpoint(s); GPU-pass backlog present -> skip d90, loop.
[collector wgpu0] --once drained 0 checkpoint(s); exiting.
[collector wgpu0] --once drained 0 checkpoint(s); exiting.
[collector wgpu0] --once drained 0 checkpoint(s); exiting.
[collector wgpu0] --once drained 0 checkpoint(s); exiting.
[extract] step=4688 SKIP heavy block block_interp (ordinal=937 basis=step_fallback heavy_every=8)
[extract] step=4688 SKIP heavy block block_probes (ordinal=937 basis=step_fallback heavy_every=8)
[extract] step=4688 heavy=FALSE total=17.05s | block_curvature=4.63 block_fitness=5.90
[collector wgpu0] gpu-pass DONE run_id=naive__stable_evo__s42 step=4688 blocks_ok=2 t=17.045s (all_passes_complete=True)
[collector wgpu0] FINALIZED run_id=naive__stable_evo__s42 step=4688 -> KEPT(->kept/,FULL latest-slot)
[collector wgpu0] --once drained 2 checkpoint(s); exiting.
[cwgpu0] drained 2 checkpoint(s); GPU-pass backlog present -> skip d90, loop.
[collector wgpu0] --once drained 0 checkpoint(s); exiting.
[collector wgpu0] --once drained 0 checkpoint(s); exiting.
[collector wgpu0] --once drained 0 checkpoint(s); exiting.
[collector wgpu0] --once drained 0 checkpoint(s); exiting.
[collector wgpu0] --once drained 0 checkpoint(s); exiting.
[extract] step=4700 SKIP heavy block block_interp (ordinal=940 basis=step_fallback heavy_every=8)
[extract] step=4700 SKIP heavy block block_probes (ordinal=940 basis=step_fallback heavy_every=8)
[extract] step=4700 heavy=FALSE total=16.44s | block_curvature=4.63 block_fitness=6.07
[collector wgpu0] gpu-pass DONE run_id=naive__stable_evo__s42 step=4700 blocks_ok=2 t=16.443s (all_passes_complete=True)
[collector wgpu0] FINALIZED run_id=naive__stable_evo__s42 step=4700 -> KEPT(->kept/,FULL latest-slot)
[collector wgpu0] --once drained 2 checkpoint(s); exiting.
[cwgpu0] drained 2 checkpoint(s); GPU-pass backlog present -> skip d90, loop.
[collector wgpu0] --once drained 0 checkpoint(s); exiting.
[collector wgpu0] --once drained 0 checkpoint(s); exiting.
[collector wgpu0] --once drained 0 checkpoint(s); exiting.
[collector wgpu0] --once drained 0 checkpoint(s); exiting.
error    libmamba Could not set lock (Resource temporarily unavailable)
warning  libmamba Cannot lock '/home/r.dinnage/.cache/mamba/proc'
    Waiting for other mamba process to finish
[collector wgpu0] --once drained 0 checkpoint(s); exiting.
[collector wgpu0] --once drained 0 checkpoint(s); exiting.
[collector wgpu0] --once drained 0 checkpoint(s); exiting.
[extract] step=4712 SKIP heavy block block_interp (ordinal=942 basis=step_fallback heavy_every=8)
[extract] step=4712 SKIP heavy block block_probes (ordinal=942 basis=step_fallback heavy_every=8)
[extract] step=4712 heavy=FALSE total=16.50s | block_curvature=4.69 block_fitness=6.11
[collector wgpu0] gpu-pass DONE run_id=naive__stable_evo__s42 step=4712 blocks_ok=2 t=16.499s (all_passes_complete=True)
[extract] step=4714 SKIP heavy block block_interp (ordinal=942 basis=step_fallback heavy_every=8)
[extract] step=4714 SKIP heavy block block_probes (ordinal=942 basis=step_fallback heavy_every=8)
[extract] step=4714 heavy=FALSE total=16.23s | block_curvature=4.58 block_fitness=5.49
[collector wgpu0] gpu-pass DONE run_id=naive__stable_evo__s42 step=4714 blocks_ok=2 t=16.231s (all_passes_complete=True)
[collector wgpu0] FINALIZED run_id=naive__stable_evo__s42 step=4714 -> KEPT(->kept/,FULL latest-slot)
[collector wgpu0] FINALIZED run_id=naive__stable_evo__s42 step=4712 -> deleted
[collector wgpu0] --once drained 4 checkpoint(s); exiting.
[cwgpu0] drained 4 checkpoint(s); GPU-pass backlog present -> skip d90, loop.
[collector wgpu0] --once drained 0 checkpoint(s); exiting.
[collector wgpu0] --once drained 0 checkpoint(s); exiting.
[collector wgpu0] --once drained 0 checkpoint(s); exiting.
[collector wgpu0] --once drained 0 checkpoint(s); exiting.
[collector wgpu0] --once drained 0 checkpoint(s); exiting.
[extract] step=4726 SKIP heavy block block_interp (ordinal=945 basis=step_fallback heavy_every=8)
[extract] step=4726 SKIP heavy block block_probes (ordinal=945 basis=step_fallback heavy_every=8)
[extract] step=4726 heavy=FALSE total=16.52s | block_curvature=4.66 block_fitness=6.17
[collector wgpu0] gpu-pass DONE run_id=naive__stable_evo__s42 step=4726 blocks_ok=2 t=16.525s (all_passes_complete=True)
[collector wgpu0] FINALIZED run_id=naive__stable_evo__s42 step=4726 -> KEPT(->kept/,FULL latest-slot)
[collector wgpu0] --once drained 2 checkpoint(s); exiting.
[cwgpu0] drained 2 checkpoint(s); GPU-pass backlog present -> skip d90, loop.
[collector wgpu0] --once drained 0 checkpoint(s); exiting.
[collector wgpu0] --once drained 0 checkpoint(s); exiting.
[collector wgpu0] --once drained 0 checkpoint(s); exiting.
[collector wgpu0] --once drained 0 checkpoint(s); exiting.
[extract] step=4738 SKIP heavy block block_interp (ordinal=947 basis=step_fallback heavy_every=8)
[extract] step=4738 SKIP heavy block block_probes (ordinal=947 basis=step_fallback heavy_every=8)
[extract] step=4738 heavy=FALSE total=16.25s | block_curvature=4.64 block_fitness=5.96
[collector wgpu0] gpu-pass DONE run_id=naive__stable_evo__s42 step=4738 blocks_ok=2 t=16.25s (all_passes_complete=True)
[collector wgpu0] FINALIZED run_id=naive__stable_evo__s42 step=4738 -> KEPT(->kept/,FULL latest-slot)
[collector wgpu0] --once drained 2 checkpoint(s); exiting.
[cwgpu0] drained 2 checkpoint(s); GPU-pass backlog present -> skip d90, loop.
[collector wgpu0] --once drained 0 checkpoint(s); exiting.
[collector wgpu0] --once drained 0 checkpoint(s); exiting.
[collector wgpu0] --once drained 0 checkpoint(s); exiting.
[collector wgpu0] --once drained 0 checkpoint(s); exiting.
[extract] step=4750 SKIP heavy block block_interp (ordinal=950 basis=step_fallback heavy_every=8)
[extract] step=4750 SKIP heavy block block_probes (ordinal=950 basis=step_fallback heavy_every=8)
[extract] step=4750 heavy=FALSE total=16.30s | block_curvature=4.64 block_fitness=6.06
[collector wgpu0] gpu-pass DONE run_id=naive__stable_evo__s42 step=4750 blocks_ok=2 t=16.303s (all_passes_complete=True)
[collector wgpu0] FINALIZED run_id=naive__stable_evo__s42 step=4750 -> KEPT(->kept/,FULL latest-slot)
[collector wgpu0] --once drained 2 checkpoint(s); exiting.
error    libmamba Could not set lock (Resource temporarily unavailable)
warning  libmamba Cannot lock '/home/r.dinnage/.cache/mamba/proc'
    Waiting for other mamba process to finish
[cwgpu0] drained 2 checkpoint(s); GPU-pass backlog present -> skip d90, loop.
[collector wgpu0] --once drained 0 checkpoint(s); exiting.
[collector wgpu0] --once drained 0 checkpoint(s); exiting.
[collector wgpu0] --once drained 0 checkpoint(s); exiting.
[collector wgpu0] --once drained 0 checkpoint(s); exiting.
[collector wgpu0] --once drained 0 checkpoint(s); exiting.
[extract] step=4762 heavy=TRUE total=102.38s | block_curvature=4.66 block_interp=42.21 block_probes=43.95 block_fitness=6.14
[collector wgpu0] gpu-pass DONE run_id=naive__stable_evo__s42 step=4762 blocks_ok=4 t=102.379s (all_passes_complete=True)
[extract] step=4774 SKIP heavy block block_interp (ordinal=954 basis=step_fallback heavy_every=8)
[extract] step=4774 SKIP heavy block block_probes (ordinal=954 basis=step_fallback heavy_every=8)
[extract] step=4774 heavy=FALSE total=16.38s | block_curvature=5.12 block_fitness=5.45
[collector wgpu0] gpu-pass DONE run_id=naive__stable_evo__s42 step=4774 blocks_ok=2 t=16.379s (all_passes_complete=True)
[collector wgpu0] FINALIZED run_id=naive__stable_evo__s42 step=4762 -> deleted
[collector wgpu0] FINALIZED run_id=naive__stable_evo__s42 step=4774 -> KEPT(->kept/,FULL latest-slot)
[collector wgpu0] --once drained 4 checkpoint(s); exiting.
[cwgpu0] drained 4 checkpoint(s); GPU-pass backlog present -> skip d90, loop.
[collector wgpu0] --once drained 0 checkpoint(s); exiting.
[collector wgpu0] --once drained 0 checkpoint(s); exiting.
[collector wgpu0] --once drained 0 checkpoint(s); exiting.
[collector wgpu0] --once drained 0 checkpoint(s); exiting.
[collector wgpu0] --once drained 0 checkpoint(s); exiting.
[extract] step=4786 SKIP heavy block block_interp (ordinal=957 basis=step_fallback heavy_every=8)
[extract] step=4786 SKIP heavy block block_probes (ordinal=957 basis=step_fallback heavy_every=8)
[extract] step=4786 heavy=FALSE total=16.53s | block_curvature=4.67 block_fitness=6.16
[collector wgpu0] gpu-pass DONE run_id=naive__stable_evo__s42 step=4786 blocks_ok=2 t=16.535s (all_passes_complete=True)
[collector wgpu0] FINALIZED run_id=naive__stable_evo__s42 step=4786 -> KEPT(->kept/,FULL latest-slot)
[collector wgpu0] --once drained 2 checkpoint(s); exiting.
[cwgpu0] drained 2 checkpoint(s); GPU-pass backlog present -> skip d90, loop.
[collector wgpu0] --once drained 0 checkpoint(s); exiting.
[collector wgpu0] --once drained 0 checkpoint(s); exiting.
[collector wgpu0] --once drained 0 checkpoint(s); exiting.
[collector wgpu0] --once drained 0 checkpoint(s); exiting.
[extract] step=4798 SKIP heavy block block_interp (ordinal=959 basis=step_fallback heavy_every=8)
[extract] step=4798 SKIP heavy block block_probes (ordinal=959 basis=step_fallback heavy_every=8)
[extract] step=4798 heavy=FALSE total=16.46s | block_curvature=4.65 block_fitness=6.07
[collector wgpu0] gpu-pass DONE run_id=naive__stable_evo__s42 step=4798 blocks_ok=2 t=16.464s (all_passes_complete=True)
[collector wgpu0] FINALIZED run_id=naive__stable_evo__s42 step=4798 -> KEPT(->kept/,FULL latest-slot)
[collector wgpu0] --once drained 2 checkpoint(s); exiting.
[cwgpu0] drained 2 checkpoint(s); GPU-pass backlog present -> skip d90, loop.
[collector wgpu0] --once drained 0 checkpoint(s); exiting.
[collector wgpu0] --once drained 0 checkpoint(s); exiting.
[collector wgpu0] --once drained 0 checkpoint(s); exiting.
[collector wgpu0] --once drained 0 checkpoint(s); exiting.
[collector wgpu0] --once drained 0 checkpoint(s); exiting.
[collector wgpu0] --once drained 0 checkpoint(s); exiting.
[collector wgpu0] --once drained 0 checkpoint(s); exiting.
[extract] step=4810 SKIP heavy block block_interp (ordinal=962 basis=step_fallback heavy_every=8)
[extract] step=4810 SKIP heavy block block_probes (ordinal=962 basis=step_fallback heavy_every=8)
[extract] step=4810 heavy=FALSE total=16.44s | block_curvature=4.63 block_fitness=6.05
[collector wgpu0] gpu-pass DONE run_id=naive__stable_evo__s42 step=4810 blocks_ok=2 t=16.435s (all_passes_complete=True)
[collector wgpu0] FINALIZED run_id=naive__stable_evo__s42 step=4810 -> KEPT(->kept/,FULL latest-slot)
[collector wgpu0] --once drained 2 checkpoint(s); exiting.
[cwgpu0] drained 2 checkpoint(s); GPU-pass backlog present -> skip d90, loop.
[collector wgpu0] --once drained 0 checkpoint(s); exiting.
error    libmamba Could not set lock (Resource temporarily unavailable)
warning  libmamba Cannot lock '/home/r.dinnage/.cache/mamba/proc'
    Waiting for other mamba process to finish
[collector wgpu0] --once drained 0 checkpoint(s); exiting.
error    libmamba Could not set lock (Resource temporarily unavailable)
warning  libmamba Cannot lock '/home/r.dinnage/.cache/mamba/proc'
    Waiting for other mamba process to finish
[collector wgpu0] --once drained 0 checkpoint(s); exiting.
[collector wgpu0] --once drained 0 checkpoint(s); exiting.
[extract] step=4822 SKIP heavy block block_interp (ordinal=964 basis=step_fallback heavy_every=8)
[extract] step=4822 SKIP heavy block block_probes (ordinal=964 basis=step_fallback heavy_every=8)
[extract] step=4822 heavy=FALSE total=18.51s | block_curvature=5.45 block_fitness=6.23
[collector wgpu0] gpu-pass DONE run_id=naive__stable_evo__s42 step=4822 blocks_ok=2 t=18.509s (all_passes_complete=True)
[collector wgpu0] FINALIZED run_id=naive__stable_evo__s42 step=4822 -> KEPT(->kept/,FULL latest-slot)
[collector wgpu0] --once drained 2 checkpoint(s); exiting.
[cwgpu0] drained 2 checkpoint(s); GPU-pass backlog present -> skip d90, loop.
[collector wgpu0] --once drained 0 checkpoint(s); exiting.
[collector wgpu0] --once drained 0 checkpoint(s); exiting.
[collector wgpu0] --once drained 0 checkpoint(s); exiting.
error    libmamba Could not set lock (Resource temporarily unavailable)
warning  libmamba Cannot lock '/home/r.dinnage/.cache/mamba/proc'
    Waiting for other mamba process to finish
[collector wgpu0] --once drained 0 checkpoint(s); exiting.
[collector wgpu0] --once drained 0 checkpoint(s); exiting.
[extract] step=4834 SKIP heavy block block_interp (ordinal=966 basis=step_fallback heavy_every=8)
[extract] step=4834 SKIP heavy block block_probes (ordinal=966 basis=step_fallback heavy_every=8)
[extract] step=4834 heavy=FALSE total=16.61s | block_curvature=4.68 block_fitness=6.15
[collector wgpu0] gpu-pass DONE run_id=naive__stable_evo__s42 step=4834 blocks_ok=2 t=16.606s (all_passes_complete=True)
[collector wgpu0] FINALIZED run_id=naive__stable_evo__s42 step=4834 -> KEPT(->kept/,FULL latest-slot)
[collector wgpu0] --once drained 2 checkpoint(s); exiting.
[cwgpu0] drained 2 checkpoint(s); GPU-pass backlog present -> skip d90, loop.
[collector wgpu0] --once drained 0 checkpoint(s); exiting.
[collector wgpu0] --once drained 0 checkpoint(s); exiting.
[collector wgpu0] --once drained 0 checkpoint(s); exiting.
[collector wgpu0] --once drained 0 checkpoint(s); exiting.
[extract] step=4846 SKIP heavy block block_interp (ordinal=969 basis=step_fallback heavy_every=8)
[extract] step=4846 SKIP heavy block block_probes (ordinal=969 basis=step_fallback heavy_every=8)
[extract] step=4846 heavy=FALSE total=16.66s | block_curvature=4.64 block_fitness=6.13
[collector wgpu0] gpu-pass DONE run_id=naive__stable_evo__s42 step=4846 blocks_ok=2 t=16.656s (all_passes_complete=True)
[collector wgpu0] FINALIZED run_id=naive__stable_evo__s42 step=4846 -> KEPT(->kept/,FULL latest-slot)
[collector wgpu0] --once drained 2 checkpoint(s); exiting.
[cwgpu0] drained 2 checkpoint(s); GPU-pass backlog present -> skip d90, loop.
[collector wgpu0] --once drained 0 checkpoint(s); exiting.
[collector wgpu0] --once drained 0 checkpoint(s); exiting.
[collector wgpu0] --once drained 0 checkpoint(s); exiting.
[collector wgpu0] --once drained 0 checkpoint(s); exiting.
error    libmamba Could not set lock (Resource temporarily unavailable)
warning  libmamba Cannot lock '/home/r.dinnage/.cache/mamba/proc'
    Waiting for other mamba process to finish
[extract] step=4858 SKIP heavy block block_interp (ordinal=971 basis=step_fallback heavy_every=8)
[extract] step=4858 SKIP heavy block block_probes (ordinal=971 basis=step_fallback heavy_every=8)
[extract] step=4858 heavy=FALSE total=16.52s | block_curvature=4.66 block_fitness=6.00
[collector wgpu0] gpu-pass DONE run_id=naive__stable_evo__s42 step=4858 blocks_ok=2 t=16.521s (all_passes_complete=True)
[collector wgpu0] FINALIZED run_id=naive__stable_evo__s42 step=4858 -> KEPT(->kept/,FULL latest-slot)
[collector wgpu0] --once drained 2 checkpoint(s); exiting.
[cwgpu0] drained 2 checkpoint(s); GPU-pass backlog present -> skip d90, loop.
[collector wgpu0] --once drained 0 checkpoint(s); exiting.
[collector wgpu0] --once drained 0 checkpoint(s); exiting.
[collector wgpu0] --once drained 0 checkpoint(s); exiting.
[collector wgpu0] --once drained 0 checkpoint(s); exiting.
error    libmamba Could not set lock (Resource temporarily unavailable)
warning  libmamba Cannot lock '/home/r.dinnage/.cache/mamba/proc'
    Waiting for other mamba process to finish
[extract] step=4870 SKIP heavy block block_interp (ordinal=974 basis=step_fallback heavy_every=8)
[extract] step=4870 SKIP heavy block block_probes (ordinal=974 basis=step_fallback heavy_every=8)
[extract] step=4870 heavy=FALSE total=17.60s | block_curvature=4.64 block_fitness=6.09
[collector wgpu0] gpu-pass DONE run_id=naive__stable_evo__s42 step=4870 blocks_ok=2 t=17.597s (all_passes_complete=True)
[collector wgpu0] FINALIZED run_id=naive__stable_evo__s42 step=4870 -> KEPT(->kept/,FULL latest-slot)
[collector wgpu0] --once drained 2 checkpoint(s); exiting.
[cwgpu0] drained 2 checkpoint(s); GPU-pass backlog present -> skip d90, loop.
[collector wgpu0] --once drained 0 checkpoint(s); exiting.
error    libmamba Could not set lock (Resource temporarily unavailable)
warning  libmamba Cannot lock '/home/r.dinnage/.cache/mamba/proc'
    Waiting for other mamba process to finish
[collector wgpu0] --once drained 0 checkpoint(s); exiting.
error    libmamba Could not set lock (Resource temporarily unavailable)
warning  libmamba Cannot lock '/home/r.dinnage/.cache/mamba/proc'
    Waiting for other mamba process to finish
[collector wgpu0] --once drained 0 checkpoint(s); exiting.
[collector wgpu0] --once drained 0 checkpoint(s); exiting.
[extract] step=4882 heavy=TRUE total=97.49s | block_curvature=4.85 block_interp=42.22 block_probes=36.99 block_fitness=7.09
[collector wgpu0] gpu-pass DONE run_id=naive__stable_evo__s42 step=4882 blocks_ok=4 t=97.489s (all_passes_complete=True)
[collector wgpu0] FINALIZED run_id=naive__stable_evo__s42 step=4882 -> KEPT(->kept/,FULL latest-slot)
[collector wgpu0] --once drained 2 checkpoint(s); exiting.
[cwgpu0] drained 2 checkpoint(s); GPU-pass backlog present -> skip d90, loop.
[collector wgpu0] --once drained 0 checkpoint(s); exiting.
[extract] step=4894 SKIP heavy block block_interp (ordinal=978 basis=step_fallback heavy_every=8)
[extract] step=4894 SKIP heavy block block_probes (ordinal=978 basis=step_fallback heavy_every=8)
[extract] step=4894 heavy=FALSE total=16.76s | block_curvature=4.81 block_fitness=6.20
[collector wgpu0] gpu-pass DONE run_id=naive__stable_evo__s42 step=4894 blocks_ok=2 t=16.758s (all_passes_complete=True)
[collector wgpu0] FINALIZED run_id=naive__stable_evo__s42 step=4894 -> KEPT(->kept/,FULL latest-slot)
[collector wgpu0] --once drained 2 checkpoint(s); exiting.
[cwgpu0] drained 2 checkpoint(s); GPU-pass backlog present -> skip d90, loop.
[collector wgpu0] --once drained 0 checkpoint(s); exiting.
[collector wgpu0] --once drained 0 checkpoint(s); exiting.
[collector wgpu0] --once drained 0 checkpoint(s); exiting.
[collector wgpu0] --once drained 0 checkpoint(s); exiting.
[collector wgpu0] --once drained 0 checkpoint(s); exiting.
[collector wgpu0] --once drained 0 checkpoint(s); exiting.
[collector wgpu0] --once drained 0 checkpoint(s); exiting.
[extract] step=4906 SKIP heavy block block_interp (ordinal=981 basis=step_fallback heavy_every=8)
[extract] step=4906 SKIP heavy block block_probes (ordinal=981 basis=step_fallback heavy_every=8)
[extract] step=4906 heavy=FALSE total=16.64s | block_curvature=4.67 block_fitness=6.12
[collector wgpu0] gpu-pass DONE run_id=naive__stable_evo__s42 step=4906 blocks_ok=2 t=16.639s (all_passes_complete=True)
[collector wgpu0] FINALIZED run_id=naive__stable_evo__s42 step=4906 -> KEPT(->kept/,FULL latest-slot)
[collector wgpu0] --once drained 2 checkpoint(s); exiting.
[cwgpu0] drained 2 checkpoint(s); GPU-pass backlog present -> skip d90, loop.
[collector wgpu0] --once drained 0 checkpoint(s); exiting.
[collector wgpu0] --once drained 0 checkpoint(s); exiting.
[collector wgpu0] --once drained 0 checkpoint(s); exiting.
[collector wgpu0] --once drained 0 checkpoint(s); exiting.
[extract] step=4918 SKIP heavy block block_interp (ordinal=983 basis=step_fallback heavy_every=8)
[extract] step=4918 SKIP heavy block block_probes (ordinal=983 basis=step_fallback heavy_every=8)
[extract] step=4918 heavy=FALSE total=16.37s | block_curvature=4.65 block_fitness=6.05
[collector wgpu0] gpu-pass DONE run_id=naive__stable_evo__s42 step=4918 blocks_ok=2 t=16.367s (all_passes_complete=True)
[collector wgpu0] FINALIZED run_id=naive__stable_evo__s42 step=4918 -> KEPT(->kept/,FULL latest-slot)
[collector wgpu0] --once drained 2 checkpoint(s); exiting.
[cwgpu0] drained 2 checkpoint(s); GPU-pass backlog present -> skip d90, loop.
[collector wgpu0] --once drained 0 checkpoint(s); exiting.
[collector wgpu0] --once drained 0 checkpoint(s); exiting.
[collector wgpu0] --once drained 0 checkpoint(s); exiting.
error    libmamba Could not set lock (Resource temporarily unavailable)
warning  libmamba Cannot lock '/home/r.dinnage/.cache/mamba/proc'
    Waiting for other mamba process to finish
[collector wgpu0] --once drained 0 checkpoint(s); exiting.
[extract] step=4930 SKIP heavy block block_interp (ordinal=986 basis=step_fallback heavy_every=8)
[extract] step=4930 SKIP heavy block block_probes (ordinal=986 basis=step_fallback heavy_every=8)
[extract] step=4930 heavy=FALSE total=17.53s | block_curvature=4.67 block_fitness=6.07
[collector wgpu0] gpu-pass DONE run_id=naive__stable_evo__s42 step=4930 blocks_ok=2 t=17.528s (all_passes_complete=True)
[collector wgpu0] FINALIZED run_id=naive__stable_evo__s42 step=4930 -> KEPT(->kept/,FULL latest-slot)
[collector wgpu0] --once drained 2 checkpoint(s); exiting.
[cwgpu0] drained 2 checkpoint(s); GPU-pass backlog present -> skip d90, loop.
[collector wgpu0] --once drained 0 checkpoint(s); exiting.
[collector wgpu0] --once drained 0 checkpoint(s); exiting.
[collector wgpu0] --once drained 0 checkpoint(s); exiting.
[collector wgpu0] --once drained 0 checkpoint(s); exiting.
[collector wgpu0] --once drained 0 checkpoint(s); exiting.
[extract] step=4942 SKIP heavy block block_interp (ordinal=988 basis=step_fallback heavy_every=8)
[extract] step=4942 SKIP heavy block block_probes (ordinal=988 basis=step_fallback heavy_every=8)
[extract] step=4942 heavy=FALSE total=16.55s | block_curvature=4.66 block_fitness=6.11
[collector wgpu0] gpu-pass DONE run_id=naive__stable_evo__s42 step=4942 blocks_ok=2 t=16.547s (all_passes_complete=True)
[collector wgpu0] FINALIZED run_id=naive__stable_evo__s42 step=4942 -> KEPT(->kept/,FULL latest-slot)
[collector wgpu0] --once drained 2 checkpoint(s); exiting.
[cwgpu0] drained 2 checkpoint(s); GPU-pass backlog present -> skip d90, loop.
[collector wgpu0] --once drained 0 checkpoint(s); exiting.
[collector wgpu0] --once drained 0 checkpoint(s); exiting.
[collector wgpu0] --once drained 0 checkpoint(s); exiting.
[collector wgpu0] --once drained 0 checkpoint(s); exiting.
[extract] step=4954 SKIP heavy block block_interp (ordinal=990 basis=step_fallback heavy_every=8)
[extract] step=4954 SKIP heavy block block_probes (ordinal=990 basis=step_fallback heavy_every=8)
[extract] step=4954 heavy=FALSE total=16.41s | block_curvature=4.64 block_fitness=6.11
[collector wgpu0] gpu-pass DONE run_id=naive__stable_evo__s42 step=4954 blocks_ok=2 t=16.411s (all_passes_complete=True)
[collector wgpu0] FINALIZED run_id=naive__stable_evo__s42 step=4954 -> KEPT(->kept/,FULL latest-slot)
[collector wgpu0] --once drained 2 checkpoint(s); exiting.
[cwgpu0] drained 2 checkpoint(s); GPU-pass backlog present -> skip d90, loop.
[collector wgpu0] --once drained 0 checkpoint(s); exiting.
[collector wgpu0] --once drained 0 checkpoint(s); exiting.
[collector wgpu0] --once drained 0 checkpoint(s); exiting.
[collector wgpu0] --once drained 0 checkpoint(s); exiting.
error    libmamba Could not set lock (Resource temporarily unavailable)
warning  libmamba Cannot lock '/home/r.dinnage/.cache/mamba/proc'
    Waiting for other mamba process to finish
[extract] step=4966 SKIP heavy block block_interp (ordinal=993 basis=step_fallback heavy_every=8)
[extract] step=4966 SKIP heavy block block_probes (ordinal=993 basis=step_fallback heavy_every=8)
[extract] step=4966 heavy=FALSE total=17.26s | block_curvature=5.45 block_fitness=6.07
[collector wgpu0] gpu-pass DONE run_id=naive__stable_evo__s42 step=4966 blocks_ok=2 t=17.264s (all_passes_complete=True)
[collector wgpu0] FINALIZED run_id=naive__stable_evo__s42 step=4966 -> KEPT(->kept/,FULL latest-slot)
[collector wgpu0] --once drained 2 checkpoint(s); exiting.
[cwgpu0] drained 2 checkpoint(s); GPU-pass backlog present -> skip d90, loop.
[collector wgpu0] --once drained 0 checkpoint(s); exiting.
[collector wgpu0] --once drained 0 checkpoint(s); exiting.
error    libmamba Could not set lock (Resource temporarily unavailable)
warning  libmamba Cannot lock '/home/r.dinnage/.cache/mamba/proc'
    Waiting for other mamba process to finish
[collector wgpu0] --once drained 0 checkpoint(s); exiting.
error    libmamba Could not set lock (Resource temporarily unavailable)
warning  libmamba Cannot lock '/home/r.dinnage/.cache/mamba/proc'
    Waiting for other mamba process to finish
[collector wgpu0] --once drained 0 checkpoint(s); exiting.
[collector wgpu0] --once drained 0 checkpoint(s); exiting.
[extract] step=4978 SKIP heavy block block_interp (ordinal=995 basis=step_fallback heavy_every=8)
[extract] step=4978 SKIP heavy block block_probes (ordinal=995 basis=step_fallback heavy_every=8)
[extract] step=4978 heavy=FALSE total=16.60s | block_curvature=4.68 block_fitness=6.20
[collector wgpu0] gpu-pass DONE run_id=naive__stable_evo__s42 step=4978 blocks_ok=2 t=16.597s (all_passes_complete=True)
[collector wgpu0] FINALIZED run_id=naive__stable_evo__s42 step=4978 -> KEPT(->kept/,FULL latest-slot)
[collector wgpu0] --once drained 2 checkpoint(s); exiting.
[cwgpu0] drained 2 checkpoint(s); GPU-pass backlog present -> skip d90, loop.
[collector wgpu0] --once drained 0 checkpoint(s); exiting.
[collector wgpu0] --once drained 0 checkpoint(s); exiting.
error    libmamba Could not set lock (Resource temporarily unavailable)
warning  libmamba Cannot lock '/home/r.dinnage/.cache/mamba/proc'
    Waiting for other mamba process to finish
[collector wgpu0] --once drained 0 checkpoint(s); exiting.
[collector wgpu0] --once drained 0 checkpoint(s); exiting.
[extract] step=4990 SKIP heavy block block_interp (ordinal=998 basis=step_fallback heavy_every=8)
[extract] step=4990 SKIP heavy block block_probes (ordinal=998 basis=step_fallback heavy_every=8)
[extract] step=4990 heavy=FALSE total=16.33s | block_curvature=4.64 block_fitness=6.06
[collector wgpu0] gpu-pass DONE run_id=naive__stable_evo__s42 step=4990 blocks_ok=2 t=16.332s (all_passes_complete=True)
[extract] step=4992 SKIP heavy block block_interp (ordinal=998 basis=step_fallback heavy_every=8)
[extract] step=4992 SKIP heavy block block_probes (ordinal=998 basis=step_fallback heavy_every=8)
[extract] step=4992 heavy=FALSE total=16.06s | block_curvature=5.05 block_fitness=5.49
[collector wgpu0] gpu-pass DONE run_id=naive__stable_evo__s42 step=4992 blocks_ok=2 t=16.057s (all_passes_complete=True)
[collector wgpu0] FINALIZED run_id=naive__stable_evo__s42 step=4990 -> deleted
[collector wgpu0] FINALIZED run_id=naive__stable_evo__s42 step=4992 -> KEPT(->kept/,FULL latest-slot)
[collector wgpu0] --once drained 4 checkpoint(s); exiting.
[cwgpu0] drained 4 checkpoint(s); GPU-pass backlog present -> skip d90, loop.
[collector wgpu0] --once drained 0 checkpoint(s); exiting.
[collector wgpu0] --once drained 0 checkpoint(s); exiting.
[collector wgpu0] --once drained 0 checkpoint(s); exiting.
[collector wgpu0] --once drained 0 checkpoint(s); exiting.
[collector wgpu0] --once drained 0 checkpoint(s); exiting.
[collector wgpu0] --once drained 0 checkpoint(s); exiting.
[collector wgpu0] --once drained 0 checkpoint(s); exiting.
[collector wgpu0] --once drained 0 checkpoint(s); exiting.
error    libmamba Could not set lock (Resource temporarily unavailable)
warning  libmamba Cannot lock '/home/r.dinnage/.cache/mamba/proc'
    Waiting for other mamba process to finish
[extract] step=5004 heavy=TRUE total=102.96s | block_curvature=4.65 block_interp=42.54 block_probes=44.18 block_fitness=6.19
[collector wgpu0] gpu-pass DONE run_id=naive__stable_evo__s42 step=5004 blocks_ok=4 t=102.962s (all_passes_complete=True)
[extract] step=5016 SKIP heavy block block_interp (ordinal=1003 basis=step_fallback heavy_every=8)
[extract] step=5016 SKIP heavy block block_probes (ordinal=1003 basis=step_fallback heavy_every=8)
[extract] step=5016 heavy=FALSE total=16.44s | block_curvature=5.12 block_fitness=5.47
[collector wgpu0] gpu-pass DONE run_id=naive__stable_evo__s42 step=5016 blocks_ok=2 t=16.443s (all_passes_complete=True)
[collector wgpu0] FINALIZED run_id=naive__stable_evo__s42 step=5004 -> deleted
[collector wgpu0] FINALIZED run_id=naive__stable_evo__s42 step=5016 -> KEPT(->kept/,FULL latest-slot)
[collector wgpu0] --once drained 4 checkpoint(s); exiting.
[cwgpu0] drained 4 checkpoint(s); GPU-pass backlog present -> skip d90, loop.
[collector wgpu0] --once drained 0 checkpoint(s); exiting.
[collector wgpu0] --once drained 0 checkpoint(s); exiting.
[collector wgpu0] --once drained 0 checkpoint(s); exiting.
[collector wgpu0] --once drained 0 checkpoint(s); exiting.
[extract] step=5028 SKIP heavy block block_interp (ordinal=1005 basis=step_fallback heavy_every=8)
[extract] step=5028 SKIP heavy block block_probes (ordinal=1005 basis=step_fallback heavy_every=8)
[extract] step=5028 heavy=FALSE total=17.05s | block_curvature=4.67 block_fitness=6.05
[collector wgpu0] gpu-pass DONE run_id=naive__stable_evo__s42 step=5028 blocks_ok=2 t=17.047s (all_passes_complete=True)
[collector wgpu0] FINALIZED run_id=naive__stable_evo__s42 step=5028 -> KEPT(->kept/,FULL latest-slot)
[collector wgpu0] --once drained 2 checkpoint(s); exiting.
[cwgpu0] drained 2 checkpoint(s); GPU-pass backlog present -> skip d90, loop.
[collector wgpu0] --once drained 0 checkpoint(s); exiting.
[collector wgpu0] --once drained 0 checkpoint(s); exiting.
[collector wgpu0] --once drained 0 checkpoint(s); exiting.
[collector wgpu0] --once drained 0 checkpoint(s); exiting.
[collector wgpu0] --once drained 0 checkpoint(s); exiting.
[extract] step=5040 heavy=TRUE total=99.66s | block_curvature=5.51 block_interp=42.81 block_probes=38.04 block_fitness=7.72
[collector wgpu0] gpu-pass DONE run_id=naive__stable_evo__s42 step=5040 blocks_ok=4 t=99.658s (all_passes_complete=True)
[extract] step=5052 SKIP heavy block block_interp (ordinal=1010 basis=step_fallback heavy_every=8)
[extract] step=5052 SKIP heavy block block_probes (ordinal=1010 basis=step_fallback heavy_every=8)
[extract] step=5052 heavy=FALSE total=16.98s | block_curvature=4.64 block_fitness=6.81
[collector wgpu0] gpu-pass DONE run_id=naive__stable_evo__s42 step=5052 blocks_ok=2 t=16.975s (all_passes_complete=True)
[collector wgpu0] FINALIZED run_id=naive__stable_evo__s42 step=5052 -> KEPT(->kept/,FULL latest-slot)
[collector wgpu0] FINALIZED run_id=naive__stable_evo__s42 step=5040 -> deleted
[collector wgpu0] --once drained 4 checkpoint(s); exiting.
[cwgpu0] drained 4 checkpoint(s); GPU-pass backlog present -> skip d90, loop.
[collector wgpu0] --once drained 0 checkpoint(s); exiting.
[collector wgpu0] --once drained 0 checkpoint(s); exiting.
[collector wgpu0] --once drained 0 checkpoint(s); exiting.
[collector wgpu0] --once drained 0 checkpoint(s); exiting.
[collector wgpu0] --once drained 0 checkpoint(s); exiting.
[extract] step=5064 SKIP heavy block block_interp (ordinal=1012 basis=step_fallback heavy_every=8)
[extract] step=5064 SKIP heavy block block_probes (ordinal=1012 basis=step_fallback heavy_every=8)
[extract] step=5064 heavy=FALSE total=16.87s | block_curvature=4.68 block_fitness=6.19
[collector wgpu0] gpu-pass DONE run_id=naive__stable_evo__s42 step=5064 blocks_ok=2 t=16.874s (all_passes_complete=True)
[collector wgpu0] FINALIZED run_id=naive__stable_evo__s42 step=5064 -> KEPT(->kept/,FULL latest-slot)
[collector wgpu0] --once drained 2 checkpoint(s); exiting.
[cwgpu0] drained 2 checkpoint(s); GPU-pass backlog present -> skip d90, loop.
[collector wgpu0] --once drained 0 checkpoint(s); exiting.
[collector wgpu0] --once drained 0 checkpoint(s); exiting.
error    libmamba Could not set lock (Resource temporarily unavailable)
warning  libmamba Cannot lock '/home/r.dinnage/.cache/mamba/proc'
    Waiting for other mamba process to finish
[collector wgpu0] --once drained 0 checkpoint(s); exiting.
[collector wgpu0] --once drained 0 checkpoint(s); exiting.
error    libmamba Could not set lock (Resource temporarily unavailable)
warning  libmamba Cannot lock '/home/r.dinnage/.cache/mamba/proc'
    Waiting for other mamba process to finish
[extract] step=5076 SKIP heavy block block_interp (ordinal=1015 basis=step_fallback heavy_every=8)
[extract] step=5076 SKIP heavy block block_probes (ordinal=1015 basis=step_fallback heavy_every=8)
[extract] step=5076 heavy=FALSE total=16.70s | block_curvature=4.66 block_fitness=6.10
[collector wgpu0] gpu-pass DONE run_id=naive__stable_evo__s42 step=5076 blocks_ok=2 t=16.698s (all_passes_complete=True)
[collector wgpu0] FINALIZED run_id=naive__stable_evo__s42 step=5076 -> KEPT(->kept/,FULL latest-slot)
[collector wgpu0] --once drained 2 checkpoint(s); exiting.
[cwgpu0] drained 2 checkpoint(s); GPU-pass backlog present -> skip d90, loop.
[collector wgpu0] --once drained 0 checkpoint(s); exiting.
[collector wgpu0] --once drained 0 checkpoint(s); exiting.
[collector wgpu0] --once drained 0 checkpoint(s); exiting.
error    libmamba Could not set lock (Resource temporarily unavailable)
warning  libmamba Cannot lock '/home/r.dinnage/.cache/mamba/proc'
    Waiting for other mamba process to finish
[collector wgpu0] --once drained 0 checkpoint(s); exiting.
[extract] step=5088 SKIP heavy block block_interp (ordinal=1017 basis=step_fallback heavy_every=8)
[extract] step=5088 SKIP heavy block block_probes (ordinal=1017 basis=step_fallback heavy_every=8)
[extract] step=5088 heavy=FALSE total=17.62s | block_curvature=4.67 block_fitness=6.16
[collector wgpu0] gpu-pass DONE run_id=naive__stable_evo__s42 step=5088 blocks_ok=2 t=17.621s (all_passes_complete=True)
[collector wgpu0] FINALIZED run_id=naive__stable_evo__s42 step=5088 -> KEPT(->kept/,FULL latest-slot)
[collector wgpu0] --once drained 2 checkpoint(s); exiting.
[cwgpu0] drained 2 checkpoint(s); GPU-pass backlog present -> skip d90, loop.
[collector wgpu0] --once drained 0 checkpoint(s); exiting.
error    libmamba Could not set lock (Resource temporarily unavailable)
warning  libmamba Cannot lock '/home/r.dinnage/.cache/mamba/proc'
    Waiting for other mamba process to finish
[collector wgpu0] --once drained 0 checkpoint(s); exiting.
[collector wgpu0] --once drained 0 checkpoint(s); exiting.
[collector wgpu0] --once drained 0 checkpoint(s); exiting.
[collector wgpu0] --once drained 0 checkpoint(s); exiting.
[extract] step=5100 SKIP heavy block block_interp (ordinal=1020 basis=step_fallback heavy_every=8)
[extract] step=5100 SKIP heavy block block_probes (ordinal=1020 basis=step_fallback heavy_every=8)
[extract] step=5100 heavy=FALSE total=16.55s | block_curvature=4.65 block_fitness=6.12
[collector wgpu0] gpu-pass DONE run_id=naive__stable_evo__s42 step=5100 blocks_ok=2 t=16.551s (all_passes_complete=True)
[collector wgpu0] FINALIZED run_id=naive__stable_evo__s42 step=5100 -> KEPT(->kept/,FULL latest-slot)
[collector wgpu0] --once drained 2 checkpoint(s); exiting.
error    libmamba Could not set lock (Resource temporarily unavailable)
warning  libmamba Cannot lock '/home/r.dinnage/.cache/mamba/proc'
    Waiting for other mamba process to finish
[cwgpu0] drained 2 checkpoint(s); GPU-pass backlog present -> skip d90, loop.
[collector wgpu0] --once drained 0 checkpoint(s); exiting.
[collector wgpu0] --once drained 0 checkpoint(s); exiting.
[collector wgpu0] --once drained 0 checkpoint(s); exiting.
[collector wgpu0] --once drained 0 checkpoint(s); exiting.
[collector wgpu0] --once drained 0 checkpoint(s); exiting.
[collector wgpu0] --once drained 0 checkpoint(s); exiting.
[collector wgpu0] --once drained 0 checkpoint(s); exiting.
[extract] step=5112 SKIP heavy block block_interp (ordinal=1022 basis=step_fallback heavy_every=8)
[extract] step=5112 SKIP heavy block block_probes (ordinal=1022 basis=step_fallback heavy_every=8)
[extract] step=5112 heavy=FALSE total=17.12s | block_curvature=5.06 block_fitness=6.18
[collector wgpu0] gpu-pass DONE run_id=naive__stable_evo__s42 step=5112 blocks_ok=2 t=17.125s (all_passes_complete=True)
[collector wgpu0] FINALIZED run_id=naive__stable_evo__s42 step=5112 -> KEPT(->kept/,FULL latest-slot)
[collector wgpu0] --once drained 2 checkpoint(s); exiting.
[cwgpu0] drained 2 checkpoint(s); GPU-pass backlog present -> skip d90, loop.
[collector wgpu0] --once drained 0 checkpoint(s); exiting.
[collector wgpu0] --once drained 0 checkpoint(s); exiting.
[collector wgpu0] --once drained 0 checkpoint(s); exiting.
[collector wgpu0] --once drained 0 checkpoint(s); exiting.
[extract] step=5124 heavy=TRUE total=95.87s | block_curvature=4.66 block_interp=41.53 block_probes=36.81 block_fitness=7.49
[collector wgpu0] gpu-pass DONE run_id=naive__stable_evo__s42 step=5124 blocks_ok=4 t=95.873s (all_passes_complete=True)
[collector wgpu0] FINALIZED run_id=naive__stable_evo__s42 step=5124 -> deleted
[collector wgpu0] --once drained 2 checkpoint(s); exiting.
[cwgpu0] drained 2 checkpoint(s); GPU-pass backlog present -> skip d90, loop.
[extract] step=5136 SKIP heavy block block_interp (ordinal=1027 basis=step_fallback heavy_every=8)
[extract] step=5136 SKIP heavy block block_probes (ordinal=1027 basis=step_fallback heavy_every=8)
[extract] step=5136 heavy=FALSE total=16.64s | block_curvature=4.66 block_fitness=6.06
[collector wgpu0] gpu-pass DONE run_id=naive__stable_evo__s42 step=5136 blocks_ok=2 t=16.64s (all_passes_complete=True)
[collector wgpu0] FINALIZED run_id=naive__stable_evo__s42 step=5136 -> KEPT(->kept/,FULL latest-slot)
[collector wgpu0] --once drained 2 checkpoint(s); exiting.
[cwgpu0] drained 2 checkpoint(s); GPU-pass backlog present -> skip d90, loop.
[collector wgpu0] --once drained 0 checkpoint(s); exiting.
[collector wgpu0] --once drained 0 checkpoint(s); exiting.
[collector wgpu0] --once drained 0 checkpoint(s); exiting.
[collector wgpu0] --once drained 0 checkpoint(s); exiting.
[collector wgpu0] --once drained 0 checkpoint(s); exiting.
[extract] step=5148 SKIP heavy block block_interp (ordinal=1029 basis=step_fallback heavy_every=8)
[extract] step=5148 SKIP heavy block block_probes (ordinal=1029 basis=step_fallback heavy_every=8)
[extract] step=5148 heavy=FALSE total=16.39s | block_curvature=4.68 block_fitness=6.05
[collector wgpu0] gpu-pass DONE run_id=naive__stable_evo__s42 step=5148 blocks_ok=2 t=16.391s (all_passes_complete=True)
[collector wgpu0] FINALIZED run_id=naive__stable_evo__s42 step=5148 -> KEPT(->kept/,FULL latest-slot)
[collector wgpu0] --once drained 2 checkpoint(s); exiting.
[cwgpu0] drained 2 checkpoint(s); GPU-pass backlog present -> skip d90, loop.
[collector wgpu0] --once drained 0 checkpoint(s); exiting.
[collector wgpu0] --once drained 0 checkpoint(s); exiting.
[collector wgpu0] --once drained 0 checkpoint(s); exiting.
error    libmamba Could not set lock (Resource temporarily unavailable)
warning  libmamba Cannot lock '/home/r.dinnage/.cache/mamba/proc'
    Waiting for other mamba process to finish
[collector wgpu0] --once drained 0 checkpoint(s); exiting.
[extract] step=5160 heavy=TRUE total=96.21s | block_curvature=4.67 block_interp=42.37 block_probes=35.80 block_fitness=7.78
[collector wgpu0] gpu-pass DONE run_id=naive__stable_evo__s42 step=5160 blocks_ok=4 t=96.205s (all_passes_complete=True)
[collector wgpu0] FINALIZED run_id=naive__stable_evo__s42 step=5160 -> deleted
[collector wgpu0] --once drained 2 checkpoint(s); exiting.
[cwgpu0] drained 2 checkpoint(s); GPU-pass backlog present -> skip d90, loop.
[extract] step=5172 SKIP heavy block block_interp (ordinal=1034 basis=step_fallback heavy_every=8)
[extract] step=5172 SKIP heavy block block_probes (ordinal=1034 basis=step_fallback heavy_every=8)
[extract] step=5172 heavy=FALSE total=17.19s | block_curvature=4.69 block_fitness=6.12
[collector wgpu0] gpu-pass DONE run_id=naive__stable_evo__s42 step=5172 blocks_ok=2 t=17.188s (all_passes_complete=True)
[collector wgpu0] FINALIZED run_id=naive__stable_evo__s42 step=5172 -> KEPT(->kept/,FULL latest-slot)
[collector wgpu0] --once drained 2 checkpoint(s); exiting.
[cwgpu0] drained 2 checkpoint(s); GPU-pass backlog present -> skip d90, loop.
[collector wgpu0] --once drained 0 checkpoint(s); exiting.
[collector wgpu0] --once drained 0 checkpoint(s); exiting.
[collector wgpu0] --once drained 0 checkpoint(s); exiting.
error    libmamba Could not set lock (Resource temporarily unavailable)
warning  libmamba Cannot lock '/home/r.dinnage/.cache/mamba/proc'
    Waiting for other mamba process to finish
[collector wgpu0] --once drained 0 checkpoint(s); exiting.
[collector wgpu0] --once drained 0 checkpoint(s); exiting.
[extract] step=5184 SKIP heavy block block_interp (ordinal=1036 basis=step_fallback heavy_every=8)
[extract] step=5184 SKIP heavy block block_probes (ordinal=1036 basis=step_fallback heavy_every=8)
[extract] step=5184 heavy=FALSE total=16.71s | block_curvature=4.64 block_fitness=6.15
[collector wgpu0] gpu-pass DONE run_id=naive__stable_evo__s42 step=5184 blocks_ok=2 t=16.711s (all_passes_complete=True)
[collector wgpu0] FINALIZED run_id=naive__stable_evo__s42 step=5184 -> KEPT(->kept/,FULL latest-slot)
[collector wgpu0] --once drained 2 checkpoint(s); exiting.
[cwgpu0] drained 2 checkpoint(s); GPU-pass backlog present -> skip d90, loop.
[collector wgpu0] --once drained 0 checkpoint(s); exiting.
[collector wgpu0] --once drained 0 checkpoint(s); exiting.
[collector wgpu0] --once drained 0 checkpoint(s); exiting.
[collector wgpu0] --once drained 0 checkpoint(s); exiting.
[extract] step=5196 SKIP heavy block block_interp (ordinal=1039 basis=step_fallback heavy_every=8)
[extract] step=5196 SKIP heavy block block_probes (ordinal=1039 basis=step_fallback heavy_every=8)
[extract] step=5196 heavy=FALSE total=17.20s | block_curvature=5.09 block_fitness=6.22
[collector wgpu0] gpu-pass DONE run_id=naive__stable_evo__s42 step=5196 blocks_ok=2 t=17.197s (all_passes_complete=True)
[collector wgpu0] FINALIZED run_id=naive__stable_evo__s42 step=5196 -> KEPT(->kept/,FULL latest-slot)
[collector wgpu0] --once drained 2 checkpoint(s); exiting.
[cwgpu0] drained 2 checkpoint(s); GPU-pass backlog present -> skip d90, loop.
[collector wgpu0] --once drained 0 checkpoint(s); exiting.
error    libmamba Could not set lock (Resource temporarily unavailable)
warning  libmamba Cannot lock '/home/r.dinnage/.cache/mamba/proc'
    Waiting for other mamba process to finish
[collector wgpu0] --once drained 0 checkpoint(s); exiting.
[collector wgpu0] --once drained 0 checkpoint(s); exiting.
[extract] step=5200 heavy=TRUE total=103.79s | block_curvature=4.65 block_interp=42.35 block_probes=45.06 block_fitness=6.30
[collector wgpu0] gpu-pass DONE run_id=naive__stable_evo__s42 step=5200 blocks_ok=4 t=103.789s (all_passes_complete=True)
[collector wgpu0] FINALIZED run_id=naive__stable_evo__s42 step=5200 -> KEPT(->kept/,FULL latest-slot)
[collector wgpu0] --once drained 2 checkpoint(s); exiting.
[cwgpu0] drained 2 checkpoint(s); GPU-pass backlog present -> skip d90, loop.
[collector wgpu0] --once drained 0 checkpoint(s); exiting.
[cwgpu0] all RUN_COMPLETE sentinels present; performing FINAL drain...
[cwgpu0] final drain found nothing new and GPU-pass queue depth=0 -> GPU pass complete on all runs. Exiting (CPU pass may still finalize).
Done: Fri Jun 19 06:00:24 AM EDT 2026
