Tue Jun 16 02:30:10 PM EDT 2026
host=c0702a-s2.ufhpc
=== preadapt disk watchdog ===
group=guralnick  SOFT_GB=300  HARD_GB=80  RELEASE_GB=150  POLL=120s
pause_sentinel=xAI/output/preadapt/_DISK_PAUSE
warn_sentinel =xAI/output/preadapt/_DISK_WARN
stop_sentinel =xAI/output/preadapt/_DISK_WATCHDOG_STOP
[diskwatch] 2026-06-16 14:30:10 free=2150.4000GB (use=51097.6000GB limit=53248.0000GB)  state=OK paused=0 warned=0  [SOFT<300 HARD<80 RELEASE>=150]
[diskwatch] 2026-06-16 14:32:11 free=2150.4000GB (use=51097.6000GB limit=53248.0000GB)  state=OK paused=0 warned=0  [SOFT<300 HARD<80 RELEASE>=150]
[diskwatch] 2026-06-16 14:34:12 free=2140.1600GB (use=51107.8400GB limit=53248.0000GB)  state=OK paused=0 warned=0  [SOFT<300 HARD<80 RELEASE>=150]
[diskwatch] 2026-06-16 14:36:12 free=2140.1600GB (use=51107.8400GB limit=53248.0000GB)  state=OK paused=0 warned=0  [SOFT<300 HARD<80 RELEASE>=150]
[diskwatch] 2026-06-16 14:38:13 free=2140.1600GB (use=51107.8400GB limit=53248.0000GB)  state=OK paused=0 warned=0  [SOFT<300 HARD<80 RELEASE>=150]
[diskwatch] 2026-06-16 14:40:14 free=2119.6800GB (use=51128.3200GB limit=53248.0000GB)  state=OK paused=0 warned=0  [SOFT<300 HARD<80 RELEASE>=150]
[diskwatch] 2026-06-16 14:42:14 free=2119.6800GB (use=51128.3200GB limit=53248.0000GB)  state=OK paused=0 warned=0  [SOFT<300 HARD<80 RELEASE>=150]
[diskwatch] 2026-06-16 14:44:15 free=2119.6800GB (use=51128.3200GB limit=53248.0000GB)  state=OK paused=0 warned=0  [SOFT<300 HARD<80 RELEASE>=150]
[diskwatch] 2026-06-16 14:46:16 free=2109.4400GB (use=51138.5600GB limit=53248.0000GB)  state=OK paused=0 warned=0  [SOFT<300 HARD<80 RELEASE>=150]
[diskwatch] 2026-06-16 14:48:16 free=2109.4400GB (use=51138.5600GB limit=53248.0000GB)  state=OK paused=0 warned=0  [SOFT<300 HARD<80 RELEASE>=150]
[diskwatch] 2026-06-16 14:50:17 free=2088.9600GB (use=51159.0400GB limit=53248.0000GB)  state=OK paused=0 warned=0  [SOFT<300 HARD<80 RELEASE>=150]
[diskwatch] 2026-06-16 14:52:18 free=2088.9600GB (use=51159.0400GB limit=53248.0000GB)  state=OK paused=0 warned=0  [SOFT<300 HARD<80 RELEASE>=150]
[diskwatch] 2026-06-16 14:54:18 free=2088.9600GB (use=51159.0400GB limit=53248.0000GB)  state=OK paused=0 warned=0  [SOFT<300 HARD<80 RELEASE>=150]
[diskwatch] 2026-06-16 14:56:19 free=2078.7200GB (use=51169.2800GB limit=53248.0000GB)  state=OK paused=0 warned=0  [SOFT<300 HARD<80 RELEASE>=150]
[diskwatch] 2026-06-16 14:58:20 free=2078.7200GB (use=51169.2800GB limit=53248.0000GB)  state=OK paused=0 warned=0  [SOFT<300 HARD<80 RELEASE>=150]
[diskwatch] 2026-06-16 15:00:20 free=2058.2400GB (use=51189.7600GB limit=53248.0000GB)  state=OK paused=0 warned=0  [SOFT<300 HARD<80 RELEASE>=150]
[diskwatch] 2026-06-16 15:02:21 free=2058.2400GB (use=51189.7600GB limit=53248.0000GB)  state=OK paused=0 warned=0  [SOFT<300 HARD<80 RELEASE>=150]
[diskwatch] 2026-06-16 15:04:21 free=2058.2400GB (use=51189.7600GB limit=53248.0000GB)  state=OK paused=0 warned=0  [SOFT<300 HARD<80 RELEASE>=150]
[diskwatch] 2026-06-16 15:06:22 free=2048.0000GB (use=51200.0000GB limit=53248.0000GB)  state=OK paused=0 warned=0  [SOFT<300 HARD<80 RELEASE>=150]
[diskwatch] 2026-06-16 15:08:23 free=2037.7600GB (use=51210.2400GB limit=53248.0000GB)  state=OK paused=0 warned=0  [SOFT<300 HARD<80 RELEASE>=150]
[diskwatch] 2026-06-16 15:10:23 free=2037.7600GB (use=51210.2400GB limit=53248.0000GB)  state=OK paused=0 warned=0  [SOFT<300 HARD<80 RELEASE>=150]
[diskwatch] 2026-06-16 15:12:24 free=2027.5200GB (use=51220.4800GB limit=53248.0000GB)  state=OK paused=0 warned=0  [SOFT<300 HARD<80 RELEASE>=150]
[diskwatch] 2026-06-16 15:14:25 free=2027.5200GB (use=51220.4800GB limit=53248.0000GB)  state=OK paused=0 warned=0  [SOFT<300 HARD<80 RELEASE>=150]
[diskwatch] 2026-06-16 15:16:25 free=2017.2800GB (use=51230.7200GB limit=53248.0000GB)  state=OK paused=0 warned=0  [SOFT<300 HARD<80 RELEASE>=150]
[diskwatch] 2026-06-16 15:18:26 free=2007.0400GB (use=51240.9600GB limit=53248.0000GB)  state=OK paused=0 warned=0  [SOFT<300 HARD<80 RELEASE>=150]
[diskwatch] 2026-06-16 15:20:27 free=2007.0400GB (use=51240.9600GB limit=53248.0000GB)  state=OK paused=0 warned=0  [SOFT<300 HARD<80 RELEASE>=150]
[diskwatch] 2026-06-16 15:22:27 free=1996.8000GB (use=51251.2000GB limit=53248.0000GB)  state=OK paused=0 warned=0  [SOFT<300 HARD<80 RELEASE>=150]
[diskwatch] 2026-06-16 15:24:28 free=1986.5600GB (use=51261.4400GB limit=53248.0000GB)  state=OK paused=0 warned=0  [SOFT<300 HARD<80 RELEASE>=150]
[diskwatch] 2026-06-16 15:26:29 free=1986.5600GB (use=51261.4400GB limit=53248.0000GB)  state=OK paused=0 warned=0  [SOFT<300 HARD<80 RELEASE>=150]
[diskwatch] 2026-06-16 15:28:29 free=1976.3200GB (use=51271.6800GB limit=53248.0000GB)  state=OK paused=0 warned=0  [SOFT<300 HARD<80 RELEASE>=150]
[diskwatch] 2026-06-16 15:30:30 free=1976.3200GB (use=51271.6800GB limit=53248.0000GB)  state=OK paused=0 warned=0  [SOFT<300 HARD<80 RELEASE>=150]
[diskwatch] 2026-06-16 15:32:30 free=1966.0800GB (use=51281.9200GB limit=53248.0000GB)  state=OK paused=0 warned=0  [SOFT<300 HARD<80 RELEASE>=150]
[diskwatch] 2026-06-16 15:34:31 free=1955.8400GB (use=51292.1600GB limit=53248.0000GB)  state=OK paused=0 warned=0  [SOFT<300 HARD<80 RELEASE>=150]
[diskwatch] 2026-06-16 15:36:32 free=1955.8400GB (use=51292.1600GB limit=53248.0000GB)  state=OK paused=0 warned=0  [SOFT<300 HARD<80 RELEASE>=150]
[diskwatch] 2026-06-16 15:38:32 free=1945.6000GB (use=51302.4000GB limit=53248.0000GB)  state=OK paused=0 warned=0  [SOFT<300 HARD<80 RELEASE>=150]
[diskwatch] 2026-06-16 15:40:33 free=1935.3600GB (use=51312.6400GB limit=53248.0000GB)  state=OK paused=0 warned=0  [SOFT<300 HARD<80 RELEASE>=150]
[diskwatch] 2026-06-16 15:42:34 free=1935.3600GB (use=51312.6400GB limit=53248.0000GB)  state=OK paused=0 warned=0  [SOFT<300 HARD<80 RELEASE>=150]
[diskwatch] 2026-06-16 15:44:34 free=1925.1200GB (use=51322.8800GB limit=53248.0000GB)  state=OK paused=0 warned=0  [SOFT<300 HARD<80 RELEASE>=150]
[diskwatch] 2026-06-16 15:46:35 free=1925.1200GB (use=51322.8800GB limit=53248.0000GB)  state=OK paused=0 warned=0  [SOFT<300 HARD<80 RELEASE>=150]
[diskwatch] 2026-06-16 15:48:36 free=1914.8800GB (use=51333.1200GB limit=53248.0000GB)  state=OK paused=0 warned=0  [SOFT<300 HARD<80 RELEASE>=150]
[diskwatch] 2026-06-16 15:50:36 free=1894.4000GB (use=51353.6000GB limit=53248.0000GB)  state=OK paused=0 warned=0  [SOFT<300 HARD<80 RELEASE>=150]
[diskwatch] 2026-06-16 15:52:37 free=1894.4000GB (use=51353.6000GB limit=53248.0000GB)  state=OK paused=0 warned=0  [SOFT<300 HARD<80 RELEASE>=150]
[diskwatch] 2026-06-16 15:54:38 free=1884.1600GB (use=51363.8400GB limit=53248.0000GB)  state=OK paused=0 warned=0  [SOFT<300 HARD<80 RELEASE>=150]
[diskwatch] 2026-06-16 15:56:38 free=1863.6800GB (use=51384.3200GB limit=53248.0000GB)  state=OK paused=0 warned=0  [SOFT<300 HARD<80 RELEASE>=150]
[diskwatch] 2026-06-16 15:58:40 free=1863.6800GB (use=51384.3200GB limit=53248.0000GB)  state=OK paused=0 warned=0  [SOFT<300 HARD<80 RELEASE>=150]
[diskwatch] 2026-06-16 16:00:40 free=1863.6800GB (use=51384.3200GB limit=53248.0000GB)  state=OK paused=0 warned=0  [SOFT<300 HARD<80 RELEASE>=150]
[diskwatch] 2026-06-16 16:02:41 free=1863.6800GB (use=51384.3200GB limit=53248.0000GB)  state=OK paused=0 warned=0  [SOFT<300 HARD<80 RELEASE>=150]
[diskwatch] 2026-06-16 16:04:41 free=1853.4400GB (use=51394.5600GB limit=53248.0000GB)  state=OK paused=0 warned=0  [SOFT<300 HARD<80 RELEASE>=150]
[diskwatch] 2026-06-16 16:06:42 free=1853.4400GB (use=51394.5600GB limit=53248.0000GB)  state=OK paused=0 warned=0  [SOFT<300 HARD<80 RELEASE>=150]
[diskwatch] 2026-06-16 16:08:43 free=1853.4400GB (use=51394.5600GB limit=53248.0000GB)  state=OK paused=0 warned=0  [SOFT<300 HARD<80 RELEASE>=150]
[diskwatch] 2026-06-16 16:10:43 free=1843.2000GB (use=51404.8000GB limit=53248.0000GB)  state=OK paused=0 warned=0  [SOFT<300 HARD<80 RELEASE>=150]
[diskwatch] 2026-06-16 16:12:44 free=1832.9600GB (use=51415.0400GB limit=53248.0000GB)  state=OK paused=0 warned=0  [SOFT<300 HARD<80 RELEASE>=150]
[diskwatch] 2026-06-16 16:14:44 free=1832.9600GB (use=51415.0400GB limit=53248.0000GB)  state=OK paused=0 warned=0  [SOFT<300 HARD<80 RELEASE>=150]
[diskwatch] 2026-06-16 16:16:45 free=1822.7200GB (use=51425.2800GB limit=53248.0000GB)  state=OK paused=0 warned=0  [SOFT<300 HARD<80 RELEASE>=150]
[diskwatch] 2026-06-16 16:18:46 free=1822.7200GB (use=51425.2800GB limit=53248.0000GB)  state=OK paused=0 warned=0  [SOFT<300 HARD<80 RELEASE>=150]
[diskwatch] 2026-06-16 16:20:46 free=1822.7200GB (use=51425.2800GB limit=53248.0000GB)  state=OK paused=0 warned=0  [SOFT<300 HARD<80 RELEASE>=150]
[diskwatch] 2026-06-16 16:22:47 free=1822.7200GB (use=51425.2800GB limit=53248.0000GB)  state=OK paused=0 warned=0  [SOFT<300 HARD<80 RELEASE>=150]
[diskwatch] 2026-06-16 16:24:48 free=1812.4800GB (use=51435.5200GB limit=53248.0000GB)  state=OK paused=0 warned=0  [SOFT<300 HARD<80 RELEASE>=150]
[diskwatch] 2026-06-16 16:26:48 free=1812.4800GB (use=51435.5200GB limit=53248.0000GB)  state=OK paused=0 warned=0  [SOFT<300 HARD<80 RELEASE>=150]
[diskwatch] 2026-06-16 16:28:49 free=1802.2400GB (use=51445.7600GB limit=53248.0000GB)  state=OK paused=0 warned=0  [SOFT<300 HARD<80 RELEASE>=150]
[diskwatch] 2026-06-16 16:30:49 free=1802.2400GB (use=51445.7600GB limit=53248.0000GB)  state=OK paused=0 warned=0  [SOFT<300 HARD<80 RELEASE>=150]
[diskwatch] 2026-06-16 16:32:50 free=1792.0000GB (use=51456.0000GB limit=53248.0000GB)  state=OK paused=0 warned=0  [SOFT<300 HARD<80 RELEASE>=150]
[diskwatch] 2026-06-16 16:34:51 free=1792.0000GB (use=51456.0000GB limit=53248.0000GB)  state=OK paused=0 warned=0  [SOFT<300 HARD<80 RELEASE>=150]
[diskwatch] 2026-06-16 16:36:51 free=1781.7600GB (use=51466.2400GB limit=53248.0000GB)  state=OK paused=0 warned=0  [SOFT<300 HARD<80 RELEASE>=150]
[diskwatch] 2026-06-16 16:38:52 free=1771.5200GB (use=51476.4800GB limit=53248.0000GB)  state=OK paused=0 warned=0  [SOFT<300 HARD<80 RELEASE>=150]
[diskwatch] 2026-06-16 16:40:53 free=1771.5200GB (use=51476.4800GB limit=53248.0000GB)  state=OK paused=0 warned=0  [SOFT<300 HARD<80 RELEASE>=150]
[diskwatch] 2026-06-16 16:42:54 free=1751.0400GB (use=51496.9600GB limit=53248.0000GB)  state=OK paused=0 warned=0  [SOFT<300 HARD<80 RELEASE>=150]
[diskwatch] 2026-06-16 16:44:54 free=1751.0400GB (use=51496.9600GB limit=53248.0000GB)  state=OK paused=0 warned=0  [SOFT<300 HARD<80 RELEASE>=150]
[diskwatch] 2026-06-16 16:46:55 free=1740.8000GB (use=51507.2000GB limit=53248.0000GB)  state=OK paused=0 warned=0  [SOFT<300 HARD<80 RELEASE>=150]
[diskwatch] 2026-06-16 16:48:57 free=1730.5600GB (use=51517.4400GB limit=53248.0000GB)  state=OK paused=0 warned=0  [SOFT<300 HARD<80 RELEASE>=150]
[diskwatch] 2026-06-16 16:50:57 free=1730.5600GB (use=51517.4400GB limit=53248.0000GB)  state=OK paused=0 warned=0  [SOFT<300 HARD<80 RELEASE>=150]
[diskwatch] 2026-06-16 16:52:58 free=1720.3200GB (use=51527.6800GB limit=53248.0000GB)  state=OK paused=0 warned=0  [SOFT<300 HARD<80 RELEASE>=150]
[diskwatch] 2026-06-16 16:54:59 free=1710.0800GB (use=51537.9200GB limit=53248.0000GB)  state=OK paused=0 warned=0  [SOFT<300 HARD<80 RELEASE>=150]
[diskwatch] 2026-06-16 16:56:59 free=1710.0800GB (use=51537.9200GB limit=53248.0000GB)  state=OK paused=0 warned=0  [SOFT<300 HARD<80 RELEASE>=150]
[diskwatch] 2026-06-16 16:59:00 free=1699.8400GB (use=51548.1600GB limit=53248.0000GB)  state=OK paused=0 warned=0  [SOFT<300 HARD<80 RELEASE>=150]
[diskwatch] 2026-06-16 17:01:01 free=1699.8400GB (use=51548.1600GB limit=53248.0000GB)  state=OK paused=0 warned=0  [SOFT<300 HARD<80 RELEASE>=150]
[diskwatch] 2026-06-16 17:03:01 free=1689.6000GB (use=51558.4000GB limit=53248.0000GB)  state=OK paused=0 warned=0  [SOFT<300 HARD<80 RELEASE>=150]
[diskwatch] 2026-06-16 17:05:02 free=1689.6000GB (use=51558.4000GB limit=53248.0000GB)  state=OK paused=0 warned=0  [SOFT<300 HARD<80 RELEASE>=150]
[diskwatch] 2026-06-16 17:07:02 free=1761.2800GB (use=51486.7200GB limit=53248.0000GB)  state=OK paused=0 warned=0  [SOFT<300 HARD<80 RELEASE>=150]
[diskwatch] 2026-06-16 17:09:03 free=1761.2800GB (use=51486.7200GB limit=53248.0000GB)  state=OK paused=0 warned=0  [SOFT<300 HARD<80 RELEASE>=150]
[diskwatch] 2026-06-16 17:11:04 free=1751.0400GB (use=51496.9600GB limit=53248.0000GB)  state=OK paused=0 warned=0  [SOFT<300 HARD<80 RELEASE>=150]
[diskwatch] 2026-06-16 17:13:04 free=1740.8000GB (use=51507.2000GB limit=53248.0000GB)  state=OK paused=0 warned=0  [SOFT<300 HARD<80 RELEASE>=150]
[diskwatch] 2026-06-16 17:15:05 free=1740.8000GB (use=51507.2000GB limit=53248.0000GB)  state=OK paused=0 warned=0  [SOFT<300 HARD<80 RELEASE>=150]
[diskwatch] 2026-06-16 17:17:06 free=1730.5600GB (use=51517.4400GB limit=53248.0000GB)  state=OK paused=0 warned=0  [SOFT<300 HARD<80 RELEASE>=150]
[diskwatch] 2026-06-16 17:19:06 free=1730.5600GB (use=51517.4400GB limit=53248.0000GB)  state=OK paused=0 warned=0  [SOFT<300 HARD<80 RELEASE>=150]
[diskwatch] 2026-06-16 17:21:07 free=1720.3200GB (use=51527.6800GB limit=53248.0000GB)  state=OK paused=0 warned=0  [SOFT<300 HARD<80 RELEASE>=150]
[diskwatch] 2026-06-16 17:23:08 free=1720.3200GB (use=51527.6800GB limit=53248.0000GB)  state=OK paused=0 warned=0  [SOFT<300 HARD<80 RELEASE>=150]
[diskwatch] 2026-06-16 17:25:08 free=1710.0800GB (use=51537.9200GB limit=53248.0000GB)  state=OK paused=0 warned=0  [SOFT<300 HARD<80 RELEASE>=150]
[diskwatch] 2026-06-16 17:27:09 free=1699.8400GB (use=51548.1600GB limit=53248.0000GB)  state=OK paused=0 warned=0  [SOFT<300 HARD<80 RELEASE>=150]
[diskwatch] 2026-06-16 17:29:09 free=1699.8400GB (use=51548.1600GB limit=53248.0000GB)  state=OK paused=0 warned=0  [SOFT<300 HARD<80 RELEASE>=150]
[diskwatch] 2026-06-16 17:31:10 free=1689.6000GB (use=51558.4000GB limit=53248.0000GB)  state=OK paused=0 warned=0  [SOFT<300 HARD<80 RELEASE>=150]
[diskwatch] 2026-06-16 17:33:11 free=1689.6000GB (use=51558.4000GB limit=53248.0000GB)  state=OK paused=0 warned=0  [SOFT<300 HARD<80 RELEASE>=150]
[diskwatch] 2026-06-16 17:35:11 free=1679.3600GB (use=51568.6400GB limit=53248.0000GB)  state=OK paused=0 warned=0  [SOFT<300 HARD<80 RELEASE>=150]
[diskwatch] 2026-06-16 17:37:12 free=1679.3600GB (use=51568.6400GB limit=53248.0000GB)  state=OK paused=0 warned=0  [SOFT<300 HARD<80 RELEASE>=150]
[diskwatch] 2026-06-16 17:39:12 free=1669.1200GB (use=51578.8800GB limit=53248.0000GB)  state=OK paused=0 warned=0  [SOFT<300 HARD<80 RELEASE>=150]
[diskwatch] 2026-06-16 17:41:13 free=1669.1200GB (use=51578.8800GB limit=53248.0000GB)  state=OK paused=0 warned=0  [SOFT<300 HARD<80 RELEASE>=150]
[diskwatch] 2026-06-16 17:43:14 free=1658.8800GB (use=51589.1200GB limit=53248.0000GB)  state=OK paused=0 warned=0  [SOFT<300 HARD<80 RELEASE>=150]
[diskwatch] 2026-06-16 17:45:14 free=1648.6400GB (use=51599.3600GB limit=53248.0000GB)  state=OK paused=0 warned=0  [SOFT<300 HARD<80 RELEASE>=150]
[diskwatch] 2026-06-16 17:47:15 free=1648.6400GB (use=51599.3600GB limit=53248.0000GB)  state=OK paused=0 warned=0  [SOFT<300 HARD<80 RELEASE>=150]
[diskwatch] 2026-06-16 17:49:16 free=1638.4000GB (use=51609.6000GB limit=53248.0000GB)  state=OK paused=0 warned=0  [SOFT<300 HARD<80 RELEASE>=150]
[diskwatch] 2026-06-16 17:51:16 free=1638.4000GB (use=51609.6000GB limit=53248.0000GB)  state=OK paused=0 warned=0  [SOFT<300 HARD<80 RELEASE>=150]
[diskwatch] 2026-06-16 17:53:17 free=1617.9200GB (use=51630.0800GB limit=53248.0000GB)  state=OK paused=0 warned=0  [SOFT<300 HARD<80 RELEASE>=150]
[diskwatch] 2026-06-16 17:55:18 free=1617.9200GB (use=51630.0800GB limit=53248.0000GB)  state=OK paused=0 warned=0  [SOFT<300 HARD<80 RELEASE>=150]
[diskwatch] 2026-06-16 17:57:19 free=1607.6800GB (use=51640.3200GB limit=53248.0000GB)  state=OK paused=0 warned=0  [SOFT<300 HARD<80 RELEASE>=150]
[diskwatch] 2026-06-16 17:59:20 free=1607.6800GB (use=51640.3200GB limit=53248.0000GB)  state=OK paused=0 warned=0  [SOFT<300 HARD<80 RELEASE>=150]
[diskwatch] 2026-06-16 18:01:20 free=1597.4400GB (use=51650.5600GB limit=53248.0000GB)  state=OK paused=0 warned=0  [SOFT<300 HARD<80 RELEASE>=150]
[diskwatch] 2026-06-16 18:03:21 free=1597.4400GB (use=51650.5600GB limit=53248.0000GB)  state=OK paused=0 warned=0  [SOFT<300 HARD<80 RELEASE>=150]
[diskwatch] 2026-06-16 18:05:21 free=1576.9600GB (use=51671.0400GB limit=53248.0000GB)  state=OK paused=0 warned=0  [SOFT<300 HARD<80 RELEASE>=150]
[diskwatch] 2026-06-16 18:07:22 free=1576.9600GB (use=51671.0400GB limit=53248.0000GB)  state=OK paused=0 warned=0  [SOFT<300 HARD<80 RELEASE>=150]
[diskwatch] 2026-06-16 18:09:23 free=1566.7200GB (use=51681.2800GB limit=53248.0000GB)  state=OK paused=0 warned=0  [SOFT<300 HARD<80 RELEASE>=150]
[diskwatch] 2026-06-16 18:11:24 free=1566.7200GB (use=51681.2800GB limit=53248.0000GB)  state=OK paused=0 warned=0  [SOFT<300 HARD<80 RELEASE>=150]
[diskwatch] 2026-06-16 18:13:24 free=1556.4800GB (use=51691.5200GB limit=53248.0000GB)  state=OK paused=0 warned=0  [SOFT<300 HARD<80 RELEASE>=150]
[diskwatch] 2026-06-16 18:15:25 free=1556.4800GB (use=51691.5200GB limit=53248.0000GB)  state=OK paused=0 warned=0  [SOFT<300 HARD<80 RELEASE>=150]
[diskwatch] 2026-06-16 18:17:26 free=1556.4800GB (use=51691.5200GB limit=53248.0000GB)  state=OK paused=0 warned=0  [SOFT<300 HARD<80 RELEASE>=150]
[diskwatch] 2026-06-16 18:19:26 free=1546.2400GB (use=51701.7600GB limit=53248.0000GB)  state=OK paused=0 warned=0  [SOFT<300 HARD<80 RELEASE>=150]
[diskwatch] 2026-06-16 18:21:27 free=1546.2400GB (use=51701.7600GB limit=53248.0000GB)  state=OK paused=0 warned=0  [SOFT<300 HARD<80 RELEASE>=150]
[diskwatch] 2026-06-16 18:23:27 free=1536.0000GB (use=51712.0000GB limit=53248.0000GB)  state=OK paused=0 warned=0  [SOFT<300 HARD<80 RELEASE>=150]
[diskwatch] 2026-06-16 18:25:28 free=1536.0000GB (use=51712.0000GB limit=53248.0000GB)  state=OK paused=0 warned=0  [SOFT<300 HARD<80 RELEASE>=150]
[diskwatch] 2026-06-16 18:27:29 free=1536.0000GB (use=51712.0000GB limit=53248.0000GB)  state=OK paused=0 warned=0  [SOFT<300 HARD<80 RELEASE>=150]
[diskwatch] 2026-06-16 18:29:29 free=1525.7600GB (use=51722.2400GB limit=53248.0000GB)  state=OK paused=0 warned=0  [SOFT<300 HARD<80 RELEASE>=150]
[diskwatch] 2026-06-16 18:31:30 free=1515.5200GB (use=51732.4800GB limit=53248.0000GB)  state=OK paused=0 warned=0  [SOFT<300 HARD<80 RELEASE>=150]
[diskwatch] 2026-06-16 18:33:30 free=1515.5200GB (use=51732.4800GB limit=53248.0000GB)  state=OK paused=0 warned=0  [SOFT<300 HARD<80 RELEASE>=150]
[diskwatch] 2026-06-16 18:35:31 free=1515.5200GB (use=51732.4800GB limit=53248.0000GB)  state=OK paused=0 warned=0  [SOFT<300 HARD<80 RELEASE>=150]
[diskwatch] 2026-06-16 18:37:32 free=1515.5200GB (use=51732.4800GB limit=53248.0000GB)  state=OK paused=0 warned=0  [SOFT<300 HARD<80 RELEASE>=150]
[diskwatch] 2026-06-16 18:39:32 free=1505.2800GB (use=51742.7200GB limit=53248.0000GB)  state=OK paused=0 warned=0  [SOFT<300 HARD<80 RELEASE>=150]
[diskwatch] 2026-06-16 18:41:33 free=1505.2800GB (use=51742.7200GB limit=53248.0000GB)  state=OK paused=0 warned=0  [SOFT<300 HARD<80 RELEASE>=150]
[diskwatch] 2026-06-16 18:43:34 free=1505.2800GB (use=51742.7200GB limit=53248.0000GB)  state=OK paused=0 warned=0  [SOFT<300 HARD<80 RELEASE>=150]
[diskwatch] 2026-06-16 18:45:34 free=1495.0400GB (use=51752.9600GB limit=53248.0000GB)  state=OK paused=0 warned=0  [SOFT<300 HARD<80 RELEASE>=150]
[diskwatch] 2026-06-16 18:47:35 free=1495.0400GB (use=51752.9600GB limit=53248.0000GB)  state=OK paused=0 warned=0  [SOFT<300 HARD<80 RELEASE>=150]
[diskwatch] 2026-06-16 18:49:36 free=1495.0400GB (use=51752.9600GB limit=53248.0000GB)  state=OK paused=0 warned=0  [SOFT<300 HARD<80 RELEASE>=150]
[diskwatch] 2026-06-16 18:51:36 free=1484.8000GB (use=51763.2000GB limit=53248.0000GB)  state=OK paused=0 warned=0  [SOFT<300 HARD<80 RELEASE>=150]
[diskwatch] 2026-06-16 18:53:37 free=1484.8000GB (use=51763.2000GB limit=53248.0000GB)  state=OK paused=0 warned=0  [SOFT<300 HARD<80 RELEASE>=150]
[diskwatch] 2026-06-16 18:55:37 free=1484.8000GB (use=51763.2000GB limit=53248.0000GB)  state=OK paused=0 warned=0  [SOFT<300 HARD<80 RELEASE>=150]
[diskwatch] 2026-06-16 18:57:38 free=1484.8000GB (use=51763.2000GB limit=53248.0000GB)  state=OK paused=0 warned=0  [SOFT<300 HARD<80 RELEASE>=150]
[diskwatch] 2026-06-16 18:59:39 free=1474.5600GB (use=51773.4400GB limit=53248.0000GB)  state=OK paused=0 warned=0  [SOFT<300 HARD<80 RELEASE>=150]
[diskwatch] 2026-06-16 19:01:39 free=1474.5600GB (use=51773.4400GB limit=53248.0000GB)  state=OK paused=0 warned=0  [SOFT<300 HARD<80 RELEASE>=150]
[diskwatch] 2026-06-16 19:03:40 free=1474.5600GB (use=51773.4400GB limit=53248.0000GB)  state=OK paused=0 warned=0  [SOFT<300 HARD<80 RELEASE>=150]
[diskwatch] 2026-06-16 19:05:41 free=1464.3200GB (use=51783.6800GB limit=53248.0000GB)  state=OK paused=0 warned=0  [SOFT<300 HARD<80 RELEASE>=150]
[diskwatch] 2026-06-16 19:07:41 free=1464.3200GB (use=51783.6800GB limit=53248.0000GB)  state=OK paused=0 warned=0  [SOFT<300 HARD<80 RELEASE>=150]
[diskwatch] 2026-06-16 19:09:42 free=1454.0800GB (use=51793.9200GB limit=53248.0000GB)  state=OK paused=0 warned=0  [SOFT<300 HARD<80 RELEASE>=150]
[diskwatch] 2026-06-16 19:11:42 free=1464.3200GB (use=51783.6800GB limit=53248.0000GB)  state=OK paused=0 warned=0  [SOFT<300 HARD<80 RELEASE>=150]
[diskwatch] 2026-06-16 19:13:43 free=1454.0800GB (use=51793.9200GB limit=53248.0000GB)  state=OK paused=0 warned=0  [SOFT<300 HARD<80 RELEASE>=150]
[diskwatch] 2026-06-16 19:15:44 free=1443.8400GB (use=51804.1600GB limit=53248.0000GB)  state=OK paused=0 warned=0  [SOFT<300 HARD<80 RELEASE>=150]
[diskwatch] 2026-06-16 19:17:44 free=1443.8400GB (use=51804.1600GB limit=53248.0000GB)  state=OK paused=0 warned=0  [SOFT<300 HARD<80 RELEASE>=150]
[diskwatch] 2026-06-16 19:19:45 free=1443.8400GB (use=51804.1600GB limit=53248.0000GB)  state=OK paused=0 warned=0  [SOFT<300 HARD<80 RELEASE>=150]
[diskwatch] 2026-06-16 19:21:46 free=1433.6000GB (use=51814.4000GB limit=53248.0000GB)  state=OK paused=0 warned=0  [SOFT<300 HARD<80 RELEASE>=150]
[diskwatch] 2026-06-16 19:23:46 free=1433.6000GB (use=51814.4000GB limit=53248.0000GB)  state=OK paused=0 warned=0  [SOFT<300 HARD<80 RELEASE>=150]
[diskwatch] 2026-06-16 19:25:47 free=1433.6000GB (use=51814.4000GB limit=53248.0000GB)  state=OK paused=0 warned=0  [SOFT<300 HARD<80 RELEASE>=150]
[diskwatch] 2026-06-16 19:27:48 free=1423.3600GB (use=51824.6400GB limit=53248.0000GB)  state=OK paused=0 warned=0  [SOFT<300 HARD<80 RELEASE>=150]
[diskwatch] 2026-06-16 19:29:48 free=1423.3600GB (use=51824.6400GB limit=53248.0000GB)  state=OK paused=0 warned=0  [SOFT<300 HARD<80 RELEASE>=150]
[diskwatch] 2026-06-16 19:31:49 free=1402.8800GB (use=51845.1200GB limit=53248.0000GB)  state=OK paused=0 warned=0  [SOFT<300 HARD<80 RELEASE>=150]
[diskwatch] 2026-06-16 19:33:49 free=1392.6400GB (use=51855.3600GB limit=53248.0000GB)  state=OK paused=0 warned=0  [SOFT<300 HARD<80 RELEASE>=150]
[diskwatch] 2026-06-16 19:35:50 free=1382.4000GB (use=51865.6000GB limit=53248.0000GB)  state=OK paused=0 warned=0  [SOFT<300 HARD<80 RELEASE>=150]
[diskwatch] 2026-06-16 19:37:50 free=1382.4000GB (use=51865.6000GB limit=53248.0000GB)  state=OK paused=0 warned=0  [SOFT<300 HARD<80 RELEASE>=150]
[diskwatch] 2026-06-16 19:39:51 free=1372.1600GB (use=51875.8400GB limit=53248.0000GB)  state=OK paused=0 warned=0  [SOFT<300 HARD<80 RELEASE>=150]
[diskwatch] 2026-06-16 19:41:52 free=1372.1600GB (use=51875.8400GB limit=53248.0000GB)  state=OK paused=0 warned=0  [SOFT<300 HARD<80 RELEASE>=150]
[diskwatch] 2026-06-16 19:43:52 free=1372.1600GB (use=51875.8400GB limit=53248.0000GB)  state=OK paused=0 warned=0  [SOFT<300 HARD<80 RELEASE>=150]
[diskwatch] 2026-06-16 19:45:53 free=1361.9200GB (use=51886.0800GB limit=53248.0000GB)  state=OK paused=0 warned=0  [SOFT<300 HARD<80 RELEASE>=150]
[diskwatch] 2026-06-16 19:47:54 free=1341.4400GB (use=51906.5600GB limit=53248.0000GB)  state=OK paused=0 warned=0  [SOFT<300 HARD<80 RELEASE>=150]
[diskwatch] 2026-06-16 19:49:54 free=1341.4400GB (use=51906.5600GB limit=53248.0000GB)  state=OK paused=0 warned=0  [SOFT<300 HARD<80 RELEASE>=150]
[diskwatch] 2026-06-16 19:51:55 free=1331.2000GB (use=51916.8000GB limit=53248.0000GB)  state=OK paused=0 warned=0  [SOFT<300 HARD<80 RELEASE>=150]
[diskwatch] 2026-06-16 19:53:56 free=1331.2000GB (use=51916.8000GB limit=53248.0000GB)  state=OK paused=0 warned=0  [SOFT<300 HARD<80 RELEASE>=150]
[diskwatch] 2026-06-16 19:55:56 free=1320.9600GB (use=51927.0400GB limit=53248.0000GB)  state=OK paused=0 warned=0  [SOFT<300 HARD<80 RELEASE>=150]
[diskwatch] 2026-06-16 19:57:57 free=1310.7200GB (use=51937.2800GB limit=53248.0000GB)  state=OK paused=0 warned=0  [SOFT<300 HARD<80 RELEASE>=150]
[diskwatch] 2026-06-16 19:59:58 free=1310.7200GB (use=51937.2800GB limit=53248.0000GB)  state=OK paused=0 warned=0  [SOFT<300 HARD<80 RELEASE>=150]
[diskwatch] 2026-06-16 20:01:58 free=1300.4800GB (use=51947.5200GB limit=53248.0000GB)  state=OK paused=0 warned=0  [SOFT<300 HARD<80 RELEASE>=150]
[diskwatch] 2026-06-16 20:03:59 free=1290.2400GB (use=51957.7600GB limit=53248.0000GB)  state=OK paused=0 warned=0  [SOFT<300 HARD<80 RELEASE>=150]
[diskwatch] 2026-06-16 20:06:00 free=1290.2400GB (use=51957.7600GB limit=53248.0000GB)  state=OK paused=0 warned=0  [SOFT<300 HARD<80 RELEASE>=150]
[diskwatch] 2026-06-16 20:08:00 free=1290.2400GB (use=51957.7600GB limit=53248.0000GB)  state=OK paused=0 warned=0  [SOFT<300 HARD<80 RELEASE>=150]
[diskwatch] 2026-06-16 20:10:01 free=1269.7600GB (use=51978.2400GB limit=53248.0000GB)  state=OK paused=0 warned=0  [SOFT<300 HARD<80 RELEASE>=150]
[diskwatch] 2026-06-16 20:12:01 free=1269.7600GB (use=51978.2400GB limit=53248.0000GB)  state=OK paused=0 warned=0  [SOFT<300 HARD<80 RELEASE>=150]
[diskwatch] 2026-06-16 20:14:02 free=1259.5200GB (use=51988.4800GB limit=53248.0000GB)  state=OK paused=0 warned=0  [SOFT<300 HARD<80 RELEASE>=150]
[diskwatch] 2026-06-16 20:16:03 free=1259.5200GB (use=51988.4800GB limit=53248.0000GB)  state=OK paused=0 warned=0  [SOFT<300 HARD<80 RELEASE>=150]
[diskwatch] 2026-06-16 20:18:03 free=1249.2800GB (use=51998.7200GB limit=53248.0000GB)  state=OK paused=0 warned=0  [SOFT<300 HARD<80 RELEASE>=150]
[diskwatch] 2026-06-16 20:20:04 free=1239.0400GB (use=52008.9600GB limit=53248.0000GB)  state=OK paused=0 warned=0  [SOFT<300 HARD<80 RELEASE>=150]
[diskwatch] 2026-06-16 20:22:05 free=1239.0400GB (use=52008.9600GB limit=53248.0000GB)  state=OK paused=0 warned=0  [SOFT<300 HARD<80 RELEASE>=150]
[diskwatch] 2026-06-16 20:24:05 free=1239.0400GB (use=52008.9600GB limit=53248.0000GB)  state=OK paused=0 warned=0  [SOFT<300 HARD<80 RELEASE>=150]
[diskwatch] 2026-06-16 20:26:06 free=1218.5600GB (use=52029.4400GB limit=53248.0000GB)  state=OK paused=0 warned=0  [SOFT<300 HARD<80 RELEASE>=150]
[diskwatch] 2026-06-16 20:28:06 free=1218.5600GB (use=52029.4400GB limit=53248.0000GB)  state=OK paused=0 warned=0  [SOFT<300 HARD<80 RELEASE>=150]
[diskwatch] 2026-06-16 20:30:07 free=1208.3200GB (use=52039.6800GB limit=53248.0000GB)  state=OK paused=0 warned=0  [SOFT<300 HARD<80 RELEASE>=150]
[diskwatch] 2026-06-16 20:32:08 free=1208.3200GB (use=52039.6800GB limit=53248.0000GB)  state=OK paused=0 warned=0  [SOFT<300 HARD<80 RELEASE>=150]
[diskwatch] 2026-06-16 20:34:08 free=1198.0800GB (use=52049.9200GB limit=53248.0000GB)  state=OK paused=0 warned=0  [SOFT<300 HARD<80 RELEASE>=150]
[diskwatch] 2026-06-16 20:36:09 free=1187.8400GB (use=52060.1600GB limit=53248.0000GB)  state=OK paused=0 warned=0  [SOFT<300 HARD<80 RELEASE>=150]
[diskwatch] 2026-06-16 20:38:10 free=1187.8400GB (use=52060.1600GB limit=53248.0000GB)  state=OK paused=0 warned=0  [SOFT<300 HARD<80 RELEASE>=150]
[diskwatch] 2026-06-16 20:40:10 free=1177.6000GB (use=52070.4000GB limit=53248.0000GB)  state=OK paused=0 warned=0  [SOFT<300 HARD<80 RELEASE>=150]
[diskwatch] 2026-06-16 20:42:11 free=1157.1200GB (use=52090.8800GB limit=53248.0000GB)  state=OK paused=0 warned=0  [SOFT<300 HARD<80 RELEASE>=150]
[diskwatch] 2026-06-16 20:44:12 free=1167.3600GB (use=52080.6400GB limit=53248.0000GB)  state=OK paused=0 warned=0  [SOFT<300 HARD<80 RELEASE>=150]
[diskwatch] 2026-06-16 20:46:13 free=1157.1200GB (use=52090.8800GB limit=53248.0000GB)  state=OK paused=0 warned=0  [SOFT<300 HARD<80 RELEASE>=150]
[diskwatch] 2026-06-16 20:48:14 free=1157.1200GB (use=52090.8800GB limit=53248.0000GB)  state=OK paused=0 warned=0  [SOFT<300 HARD<80 RELEASE>=150]
[diskwatch] 2026-06-16 20:50:14 free=1136.6400GB (use=52111.3600GB limit=53248.0000GB)  state=OK paused=0 warned=0  [SOFT<300 HARD<80 RELEASE>=150]
[diskwatch] 2026-06-16 20:52:15 free=1136.6400GB (use=52111.3600GB limit=53248.0000GB)  state=OK paused=0 warned=0  [SOFT<300 HARD<80 RELEASE>=150]
[diskwatch] 2026-06-16 20:54:16 free=1126.4000GB (use=52121.6000GB limit=53248.0000GB)  state=OK paused=0 warned=0  [SOFT<300 HARD<80 RELEASE>=150]
[diskwatch] 2026-06-16 20:56:16 free=1126.4000GB (use=52121.6000GB limit=53248.0000GB)  state=OK paused=0 warned=0  [SOFT<300 HARD<80 RELEASE>=150]
[diskwatch] 2026-06-16 20:58:17 free=1105.9200GB (use=52142.0800GB limit=53248.0000GB)  state=OK paused=0 warned=0  [SOFT<300 HARD<80 RELEASE>=150]
[diskwatch] 2026-06-16 21:00:18 free=1105.9200GB (use=52142.0800GB limit=53248.0000GB)  state=OK paused=0 warned=0  [SOFT<300 HARD<80 RELEASE>=150]
[diskwatch] 2026-06-16 21:02:18 free=1105.9200GB (use=52142.0800GB limit=53248.0000GB)  state=OK paused=0 warned=0  [SOFT<300 HARD<80 RELEASE>=150]
[diskwatch] 2026-06-16 21:04:19 free=1095.6800GB (use=52152.3200GB limit=53248.0000GB)  state=OK paused=0 warned=0  [SOFT<300 HARD<80 RELEASE>=150]
[diskwatch] 2026-06-16 21:06:20 free=1085.4400GB (use=52162.5600GB limit=53248.0000GB)  state=OK paused=0 warned=0  [SOFT<300 HARD<80 RELEASE>=150]
[diskwatch] 2026-06-16 21:08:20 free=1075.2000GB (use=52172.8000GB limit=53248.0000GB)  state=OK paused=0 warned=0  [SOFT<300 HARD<80 RELEASE>=150]
[diskwatch] 2026-06-16 21:10:21 free=1075.2000GB (use=52172.8000GB limit=53248.0000GB)  state=OK paused=0 warned=0  [SOFT<300 HARD<80 RELEASE>=150]
[diskwatch] 2026-06-16 21:12:21 free=1075.2000GB (use=52172.8000GB limit=53248.0000GB)  state=OK paused=0 warned=0  [SOFT<300 HARD<80 RELEASE>=150]
[diskwatch] 2026-06-16 21:14:22 free=1064.9600GB (use=52183.0400GB limit=53248.0000GB)  state=OK paused=0 warned=0  [SOFT<300 HARD<80 RELEASE>=150]
[diskwatch] 2026-06-16 21:16:23 free=1044.4800GB (use=52203.5200GB limit=53248.0000GB)  state=OK paused=0 warned=0  [SOFT<300 HARD<80 RELEASE>=150]
[diskwatch] 2026-06-16 21:18:23 free=1044.4800GB (use=52203.5200GB limit=53248.0000GB)  state=OK paused=0 warned=0  [SOFT<300 HARD<80 RELEASE>=150]
[diskwatch] 2026-06-16 21:20:24 free=1034.2400GB (use=52213.7600GB limit=53248.0000GB)  state=OK paused=0 warned=0  [SOFT<300 HARD<80 RELEASE>=150]
[diskwatch] 2026-06-16 21:22:24 free=1034.2400GB (use=52213.7600GB limit=53248.0000GB)  state=OK paused=0 warned=0  [SOFT<300 HARD<80 RELEASE>=150]
[diskwatch] 2026-06-16 21:24:25 free=1024.0000GB (use=52224.0000GB limit=53248.0000GB)  state=OK paused=0 warned=0  [SOFT<300 HARD<80 RELEASE>=150]
[diskwatch] 2026-06-16 21:26:26 free=1024.0000GB (use=52224.0000GB limit=53248.0000GB)  state=OK paused=0 warned=0  [SOFT<300 HARD<80 RELEASE>=150]
[diskwatch] 2026-06-16 21:28:26 free=1013.7600GB (use=52234.2400GB limit=53248.0000GB)  state=OK paused=0 warned=0  [SOFT<300 HARD<80 RELEASE>=150]
[diskwatch] 2026-06-16 21:30:27 free=1013.7600GB (use=52234.2400GB limit=53248.0000GB)  state=OK paused=0 warned=0  [SOFT<300 HARD<80 RELEASE>=150]
[diskwatch] 2026-06-16 21:32:27 free=1013.7600GB (use=52234.2400GB limit=53248.0000GB)  state=OK paused=0 warned=0  [SOFT<300 HARD<80 RELEASE>=150]
[diskwatch] 2026-06-16 21:34:28 free=1003.5200GB (use=52244.4800GB limit=53248.0000GB)  state=OK paused=0 warned=0  [SOFT<300 HARD<80 RELEASE>=150]
[diskwatch] 2026-06-16 21:36:28 free=1003.5200GB (use=52244.4800GB limit=53248.0000GB)  state=OK paused=0 warned=0  [SOFT<300 HARD<80 RELEASE>=150]
[diskwatch] 2026-06-16 21:38:29 free=993.2800GB (use=52254.7200GB limit=53248.0000GB)  state=OK paused=0 warned=0  [SOFT<300 HARD<80 RELEASE>=150]
[diskwatch] 2026-06-16 21:40:30 free=993.2800GB (use=52254.7200GB limit=53248.0000GB)  state=OK paused=0 warned=0  [SOFT<300 HARD<80 RELEASE>=150]
[diskwatch] 2026-06-16 21:42:30 free=983.0400GB (use=52264.9600GB limit=53248.0000GB)  state=OK paused=0 warned=0  [SOFT<300 HARD<80 RELEASE>=150]
[diskwatch] 2026-06-16 21:44:31 free=962.5600GB (use=52285.4400GB limit=53248.0000GB)  state=OK paused=0 warned=0  [SOFT<300 HARD<80 RELEASE>=150]
[diskwatch] 2026-06-16 21:46:31 free=972.8000GB (use=52275.2000GB limit=53248.0000GB)  state=OK paused=0 warned=0  [SOFT<300 HARD<80 RELEASE>=150]
[diskwatch] 2026-06-16 21:48:32 free=962.5600GB (use=52285.4400GB limit=53248.0000GB)  state=OK paused=0 warned=0  [SOFT<300 HARD<80 RELEASE>=150]
[diskwatch] 2026-06-16 21:50:33 free=952.3200GB (use=52295.6800GB limit=53248.0000GB)  state=OK paused=0 warned=0  [SOFT<300 HARD<80 RELEASE>=150]
[diskwatch] 2026-06-16 21:52:33 free=942.0800GB (use=52305.9200GB limit=53248.0000GB)  state=OK paused=0 warned=0  [SOFT<300 HARD<80 RELEASE>=150]
[diskwatch] 2026-06-16 21:54:34 free=931.8400GB (use=52316.1600GB limit=53248.0000GB)  state=OK paused=0 warned=0  [SOFT<300 HARD<80 RELEASE>=150]
[diskwatch] 2026-06-16 21:56:34 free=931.8400GB (use=52316.1600GB limit=53248.0000GB)  state=OK paused=0 warned=0  [SOFT<300 HARD<80 RELEASE>=150]
[diskwatch] 2026-06-16 21:58:35 free=921.6000GB (use=52326.4000GB limit=53248.0000GB)  state=OK paused=0 warned=0  [SOFT<300 HARD<80 RELEASE>=150]
[diskwatch] 2026-06-16 22:00:36 free=921.6000GB (use=52326.4000GB limit=53248.0000GB)  state=OK paused=0 warned=0  [SOFT<300 HARD<80 RELEASE>=150]
[diskwatch] 2026-06-16 22:02:36 free=911.3600GB (use=52336.6400GB limit=53248.0000GB)  state=OK paused=0 warned=0  [SOFT<300 HARD<80 RELEASE>=150]
[diskwatch] 2026-06-16 22:04:37 free=911.3600GB (use=52336.6400GB limit=53248.0000GB)  state=OK paused=0 warned=0  [SOFT<300 HARD<80 RELEASE>=150]
[diskwatch] 2026-06-16 22:06:37 free=911.3600GB (use=52336.6400GB limit=53248.0000GB)  state=OK paused=0 warned=0  [SOFT<300 HARD<80 RELEASE>=150]
[diskwatch] 2026-06-16 22:08:38 free=890.8800GB (use=52357.1200GB limit=53248.0000GB)  state=OK paused=0 warned=0  [SOFT<300 HARD<80 RELEASE>=150]
[diskwatch] 2026-06-16 22:10:39 free=890.8800GB (use=52357.1200GB limit=53248.0000GB)  state=OK paused=0 warned=0  [SOFT<300 HARD<80 RELEASE>=150]
[diskwatch] 2026-06-16 22:12:39 free=880.6400GB (use=52367.3600GB limit=53248.0000GB)  state=OK paused=0 warned=0  [SOFT<300 HARD<80 RELEASE>=150]
[diskwatch] 2026-06-16 22:14:40 free=880.6400GB (use=52367.3600GB limit=53248.0000GB)  state=OK paused=0 warned=0  [SOFT<300 HARD<80 RELEASE>=150]
[diskwatch] 2026-06-16 22:16:40 free=870.4000GB (use=52377.6000GB limit=53248.0000GB)  state=OK paused=0 warned=0  [SOFT<300 HARD<80 RELEASE>=150]
[diskwatch] 2026-06-16 22:18:41 free=870.4000GB (use=52377.6000GB limit=53248.0000GB)  state=OK paused=0 warned=0  [SOFT<300 HARD<80 RELEASE>=150]
[diskwatch] 2026-06-16 22:20:42 free=880.6400GB (use=52367.3600GB limit=53248.0000GB)  state=OK paused=0 warned=0  [SOFT<300 HARD<80 RELEASE>=150]
[diskwatch] 2026-06-16 22:22:42 free=870.4000GB (use=52377.6000GB limit=53248.0000GB)  state=OK paused=0 warned=0  [SOFT<300 HARD<80 RELEASE>=150]
[diskwatch] 2026-06-16 22:24:43 free=870.4000GB (use=52377.6000GB limit=53248.0000GB)  state=OK paused=0 warned=0  [SOFT<300 HARD<80 RELEASE>=150]
[diskwatch] 2026-06-16 22:26:43 free=870.4000GB (use=52377.6000GB limit=53248.0000GB)  state=OK paused=0 warned=0  [SOFT<300 HARD<80 RELEASE>=150]
[diskwatch] 2026-06-16 22:28:44 free=860.1600GB (use=52387.8400GB limit=53248.0000GB)  state=OK paused=0 warned=0  [SOFT<300 HARD<80 RELEASE>=150]
[diskwatch] 2026-06-16 22:30:45 free=860.1600GB (use=52387.8400GB limit=53248.0000GB)  state=OK paused=0 warned=0  [SOFT<300 HARD<80 RELEASE>=150]
[diskwatch] 2026-06-16 22:32:45 free=860.1600GB (use=52387.8400GB limit=53248.0000GB)  state=OK paused=0 warned=0  [SOFT<300 HARD<80 RELEASE>=150]
[diskwatch] 2026-06-16 22:34:46 free=860.1600GB (use=52387.8400GB limit=53248.0000GB)  state=OK paused=0 warned=0  [SOFT<300 HARD<80 RELEASE>=150]
[diskwatch] 2026-06-16 22:36:46 free=849.9200GB (use=52398.0800GB limit=53248.0000GB)  state=OK paused=0 warned=0  [SOFT<300 HARD<80 RELEASE>=150]
[diskwatch] 2026-06-16 22:38:47 free=849.9200GB (use=52398.0800GB limit=53248.0000GB)  state=OK paused=0 warned=0  [SOFT<300 HARD<80 RELEASE>=150]
[diskwatch] 2026-06-16 22:40:47 free=849.9200GB (use=52398.0800GB limit=53248.0000GB)  state=OK paused=0 warned=0  [SOFT<300 HARD<80 RELEASE>=150]
[diskwatch] 2026-06-16 22:42:48 free=849.9200GB (use=52398.0800GB limit=53248.0000GB)  state=OK paused=0 warned=0  [SOFT<300 HARD<80 RELEASE>=150]
[diskwatch] 2026-06-16 22:44:49 free=839.6800GB (use=52408.3200GB limit=53248.0000GB)  state=OK paused=0 warned=0  [SOFT<300 HARD<80 RELEASE>=150]
[diskwatch] 2026-06-16 22:46:49 free=839.6800GB (use=52408.3200GB limit=53248.0000GB)  state=OK paused=0 warned=0  [SOFT<300 HARD<80 RELEASE>=150]
[diskwatch] 2026-06-16 22:48:50 free=839.6800GB (use=52408.3200GB limit=53248.0000GB)  state=OK paused=0 warned=0  [SOFT<300 HARD<80 RELEASE>=150]
[diskwatch] 2026-06-16 22:50:51 free=839.6800GB (use=52408.3200GB limit=53248.0000GB)  state=OK paused=0 warned=0  [SOFT<300 HARD<80 RELEASE>=150]
[diskwatch] 2026-06-16 22:52:51 free=839.6800GB (use=52408.3200GB limit=53248.0000GB)  state=OK paused=0 warned=0  [SOFT<300 HARD<80 RELEASE>=150]
[diskwatch] 2026-06-16 22:54:52 free=829.4400GB (use=52418.5600GB limit=53248.0000GB)  state=OK paused=0 warned=0  [SOFT<300 HARD<80 RELEASE>=150]
[diskwatch] 2026-06-16 22:56:52 free=829.4400GB (use=52418.5600GB limit=53248.0000GB)  state=OK paused=0 warned=0  [SOFT<300 HARD<80 RELEASE>=150]
[diskwatch] 2026-06-16 22:58:53 free=829.4400GB (use=52418.5600GB limit=53248.0000GB)  state=OK paused=0 warned=0  [SOFT<300 HARD<80 RELEASE>=150]
[diskwatch] 2026-06-16 23:00:54 free=829.4400GB (use=52418.5600GB limit=53248.0000GB)  state=OK paused=0 warned=0  [SOFT<300 HARD<80 RELEASE>=150]
[diskwatch] 2026-06-16 23:02:54 free=819.2000GB (use=52428.8000GB limit=53248.0000GB)  state=OK paused=0 warned=0  [SOFT<300 HARD<80 RELEASE>=150]
[diskwatch] 2026-06-16 23:04:55 free=829.4400GB (use=52418.5600GB limit=53248.0000GB)  state=OK paused=0 warned=0  [SOFT<300 HARD<80 RELEASE>=150]
[diskwatch] 2026-06-16 23:06:55 free=839.6800GB (use=52408.3200GB limit=53248.0000GB)  state=OK paused=0 warned=0  [SOFT<300 HARD<80 RELEASE>=150]
[diskwatch] 2026-06-16 23:08:56 free=829.4400GB (use=52418.5600GB limit=53248.0000GB)  state=OK paused=0 warned=0  [SOFT<300 HARD<80 RELEASE>=150]
[diskwatch] 2026-06-16 23:10:56 free=829.4400GB (use=52418.5600GB limit=53248.0000GB)  state=OK paused=0 warned=0  [SOFT<300 HARD<80 RELEASE>=150]
[diskwatch] 2026-06-16 23:12:57 free=829.4400GB (use=52418.5600GB limit=53248.0000GB)  state=OK paused=0 warned=0  [SOFT<300 HARD<80 RELEASE>=150]
[diskwatch] 2026-06-16 23:14:57 free=819.2000GB (use=52428.8000GB limit=53248.0000GB)  state=OK paused=0 warned=0  [SOFT<300 HARD<80 RELEASE>=150]
[diskwatch] 2026-06-16 23:16:58 free=819.2000GB (use=52428.8000GB limit=53248.0000GB)  state=OK paused=0 warned=0  [SOFT<300 HARD<80 RELEASE>=150]
[diskwatch] 2026-06-16 23:18:59 free=808.9600GB (use=52439.0400GB limit=53248.0000GB)  state=OK paused=0 warned=0  [SOFT<300 HARD<80 RELEASE>=150]
[diskwatch] 2026-06-16 23:20:59 free=808.9600GB (use=52439.0400GB limit=53248.0000GB)  state=OK paused=0 warned=0  [SOFT<300 HARD<80 RELEASE>=150]
[diskwatch] 2026-06-16 23:23:00 free=798.7200GB (use=52449.2800GB limit=53248.0000GB)  state=OK paused=0 warned=0  [SOFT<300 HARD<80 RELEASE>=150]
[diskwatch] 2026-06-16 23:25:00 free=798.7200GB (use=52449.2800GB limit=53248.0000GB)  state=OK paused=0 warned=0  [SOFT<300 HARD<80 RELEASE>=150]
[diskwatch] 2026-06-16 23:27:01 free=798.7200GB (use=52449.2800GB limit=53248.0000GB)  state=OK paused=0 warned=0  [SOFT<300 HARD<80 RELEASE>=150]
[diskwatch] 2026-06-16 23:29:01 free=798.7200GB (use=52449.2800GB limit=53248.0000GB)  state=OK paused=0 warned=0  [SOFT<300 HARD<80 RELEASE>=150]
[diskwatch] 2026-06-16 23:31:02 free=798.7200GB (use=52449.2800GB limit=53248.0000GB)  state=OK paused=0 warned=0  [SOFT<300 HARD<80 RELEASE>=150]
[diskwatch] 2026-06-16 23:33:03 free=788.4800GB (use=52459.5200GB limit=53248.0000GB)  state=OK paused=0 warned=0  [SOFT<300 HARD<80 RELEASE>=150]
[diskwatch] 2026-06-16 23:35:03 free=788.4800GB (use=52459.5200GB limit=53248.0000GB)  state=OK paused=0 warned=0  [SOFT<300 HARD<80 RELEASE>=150]
[diskwatch] 2026-06-16 23:37:04 free=788.4800GB (use=52459.5200GB limit=53248.0000GB)  state=OK paused=0 warned=0  [SOFT<300 HARD<80 RELEASE>=150]
[diskwatch] 2026-06-16 23:39:04 free=788.4800GB (use=52459.5200GB limit=53248.0000GB)  state=OK paused=0 warned=0  [SOFT<300 HARD<80 RELEASE>=150]
[diskwatch] 2026-06-16 23:41:05 free=788.4800GB (use=52459.5200GB limit=53248.0000GB)  state=OK paused=0 warned=0  [SOFT<300 HARD<80 RELEASE>=150]
[diskwatch] 2026-06-16 23:43:06 free=798.7200GB (use=52449.2800GB limit=53248.0000GB)  state=OK paused=0 warned=0  [SOFT<300 HARD<80 RELEASE>=150]
[diskwatch] 2026-06-16 23:45:06 free=798.7200GB (use=52449.2800GB limit=53248.0000GB)  state=OK paused=0 warned=0  [SOFT<300 HARD<80 RELEASE>=150]
[diskwatch] 2026-06-16 23:47:07 free=798.7200GB (use=52449.2800GB limit=53248.0000GB)  state=OK paused=0 warned=0  [SOFT<300 HARD<80 RELEASE>=150]
[diskwatch] 2026-06-16 23:49:07 free=798.7200GB (use=52449.2800GB limit=53248.0000GB)  state=OK paused=0 warned=0  [SOFT<300 HARD<80 RELEASE>=150]
[diskwatch] 2026-06-16 23:51:08 free=860.1600GB (use=52387.8400GB limit=53248.0000GB)  state=OK paused=0 warned=0  [SOFT<300 HARD<80 RELEASE>=150]
[diskwatch] 2026-06-16 23:53:09 free=849.9200GB (use=52398.0800GB limit=53248.0000GB)  state=OK paused=0 warned=0  [SOFT<300 HARD<80 RELEASE>=150]
[diskwatch] 2026-06-16 23:55:09 free=849.9200GB (use=52398.0800GB limit=53248.0000GB)  state=OK paused=0 warned=0  [SOFT<300 HARD<80 RELEASE>=150]
[diskwatch] 2026-06-16 23:57:10 free=870.4000GB (use=52377.6000GB limit=53248.0000GB)  state=OK paused=0 warned=0  [SOFT<300 HARD<80 RELEASE>=150]
[diskwatch] 2026-06-16 23:59:10 free=870.4000GB (use=52377.6000GB limit=53248.0000GB)  state=OK paused=0 warned=0  [SOFT<300 HARD<80 RELEASE>=150]
[diskwatch] 2026-06-17 00:01:11 free=880.6400GB (use=52367.3600GB limit=53248.0000GB)  state=OK paused=0 warned=0  [SOFT<300 HARD<80 RELEASE>=150]
[diskwatch] 2026-06-17 00:03:12 free=880.6400GB (use=52367.3600GB limit=53248.0000GB)  state=OK paused=0 warned=0  [SOFT<300 HARD<80 RELEASE>=150]
[diskwatch] 2026-06-17 00:05:12 free=942.0800GB (use=52305.9200GB limit=53248.0000GB)  state=OK paused=0 warned=0  [SOFT<300 HARD<80 RELEASE>=150]
[diskwatch] 2026-06-17 00:07:13 free=952.3200GB (use=52295.6800GB limit=53248.0000GB)  state=OK paused=0 warned=0  [SOFT<300 HARD<80 RELEASE>=150]
[diskwatch] 2026-06-17 00:09:14 free=1136.6400GB (use=52111.3600GB limit=53248.0000GB)  state=OK paused=0 warned=0  [SOFT<300 HARD<80 RELEASE>=150]
[diskwatch] 2026-06-17 00:11:14 free=1187.8400GB (use=52060.1600GB limit=53248.0000GB)  state=OK paused=0 warned=0  [SOFT<300 HARD<80 RELEASE>=150]
[diskwatch] 2026-06-17 00:13:15 free=1218.5600GB (use=52029.4400GB limit=53248.0000GB)  state=OK paused=0 warned=0  [SOFT<300 HARD<80 RELEASE>=150]
[diskwatch] 2026-06-17 00:15:15 free=1239.0400GB (use=52008.9600GB limit=53248.0000GB)  state=OK paused=0 warned=0  [SOFT<300 HARD<80 RELEASE>=150]
[diskwatch] 2026-06-17 00:17:16 free=1310.7200GB (use=51937.2800GB limit=53248.0000GB)  state=OK paused=0 warned=0  [SOFT<300 HARD<80 RELEASE>=150]
[diskwatch] 2026-06-17 00:19:17 free=1300.4800GB (use=51947.5200GB limit=53248.0000GB)  state=OK paused=0 warned=0  [SOFT<300 HARD<80 RELEASE>=150]
[diskwatch] 2026-06-17 00:21:17 free=1310.7200GB (use=51937.2800GB limit=53248.0000GB)  state=OK paused=0 warned=0  [SOFT<300 HARD<80 RELEASE>=150]
[diskwatch] 2026-06-17 00:23:18 free=1331.2000GB (use=51916.8000GB limit=53248.0000GB)  state=OK paused=0 warned=0  [SOFT<300 HARD<80 RELEASE>=150]
[diskwatch] 2026-06-17 00:25:19 free=1341.4400GB (use=51906.5600GB limit=53248.0000GB)  state=OK paused=0 warned=0  [SOFT<300 HARD<80 RELEASE>=150]
[diskwatch] 2026-06-17 00:27:19 free=1341.4400GB (use=51906.5600GB limit=53248.0000GB)  state=OK paused=0 warned=0  [SOFT<300 HARD<80 RELEASE>=150]
[diskwatch] 2026-06-17 00:29:20 free=1413.1200GB (use=51834.8800GB limit=53248.0000GB)  state=OK paused=0 warned=0  [SOFT<300 HARD<80 RELEASE>=150]
[diskwatch] 2026-06-17 00:31:20 free=1413.1200GB (use=51834.8800GB limit=53248.0000GB)  state=OK paused=0 warned=0  [SOFT<300 HARD<80 RELEASE>=150]
[diskwatch] 2026-06-17 00:33:21 free=1402.8800GB (use=51845.1200GB limit=53248.0000GB)  state=OK paused=0 warned=0  [SOFT<300 HARD<80 RELEASE>=150]
[diskwatch] 2026-06-17 00:35:22 free=1433.6000GB (use=51814.4000GB limit=53248.0000GB)  state=OK paused=0 warned=0  [SOFT<300 HARD<80 RELEASE>=150]
[diskwatch] 2026-06-17 00:37:22 free=1484.8000GB (use=51763.2000GB limit=53248.0000GB)  state=OK paused=0 warned=0  [SOFT<300 HARD<80 RELEASE>=150]
[diskwatch] 2026-06-17 00:39:23 free=1484.8000GB (use=51763.2000GB limit=53248.0000GB)  state=OK paused=0 warned=0  [SOFT<300 HARD<80 RELEASE>=150]
[diskwatch] 2026-06-17 00:41:24 free=1484.8000GB (use=51763.2000GB limit=53248.0000GB)  state=OK paused=0 warned=0  [SOFT<300 HARD<80 RELEASE>=150]
[diskwatch] 2026-06-17 00:43:24 free=1484.8000GB (use=51763.2000GB limit=53248.0000GB)  state=OK paused=0 warned=0  [SOFT<300 HARD<80 RELEASE>=150]
[diskwatch] 2026-06-17 00:45:25 free=1617.9200GB (use=51630.0800GB limit=53248.0000GB)  state=OK paused=0 warned=0  [SOFT<300 HARD<80 RELEASE>=150]
[diskwatch] 2026-06-17 00:47:25 free=1617.9200GB (use=51630.0800GB limit=53248.0000GB)  state=OK paused=0 warned=0  [SOFT<300 HARD<80 RELEASE>=150]
[diskwatch] 2026-06-17 00:49:26 free=1638.4000GB (use=51609.6000GB limit=53248.0000GB)  state=OK paused=0 warned=0  [SOFT<300 HARD<80 RELEASE>=150]
[diskwatch] 2026-06-17 00:51:26 free=1648.6400GB (use=51599.3600GB limit=53248.0000GB)  state=OK paused=0 warned=0  [SOFT<300 HARD<80 RELEASE>=150]
[diskwatch] 2026-06-17 00:53:27 free=1638.4000GB (use=51609.6000GB limit=53248.0000GB)  state=OK paused=0 warned=0  [SOFT<300 HARD<80 RELEASE>=150]
[diskwatch] 2026-06-17 00:55:27 free=1638.4000GB (use=51609.6000GB limit=53248.0000GB)  state=OK paused=0 warned=0  [SOFT<300 HARD<80 RELEASE>=150]
[diskwatch] 2026-06-17 00:57:28 free=1710.0800GB (use=51537.9200GB limit=53248.0000GB)  state=OK paused=0 warned=0  [SOFT<300 HARD<80 RELEASE>=150]
[diskwatch] 2026-06-17 00:59:28 free=1710.0800GB (use=51537.9200GB limit=53248.0000GB)  state=OK paused=0 warned=0  [SOFT<300 HARD<80 RELEASE>=150]
[diskwatch] 2026-06-17 01:01:29 free=1710.0800GB (use=51537.9200GB limit=53248.0000GB)  state=OK paused=0 warned=0  [SOFT<300 HARD<80 RELEASE>=150]
[diskwatch] 2026-06-17 01:03:29 free=1751.0400GB (use=51496.9600GB limit=53248.0000GB)  state=OK paused=0 warned=0  [SOFT<300 HARD<80 RELEASE>=150]
[diskwatch] 2026-06-17 01:05:30 free=1740.8000GB (use=51507.2000GB limit=53248.0000GB)  state=OK paused=0 warned=0  [SOFT<300 HARD<80 RELEASE>=150]
[diskwatch] 2026-06-17 01:07:30 free=1740.8000GB (use=51507.2000GB limit=53248.0000GB)  state=OK paused=0 warned=0  [SOFT<300 HARD<80 RELEASE>=150]
[diskwatch] 2026-06-17 01:09:31 free=1740.8000GB (use=51507.2000GB limit=53248.0000GB)  state=OK paused=0 warned=0  [SOFT<300 HARD<80 RELEASE>=150]
[diskwatch] 2026-06-17 01:11:31 free=1812.4800GB (use=51435.5200GB limit=53248.0000GB)  state=OK paused=0 warned=0  [SOFT<300 HARD<80 RELEASE>=150]
[diskwatch] 2026-06-17 01:13:32 free=1802.2400GB (use=51445.7600GB limit=53248.0000GB)  state=OK paused=0 warned=0  [SOFT<300 HARD<80 RELEASE>=150]
[diskwatch] 2026-06-17 01:15:32 free=1802.2400GB (use=51445.7600GB limit=53248.0000GB)  state=OK paused=0 warned=0  [SOFT<300 HARD<80 RELEASE>=150]
[diskwatch] 2026-06-17 01:17:33 free=1853.4400GB (use=51394.5600GB limit=53248.0000GB)  state=OK paused=0 warned=0  [SOFT<300 HARD<80 RELEASE>=150]
[diskwatch] 2026-06-17 01:19:33 free=1843.2000GB (use=51404.8000GB limit=53248.0000GB)  state=OK paused=0 warned=0  [SOFT<300 HARD<80 RELEASE>=150]
[diskwatch] 2026-06-17 01:21:34 free=1843.2000GB (use=51404.8000GB limit=53248.0000GB)  state=OK paused=0 warned=0  [SOFT<300 HARD<80 RELEASE>=150]
[diskwatch] 2026-06-17 01:23:34 free=1843.2000GB (use=51404.8000GB limit=53248.0000GB)  state=OK paused=0 warned=0  [SOFT<300 HARD<80 RELEASE>=150]
[diskwatch] 2026-06-17 01:25:35 free=1873.9200GB (use=51374.0800GB limit=53248.0000GB)  state=OK paused=0 warned=0  [SOFT<300 HARD<80 RELEASE>=150]
[diskwatch] 2026-06-17 01:27:35 free=1863.6800GB (use=51384.3200GB limit=53248.0000GB)  state=OK paused=0 warned=0  [SOFT<300 HARD<80 RELEASE>=150]
[diskwatch] 2026-06-17 01:29:36 free=1863.6800GB (use=51384.3200GB limit=53248.0000GB)  state=OK paused=0 warned=0  [SOFT<300 HARD<80 RELEASE>=150]
[diskwatch] 2026-06-17 01:31:36 free=1863.6800GB (use=51384.3200GB limit=53248.0000GB)  state=OK paused=0 warned=0  [SOFT<300 HARD<80 RELEASE>=150]
[diskwatch] 2026-06-17 01:33:37 free=1853.4400GB (use=51394.5600GB limit=53248.0000GB)  state=OK paused=0 warned=0  [SOFT<300 HARD<80 RELEASE>=150]
[diskwatch] 2026-06-17 01:35:37 free=1853.4400GB (use=51394.5600GB limit=53248.0000GB)  state=OK paused=0 warned=0  [SOFT<300 HARD<80 RELEASE>=150]
[diskwatch] 2026-06-17 01:37:38 free=1853.4400GB (use=51394.5600GB limit=53248.0000GB)  state=OK paused=0 warned=0  [SOFT<300 HARD<80 RELEASE>=150]
[diskwatch] 2026-06-17 01:39:39 free=1853.4400GB (use=51394.5600GB limit=53248.0000GB)  state=OK paused=0 warned=0  [SOFT<300 HARD<80 RELEASE>=150]
[diskwatch] 2026-06-17 01:41:39 free=1843.2000GB (use=51404.8000GB limit=53248.0000GB)  state=OK paused=0 warned=0  [SOFT<300 HARD<80 RELEASE>=150]
[diskwatch] 2026-06-17 01:43:40 free=1843.2000GB (use=51404.8000GB limit=53248.0000GB)  state=OK paused=0 warned=0  [SOFT<300 HARD<80 RELEASE>=150]
[diskwatch] 2026-06-17 01:45:40 free=1843.2000GB (use=51404.8000GB limit=53248.0000GB)  state=OK paused=0 warned=0  [SOFT<300 HARD<80 RELEASE>=150]
[diskwatch] 2026-06-17 01:47:41 free=1843.2000GB (use=51404.8000GB limit=53248.0000GB)  state=OK paused=0 warned=0  [SOFT<300 HARD<80 RELEASE>=150]
[diskwatch] 2026-06-17 01:49:41 free=1843.2000GB (use=51404.8000GB limit=53248.0000GB)  state=OK paused=0 warned=0  [SOFT<300 HARD<80 RELEASE>=150]
[diskwatch] 2026-06-17 01:51:42 free=1843.2000GB (use=51404.8000GB limit=53248.0000GB)  state=OK paused=0 warned=0  [SOFT<300 HARD<80 RELEASE>=150]
[diskwatch] 2026-06-17 01:53:43 free=1832.9600GB (use=51415.0400GB limit=53248.0000GB)  state=OK paused=0 warned=0  [SOFT<300 HARD<80 RELEASE>=150]
[diskwatch] 2026-06-17 01:55:43 free=1832.9600GB (use=51415.0400GB limit=53248.0000GB)  state=OK paused=0 warned=0  [SOFT<300 HARD<80 RELEASE>=150]
[diskwatch] 2026-06-17 01:57:44 free=1832.9600GB (use=51415.0400GB limit=53248.0000GB)  state=OK paused=0 warned=0  [SOFT<300 HARD<80 RELEASE>=150]
[diskwatch] 2026-06-17 01:59:44 free=1832.9600GB (use=51415.0400GB limit=53248.0000GB)  state=OK paused=0 warned=0  [SOFT<300 HARD<80 RELEASE>=150]
[diskwatch] 2026-06-17 02:01:45 free=1832.9600GB (use=51415.0400GB limit=53248.0000GB)  state=OK paused=0 warned=0  [SOFT<300 HARD<80 RELEASE>=150]
[diskwatch] 2026-06-17 02:03:45 free=1843.2000GB (use=51404.8000GB limit=53248.0000GB)  state=OK paused=0 warned=0  [SOFT<300 HARD<80 RELEASE>=150]
[diskwatch] 2026-06-17 02:05:46 free=1832.9600GB (use=51415.0400GB limit=53248.0000GB)  state=OK paused=0 warned=0  [SOFT<300 HARD<80 RELEASE>=150]
[diskwatch] 2026-06-17 02:07:47 free=1822.7200GB (use=51425.2800GB limit=53248.0000GB)  state=OK paused=0 warned=0  [SOFT<300 HARD<80 RELEASE>=150]
[diskwatch] 2026-06-17 02:09:47 free=1822.7200GB (use=51425.2800GB limit=53248.0000GB)  state=OK paused=0 warned=0  [SOFT<300 HARD<80 RELEASE>=150]
[diskwatch] 2026-06-17 02:11:48 free=1822.7200GB (use=51425.2800GB limit=53248.0000GB)  state=OK paused=0 warned=0  [SOFT<300 HARD<80 RELEASE>=150]
[diskwatch] 2026-06-17 02:13:48 free=1822.7200GB (use=51425.2800GB limit=53248.0000GB)  state=OK paused=0 warned=0  [SOFT<300 HARD<80 RELEASE>=150]
[diskwatch] 2026-06-17 02:15:49 free=1812.4800GB (use=51435.5200GB limit=53248.0000GB)  state=OK paused=0 warned=0  [SOFT<300 HARD<80 RELEASE>=150]
[diskwatch] 2026-06-17 02:17:49 free=1812.4800GB (use=51435.5200GB limit=53248.0000GB)  state=OK paused=0 warned=0  [SOFT<300 HARD<80 RELEASE>=150]
[diskwatch] 2026-06-17 02:19:50 free=1812.4800GB (use=51435.5200GB limit=53248.0000GB)  state=OK paused=0 warned=0  [SOFT<300 HARD<80 RELEASE>=150]
[diskwatch] 2026-06-17 02:21:50 free=1802.2400GB (use=51445.7600GB limit=53248.0000GB)  state=OK paused=0 warned=0  [SOFT<300 HARD<80 RELEASE>=150]
[diskwatch] 2026-06-17 02:23:51 free=1802.2400GB (use=51445.7600GB limit=53248.0000GB)  state=OK paused=0 warned=0  [SOFT<300 HARD<80 RELEASE>=150]
[diskwatch] 2026-06-17 02:25:52 free=1802.2400GB (use=51445.7600GB limit=53248.0000GB)  state=OK paused=0 warned=0  [SOFT<300 HARD<80 RELEASE>=150]
[diskwatch] 2026-06-17 02:27:52 free=1802.2400GB (use=51445.7600GB limit=53248.0000GB)  state=OK paused=0 warned=0  [SOFT<300 HARD<80 RELEASE>=150]
[diskwatch] 2026-06-17 02:29:53 free=1802.2400GB (use=51445.7600GB limit=53248.0000GB)  state=OK paused=0 warned=0  [SOFT<300 HARD<80 RELEASE>=150]
[diskwatch] 2026-06-17 02:31:53 free=1792.0000GB (use=51456.0000GB limit=53248.0000GB)  state=OK paused=0 warned=0  [SOFT<300 HARD<80 RELEASE>=150]
[diskwatch] 2026-06-17 02:33:54 free=1792.0000GB (use=51456.0000GB limit=53248.0000GB)  state=OK paused=0 warned=0  [SOFT<300 HARD<80 RELEASE>=150]
[diskwatch] 2026-06-17 02:35:54 free=1792.0000GB (use=51456.0000GB limit=53248.0000GB)  state=OK paused=0 warned=0  [SOFT<300 HARD<80 RELEASE>=150]
[diskwatch] 2026-06-17 02:37:55 free=1792.0000GB (use=51456.0000GB limit=53248.0000GB)  state=OK paused=0 warned=0  [SOFT<300 HARD<80 RELEASE>=150]
[diskwatch] 2026-06-17 02:39:55 free=1781.7600GB (use=51466.2400GB limit=53248.0000GB)  state=OK paused=0 warned=0  [SOFT<300 HARD<80 RELEASE>=150]
[diskwatch] 2026-06-17 02:41:56 free=1781.7600GB (use=51466.2400GB limit=53248.0000GB)  state=OK paused=0 warned=0  [SOFT<300 HARD<80 RELEASE>=150]
[diskwatch] 2026-06-17 02:43:56 free=1781.7600GB (use=51466.2400GB limit=53248.0000GB)  state=OK paused=0 warned=0  [SOFT<300 HARD<80 RELEASE>=150]
[diskwatch] 2026-06-17 02:45:57 free=1781.7600GB (use=51466.2400GB limit=53248.0000GB)  state=OK paused=0 warned=0  [SOFT<300 HARD<80 RELEASE>=150]
[diskwatch] 2026-06-17 02:47:57 free=1781.7600GB (use=51466.2400GB limit=53248.0000GB)  state=OK paused=0 warned=0  [SOFT<300 HARD<80 RELEASE>=150]
[diskwatch] 2026-06-17 02:49:58 free=1781.7600GB (use=51466.2400GB limit=53248.0000GB)  state=OK paused=0 warned=0  [SOFT<300 HARD<80 RELEASE>=150]
[diskwatch] 2026-06-17 02:51:58 free=1771.5200GB (use=51476.4800GB limit=53248.0000GB)  state=OK paused=0 warned=0  [SOFT<300 HARD<80 RELEASE>=150]
[diskwatch] 2026-06-17 02:53:59 free=1771.5200GB (use=51476.4800GB limit=53248.0000GB)  state=OK paused=0 warned=0  [SOFT<300 HARD<80 RELEASE>=150]
[diskwatch] 2026-06-17 02:56:00 free=1771.5200GB (use=51476.4800GB limit=53248.0000GB)  state=OK paused=0 warned=0  [SOFT<300 HARD<80 RELEASE>=150]
[diskwatch] 2026-06-17 02:58:00 free=1771.5200GB (use=51476.4800GB limit=53248.0000GB)  state=OK paused=0 warned=0  [SOFT<300 HARD<80 RELEASE>=150]
[diskwatch] 2026-06-17 03:00:01 free=1771.5200GB (use=51476.4800GB limit=53248.0000GB)  state=OK paused=0 warned=0  [SOFT<300 HARD<80 RELEASE>=150]
[diskwatch] 2026-06-17 03:02:01 free=1761.2800GB (use=51486.7200GB limit=53248.0000GB)  state=OK paused=0 warned=0  [SOFT<300 HARD<80 RELEASE>=150]
[diskwatch] 2026-06-17 03:04:02 free=1771.5200GB (use=51476.4800GB limit=53248.0000GB)  state=OK paused=0 warned=0  [SOFT<300 HARD<80 RELEASE>=150]
[diskwatch] 2026-06-17 03:06:02 free=1761.2800GB (use=51486.7200GB limit=53248.0000GB)  state=OK paused=0 warned=0  [SOFT<300 HARD<80 RELEASE>=150]
[diskwatch] 2026-06-17 03:08:03 free=1761.2800GB (use=51486.7200GB limit=53248.0000GB)  state=OK paused=0 warned=0  [SOFT<300 HARD<80 RELEASE>=150]
[diskwatch] 2026-06-17 03:10:04 free=1761.2800GB (use=51486.7200GB limit=53248.0000GB)  state=OK paused=0 warned=0  [SOFT<300 HARD<80 RELEASE>=150]
[diskwatch] 2026-06-17 03:12:04 free=1761.2800GB (use=51486.7200GB limit=53248.0000GB)  state=OK paused=0 warned=0  [SOFT<300 HARD<80 RELEASE>=150]
[diskwatch] 2026-06-17 03:14:05 free=1751.0400GB (use=51496.9600GB limit=53248.0000GB)  state=OK paused=0 warned=0  [SOFT<300 HARD<80 RELEASE>=150]
[diskwatch] 2026-06-17 03:16:05 free=1751.0400GB (use=51496.9600GB limit=53248.0000GB)  state=OK paused=0 warned=0  [SOFT<300 HARD<80 RELEASE>=150]
[diskwatch] 2026-06-17 03:18:06 free=1751.0400GB (use=51496.9600GB limit=53248.0000GB)  state=OK paused=0 warned=0  [SOFT<300 HARD<80 RELEASE>=150]
[diskwatch] 2026-06-17 03:20:07 free=1751.0400GB (use=51496.9600GB limit=53248.0000GB)  state=OK paused=0 warned=0  [SOFT<300 HARD<80 RELEASE>=150]
[diskwatch] 2026-06-17 03:22:07 free=1751.0400GB (use=51496.9600GB limit=53248.0000GB)  state=OK paused=0 warned=0  [SOFT<300 HARD<80 RELEASE>=150]
[diskwatch] 2026-06-17 03:24:08 free=1740.8000GB (use=51507.2000GB limit=53248.0000GB)  state=OK paused=0 warned=0  [SOFT<300 HARD<80 RELEASE>=150]
[diskwatch] 2026-06-17 03:26:08 free=1740.8000GB (use=51507.2000GB limit=53248.0000GB)  state=OK paused=0 warned=0  [SOFT<300 HARD<80 RELEASE>=150]
[diskwatch] 2026-06-17 03:28:09 free=1730.5600GB (use=51517.4400GB limit=53248.0000GB)  state=OK paused=0 warned=0  [SOFT<300 HARD<80 RELEASE>=150]
[diskwatch] 2026-06-17 03:30:09 free=1730.5600GB (use=51517.4400GB limit=53248.0000GB)  state=OK paused=0 warned=0  [SOFT<300 HARD<80 RELEASE>=150]
[diskwatch] 2026-06-17 03:32:10 free=1730.5600GB (use=51517.4400GB limit=53248.0000GB)  state=OK paused=0 warned=0  [SOFT<300 HARD<80 RELEASE>=150]
[diskwatch] 2026-06-17 03:34:11 free=1730.5600GB (use=51517.4400GB limit=53248.0000GB)  state=OK paused=0 warned=0  [SOFT<300 HARD<80 RELEASE>=150]
[diskwatch] 2026-06-17 03:36:11 free=1730.5600GB (use=51517.4400GB limit=53248.0000GB)  state=OK paused=0 warned=0  [SOFT<300 HARD<80 RELEASE>=150]
[diskwatch] 2026-06-17 03:38:12 free=1730.5600GB (use=51517.4400GB limit=53248.0000GB)  state=OK paused=0 warned=0  [SOFT<300 HARD<80 RELEASE>=150]
[diskwatch] 2026-06-17 03:40:12 free=1730.5600GB (use=51517.4400GB limit=53248.0000GB)  state=OK paused=0 warned=0  [SOFT<300 HARD<80 RELEASE>=150]
[diskwatch] 2026-06-17 03:42:13 free=1730.5600GB (use=51517.4400GB limit=53248.0000GB)  state=OK paused=0 warned=0  [SOFT<300 HARD<80 RELEASE>=150]
[diskwatch] 2026-06-17 03:44:13 free=1720.3200GB (use=51527.6800GB limit=53248.0000GB)  state=OK paused=0 warned=0  [SOFT<300 HARD<80 RELEASE>=150]
[diskwatch] 2026-06-17 03:46:14 free=1720.3200GB (use=51527.6800GB limit=53248.0000GB)  state=OK paused=0 warned=0  [SOFT<300 HARD<80 RELEASE>=150]
[diskwatch] 2026-06-17 03:48:14 free=1720.3200GB (use=51527.6800GB limit=53248.0000GB)  state=OK paused=0 warned=0  [SOFT<300 HARD<80 RELEASE>=150]
[diskwatch] 2026-06-17 03:50:15 free=1710.0800GB (use=51537.9200GB limit=53248.0000GB)  state=OK paused=0 warned=0  [SOFT<300 HARD<80 RELEASE>=150]
[diskwatch] 2026-06-17 03:52:16 free=1710.0800GB (use=51537.9200GB limit=53248.0000GB)  state=OK paused=0 warned=0  [SOFT<300 HARD<80 RELEASE>=150]
[diskwatch] 2026-06-17 03:54:16 free=1710.0800GB (use=51537.9200GB limit=53248.0000GB)  state=OK paused=0 warned=0  [SOFT<300 HARD<80 RELEASE>=150]
[diskwatch] 2026-06-17 03:56:17 free=1710.0800GB (use=51537.9200GB limit=53248.0000GB)  state=OK paused=0 warned=0  [SOFT<300 HARD<80 RELEASE>=150]
[diskwatch] 2026-06-17 03:58:17 free=1710.0800GB (use=51537.9200GB limit=53248.0000GB)  state=OK paused=0 warned=0  [SOFT<300 HARD<80 RELEASE>=150]
[diskwatch] 2026-06-17 04:00:18 free=1710.0800GB (use=51537.9200GB limit=53248.0000GB)  state=OK paused=0 warned=0  [SOFT<300 HARD<80 RELEASE>=150]
[diskwatch] 2026-06-17 04:02:18 free=1699.8400GB (use=51548.1600GB limit=53248.0000GB)  state=OK paused=0 warned=0  [SOFT<300 HARD<80 RELEASE>=150]
[diskwatch] 2026-06-17 04:04:19 free=1699.8400GB (use=51548.1600GB limit=53248.0000GB)  state=OK paused=0 warned=0  [SOFT<300 HARD<80 RELEASE>=150]
[diskwatch] 2026-06-17 04:06:19 free=1699.8400GB (use=51548.1600GB limit=53248.0000GB)  state=OK paused=0 warned=0  [SOFT<300 HARD<80 RELEASE>=150]
[diskwatch] 2026-06-17 04:08:20 free=1689.6000GB (use=51558.4000GB limit=53248.0000GB)  state=OK paused=0 warned=0  [SOFT<300 HARD<80 RELEASE>=150]
[diskwatch] 2026-06-17 04:10:20 free=1689.6000GB (use=51558.4000GB limit=53248.0000GB)  state=OK paused=0 warned=0  [SOFT<300 HARD<80 RELEASE>=150]
[diskwatch] 2026-06-17 04:12:21 free=1689.6000GB (use=51558.4000GB limit=53248.0000GB)  state=OK paused=0 warned=0  [SOFT<300 HARD<80 RELEASE>=150]
[diskwatch] 2026-06-17 04:14:21 free=1689.6000GB (use=51558.4000GB limit=53248.0000GB)  state=OK paused=0 warned=0  [SOFT<300 HARD<80 RELEASE>=150]
[diskwatch] 2026-06-17 04:16:22 free=1689.6000GB (use=51558.4000GB limit=53248.0000GB)  state=OK paused=0 warned=0  [SOFT<300 HARD<80 RELEASE>=150]
[diskwatch] 2026-06-17 04:18:22 free=1679.3600GB (use=51568.6400GB limit=53248.0000GB)  state=OK paused=0 warned=0  [SOFT<300 HARD<80 RELEASE>=150]
[diskwatch] 2026-06-17 04:20:23 free=1679.3600GB (use=51568.6400GB limit=53248.0000GB)  state=OK paused=0 warned=0  [SOFT<300 HARD<80 RELEASE>=150]
[diskwatch] 2026-06-17 04:22:24 free=1679.3600GB (use=51568.6400GB limit=53248.0000GB)  state=OK paused=0 warned=0  [SOFT<300 HARD<80 RELEASE>=150]
[diskwatch] 2026-06-17 04:24:24 free=1679.3600GB (use=51568.6400GB limit=53248.0000GB)  state=OK paused=0 warned=0  [SOFT<300 HARD<80 RELEASE>=150]
[diskwatch] 2026-06-17 04:26:25 free=1679.3600GB (use=51568.6400GB limit=53248.0000GB)  state=OK paused=0 warned=0  [SOFT<300 HARD<80 RELEASE>=150]
[diskwatch] 2026-06-17 04:28:25 free=1679.3600GB (use=51568.6400GB limit=53248.0000GB)  state=OK paused=0 warned=0  [SOFT<300 HARD<80 RELEASE>=150]
[diskwatch] 2026-06-17 04:30:26 free=1669.1200GB (use=51578.8800GB limit=53248.0000GB)  state=OK paused=0 warned=0  [SOFT<300 HARD<80 RELEASE>=150]
[diskwatch] 2026-06-17 04:32:26 free=1669.1200GB (use=51578.8800GB limit=53248.0000GB)  state=OK paused=0 warned=0  [SOFT<300 HARD<80 RELEASE>=150]
[diskwatch] 2026-06-17 04:34:27 free=1669.1200GB (use=51578.8800GB limit=53248.0000GB)  state=OK paused=0 warned=0  [SOFT<300 HARD<80 RELEASE>=150]
[diskwatch] 2026-06-17 04:36:27 free=1669.1200GB (use=51578.8800GB limit=53248.0000GB)  state=OK paused=0 warned=0  [SOFT<300 HARD<80 RELEASE>=150]
[diskwatch] 2026-06-17 04:38:28 free=1669.1200GB (use=51578.8800GB limit=53248.0000GB)  state=OK paused=0 warned=0  [SOFT<300 HARD<80 RELEASE>=150]
[diskwatch] 2026-06-17 04:40:28 free=1658.8800GB (use=51589.1200GB limit=53248.0000GB)  state=OK paused=0 warned=0  [SOFT<300 HARD<80 RELEASE>=150]
[diskwatch] 2026-06-17 04:42:28 free=1658.8800GB (use=51589.1200GB limit=53248.0000GB)  state=OK paused=0 warned=0  [SOFT<300 HARD<80 RELEASE>=150]
[diskwatch] 2026-06-17 04:44:29 free=1658.8800GB (use=51589.1200GB limit=53248.0000GB)  state=OK paused=0 warned=0  [SOFT<300 HARD<80 RELEASE>=150]
[diskwatch] 2026-06-17 04:46:29 free=1648.6400GB (use=51599.3600GB limit=53248.0000GB)  state=OK paused=0 warned=0  [SOFT<300 HARD<80 RELEASE>=150]
[diskwatch] 2026-06-17 04:48:30 free=1648.6400GB (use=51599.3600GB limit=53248.0000GB)  state=OK paused=0 warned=0  [SOFT<300 HARD<80 RELEASE>=150]
[diskwatch] 2026-06-17 04:50:30 free=1658.8800GB (use=51589.1200GB limit=53248.0000GB)  state=OK paused=0 warned=0  [SOFT<300 HARD<80 RELEASE>=150]
[diskwatch] 2026-06-17 04:52:31 free=1648.6400GB (use=51599.3600GB limit=53248.0000GB)  state=OK paused=0 warned=0  [SOFT<300 HARD<80 RELEASE>=150]
[diskwatch] 2026-06-17 04:54:31 free=1648.6400GB (use=51599.3600GB limit=53248.0000GB)  state=OK paused=0 warned=0  [SOFT<300 HARD<80 RELEASE>=150]
[diskwatch] 2026-06-17 04:56:32 free=1648.6400GB (use=51599.3600GB limit=53248.0000GB)  state=OK paused=0 warned=0  [SOFT<300 HARD<80 RELEASE>=150]
[diskwatch] 2026-06-17 04:58:32 free=1638.4000GB (use=51609.6000GB limit=53248.0000GB)  state=OK paused=0 warned=0  [SOFT<300 HARD<80 RELEASE>=150]
[diskwatch] 2026-06-17 05:00:33 free=1638.4000GB (use=51609.6000GB limit=53248.0000GB)  state=OK paused=0 warned=0  [SOFT<300 HARD<80 RELEASE>=150]
[diskwatch] 2026-06-17 05:02:33 free=1638.4000GB (use=51609.6000GB limit=53248.0000GB)  state=OK paused=0 warned=0  [SOFT<300 HARD<80 RELEASE>=150]
[diskwatch] 2026-06-17 05:04:34 free=1628.1600GB (use=51619.8400GB limit=53248.0000GB)  state=OK paused=0 warned=0  [SOFT<300 HARD<80 RELEASE>=150]
[diskwatch] 2026-06-17 05:06:34 free=1628.1600GB (use=51619.8400GB limit=53248.0000GB)  state=OK paused=0 warned=0  [SOFT<300 HARD<80 RELEASE>=150]
[diskwatch] 2026-06-17 05:08:35 free=1628.1600GB (use=51619.8400GB limit=53248.0000GB)  state=OK paused=0 warned=0  [SOFT<300 HARD<80 RELEASE>=150]
[diskwatch] 2026-06-17 05:10:35 free=1617.9200GB (use=51630.0800GB limit=53248.0000GB)  state=OK paused=0 warned=0  [SOFT<300 HARD<80 RELEASE>=150]
[diskwatch] 2026-06-17 05:12:36 free=1617.9200GB (use=51630.0800GB limit=53248.0000GB)  state=OK paused=0 warned=0  [SOFT<300 HARD<80 RELEASE>=150]
[diskwatch] 2026-06-17 05:14:36 free=1607.6800GB (use=51640.3200GB limit=53248.0000GB)  state=OK paused=0 warned=0  [SOFT<300 HARD<80 RELEASE>=150]
[diskwatch] 2026-06-17 05:16:37 free=1607.6800GB (use=51640.3200GB limit=53248.0000GB)  state=OK paused=0 warned=0  [SOFT<300 HARD<80 RELEASE>=150]
[diskwatch] 2026-06-17 05:18:37 free=1597.4400GB (use=51650.5600GB limit=53248.0000GB)  state=OK paused=0 warned=0  [SOFT<300 HARD<80 RELEASE>=150]
[diskwatch] 2026-06-17 05:20:38 free=1597.4400GB (use=51650.5600GB limit=53248.0000GB)  state=OK paused=0 warned=0  [SOFT<300 HARD<80 RELEASE>=150]
[diskwatch] 2026-06-17 05:22:38 free=1587.2000GB (use=51660.8000GB limit=53248.0000GB)  state=OK paused=0 warned=0  [SOFT<300 HARD<80 RELEASE>=150]
[diskwatch] 2026-06-17 05:24:39 free=1597.4400GB (use=51650.5600GB limit=53248.0000GB)  state=OK paused=0 warned=0  [SOFT<300 HARD<80 RELEASE>=150]
[diskwatch] 2026-06-17 05:26:39 free=1587.2000GB (use=51660.8000GB limit=53248.0000GB)  state=OK paused=0 warned=0  [SOFT<300 HARD<80 RELEASE>=150]
[diskwatch] 2026-06-17 05:28:40 free=1587.2000GB (use=51660.8000GB limit=53248.0000GB)  state=OK paused=0 warned=0  [SOFT<300 HARD<80 RELEASE>=150]
[diskwatch] 2026-06-17 05:30:40 free=1587.2000GB (use=51660.8000GB limit=53248.0000GB)  state=OK paused=0 warned=0  [SOFT<300 HARD<80 RELEASE>=150]
[diskwatch] 2026-06-17 05:32:41 free=1587.2000GB (use=51660.8000GB limit=53248.0000GB)  state=OK paused=0 warned=0  [SOFT<300 HARD<80 RELEASE>=150]
[diskwatch] 2026-06-17 05:34:41 free=1576.9600GB (use=51671.0400GB limit=53248.0000GB)  state=OK paused=0 warned=0  [SOFT<300 HARD<80 RELEASE>=150]
[diskwatch] 2026-06-17 05:36:42 free=1576.9600GB (use=51671.0400GB limit=53248.0000GB)  state=OK paused=0 warned=0  [SOFT<300 HARD<80 RELEASE>=150]
[diskwatch] 2026-06-17 05:38:42 free=1576.9600GB (use=51671.0400GB limit=53248.0000GB)  state=OK paused=0 warned=0  [SOFT<300 HARD<80 RELEASE>=150]
[diskwatch] 2026-06-17 05:40:43 free=1576.9600GB (use=51671.0400GB limit=53248.0000GB)  state=OK paused=0 warned=0  [SOFT<300 HARD<80 RELEASE>=150]
[diskwatch] 2026-06-17 05:42:43 free=1566.7200GB (use=51681.2800GB limit=53248.0000GB)  state=OK paused=0 warned=0  [SOFT<300 HARD<80 RELEASE>=150]
[diskwatch] 2026-06-17 05:44:44 free=1566.7200GB (use=51681.2800GB limit=53248.0000GB)  state=OK paused=0 warned=0  [SOFT<300 HARD<80 RELEASE>=150]
[diskwatch] 2026-06-17 05:46:44 free=1566.7200GB (use=51681.2800GB limit=53248.0000GB)  state=OK paused=0 warned=0  [SOFT<300 HARD<80 RELEASE>=150]
[diskwatch] 2026-06-17 05:48:45 free=1566.7200GB (use=51681.2800GB limit=53248.0000GB)  state=OK paused=0 warned=0  [SOFT<300 HARD<80 RELEASE>=150]
[diskwatch] 2026-06-17 05:50:46 free=1566.7200GB (use=51681.2800GB limit=53248.0000GB)  state=OK paused=0 warned=0  [SOFT<300 HARD<80 RELEASE>=150]
[diskwatch] 2026-06-17 05:52:46 free=1556.4800GB (use=51691.5200GB limit=53248.0000GB)  state=OK paused=0 warned=0  [SOFT<300 HARD<80 RELEASE>=150]
[diskwatch] 2026-06-17 05:54:47 free=1556.4800GB (use=51691.5200GB limit=53248.0000GB)  state=OK paused=0 warned=0  [SOFT<300 HARD<80 RELEASE>=150]
[diskwatch] 2026-06-17 05:56:48 free=1556.4800GB (use=51691.5200GB limit=53248.0000GB)  state=OK paused=0 warned=0  [SOFT<300 HARD<80 RELEASE>=150]
[diskwatch] 2026-06-17 05:58:48 free=1556.4800GB (use=51691.5200GB limit=53248.0000GB)  state=OK paused=0 warned=0  [SOFT<300 HARD<80 RELEASE>=150]
[diskwatch] 2026-06-17 06:00:49 free=1556.4800GB (use=51691.5200GB limit=53248.0000GB)  state=OK paused=0 warned=0  [SOFT<300 HARD<80 RELEASE>=150]
[diskwatch] 2026-06-17 06:02:50 free=1556.4800GB (use=51691.5200GB limit=53248.0000GB)  state=OK paused=0 warned=0  [SOFT<300 HARD<80 RELEASE>=150]
[diskwatch] 2026-06-17 06:04:50 free=1546.2400GB (use=51701.7600GB limit=53248.0000GB)  state=OK paused=0 warned=0  [SOFT<300 HARD<80 RELEASE>=150]
[diskwatch] 2026-06-17 06:06:51 free=1546.2400GB (use=51701.7600GB limit=53248.0000GB)  state=OK paused=0 warned=0  [SOFT<300 HARD<80 RELEASE>=150]
[diskwatch] 2026-06-17 06:08:52 free=1546.2400GB (use=51701.7600GB limit=53248.0000GB)  state=OK paused=0 warned=0  [SOFT<300 HARD<80 RELEASE>=150]
[diskwatch] 2026-06-17 06:10:52 free=1546.2400GB (use=51701.7600GB limit=53248.0000GB)  state=OK paused=0 warned=0  [SOFT<300 HARD<80 RELEASE>=150]
[diskwatch] 2026-06-17 06:12:53 free=1546.2400GB (use=51701.7600GB limit=53248.0000GB)  state=OK paused=0 warned=0  [SOFT<300 HARD<80 RELEASE>=150]
[diskwatch] 2026-06-17 06:14:54 free=1546.2400GB (use=51701.7600GB limit=53248.0000GB)  state=OK paused=0 warned=0  [SOFT<300 HARD<80 RELEASE>=150]
[diskwatch] 2026-06-17 06:16:54 free=1546.2400GB (use=51701.7600GB limit=53248.0000GB)  state=OK paused=0 warned=0  [SOFT<300 HARD<80 RELEASE>=150]
[diskwatch] 2026-06-17 06:18:55 free=1536.0000GB (use=51712.0000GB limit=53248.0000GB)  state=OK paused=0 warned=0  [SOFT<300 HARD<80 RELEASE>=150]
[diskwatch] 2026-06-17 06:20:56 free=1536.0000GB (use=51712.0000GB limit=53248.0000GB)  state=OK paused=0 warned=0  [SOFT<300 HARD<80 RELEASE>=150]
[diskwatch] 2026-06-17 06:22:56 free=1546.2400GB (use=51701.7600GB limit=53248.0000GB)  state=OK paused=0 warned=0  [SOFT<300 HARD<80 RELEASE>=150]
[diskwatch] 2026-06-17 06:24:57 free=1536.0000GB (use=51712.0000GB limit=53248.0000GB)  state=OK paused=0 warned=0  [SOFT<300 HARD<80 RELEASE>=150]
[diskwatch] 2026-06-17 06:26:57 free=1536.0000GB (use=51712.0000GB limit=53248.0000GB)  state=OK paused=0 warned=0  [SOFT<300 HARD<80 RELEASE>=150]
[diskwatch] 2026-06-17 06:28:58 free=1536.0000GB (use=51712.0000GB limit=53248.0000GB)  state=OK paused=0 warned=0  [SOFT<300 HARD<80 RELEASE>=150]
[diskwatch] 2026-06-17 06:30:58 free=1536.0000GB (use=51712.0000GB limit=53248.0000GB)  state=OK paused=0 warned=0  [SOFT<300 HARD<80 RELEASE>=150]
[diskwatch] 2026-06-17 06:32:59 free=1525.7600GB (use=51722.2400GB limit=53248.0000GB)  state=OK paused=0 warned=0  [SOFT<300 HARD<80 RELEASE>=150]
[diskwatch] 2026-06-17 06:35:00 free=1525.7600GB (use=51722.2400GB limit=53248.0000GB)  state=OK paused=0 warned=0  [SOFT<300 HARD<80 RELEASE>=150]
[diskwatch] 2026-06-17 06:37:00 free=1525.7600GB (use=51722.2400GB limit=53248.0000GB)  state=OK paused=0 warned=0  [SOFT<300 HARD<80 RELEASE>=150]
[diskwatch] 2026-06-17 06:39:01 free=1525.7600GB (use=51722.2400GB limit=53248.0000GB)  state=OK paused=0 warned=0  [SOFT<300 HARD<80 RELEASE>=150]
[diskwatch] 2026-06-17 06:41:02 free=1525.7600GB (use=51722.2400GB limit=53248.0000GB)  state=OK paused=0 warned=0  [SOFT<300 HARD<80 RELEASE>=150]
[diskwatch] 2026-06-17 06:43:02 free=1525.7600GB (use=51722.2400GB limit=53248.0000GB)  state=OK paused=0 warned=0  [SOFT<300 HARD<80 RELEASE>=150]
[diskwatch] 2026-06-17 06:45:03 free=1525.7600GB (use=51722.2400GB limit=53248.0000GB)  state=OK paused=0 warned=0  [SOFT<300 HARD<80 RELEASE>=150]
[diskwatch] 2026-06-17 06:47:04 free=1525.7600GB (use=51722.2400GB limit=53248.0000GB)  state=OK paused=0 warned=0  [SOFT<300 HARD<80 RELEASE>=150]
[diskwatch] 2026-06-17 06:49:04 free=1525.7600GB (use=51722.2400GB limit=53248.0000GB)  state=OK paused=0 warned=0  [SOFT<300 HARD<80 RELEASE>=150]
[diskwatch] 2026-06-17 06:51:05 free=1525.7600GB (use=51722.2400GB limit=53248.0000GB)  state=OK paused=0 warned=0  [SOFT<300 HARD<80 RELEASE>=150]
[diskwatch] 2026-06-17 06:53:06 free=1525.7600GB (use=51722.2400GB limit=53248.0000GB)  state=OK paused=0 warned=0  [SOFT<300 HARD<80 RELEASE>=150]
[diskwatch] 2026-06-17 06:55:06 free=1525.7600GB (use=51722.2400GB limit=53248.0000GB)  state=OK paused=0 warned=0  [SOFT<300 HARD<80 RELEASE>=150]
[diskwatch] 2026-06-17 06:57:07 free=1515.5200GB (use=51732.4800GB limit=53248.0000GB)  state=OK paused=0 warned=0  [SOFT<300 HARD<80 RELEASE>=150]
[diskwatch] 2026-06-17 06:59:08 free=1515.5200GB (use=51732.4800GB limit=53248.0000GB)  state=OK paused=0 warned=0  [SOFT<300 HARD<80 RELEASE>=150]
[diskwatch] 2026-06-17 07:01:08 free=1515.5200GB (use=51732.4800GB limit=53248.0000GB)  state=OK paused=0 warned=0  [SOFT<300 HARD<80 RELEASE>=150]
[diskwatch] 2026-06-17 07:03:09 free=1525.7600GB (use=51722.2400GB limit=53248.0000GB)  state=OK paused=0 warned=0  [SOFT<300 HARD<80 RELEASE>=150]
[diskwatch] 2026-06-17 07:05:09 free=1525.7600GB (use=51722.2400GB limit=53248.0000GB)  state=OK paused=0 warned=0  [SOFT<300 HARD<80 RELEASE>=150]
[diskwatch] 2026-06-17 07:07:10 free=1515.5200GB (use=51732.4800GB limit=53248.0000GB)  state=OK paused=0 warned=0  [SOFT<300 HARD<80 RELEASE>=150]
[diskwatch] 2026-06-17 07:09:11 free=1515.5200GB (use=51732.4800GB limit=53248.0000GB)  state=OK paused=0 warned=0  [SOFT<300 HARD<80 RELEASE>=150]
[diskwatch] 2026-06-17 07:11:11 free=1515.5200GB (use=51732.4800GB limit=53248.0000GB)  state=OK paused=0 warned=0  [SOFT<300 HARD<80 RELEASE>=150]
[diskwatch] 2026-06-17 07:13:12 free=1515.5200GB (use=51732.4800GB limit=53248.0000GB)  state=OK paused=0 warned=0  [SOFT<300 HARD<80 RELEASE>=150]
[diskwatch] 2026-06-17 07:15:13 free=1515.5200GB (use=51732.4800GB limit=53248.0000GB)  state=OK paused=0 warned=0  [SOFT<300 HARD<80 RELEASE>=150]
[diskwatch] 2026-06-17 07:17:13 free=1515.5200GB (use=51732.4800GB limit=53248.0000GB)  state=OK paused=0 warned=0  [SOFT<300 HARD<80 RELEASE>=150]
[diskwatch] 2026-06-17 07:19:14 free=1515.5200GB (use=51732.4800GB limit=53248.0000GB)  state=OK paused=0 warned=0  [SOFT<300 HARD<80 RELEASE>=150]
[diskwatch] 2026-06-17 07:21:14 free=1515.5200GB (use=51732.4800GB limit=53248.0000GB)  state=OK paused=0 warned=0  [SOFT<300 HARD<80 RELEASE>=150]
[diskwatch] 2026-06-17 07:23:15 free=1515.5200GB (use=51732.4800GB limit=53248.0000GB)  state=OK paused=0 warned=0  [SOFT<300 HARD<80 RELEASE>=150]
[diskwatch] 2026-06-17 07:25:16 free=1515.5200GB (use=51732.4800GB limit=53248.0000GB)  state=OK paused=0 warned=0  [SOFT<300 HARD<80 RELEASE>=150]
[diskwatch] 2026-06-17 07:27:16 free=1515.5200GB (use=51732.4800GB limit=53248.0000GB)  state=OK paused=0 warned=0  [SOFT<300 HARD<80 RELEASE>=150]
[diskwatch] 2026-06-17 07:29:17 free=1515.5200GB (use=51732.4800GB limit=53248.0000GB)  state=OK paused=0 warned=0  [SOFT<300 HARD<80 RELEASE>=150]
[diskwatch] 2026-06-17 07:31:18 free=1515.5200GB (use=51732.4800GB limit=53248.0000GB)  state=OK paused=0 warned=0  [SOFT<300 HARD<80 RELEASE>=150]
[diskwatch] 2026-06-17 07:33:18 free=1515.5200GB (use=51732.4800GB limit=53248.0000GB)  state=OK paused=0 warned=0  [SOFT<300 HARD<80 RELEASE>=150]
[diskwatch] 2026-06-17 07:35:19 free=1515.5200GB (use=51732.4800GB limit=53248.0000GB)  state=OK paused=0 warned=0  [SOFT<300 HARD<80 RELEASE>=150]
[diskwatch] 2026-06-17 07:37:20 free=1515.5200GB (use=51732.4800GB limit=53248.0000GB)  state=OK paused=0 warned=0  [SOFT<300 HARD<80 RELEASE>=150]
[diskwatch] 2026-06-17 07:39:20 free=1515.5200GB (use=51732.4800GB limit=53248.0000GB)  state=OK paused=0 warned=0  [SOFT<300 HARD<80 RELEASE>=150]
[diskwatch] 2026-06-17 07:41:21 free=1515.5200GB (use=51732.4800GB limit=53248.0000GB)  state=OK paused=0 warned=0  [SOFT<300 HARD<80 RELEASE>=150]
[diskwatch] 2026-06-17 07:43:21 free=1515.5200GB (use=51732.4800GB limit=53248.0000GB)  state=OK paused=0 warned=0  [SOFT<300 HARD<80 RELEASE>=150]
[diskwatch] 2026-06-17 07:45:22 free=1515.5200GB (use=51732.4800GB limit=53248.0000GB)  state=OK paused=0 warned=0  [SOFT<300 HARD<80 RELEASE>=150]
[diskwatch] 2026-06-17 07:47:23 free=1515.5200GB (use=51732.4800GB limit=53248.0000GB)  state=OK paused=0 warned=0  [SOFT<300 HARD<80 RELEASE>=150]
[diskwatch] 2026-06-17 07:49:23 free=1515.5200GB (use=51732.4800GB limit=53248.0000GB)  state=OK paused=0 warned=0  [SOFT<300 HARD<80 RELEASE>=150]
[diskwatch] 2026-06-17 07:51:24 free=1515.5200GB (use=51732.4800GB limit=53248.0000GB)  state=OK paused=0 warned=0  [SOFT<300 HARD<80 RELEASE>=150]
[diskwatch] 2026-06-17 07:53:24 free=1515.5200GB (use=51732.4800GB limit=53248.0000GB)  state=OK paused=0 warned=0  [SOFT<300 HARD<80 RELEASE>=150]
[diskwatch] 2026-06-17 07:55:25 free=1515.5200GB (use=51732.4800GB limit=53248.0000GB)  state=OK paused=0 warned=0  [SOFT<300 HARD<80 RELEASE>=150]
[diskwatch] 2026-06-17 07:57:26 free=1515.5200GB (use=51732.4800GB limit=53248.0000GB)  state=OK paused=0 warned=0  [SOFT<300 HARD<80 RELEASE>=150]
[diskwatch] 2026-06-17 07:59:26 free=1515.5200GB (use=51732.4800GB limit=53248.0000GB)  state=OK paused=0 warned=0  [SOFT<300 HARD<80 RELEASE>=150]
[diskwatch] 2026-06-17 08:01:27 free=1515.5200GB (use=51732.4800GB limit=53248.0000GB)  state=OK paused=0 warned=0  [SOFT<300 HARD<80 RELEASE>=150]
[diskwatch] 2026-06-17 08:03:27 free=1515.5200GB (use=51732.4800GB limit=53248.0000GB)  state=OK paused=0 warned=0  [SOFT<300 HARD<80 RELEASE>=150]
[diskwatch] 2026-06-17 08:05:28 free=1515.5200GB (use=51732.4800GB limit=53248.0000GB)  state=OK paused=0 warned=0  [SOFT<300 HARD<80 RELEASE>=150]
[diskwatch] 2026-06-17 08:07:28 free=1515.5200GB (use=51732.4800GB limit=53248.0000GB)  state=OK paused=0 warned=0  [SOFT<300 HARD<80 RELEASE>=150]
[diskwatch] 2026-06-17 08:09:29 free=1515.5200GB (use=51732.4800GB limit=53248.0000GB)  state=OK paused=0 warned=0  [SOFT<300 HARD<80 RELEASE>=150]
[diskwatch] 2026-06-17 08:11:30 free=1515.5200GB (use=51732.4800GB limit=53248.0000GB)  state=OK paused=0 warned=0  [SOFT<300 HARD<80 RELEASE>=150]
[diskwatch] 2026-06-17 08:13:30 free=1515.5200GB (use=51732.4800GB limit=53248.0000GB)  state=OK paused=0 warned=0  [SOFT<300 HARD<80 RELEASE>=150]
[diskwatch] 2026-06-17 08:15:31 free=1515.5200GB (use=51732.4800GB limit=53248.0000GB)  state=OK paused=0 warned=0  [SOFT<300 HARD<80 RELEASE>=150]
[diskwatch] 2026-06-17 08:17:31 free=1515.5200GB (use=51732.4800GB limit=53248.0000GB)  state=OK paused=0 warned=0  [SOFT<300 HARD<80 RELEASE>=150]
[diskwatch] 2026-06-17 08:19:32 free=1515.5200GB (use=51732.4800GB limit=53248.0000GB)  state=OK paused=0 warned=0  [SOFT<300 HARD<80 RELEASE>=150]
[diskwatch] 2026-06-17 08:21:33 free=1515.5200GB (use=51732.4800GB limit=53248.0000GB)  state=OK paused=0 warned=0  [SOFT<300 HARD<80 RELEASE>=150]
[diskwatch] 2026-06-17 08:23:33 free=1515.5200GB (use=51732.4800GB limit=53248.0000GB)  state=OK paused=0 warned=0  [SOFT<300 HARD<80 RELEASE>=150]
[diskwatch] 2026-06-17 08:25:34 free=1515.5200GB (use=51732.4800GB limit=53248.0000GB)  state=OK paused=0 warned=0  [SOFT<300 HARD<80 RELEASE>=150]
[diskwatch] 2026-06-17 08:27:34 free=1515.5200GB (use=51732.4800GB limit=53248.0000GB)  state=OK paused=0 warned=0  [SOFT<300 HARD<80 RELEASE>=150]
[diskwatch] 2026-06-17 08:29:35 free=1515.5200GB (use=51732.4800GB limit=53248.0000GB)  state=OK paused=0 warned=0  [SOFT<300 HARD<80 RELEASE>=150]
[diskwatch] 2026-06-17 08:31:36 free=1515.5200GB (use=51732.4800GB limit=53248.0000GB)  state=OK paused=0 warned=0  [SOFT<300 HARD<80 RELEASE>=150]
[diskwatch] 2026-06-17 08:33:37 free=1515.5200GB (use=51732.4800GB limit=53248.0000GB)  state=OK paused=0 warned=0  [SOFT<300 HARD<80 RELEASE>=150]
[diskwatch] 2026-06-17 08:35:37 free=1515.5200GB (use=51732.4800GB limit=53248.0000GB)  state=OK paused=0 warned=0  [SOFT<300 HARD<80 RELEASE>=150]
[diskwatch] 2026-06-17 08:37:38 free=1515.5200GB (use=51732.4800GB limit=53248.0000GB)  state=OK paused=0 warned=0  [SOFT<300 HARD<80 RELEASE>=150]
[diskwatch] 2026-06-17 08:39:39 free=1515.5200GB (use=51732.4800GB limit=53248.0000GB)  state=OK paused=0 warned=0  [SOFT<300 HARD<80 RELEASE>=150]
[diskwatch] 2026-06-17 08:41:39 free=1515.5200GB (use=51732.4800GB limit=53248.0000GB)  state=OK paused=0 warned=0  [SOFT<300 HARD<80 RELEASE>=150]
[diskwatch] 2026-06-17 08:43:40 free=1515.5200GB (use=51732.4800GB limit=53248.0000GB)  state=OK paused=0 warned=0  [SOFT<300 HARD<80 RELEASE>=150]
[diskwatch] 2026-06-17 08:45:41 free=1515.5200GB (use=51732.4800GB limit=53248.0000GB)  state=OK paused=0 warned=0  [SOFT<300 HARD<80 RELEASE>=150]
[diskwatch] 2026-06-17 08:47:41 free=1515.5200GB (use=51732.4800GB limit=53248.0000GB)  state=OK paused=0 warned=0  [SOFT<300 HARD<80 RELEASE>=150]
[diskwatch] 2026-06-17 08:49:42 free=1515.5200GB (use=51732.4800GB limit=53248.0000GB)  state=OK paused=0 warned=0  [SOFT<300 HARD<80 RELEASE>=150]
[diskwatch] 2026-06-17 08:51:42 free=1515.5200GB (use=51732.4800GB limit=53248.0000GB)  state=OK paused=0 warned=0  [SOFT<300 HARD<80 RELEASE>=150]
[diskwatch] 2026-06-17 08:53:43 free=1515.5200GB (use=51732.4800GB limit=53248.0000GB)  state=OK paused=0 warned=0  [SOFT<300 HARD<80 RELEASE>=150]
[diskwatch] 2026-06-17 08:55:43 free=1515.5200GB (use=51732.4800GB limit=53248.0000GB)  state=OK paused=0 warned=0  [SOFT<300 HARD<80 RELEASE>=150]
[diskwatch] 2026-06-17 08:57:44 free=1515.5200GB (use=51732.4800GB limit=53248.0000GB)  state=OK paused=0 warned=0  [SOFT<300 HARD<80 RELEASE>=150]
[diskwatch] 2026-06-17 08:59:44 free=1515.5200GB (use=51732.4800GB limit=53248.0000GB)  state=OK paused=0 warned=0  [SOFT<300 HARD<80 RELEASE>=150]
[diskwatch] 2026-06-17 09:01:45 free=1515.5200GB (use=51732.4800GB limit=53248.0000GB)  state=OK paused=0 warned=0  [SOFT<300 HARD<80 RELEASE>=150]
[diskwatch] 2026-06-17 09:03:46 free=1515.5200GB (use=51732.4800GB limit=53248.0000GB)  state=OK paused=0 warned=0  [SOFT<300 HARD<80 RELEASE>=150]
[diskwatch] 2026-06-17 09:05:46 free=1515.5200GB (use=51732.4800GB limit=53248.0000GB)  state=OK paused=0 warned=0  [SOFT<300 HARD<80 RELEASE>=150]
[diskwatch] 2026-06-17 09:07:47 free=1515.5200GB (use=51732.4800GB limit=53248.0000GB)  state=OK paused=0 warned=0  [SOFT<300 HARD<80 RELEASE>=150]
[diskwatch] 2026-06-17 09:09:47 free=1515.5200GB (use=51732.4800GB limit=53248.0000GB)  state=OK paused=0 warned=0  [SOFT<300 HARD<80 RELEASE>=150]
[diskwatch] 2026-06-17 09:11:48 free=1515.5200GB (use=51732.4800GB limit=53248.0000GB)  state=OK paused=0 warned=0  [SOFT<300 HARD<80 RELEASE>=150]
[diskwatch] 2026-06-17 09:13:49 free=1515.5200GB (use=51732.4800GB limit=53248.0000GB)  state=OK paused=0 warned=0  [SOFT<300 HARD<80 RELEASE>=150]
[diskwatch] 2026-06-17 09:15:49 free=1515.5200GB (use=51732.4800GB limit=53248.0000GB)  state=OK paused=0 warned=0  [SOFT<300 HARD<80 RELEASE>=150]
[diskwatch] 2026-06-17 09:17:50 free=1515.5200GB (use=51732.4800GB limit=53248.0000GB)  state=OK paused=0 warned=0  [SOFT<300 HARD<80 RELEASE>=150]
[diskwatch] 2026-06-17 09:19:50 free=1515.5200GB (use=51732.4800GB limit=53248.0000GB)  state=OK paused=0 warned=0  [SOFT<300 HARD<80 RELEASE>=150]
[diskwatch] 2026-06-17 09:21:51 free=1515.5200GB (use=51732.4800GB limit=53248.0000GB)  state=OK paused=0 warned=0  [SOFT<300 HARD<80 RELEASE>=150]
[diskwatch] 2026-06-17 09:23:52 free=1515.5200GB (use=51732.4800GB limit=53248.0000GB)  state=OK paused=0 warned=0  [SOFT<300 HARD<80 RELEASE>=150]
[diskwatch] 2026-06-17 09:25:52 free=1515.5200GB (use=51732.4800GB limit=53248.0000GB)  state=OK paused=0 warned=0  [SOFT<300 HARD<80 RELEASE>=150]
[diskwatch] 2026-06-17 09:27:53 free=1515.5200GB (use=51732.4800GB limit=53248.0000GB)  state=OK paused=0 warned=0  [SOFT<300 HARD<80 RELEASE>=150]
[diskwatch] 2026-06-17 09:29:53 free=1515.5200GB (use=51732.4800GB limit=53248.0000GB)  state=OK paused=0 warned=0  [SOFT<300 HARD<80 RELEASE>=150]
[diskwatch] 2026-06-17 09:31:54 free=1515.5200GB (use=51732.4800GB limit=53248.0000GB)  state=OK paused=0 warned=0  [SOFT<300 HARD<80 RELEASE>=150]
[diskwatch] 2026-06-17 09:33:54 free=1515.5200GB (use=51732.4800GB limit=53248.0000GB)  state=OK paused=0 warned=0  [SOFT<300 HARD<80 RELEASE>=150]
[diskwatch] 2026-06-17 09:35:55 free=1515.5200GB (use=51732.4800GB limit=53248.0000GB)  state=OK paused=0 warned=0  [SOFT<300 HARD<80 RELEASE>=150]
[diskwatch] 2026-06-17 09:37:56 free=1515.5200GB (use=51732.4800GB limit=53248.0000GB)  state=OK paused=0 warned=0  [SOFT<300 HARD<80 RELEASE>=150]
[diskwatch] 2026-06-17 09:39:56 free=1515.5200GB (use=51732.4800GB limit=53248.0000GB)  state=OK paused=0 warned=0  [SOFT<300 HARD<80 RELEASE>=150]
[diskwatch] 2026-06-17 09:41:57 free=1515.5200GB (use=51732.4800GB limit=53248.0000GB)  state=OK paused=0 warned=0  [SOFT<300 HARD<80 RELEASE>=150]
[diskwatch] 2026-06-17 09:43:57 free=1515.5200GB (use=51732.4800GB limit=53248.0000GB)  state=OK paused=0 warned=0  [SOFT<300 HARD<80 RELEASE>=150]
[diskwatch] 2026-06-17 09:45:58 free=1515.5200GB (use=51732.4800GB limit=53248.0000GB)  state=OK paused=0 warned=0  [SOFT<300 HARD<80 RELEASE>=150]
[diskwatch] 2026-06-17 09:47:59 free=1505.2800GB (use=51742.7200GB limit=53248.0000GB)  state=OK paused=0 warned=0  [SOFT<300 HARD<80 RELEASE>=150]
[diskwatch] 2026-06-17 09:49:59 free=1505.2800GB (use=51742.7200GB limit=53248.0000GB)  state=OK paused=0 warned=0  [SOFT<300 HARD<80 RELEASE>=150]
[diskwatch] 2026-06-17 09:52:00 free=1505.2800GB (use=51742.7200GB limit=53248.0000GB)  state=OK paused=0 warned=0  [SOFT<300 HARD<80 RELEASE>=150]
[diskwatch] 2026-06-17 09:54:00 free=1505.2800GB (use=51742.7200GB limit=53248.0000GB)  state=OK paused=0 warned=0  [SOFT<300 HARD<80 RELEASE>=150]
[diskwatch] 2026-06-17 09:56:01 free=1505.2800GB (use=51742.7200GB limit=53248.0000GB)  state=OK paused=0 warned=0  [SOFT<300 HARD<80 RELEASE>=150]
[diskwatch] 2026-06-17 09:58:01 free=1505.2800GB (use=51742.7200GB limit=53248.0000GB)  state=OK paused=0 warned=0  [SOFT<300 HARD<80 RELEASE>=150]
[diskwatch] 2026-06-17 10:00:02 free=1495.0400GB (use=51752.9600GB limit=53248.0000GB)  state=OK paused=0 warned=0  [SOFT<300 HARD<80 RELEASE>=150]
[diskwatch] 2026-06-17 10:02:02 free=1495.0400GB (use=51752.9600GB limit=53248.0000GB)  state=OK paused=0 warned=0  [SOFT<300 HARD<80 RELEASE>=150]
[diskwatch] 2026-06-17 10:04:03 free=1495.0400GB (use=51752.9600GB limit=53248.0000GB)  state=OK paused=0 warned=0  [SOFT<300 HARD<80 RELEASE>=150]
[diskwatch] 2026-06-17 10:06:03 free=1484.8000GB (use=51763.2000GB limit=53248.0000GB)  state=OK paused=0 warned=0  [SOFT<300 HARD<80 RELEASE>=150]
[diskwatch] 2026-06-17 10:08:04 free=1484.8000GB (use=51763.2000GB limit=53248.0000GB)  state=OK paused=0 warned=0  [SOFT<300 HARD<80 RELEASE>=150]
[diskwatch] 2026-06-17 10:10:04 free=1484.8000GB (use=51763.2000GB limit=53248.0000GB)  state=OK paused=0 warned=0  [SOFT<300 HARD<80 RELEASE>=150]
[diskwatch] 2026-06-17 10:12:05 free=1474.5600GB (use=51773.4400GB limit=53248.0000GB)  state=OK paused=0 warned=0  [SOFT<300 HARD<80 RELEASE>=150]
[diskwatch] 2026-06-17 10:14:05 free=1474.5600GB (use=51773.4400GB limit=53248.0000GB)  state=OK paused=0 warned=0  [SOFT<300 HARD<80 RELEASE>=150]
[diskwatch] 2026-06-17 10:16:06 free=1464.3200GB (use=51783.6800GB limit=53248.0000GB)  state=OK paused=0 warned=0  [SOFT<300 HARD<80 RELEASE>=150]
[diskwatch] 2026-06-17 10:18:06 free=1464.3200GB (use=51783.6800GB limit=53248.0000GB)  state=OK paused=0 warned=0  [SOFT<300 HARD<80 RELEASE>=150]
[diskwatch] 2026-06-17 10:20:07 free=1464.3200GB (use=51783.6800GB limit=53248.0000GB)  state=OK paused=0 warned=0  [SOFT<300 HARD<80 RELEASE>=150]
[diskwatch] 2026-06-17 10:22:07 free=1454.0800GB (use=51793.9200GB limit=53248.0000GB)  state=OK paused=0 warned=0  [SOFT<300 HARD<80 RELEASE>=150]
[diskwatch] 2026-06-17 10:24:08 free=1454.0800GB (use=51793.9200GB limit=53248.0000GB)  state=OK paused=0 warned=0  [SOFT<300 HARD<80 RELEASE>=150]
[diskwatch] 2026-06-17 10:26:08 free=1443.8400GB (use=51804.1600GB limit=53248.0000GB)  state=OK paused=0 warned=0  [SOFT<300 HARD<80 RELEASE>=150]
[diskwatch] 2026-06-17 10:28:09 free=1433.6000GB (use=51814.4000GB limit=53248.0000GB)  state=OK paused=0 warned=0  [SOFT<300 HARD<80 RELEASE>=150]
[diskwatch] 2026-06-17 10:30:09 free=1423.3600GB (use=51824.6400GB limit=53248.0000GB)  state=OK paused=0 warned=0  [SOFT<300 HARD<80 RELEASE>=150]
[diskwatch] 2026-06-17 10:32:10 free=1402.8800GB (use=51845.1200GB limit=53248.0000GB)  state=OK paused=0 warned=0  [SOFT<300 HARD<80 RELEASE>=150]
[diskwatch] 2026-06-17 10:34:10 free=1392.6400GB (use=51855.3600GB limit=53248.0000GB)  state=OK paused=0 warned=0  [SOFT<300 HARD<80 RELEASE>=150]
[diskwatch] 2026-06-17 10:36:11 free=1382.4000GB (use=51865.6000GB limit=53248.0000GB)  state=OK paused=0 warned=0  [SOFT<300 HARD<80 RELEASE>=150]
[diskwatch] 2026-06-17 10:38:11 free=1372.1600GB (use=51875.8400GB limit=53248.0000GB)  state=OK paused=0 warned=0  [SOFT<300 HARD<80 RELEASE>=150]
[diskwatch] 2026-06-17 10:40:11 free=1372.1600GB (use=51875.8400GB limit=53248.0000GB)  state=OK paused=0 warned=0  [SOFT<300 HARD<80 RELEASE>=150]
[diskwatch] 2026-06-17 10:42:12 free=1372.1600GB (use=51875.8400GB limit=53248.0000GB)  state=OK paused=0 warned=0  [SOFT<300 HARD<80 RELEASE>=150]
[diskwatch] 2026-06-17 10:44:12 free=1361.9200GB (use=51886.0800GB limit=53248.0000GB)  state=OK paused=0 warned=0  [SOFT<300 HARD<80 RELEASE>=150]
[diskwatch] 2026-06-17 10:46:13 free=1351.6800GB (use=51896.3200GB limit=53248.0000GB)  state=OK paused=0 warned=0  [SOFT<300 HARD<80 RELEASE>=150]
[diskwatch] 2026-06-17 10:48:13 free=1341.4400GB (use=51906.5600GB limit=53248.0000GB)  state=OK paused=0 warned=0  [SOFT<300 HARD<80 RELEASE>=150]
[diskwatch] 2026-06-17 10:50:14 free=1320.9600GB (use=51927.0400GB limit=53248.0000GB)  state=OK paused=0 warned=0  [SOFT<300 HARD<80 RELEASE>=150]
[diskwatch] 2026-06-17 10:52:14 free=1310.7200GB (use=51937.2800GB limit=53248.0000GB)  state=OK paused=0 warned=0  [SOFT<300 HARD<80 RELEASE>=150]
[diskwatch] 2026-06-17 10:54:15 free=1300.4800GB (use=51947.5200GB limit=53248.0000GB)  state=OK paused=0 warned=0  [SOFT<300 HARD<80 RELEASE>=150]
[diskwatch] 2026-06-17 10:56:16 free=1300.4800GB (use=51947.5200GB limit=53248.0000GB)  state=OK paused=0 warned=0  [SOFT<300 HARD<80 RELEASE>=150]
[diskwatch] 2026-06-17 10:58:16 free=1290.2400GB (use=51957.7600GB limit=53248.0000GB)  state=OK paused=0 warned=0  [SOFT<300 HARD<80 RELEASE>=150]
[diskwatch] 2026-06-17 11:00:17 free=1280.0000GB (use=51968.0000GB limit=53248.0000GB)  state=OK paused=0 warned=0  [SOFT<300 HARD<80 RELEASE>=150]
[diskwatch] 2026-06-17 11:02:17 free=1280.0000GB (use=51968.0000GB limit=53248.0000GB)  state=OK paused=0 warned=0  [SOFT<300 HARD<80 RELEASE>=150]
[diskwatch] 2026-06-17 11:04:18 free=1259.5200GB (use=51988.4800GB limit=53248.0000GB)  state=OK paused=0 warned=0  [SOFT<300 HARD<80 RELEASE>=150]
[diskwatch] 2026-06-17 11:06:18 free=1259.5200GB (use=51988.4800GB limit=53248.0000GB)  state=OK paused=0 warned=0  [SOFT<300 HARD<80 RELEASE>=150]
[diskwatch] 2026-06-17 11:08:19 free=1249.2800GB (use=51998.7200GB limit=53248.0000GB)  state=OK paused=0 warned=0  [SOFT<300 HARD<80 RELEASE>=150]
[diskwatch] 2026-06-17 11:10:19 free=1239.0400GB (use=52008.9600GB limit=53248.0000GB)  state=OK paused=0 warned=0  [SOFT<300 HARD<80 RELEASE>=150]
[diskwatch] 2026-06-17 11:12:20 free=1208.3200GB (use=52039.6800GB limit=53248.0000GB)  state=OK paused=0 warned=0  [SOFT<300 HARD<80 RELEASE>=150]
[diskwatch] 2026-06-17 11:14:20 free=1208.3200GB (use=52039.6800GB limit=53248.0000GB)  state=OK paused=0 warned=0  [SOFT<300 HARD<80 RELEASE>=150]
[diskwatch] 2026-06-17 11:16:21 free=1198.0800GB (use=52049.9200GB limit=53248.0000GB)  state=OK paused=0 warned=0  [SOFT<300 HARD<80 RELEASE>=150]
[diskwatch] 2026-06-17 11:18:21 free=1198.0800GB (use=52049.9200GB limit=53248.0000GB)  state=OK paused=0 warned=0  [SOFT<300 HARD<80 RELEASE>=150]
[diskwatch] 2026-06-17 11:20:22 free=1177.6000GB (use=52070.4000GB limit=53248.0000GB)  state=OK paused=0 warned=0  [SOFT<300 HARD<80 RELEASE>=150]
[diskwatch] 2026-06-17 11:22:23 free=1167.3600GB (use=52080.6400GB limit=53248.0000GB)  state=OK paused=0 warned=0  [SOFT<300 HARD<80 RELEASE>=150]
[diskwatch] 2026-06-17 11:24:23 free=1157.1200GB (use=52090.8800GB limit=53248.0000GB)  state=OK paused=0 warned=0  [SOFT<300 HARD<80 RELEASE>=150]
[diskwatch] 2026-06-17 11:26:24 free=1146.8800GB (use=52101.1200GB limit=53248.0000GB)  state=OK paused=0 warned=0  [SOFT<300 HARD<80 RELEASE>=150]
[diskwatch] 2026-06-17 11:28:24 free=1136.6400GB (use=52111.3600GB limit=53248.0000GB)  state=OK paused=0 warned=0  [SOFT<300 HARD<80 RELEASE>=150]
[diskwatch] 2026-06-17 11:30:25 free=1136.6400GB (use=52111.3600GB limit=53248.0000GB)  state=OK paused=0 warned=0  [SOFT<300 HARD<80 RELEASE>=150]
[diskwatch] 2026-06-17 11:32:25 free=1126.4000GB (use=52121.6000GB limit=53248.0000GB)  state=OK paused=0 warned=0  [SOFT<300 HARD<80 RELEASE>=150]
[diskwatch] 2026-06-17 11:34:26 free=1105.9200GB (use=52142.0800GB limit=53248.0000GB)  state=OK paused=0 warned=0  [SOFT<300 HARD<80 RELEASE>=150]
[diskwatch] 2026-06-17 11:36:26 free=1095.6800GB (use=52152.3200GB limit=53248.0000GB)  state=OK paused=0 warned=0  [SOFT<300 HARD<80 RELEASE>=150]
[diskwatch] 2026-06-17 11:38:27 free=1085.4400GB (use=52162.5600GB limit=53248.0000GB)  state=OK paused=0 warned=0  [SOFT<300 HARD<80 RELEASE>=150]
[diskwatch] 2026-06-17 11:40:28 free=1075.2000GB (use=52172.8000GB limit=53248.0000GB)  state=OK paused=0 warned=0  [SOFT<300 HARD<80 RELEASE>=150]
[diskwatch] 2026-06-17 11:42:28 free=1064.9600GB (use=52183.0400GB limit=53248.0000GB)  state=OK paused=0 warned=0  [SOFT<300 HARD<80 RELEASE>=150]
[diskwatch] 2026-06-17 11:44:29 free=1054.7200GB (use=52193.2800GB limit=53248.0000GB)  state=OK paused=0 warned=0  [SOFT<300 HARD<80 RELEASE>=150]
[diskwatch] 2026-06-17 11:46:30 free=1054.7200GB (use=52193.2800GB limit=53248.0000GB)  state=OK paused=0 warned=0  [SOFT<300 HARD<80 RELEASE>=150]
[diskwatch] 2026-06-17 11:48:30 free=1054.7200GB (use=52193.2800GB limit=53248.0000GB)  state=OK paused=0 warned=0  [SOFT<300 HARD<80 RELEASE>=150]
[diskwatch] 2026-06-17 11:50:31 free=1054.7200GB (use=52193.2800GB limit=53248.0000GB)  state=OK paused=0 warned=0  [SOFT<300 HARD<80 RELEASE>=150]
[diskwatch] 2026-06-17 11:52:31 free=1044.4800GB (use=52203.5200GB limit=53248.0000GB)  state=OK paused=0 warned=0  [SOFT<300 HARD<80 RELEASE>=150]
[diskwatch] 2026-06-17 11:54:32 free=3850.2400GB (use=49397.7600GB limit=53248.0000GB)  state=OK paused=0 warned=0  [SOFT<300 HARD<80 RELEASE>=150]
[diskwatch] 2026-06-17 11:56:32 free=3850.2400GB (use=49397.7600GB limit=53248.0000GB)  state=OK paused=0 warned=0  [SOFT<300 HARD<80 RELEASE>=150]
[diskwatch] 2026-06-17 11:58:33 free=3850.2400GB (use=49397.7600GB limit=53248.0000GB)  state=OK paused=0 warned=0  [SOFT<300 HARD<80 RELEASE>=150]
[diskwatch] 2026-06-17 12:00:33 free=3840.0000GB (use=49408.0000GB limit=53248.0000GB)  state=OK paused=0 warned=0  [SOFT<300 HARD<80 RELEASE>=150]
[diskwatch] 2026-06-17 12:02:34 free=3840.0000GB (use=49408.0000GB limit=53248.0000GB)  state=OK paused=0 warned=0  [SOFT<300 HARD<80 RELEASE>=150]
[diskwatch] 2026-06-17 12:04:34 free=3840.0000GB (use=49408.0000GB limit=53248.0000GB)  state=OK paused=0 warned=0  [SOFT<300 HARD<80 RELEASE>=150]
[diskwatch] 2026-06-17 12:06:35 free=3829.7600GB (use=49418.2400GB limit=53248.0000GB)  state=OK paused=0 warned=0  [SOFT<300 HARD<80 RELEASE>=150]
[diskwatch] 2026-06-17 12:08:35 free=3819.5200GB (use=49428.4800GB limit=53248.0000GB)  state=OK paused=0 warned=0  [SOFT<300 HARD<80 RELEASE>=150]
[diskwatch] 2026-06-17 12:10:36 free=3829.7600GB (use=49418.2400GB limit=53248.0000GB)  state=OK paused=0 warned=0  [SOFT<300 HARD<80 RELEASE>=150]
[diskwatch] 2026-06-17 12:12:36 free=3829.7600GB (use=49418.2400GB limit=53248.0000GB)  state=OK paused=0 warned=0  [SOFT<300 HARD<80 RELEASE>=150]
[diskwatch] 2026-06-17 12:14:37 free=3829.7600GB (use=49418.2400GB limit=53248.0000GB)  state=OK paused=0 warned=0  [SOFT<300 HARD<80 RELEASE>=150]
[diskwatch] 2026-06-17 12:16:37 free=3829.7600GB (use=49418.2400GB limit=53248.0000GB)  state=OK paused=0 warned=0  [SOFT<300 HARD<80 RELEASE>=150]
[diskwatch] 2026-06-17 12:18:38 free=3829.7600GB (use=49418.2400GB limit=53248.0000GB)  state=OK paused=0 warned=0  [SOFT<300 HARD<80 RELEASE>=150]
[diskwatch] 2026-06-17 12:20:39 free=3819.5200GB (use=49428.4800GB limit=53248.0000GB)  state=OK paused=0 warned=0  [SOFT<300 HARD<80 RELEASE>=150]
[diskwatch] 2026-06-17 12:22:39 free=3809.2800GB (use=49438.7200GB limit=53248.0000GB)  state=OK paused=0 warned=0  [SOFT<300 HARD<80 RELEASE>=150]
[diskwatch] 2026-06-17 12:24:40 free=3809.2800GB (use=49438.7200GB limit=53248.0000GB)  state=OK paused=0 warned=0  [SOFT<300 HARD<80 RELEASE>=150]
[diskwatch] 2026-06-17 12:26:40 free=3809.2800GB (use=49438.7200GB limit=53248.0000GB)  state=OK paused=0 warned=0  [SOFT<300 HARD<80 RELEASE>=150]
[diskwatch] 2026-06-17 12:28:41 free=3799.0400GB (use=49448.9600GB limit=53248.0000GB)  state=OK paused=0 warned=0  [SOFT<300 HARD<80 RELEASE>=150]
[diskwatch] 2026-06-17 12:30:42 free=3799.0400GB (use=49448.9600GB limit=53248.0000GB)  state=OK paused=0 warned=0  [SOFT<300 HARD<80 RELEASE>=150]
[diskwatch] 2026-06-17 12:32:42 free=3799.0400GB (use=49448.9600GB limit=53248.0000GB)  state=OK paused=0 warned=0  [SOFT<300 HARD<80 RELEASE>=150]
[diskwatch] 2026-06-17 12:34:43 free=3799.0400GB (use=49448.9600GB limit=53248.0000GB)  state=OK paused=0 warned=0  [SOFT<300 HARD<80 RELEASE>=150]
[diskwatch] 2026-06-17 12:36:43 free=3799.0400GB (use=49448.9600GB limit=53248.0000GB)  state=OK paused=0 warned=0  [SOFT<300 HARD<80 RELEASE>=150]
[diskwatch] 2026-06-17 12:38:44 free=3799.0400GB (use=49448.9600GB limit=53248.0000GB)  state=OK paused=0 warned=0  [SOFT<300 HARD<80 RELEASE>=150]
[diskwatch] 2026-06-17 12:40:44 free=3799.0400GB (use=49448.9600GB limit=53248.0000GB)  state=OK paused=0 warned=0  [SOFT<300 HARD<80 RELEASE>=150]
[diskwatch] 2026-06-17 12:42:45 free=3788.8000GB (use=49459.2000GB limit=53248.0000GB)  state=OK paused=0 warned=0  [SOFT<300 HARD<80 RELEASE>=150]
[diskwatch] 2026-06-17 12:44:45 free=3788.8000GB (use=49459.2000GB limit=53248.0000GB)  state=OK paused=0 warned=0  [SOFT<300 HARD<80 RELEASE>=150]
[diskwatch] 2026-06-17 12:46:46 free=3788.8000GB (use=49459.2000GB limit=53248.0000GB)  state=OK paused=0 warned=0  [SOFT<300 HARD<80 RELEASE>=150]
[diskwatch] 2026-06-17 12:48:46 free=3778.5600GB (use=49469.4400GB limit=53248.0000GB)  state=OK paused=0 warned=0  [SOFT<300 HARD<80 RELEASE>=150]
[diskwatch] 2026-06-17 12:50:47 free=3778.5600GB (use=49469.4400GB limit=53248.0000GB)  state=OK paused=0 warned=0  [SOFT<300 HARD<80 RELEASE>=150]
[diskwatch] 2026-06-17 12:52:48 free=3768.3200GB (use=49479.6800GB limit=53248.0000GB)  state=OK paused=0 warned=0  [SOFT<300 HARD<80 RELEASE>=150]
[diskwatch] 2026-06-17 12:54:48 free=3768.3200GB (use=49479.6800GB limit=53248.0000GB)  state=OK paused=0 warned=0  [SOFT<300 HARD<80 RELEASE>=150]
[diskwatch] 2026-06-17 12:56:49 free=3778.5600GB (use=49469.4400GB limit=53248.0000GB)  state=OK paused=0 warned=0  [SOFT<300 HARD<80 RELEASE>=150]
[diskwatch] 2026-06-17 12:58:49 free=3768.3200GB (use=49479.6800GB limit=53248.0000GB)  state=OK paused=0 warned=0  [SOFT<300 HARD<80 RELEASE>=150]
[diskwatch] 2026-06-17 13:00:50 free=3778.5600GB (use=49469.4400GB limit=53248.0000GB)  state=OK paused=0 warned=0  [SOFT<300 HARD<80 RELEASE>=150]
[diskwatch] 2026-06-17 13:02:51 free=3768.3200GB (use=49479.6800GB limit=53248.0000GB)  state=OK paused=0 warned=0  [SOFT<300 HARD<80 RELEASE>=150]
[diskwatch] 2026-06-17 13:04:51 free=3768.3200GB (use=49479.6800GB limit=53248.0000GB)  state=OK paused=0 warned=0  [SOFT<300 HARD<80 RELEASE>=150]
[diskwatch] 2026-06-17 13:06:52 free=3758.0800GB (use=49489.9200GB limit=53248.0000GB)  state=OK paused=0 warned=0  [SOFT<300 HARD<80 RELEASE>=150]
[diskwatch] 2026-06-17 13:08:52 free=3747.8400GB (use=49500.1600GB limit=53248.0000GB)  state=OK paused=0 warned=0  [SOFT<300 HARD<80 RELEASE>=150]
[diskwatch] 2026-06-17 13:10:53 free=3747.8400GB (use=49500.1600GB limit=53248.0000GB)  state=OK paused=0 warned=0  [SOFT<300 HARD<80 RELEASE>=150]
[diskwatch] 2026-06-17 13:12:53 free=3747.8400GB (use=49500.1600GB limit=53248.0000GB)  state=OK paused=0 warned=0  [SOFT<300 HARD<80 RELEASE>=150]
[diskwatch] 2026-06-17 13:14:54 free=3747.8400GB (use=49500.1600GB limit=53248.0000GB)  state=OK paused=0 warned=0  [SOFT<300 HARD<80 RELEASE>=150]
[diskwatch] 2026-06-17 13:16:55 free=3747.8400GB (use=49500.1600GB limit=53248.0000GB)  state=OK paused=0 warned=0  [SOFT<300 HARD<80 RELEASE>=150]
[diskwatch] 2026-06-17 13:18:55 free=3737.6000GB (use=49510.4000GB limit=53248.0000GB)  state=OK paused=0 warned=0  [SOFT<300 HARD<80 RELEASE>=150]
[diskwatch] 2026-06-17 13:20:56 free=3747.8400GB (use=49500.1600GB limit=53248.0000GB)  state=OK paused=0 warned=0  [SOFT<300 HARD<80 RELEASE>=150]
[diskwatch] 2026-06-17 13:22:56 free=3737.6000GB (use=49510.4000GB limit=53248.0000GB)  state=OK paused=0 warned=0  [SOFT<300 HARD<80 RELEASE>=150]
[diskwatch] 2026-06-17 13:24:57 free=3737.6000GB (use=49510.4000GB limit=53248.0000GB)  state=OK paused=0 warned=0  [SOFT<300 HARD<80 RELEASE>=150]
[diskwatch] 2026-06-17 13:26:57 free=3727.3600GB (use=49520.6400GB limit=53248.0000GB)  state=OK paused=0 warned=0  [SOFT<300 HARD<80 RELEASE>=150]
[diskwatch] 2026-06-17 13:28:58 free=3727.3600GB (use=49520.6400GB limit=53248.0000GB)  state=OK paused=0 warned=0  [SOFT<300 HARD<80 RELEASE>=150]
[diskwatch] 2026-06-17 13:30:58 free=3717.1200GB (use=49530.8800GB limit=53248.0000GB)  state=OK paused=0 warned=0  [SOFT<300 HARD<80 RELEASE>=150]
[diskwatch] 2026-06-17 13:32:59 free=3717.1200GB (use=49530.8800GB limit=53248.0000GB)  state=OK paused=0 warned=0  [SOFT<300 HARD<80 RELEASE>=150]
[diskwatch] 2026-06-17 13:35:00 free=3727.3600GB (use=49520.6400GB limit=53248.0000GB)  state=OK paused=0 warned=0  [SOFT<300 HARD<80 RELEASE>=150]
[diskwatch] 2026-06-17 13:37:00 free=3717.1200GB (use=49530.8800GB limit=53248.0000GB)  state=OK paused=0 warned=0  [SOFT<300 HARD<80 RELEASE>=150]
[diskwatch] 2026-06-17 13:39:01 free=3717.1200GB (use=49530.8800GB limit=53248.0000GB)  state=OK paused=0 warned=0  [SOFT<300 HARD<80 RELEASE>=150]
[diskwatch] 2026-06-17 13:41:01 free=3706.8800GB (use=49541.1200GB limit=53248.0000GB)  state=OK paused=0 warned=0  [SOFT<300 HARD<80 RELEASE>=150]
[diskwatch] 2026-06-17 13:43:02 free=3717.1200GB (use=49530.8800GB limit=53248.0000GB)  state=OK paused=0 warned=0  [SOFT<300 HARD<80 RELEASE>=150]
[diskwatch] 2026-06-17 13:45:02 free=3717.1200GB (use=49530.8800GB limit=53248.0000GB)  state=OK paused=0 warned=0  [SOFT<300 HARD<80 RELEASE>=150]
[diskwatch] 2026-06-17 13:47:03 free=3717.1200GB (use=49530.8800GB limit=53248.0000GB)  state=OK paused=0 warned=0  [SOFT<300 HARD<80 RELEASE>=150]
[diskwatch] 2026-06-17 13:49:03 free=3717.1200GB (use=49530.8800GB limit=53248.0000GB)  state=OK paused=0 warned=0  [SOFT<300 HARD<80 RELEASE>=150]
[diskwatch] 2026-06-17 13:51:04 free=3706.8800GB (use=49541.1200GB limit=53248.0000GB)  state=OK paused=0 warned=0  [SOFT<300 HARD<80 RELEASE>=150]
[diskwatch] 2026-06-17 13:53:05 free=3706.8800GB (use=49541.1200GB limit=53248.0000GB)  state=OK paused=0 warned=0  [SOFT<300 HARD<80 RELEASE>=150]
[diskwatch] 2026-06-17 13:55:05 free=3706.8800GB (use=49541.1200GB limit=53248.0000GB)  state=OK paused=0 warned=0  [SOFT<300 HARD<80 RELEASE>=150]
[diskwatch] 2026-06-17 13:57:06 free=3696.6400GB (use=49551.3600GB limit=53248.0000GB)  state=OK paused=0 warned=0  [SOFT<300 HARD<80 RELEASE>=150]
[diskwatch] 2026-06-17 13:59:06 free=3696.6400GB (use=49551.3600GB limit=53248.0000GB)  state=OK paused=0 warned=0  [SOFT<300 HARD<80 RELEASE>=150]
[diskwatch] 2026-06-17 14:01:07 free=3696.6400GB (use=49551.3600GB limit=53248.0000GB)  state=OK paused=0 warned=0  [SOFT<300 HARD<80 RELEASE>=150]
[diskwatch] 2026-06-17 14:03:07 free=3696.6400GB (use=49551.3600GB limit=53248.0000GB)  state=OK paused=0 warned=0  [SOFT<300 HARD<80 RELEASE>=150]
[diskwatch] 2026-06-17 14:05:08 free=3696.6400GB (use=49551.3600GB limit=53248.0000GB)  state=OK paused=0 warned=0  [SOFT<300 HARD<80 RELEASE>=150]
[diskwatch] 2026-06-17 14:07:08 free=3686.4000GB (use=49561.6000GB limit=53248.0000GB)  state=OK paused=0 warned=0  [SOFT<300 HARD<80 RELEASE>=150]
[diskwatch] 2026-06-17 14:09:09 free=3686.4000GB (use=49561.6000GB limit=53248.0000GB)  state=OK paused=0 warned=0  [SOFT<300 HARD<80 RELEASE>=150]
[diskwatch] 2026-06-17 14:11:09 free=3686.4000GB (use=49561.6000GB limit=53248.0000GB)  state=OK paused=0 warned=0  [SOFT<300 HARD<80 RELEASE>=150]
[diskwatch] 2026-06-17 14:13:10 free=3676.1600GB (use=49571.8400GB limit=53248.0000GB)  state=OK paused=0 warned=0  [SOFT<300 HARD<80 RELEASE>=150]
[diskwatch] 2026-06-17 14:15:10 free=3665.9200GB (use=49582.0800GB limit=53248.0000GB)  state=OK paused=0 warned=0  [SOFT<300 HARD<80 RELEASE>=150]
[diskwatch] 2026-06-17 14:17:11 free=3676.1600GB (use=49571.8400GB limit=53248.0000GB)  state=OK paused=0 warned=0  [SOFT<300 HARD<80 RELEASE>=150]
[diskwatch] 2026-06-17 14:19:11 free=3676.1600GB (use=49571.8400GB limit=53248.0000GB)  state=OK paused=0 warned=0  [SOFT<300 HARD<80 RELEASE>=150]
[diskwatch] 2026-06-17 14:21:12 free=3665.9200GB (use=49582.0800GB limit=53248.0000GB)  state=OK paused=0 warned=0  [SOFT<300 HARD<80 RELEASE>=150]
[diskwatch] 2026-06-17 14:23:13 free=3655.6800GB (use=49592.3200GB limit=53248.0000GB)  state=OK paused=0 warned=0  [SOFT<300 HARD<80 RELEASE>=150]
[diskwatch] 2026-06-17 14:25:13 free=3655.6800GB (use=49592.3200GB limit=53248.0000GB)  state=OK paused=0 warned=0  [SOFT<300 HARD<80 RELEASE>=150]
[diskwatch] 2026-06-17 14:27:14 free=3655.6800GB (use=49592.3200GB limit=53248.0000GB)  state=OK paused=0 warned=0  [SOFT<300 HARD<80 RELEASE>=150]
[diskwatch] 2026-06-17 14:29:14 free=3645.4400GB (use=49602.5600GB limit=53248.0000GB)  state=OK paused=0 warned=0  [SOFT<300 HARD<80 RELEASE>=150]
[diskwatch] 2026-06-17 14:31:15 free=3655.6800GB (use=49592.3200GB limit=53248.0000GB)  state=OK paused=0 warned=0  [SOFT<300 HARD<80 RELEASE>=150]
[diskwatch] 2026-06-17 14:33:15 free=3665.9200GB (use=49582.0800GB limit=53248.0000GB)  state=OK paused=0 warned=0  [SOFT<300 HARD<80 RELEASE>=150]
[diskwatch] 2026-06-17 14:35:16 free=3645.4400GB (use=49602.5600GB limit=53248.0000GB)  state=OK paused=0 warned=0  [SOFT<300 HARD<80 RELEASE>=150]
[diskwatch] 2026-06-17 14:37:16 free=3645.4400GB (use=49602.5600GB limit=53248.0000GB)  state=OK paused=0 warned=0  [SOFT<300 HARD<80 RELEASE>=150]
[diskwatch] 2026-06-17 14:39:17 free=3655.6800GB (use=49592.3200GB limit=53248.0000GB)  state=OK paused=0 warned=0  [SOFT<300 HARD<80 RELEASE>=150]
[diskwatch] 2026-06-17 14:41:18 free=3645.4400GB (use=49602.5600GB limit=53248.0000GB)  state=OK paused=0 warned=0  [SOFT<300 HARD<80 RELEASE>=150]
[diskwatch] 2026-06-17 14:43:18 free=3655.6800GB (use=49592.3200GB limit=53248.0000GB)  state=OK paused=0 warned=0  [SOFT<300 HARD<80 RELEASE>=150]
[diskwatch] 2026-06-17 14:45:19 free=3645.4400GB (use=49602.5600GB limit=53248.0000GB)  state=OK paused=0 warned=0  [SOFT<300 HARD<80 RELEASE>=150]
[diskwatch] 2026-06-17 14:47:19 free=3635.2000GB (use=49612.8000GB limit=53248.0000GB)  state=OK paused=0 warned=0  [SOFT<300 HARD<80 RELEASE>=150]
[diskwatch] 2026-06-17 14:49:20 free=3635.2000GB (use=49612.8000GB limit=53248.0000GB)  state=OK paused=0 warned=0  [SOFT<300 HARD<80 RELEASE>=150]
[diskwatch] 2026-06-17 14:51:20 free=3635.2000GB (use=49612.8000GB limit=53248.0000GB)  state=OK paused=0 warned=0  [SOFT<300 HARD<80 RELEASE>=150]
[diskwatch] 2026-06-17 14:53:21 free=3624.9600GB (use=49623.0400GB limit=53248.0000GB)  state=OK paused=0 warned=0  [SOFT<300 HARD<80 RELEASE>=150]
[diskwatch] 2026-06-17 14:55:21 free=3624.9600GB (use=49623.0400GB limit=53248.0000GB)  state=OK paused=0 warned=0  [SOFT<300 HARD<80 RELEASE>=150]
[diskwatch] 2026-06-17 14:57:22 free=3614.7200GB (use=49633.2800GB limit=53248.0000GB)  state=OK paused=0 warned=0  [SOFT<300 HARD<80 RELEASE>=150]
[diskwatch] 2026-06-17 14:59:23 free=3614.7200GB (use=49633.2800GB limit=53248.0000GB)  state=OK paused=0 warned=0  [SOFT<300 HARD<80 RELEASE>=150]
[diskwatch] 2026-06-17 15:01:23 free=3614.7200GB (use=49633.2800GB limit=53248.0000GB)  state=OK paused=0 warned=0  [SOFT<300 HARD<80 RELEASE>=150]
[diskwatch] 2026-06-17 15:03:24 free=3604.4800GB (use=49643.5200GB limit=53248.0000GB)  state=OK paused=0 warned=0  [SOFT<300 HARD<80 RELEASE>=150]
[diskwatch] 2026-06-17 15:05:24 free=3604.4800GB (use=49643.5200GB limit=53248.0000GB)  state=OK paused=0 warned=0  [SOFT<300 HARD<80 RELEASE>=150]
[diskwatch] 2026-06-17 15:07:25 free=3604.4800GB (use=49643.5200GB limit=53248.0000GB)  state=OK paused=0 warned=0  [SOFT<300 HARD<80 RELEASE>=150]
[diskwatch] 2026-06-17 15:09:25 free=3604.4800GB (use=49643.5200GB limit=53248.0000GB)  state=OK paused=0 warned=0  [SOFT<300 HARD<80 RELEASE>=150]
[diskwatch] 2026-06-17 15:11:26 free=3594.2400GB (use=49653.7600GB limit=53248.0000GB)  state=OK paused=0 warned=0  [SOFT<300 HARD<80 RELEASE>=150]
[diskwatch] 2026-06-17 15:13:26 free=3604.4800GB (use=49643.5200GB limit=53248.0000GB)  state=OK paused=0 warned=0  [SOFT<300 HARD<80 RELEASE>=150]
[diskwatch] 2026-06-17 15:15:27 free=3604.4800GB (use=49643.5200GB limit=53248.0000GB)  state=OK paused=0 warned=0  [SOFT<300 HARD<80 RELEASE>=150]
[diskwatch] 2026-06-17 15:17:27 free=3604.4800GB (use=49643.5200GB limit=53248.0000GB)  state=OK paused=0 warned=0  [SOFT<300 HARD<80 RELEASE>=150]
[diskwatch] 2026-06-17 15:19:28 free=3604.4800GB (use=49643.5200GB limit=53248.0000GB)  state=OK paused=0 warned=0  [SOFT<300 HARD<80 RELEASE>=150]
[diskwatch] 2026-06-17 15:21:28 free=3594.2400GB (use=49653.7600GB limit=53248.0000GB)  state=OK paused=0 warned=0  [SOFT<300 HARD<80 RELEASE>=150]
[diskwatch] 2026-06-17 15:23:29 free=3604.4800GB (use=49643.5200GB limit=53248.0000GB)  state=OK paused=0 warned=0  [SOFT<300 HARD<80 RELEASE>=150]
[diskwatch] 2026-06-17 15:25:30 free=3594.2400GB (use=49653.7600GB limit=53248.0000GB)  state=OK paused=0 warned=0  [SOFT<300 HARD<80 RELEASE>=150]
[diskwatch] 2026-06-17 15:27:30 free=3604.4800GB (use=49643.5200GB limit=53248.0000GB)  state=OK paused=0 warned=0  [SOFT<300 HARD<80 RELEASE>=150]
[diskwatch] 2026-06-17 15:29:31 free=3604.4800GB (use=49643.5200GB limit=53248.0000GB)  state=OK paused=0 warned=0  [SOFT<300 HARD<80 RELEASE>=150]
[diskwatch] 2026-06-17 15:31:31 free=3594.2400GB (use=49653.7600GB limit=53248.0000GB)  state=OK paused=0 warned=0  [SOFT<300 HARD<80 RELEASE>=150]
[diskwatch] 2026-06-17 15:33:32 free=3594.2400GB (use=49653.7600GB limit=53248.0000GB)  state=OK paused=0 warned=0  [SOFT<300 HARD<80 RELEASE>=150]
[diskwatch] 2026-06-17 15:35:32 free=3594.2400GB (use=49653.7600GB limit=53248.0000GB)  state=OK paused=0 warned=0  [SOFT<300 HARD<80 RELEASE>=150]
[diskwatch] 2026-06-17 15:37:33 free=3573.7600GB (use=49674.2400GB limit=53248.0000GB)  state=OK paused=0 warned=0  [SOFT<300 HARD<80 RELEASE>=150]
[diskwatch] 2026-06-17 15:39:33 free=3573.7600GB (use=49674.2400GB limit=53248.0000GB)  state=OK paused=0 warned=0  [SOFT<300 HARD<80 RELEASE>=150]
[diskwatch] 2026-06-17 15:41:34 free=3563.5200GB (use=49684.4800GB limit=53248.0000GB)  state=OK paused=0 warned=0  [SOFT<300 HARD<80 RELEASE>=150]
[diskwatch] 2026-06-17 15:43:34 free=3573.7600GB (use=49674.2400GB limit=53248.0000GB)  state=OK paused=0 warned=0  [SOFT<300 HARD<80 RELEASE>=150]
[diskwatch] 2026-06-17 15:45:35 free=3563.5200GB (use=49684.4800GB limit=53248.0000GB)  state=OK paused=0 warned=0  [SOFT<300 HARD<80 RELEASE>=150]
[diskwatch] 2026-06-17 15:47:35 free=3563.5200GB (use=49684.4800GB limit=53248.0000GB)  state=OK paused=0 warned=0  [SOFT<300 HARD<80 RELEASE>=150]
[diskwatch] 2026-06-17 15:49:36 free=3563.5200GB (use=49684.4800GB limit=53248.0000GB)  state=OK paused=0 warned=0  [SOFT<300 HARD<80 RELEASE>=150]
[diskwatch] 2026-06-17 15:51:37 free=3563.5200GB (use=49684.4800GB limit=53248.0000GB)  state=OK paused=0 warned=0  [SOFT<300 HARD<80 RELEASE>=150]
[diskwatch] 2026-06-17 15:53:37 free=3553.2800GB (use=49694.7200GB limit=53248.0000GB)  state=OK paused=0 warned=0  [SOFT<300 HARD<80 RELEASE>=150]
[diskwatch] 2026-06-17 15:55:38 free=3543.0400GB (use=49704.9600GB limit=53248.0000GB)  state=OK paused=0 warned=0  [SOFT<300 HARD<80 RELEASE>=150]
[diskwatch] 2026-06-17 15:57:38 free=3543.0400GB (use=49704.9600GB limit=53248.0000GB)  state=OK paused=0 warned=0  [SOFT<300 HARD<80 RELEASE>=150]
[diskwatch] 2026-06-17 15:59:39 free=3543.0400GB (use=49704.9600GB limit=53248.0000GB)  state=OK paused=0 warned=0  [SOFT<300 HARD<80 RELEASE>=150]
[diskwatch] 2026-06-17 16:01:39 free=3543.0400GB (use=49704.9600GB limit=53248.0000GB)  state=OK paused=0 warned=0  [SOFT<300 HARD<80 RELEASE>=150]
[diskwatch] 2026-06-17 16:03:40 free=3543.0400GB (use=49704.9600GB limit=53248.0000GB)  state=OK paused=0 warned=0  [SOFT<300 HARD<80 RELEASE>=150]
[diskwatch] 2026-06-17 16:05:40 free=3532.8000GB (use=49715.2000GB limit=53248.0000GB)  state=OK paused=0 warned=0  [SOFT<300 HARD<80 RELEASE>=150]
[diskwatch] 2026-06-17 16:07:41 free=3543.0400GB (use=49704.9600GB limit=53248.0000GB)  state=OK paused=0 warned=0  [SOFT<300 HARD<80 RELEASE>=150]
[diskwatch] 2026-06-17 16:09:42 free=3532.8000GB (use=49715.2000GB limit=53248.0000GB)  state=OK paused=0 warned=0  [SOFT<300 HARD<80 RELEASE>=150]
[diskwatch] 2026-06-17 16:11:42 free=3532.8000GB (use=49715.2000GB limit=53248.0000GB)  state=OK paused=0 warned=0  [SOFT<300 HARD<80 RELEASE>=150]
[diskwatch] 2026-06-17 16:13:43 free=3522.5600GB (use=49725.4400GB limit=53248.0000GB)  state=OK paused=0 warned=0  [SOFT<300 HARD<80 RELEASE>=150]
[diskwatch] 2026-06-17 16:15:43 free=3522.5600GB (use=49725.4400GB limit=53248.0000GB)  state=OK paused=0 warned=0  [SOFT<300 HARD<80 RELEASE>=150]
[diskwatch] 2026-06-17 16:17:43 free=3512.3200GB (use=49735.6800GB limit=53248.0000GB)  state=OK paused=0 warned=0  [SOFT<300 HARD<80 RELEASE>=150]
[diskwatch] 2026-06-17 16:19:44 free=3512.3200GB (use=49735.6800GB limit=53248.0000GB)  state=OK paused=0 warned=0  [SOFT<300 HARD<80 RELEASE>=150]
[diskwatch] 2026-06-17 16:21:44 free=3512.3200GB (use=49735.6800GB limit=53248.0000GB)  state=OK paused=0 warned=0  [SOFT<300 HARD<80 RELEASE>=150]
[diskwatch] 2026-06-17 16:23:45 free=3502.0800GB (use=49745.9200GB limit=53248.0000GB)  state=OK paused=0 warned=0  [SOFT<300 HARD<80 RELEASE>=150]
[diskwatch] 2026-06-17 16:25:45 free=3512.3200GB (use=49735.6800GB limit=53248.0000GB)  state=OK paused=0 warned=0  [SOFT<300 HARD<80 RELEASE>=150]
[diskwatch] 2026-06-17 16:27:46 free=3502.0800GB (use=49745.9200GB limit=53248.0000GB)  state=OK paused=0 warned=0  [SOFT<300 HARD<80 RELEASE>=150]
[diskwatch] 2026-06-17 16:29:46 free=3512.3200GB (use=49735.6800GB limit=53248.0000GB)  state=OK paused=0 warned=0  [SOFT<300 HARD<80 RELEASE>=150]
[diskwatch] 2026-06-17 16:31:47 free=3502.0800GB (use=49745.9200GB limit=53248.0000GB)  state=OK paused=0 warned=0  [SOFT<300 HARD<80 RELEASE>=150]
[diskwatch] 2026-06-17 16:33:47 free=3512.3200GB (use=49735.6800GB limit=53248.0000GB)  state=OK paused=0 warned=0  [SOFT<300 HARD<80 RELEASE>=150]
[diskwatch] 2026-06-17 16:35:48 free=3502.0800GB (use=49745.9200GB limit=53248.0000GB)  state=OK paused=0 warned=0  [SOFT<300 HARD<80 RELEASE>=150]
[diskwatch] 2026-06-17 16:37:48 free=3502.0800GB (use=49745.9200GB limit=53248.0000GB)  state=OK paused=0 warned=0  [SOFT<300 HARD<80 RELEASE>=150]
[diskwatch] 2026-06-17 16:39:49 free=3491.8400GB (use=49756.1600GB limit=53248.0000GB)  state=OK paused=0 warned=0  [SOFT<300 HARD<80 RELEASE>=150]
[diskwatch] 2026-06-17 16:41:49 free=3481.6000GB (use=49766.4000GB limit=53248.0000GB)  state=OK paused=0 warned=0  [SOFT<300 HARD<80 RELEASE>=150]
[diskwatch] 2026-06-17 16:43:50 free=3491.8400GB (use=49756.1600GB limit=53248.0000GB)  state=OK paused=0 warned=0  [SOFT<300 HARD<80 RELEASE>=150]
[diskwatch] 2026-06-17 16:45:50 free=3481.6000GB (use=49766.4000GB limit=53248.0000GB)  state=OK paused=0 warned=0  [SOFT<300 HARD<80 RELEASE>=150]
[diskwatch] 2026-06-17 16:47:51 free=3471.3600GB (use=49776.6400GB limit=53248.0000GB)  state=OK paused=0 warned=0  [SOFT<300 HARD<80 RELEASE>=150]
[diskwatch] 2026-06-17 16:49:51 free=3481.6000GB (use=49766.4000GB limit=53248.0000GB)  state=OK paused=0 warned=0  [SOFT<300 HARD<80 RELEASE>=150]
[diskwatch] 2026-06-17 16:51:52 free=3481.6000GB (use=49766.4000GB limit=53248.0000GB)  state=OK paused=0 warned=0  [SOFT<300 HARD<80 RELEASE>=150]
[diskwatch] 2026-06-17 16:53:52 free=3471.3600GB (use=49776.6400GB limit=53248.0000GB)  state=OK paused=0 warned=0  [SOFT<300 HARD<80 RELEASE>=150]
[diskwatch] 2026-06-17 16:55:52 free=3471.3600GB (use=49776.6400GB limit=53248.0000GB)  state=OK paused=0 warned=0  [SOFT<300 HARD<80 RELEASE>=150]
[diskwatch] 2026-06-17 16:57:53 free=3461.1200GB (use=49786.8800GB limit=53248.0000GB)  state=OK paused=0 warned=0  [SOFT<300 HARD<80 RELEASE>=150]
[diskwatch] 2026-06-17 16:59:53 free=3471.3600GB (use=49776.6400GB limit=53248.0000GB)  state=OK paused=0 warned=0  [SOFT<300 HARD<80 RELEASE>=150]
[diskwatch] 2026-06-17 17:01:54 free=3450.8800GB (use=49797.1200GB limit=53248.0000GB)  state=OK paused=0 warned=0  [SOFT<300 HARD<80 RELEASE>=150]
[diskwatch] 2026-06-17 17:03:54 free=3450.8800GB (use=49797.1200GB limit=53248.0000GB)  state=OK paused=0 warned=0  [SOFT<300 HARD<80 RELEASE>=150]
[diskwatch] 2026-06-17 17:05:55 free=3450.8800GB (use=49797.1200GB limit=53248.0000GB)  state=OK paused=0 warned=0  [SOFT<300 HARD<80 RELEASE>=150]
[diskwatch] 2026-06-17 17:07:55 free=3450.8800GB (use=49797.1200GB limit=53248.0000GB)  state=OK paused=0 warned=0  [SOFT<300 HARD<80 RELEASE>=150]
[diskwatch] 2026-06-17 17:09:56 free=3450.8800GB (use=49797.1200GB limit=53248.0000GB)  state=OK paused=0 warned=0  [SOFT<300 HARD<80 RELEASE>=150]
[diskwatch] 2026-06-17 17:11:56 free=3450.8800GB (use=49797.1200GB limit=53248.0000GB)  state=OK paused=0 warned=0  [SOFT<300 HARD<80 RELEASE>=150]
[diskwatch] 2026-06-17 17:13:57 free=3461.1200GB (use=49786.8800GB limit=53248.0000GB)  state=OK paused=0 warned=0  [SOFT<300 HARD<80 RELEASE>=150]
[diskwatch] 2026-06-17 17:15:57 free=3450.8800GB (use=49797.1200GB limit=53248.0000GB)  state=OK paused=0 warned=0  [SOFT<300 HARD<80 RELEASE>=150]
[diskwatch] 2026-06-17 17:17:58 free=3450.8800GB (use=49797.1200GB limit=53248.0000GB)  state=OK paused=0 warned=0  [SOFT<300 HARD<80 RELEASE>=150]
[diskwatch] 2026-06-17 17:19:58 free=3450.8800GB (use=49797.1200GB limit=53248.0000GB)  state=OK paused=0 warned=0  [SOFT<300 HARD<80 RELEASE>=150]
[diskwatch] 2026-06-17 17:21:59 free=3440.6400GB (use=49807.3600GB limit=53248.0000GB)  state=OK paused=0 warned=0  [SOFT<300 HARD<80 RELEASE>=150]
[diskwatch] 2026-06-17 17:23:59 free=3440.6400GB (use=49807.3600GB limit=53248.0000GB)  state=OK paused=0 warned=0  [SOFT<300 HARD<80 RELEASE>=150]
[diskwatch] 2026-06-17 17:26:00 free=3430.4000GB (use=49817.6000GB limit=53248.0000GB)  state=OK paused=0 warned=0  [SOFT<300 HARD<80 RELEASE>=150]
[diskwatch] 2026-06-17 17:28:01 free=3440.6400GB (use=49807.3600GB limit=53248.0000GB)  state=OK paused=0 warned=0  [SOFT<300 HARD<80 RELEASE>=150]
[diskwatch] 2026-06-17 17:30:01 free=3440.6400GB (use=49807.3600GB limit=53248.0000GB)  state=OK paused=0 warned=0  [SOFT<300 HARD<80 RELEASE>=150]
[diskwatch] 2026-06-17 17:32:02 free=3430.4000GB (use=49817.6000GB limit=53248.0000GB)  state=OK paused=0 warned=0  [SOFT<300 HARD<80 RELEASE>=150]
[diskwatch] 2026-06-17 17:34:02 free=3440.6400GB (use=49807.3600GB limit=53248.0000GB)  state=OK paused=0 warned=0  [SOFT<300 HARD<80 RELEASE>=150]
[diskwatch] 2026-06-17 17:36:03 free=3430.4000GB (use=49817.6000GB limit=53248.0000GB)  state=OK paused=0 warned=0  [SOFT<300 HARD<80 RELEASE>=150]
[diskwatch] 2026-06-17 17:38:03 free=3430.4000GB (use=49817.6000GB limit=53248.0000GB)  state=OK paused=0 warned=0  [SOFT<300 HARD<80 RELEASE>=150]
[diskwatch] 2026-06-17 17:40:04 free=3430.4000GB (use=49817.6000GB limit=53248.0000GB)  state=OK paused=0 warned=0  [SOFT<300 HARD<80 RELEASE>=150]
[diskwatch] 2026-06-17 17:42:04 free=3430.4000GB (use=49817.6000GB limit=53248.0000GB)  state=OK paused=0 warned=0  [SOFT<300 HARD<80 RELEASE>=150]
[diskwatch] 2026-06-17 17:44:05 free=3430.4000GB (use=49817.6000GB limit=53248.0000GB)  state=OK paused=0 warned=0  [SOFT<300 HARD<80 RELEASE>=150]
[diskwatch] 2026-06-17 17:46:05 free=3430.4000GB (use=49817.6000GB limit=53248.0000GB)  state=OK paused=0 warned=0  [SOFT<300 HARD<80 RELEASE>=150]
[diskwatch] 2026-06-17 17:48:06 free=3430.4000GB (use=49817.6000GB limit=53248.0000GB)  state=OK paused=0 warned=0  [SOFT<300 HARD<80 RELEASE>=150]
[diskwatch] 2026-06-17 17:50:06 free=3430.4000GB (use=49817.6000GB limit=53248.0000GB)  state=OK paused=0 warned=0  [SOFT<300 HARD<80 RELEASE>=150]
[diskwatch] 2026-06-17 17:52:07 free=3430.4000GB (use=49817.6000GB limit=53248.0000GB)  state=OK paused=0 warned=0  [SOFT<300 HARD<80 RELEASE>=150]
[diskwatch] 2026-06-17 17:54:07 free=3420.1600GB (use=49827.8400GB limit=53248.0000GB)  state=OK paused=0 warned=0  [SOFT<300 HARD<80 RELEASE>=150]
[diskwatch] 2026-06-17 17:56:08 free=3420.1600GB (use=49827.8400GB limit=53248.0000GB)  state=OK paused=0 warned=0  [SOFT<300 HARD<80 RELEASE>=150]
[diskwatch] 2026-06-17 17:58:08 free=3430.4000GB (use=49817.6000GB limit=53248.0000GB)  state=OK paused=0 warned=0  [SOFT<300 HARD<80 RELEASE>=150]
[diskwatch] 2026-06-17 18:00:09 free=3420.1600GB (use=49827.8400GB limit=53248.0000GB)  state=OK paused=0 warned=0  [SOFT<300 HARD<80 RELEASE>=150]
[diskwatch] 2026-06-17 18:02:10 free=3420.1600GB (use=49827.8400GB limit=53248.0000GB)  state=OK paused=0 warned=0  [SOFT<300 HARD<80 RELEASE>=150]
[diskwatch] 2026-06-17 18:04:10 free=3420.1600GB (use=49827.8400GB limit=53248.0000GB)  state=OK paused=0 warned=0  [SOFT<300 HARD<80 RELEASE>=150]
[diskwatch] 2026-06-17 18:06:11 free=3420.1600GB (use=49827.8400GB limit=53248.0000GB)  state=OK paused=0 warned=0  [SOFT<300 HARD<80 RELEASE>=150]
[diskwatch] 2026-06-17 18:08:11 free=3420.1600GB (use=49827.8400GB limit=53248.0000GB)  state=OK paused=0 warned=0  [SOFT<300 HARD<80 RELEASE>=150]
[diskwatch] 2026-06-17 18:10:12 free=3409.9200GB (use=49838.0800GB limit=53248.0000GB)  state=OK paused=0 warned=0  [SOFT<300 HARD<80 RELEASE>=150]
[diskwatch] 2026-06-17 18:12:12 free=3409.9200GB (use=49838.0800GB limit=53248.0000GB)  state=OK paused=0 warned=0  [SOFT<300 HARD<80 RELEASE>=150]
[diskwatch] 2026-06-17 18:14:13 free=3409.9200GB (use=49838.0800GB limit=53248.0000GB)  state=OK paused=0 warned=0  [SOFT<300 HARD<80 RELEASE>=150]
[diskwatch] 2026-06-17 18:16:13 free=3409.9200GB (use=49838.0800GB limit=53248.0000GB)  state=OK paused=0 warned=0  [SOFT<300 HARD<80 RELEASE>=150]
[diskwatch] 2026-06-17 18:18:14 free=3409.9200GB (use=49838.0800GB limit=53248.0000GB)  state=OK paused=0 warned=0  [SOFT<300 HARD<80 RELEASE>=150]
[diskwatch] 2026-06-17 18:20:14 free=3409.9200GB (use=49838.0800GB limit=53248.0000GB)  state=OK paused=0 warned=0  [SOFT<300 HARD<80 RELEASE>=150]
[diskwatch] 2026-06-17 18:22:15 free=3409.9200GB (use=49838.0800GB limit=53248.0000GB)  state=OK paused=0 warned=0  [SOFT<300 HARD<80 RELEASE>=150]
[diskwatch] 2026-06-17 18:24:15 free=3409.9200GB (use=49838.0800GB limit=53248.0000GB)  state=OK paused=0 warned=0  [SOFT<300 HARD<80 RELEASE>=150]
[diskwatch] 2026-06-17 18:26:16 free=3399.6800GB (use=49848.3200GB limit=53248.0000GB)  state=OK paused=0 warned=0  [SOFT<300 HARD<80 RELEASE>=150]
[diskwatch] 2026-06-17 18:28:16 free=3399.6800GB (use=49848.3200GB limit=53248.0000GB)  state=OK paused=0 warned=0  [SOFT<300 HARD<80 RELEASE>=150]
[diskwatch] 2026-06-17 18:30:17 free=3399.6800GB (use=49848.3200GB limit=53248.0000GB)  state=OK paused=0 warned=0  [SOFT<300 HARD<80 RELEASE>=150]
[diskwatch] 2026-06-17 18:32:17 free=3389.4400GB (use=49858.5600GB limit=53248.0000GB)  state=OK paused=0 warned=0  [SOFT<300 HARD<80 RELEASE>=150]
[diskwatch] 2026-06-17 18:34:18 free=3389.4400GB (use=49858.5600GB limit=53248.0000GB)  state=OK paused=0 warned=0  [SOFT<300 HARD<80 RELEASE>=150]
[diskwatch] 2026-06-17 18:36:18 free=3389.4400GB (use=49858.5600GB limit=53248.0000GB)  state=OK paused=0 warned=0  [SOFT<300 HARD<80 RELEASE>=150]
[diskwatch] 2026-06-17 18:38:19 free=3389.4400GB (use=49858.5600GB limit=53248.0000GB)  state=OK paused=0 warned=0  [SOFT<300 HARD<80 RELEASE>=150]
[diskwatch] 2026-06-17 18:40:19 free=3379.2000GB (use=49868.8000GB limit=53248.0000GB)  state=OK paused=0 warned=0  [SOFT<300 HARD<80 RELEASE>=150]
[diskwatch] 2026-06-17 18:42:20 free=3389.4400GB (use=49858.5600GB limit=53248.0000GB)  state=OK paused=0 warned=0  [SOFT<300 HARD<80 RELEASE>=150]
[diskwatch] 2026-06-17 18:44:20 free=3389.4400GB (use=49858.5600GB limit=53248.0000GB)  state=OK paused=0 warned=0  [SOFT<300 HARD<80 RELEASE>=150]
[diskwatch] 2026-06-17 18:46:21 free=3389.4400GB (use=49858.5600GB limit=53248.0000GB)  state=OK paused=0 warned=0  [SOFT<300 HARD<80 RELEASE>=150]
[diskwatch] 2026-06-17 18:48:21 free=3389.4400GB (use=49858.5600GB limit=53248.0000GB)  state=OK paused=0 warned=0  [SOFT<300 HARD<80 RELEASE>=150]
[diskwatch] 2026-06-17 18:50:21 free=3379.2000GB (use=49868.8000GB limit=53248.0000GB)  state=OK paused=0 warned=0  [SOFT<300 HARD<80 RELEASE>=150]
[diskwatch] 2026-06-17 18:52:22 free=3379.2000GB (use=49868.8000GB limit=53248.0000GB)  state=OK paused=0 warned=0  [SOFT<300 HARD<80 RELEASE>=150]
[diskwatch] 2026-06-17 18:54:22 free=3379.2000GB (use=49868.8000GB limit=53248.0000GB)  state=OK paused=0 warned=0  [SOFT<300 HARD<80 RELEASE>=150]
[diskwatch] 2026-06-17 18:56:23 free=3389.4400GB (use=49858.5600GB limit=53248.0000GB)  state=OK paused=0 warned=0  [SOFT<300 HARD<80 RELEASE>=150]
[diskwatch] 2026-06-17 18:58:23 free=3389.4400GB (use=49858.5600GB limit=53248.0000GB)  state=OK paused=0 warned=0  [SOFT<300 HARD<80 RELEASE>=150]
[diskwatch] 2026-06-17 19:00:24 free=3379.2000GB (use=49868.8000GB limit=53248.0000GB)  state=OK paused=0 warned=0  [SOFT<300 HARD<80 RELEASE>=150]
[diskwatch] 2026-06-17 19:02:24 free=3379.2000GB (use=49868.8000GB limit=53248.0000GB)  state=OK paused=0 warned=0  [SOFT<300 HARD<80 RELEASE>=150]
[diskwatch] 2026-06-17 19:04:25 free=3358.7200GB (use=49889.2800GB limit=53248.0000GB)  state=OK paused=0 warned=0  [SOFT<300 HARD<80 RELEASE>=150]
[diskwatch] 2026-06-17 19:06:25 free=3338.2400GB (use=49909.7600GB limit=53248.0000GB)  state=OK paused=0 warned=0  [SOFT<300 HARD<80 RELEASE>=150]
[diskwatch] 2026-06-17 19:08:26 free=3317.7600GB (use=49930.2400GB limit=53248.0000GB)  state=OK paused=0 warned=0  [SOFT<300 HARD<80 RELEASE>=150]
[diskwatch] 2026-06-17 19:10:26 free=3307.5200GB (use=49940.4800GB limit=53248.0000GB)  state=OK paused=0 warned=0  [SOFT<300 HARD<80 RELEASE>=150]
[diskwatch] 2026-06-17 19:12:27 free=3287.0400GB (use=49960.9600GB limit=53248.0000GB)  state=OK paused=0 warned=0  [SOFT<300 HARD<80 RELEASE>=150]
[diskwatch] 2026-06-17 19:14:27 free=3287.0400GB (use=49960.9600GB limit=53248.0000GB)  state=OK paused=0 warned=0  [SOFT<300 HARD<80 RELEASE>=150]
[diskwatch] 2026-06-17 19:16:27 free=3287.0400GB (use=49960.9600GB limit=53248.0000GB)  state=OK paused=0 warned=0  [SOFT<300 HARD<80 RELEASE>=150]
[diskwatch] 2026-06-17 19:18:28 free=3287.0400GB (use=49960.9600GB limit=53248.0000GB)  state=OK paused=0 warned=0  [SOFT<300 HARD<80 RELEASE>=150]
[diskwatch] 2026-06-17 19:20:28 free=3287.0400GB (use=49960.9600GB limit=53248.0000GB)  state=OK paused=0 warned=0  [SOFT<300 HARD<80 RELEASE>=150]
[diskwatch] 2026-06-17 19:22:29 free=3297.2800GB (use=49950.7200GB limit=53248.0000GB)  state=OK paused=0 warned=0  [SOFT<300 HARD<80 RELEASE>=150]
[diskwatch] 2026-06-17 19:24:29 free=3287.0400GB (use=49960.9600GB limit=53248.0000GB)  state=OK paused=0 warned=0  [SOFT<300 HARD<80 RELEASE>=150]
[diskwatch] 2026-06-17 19:26:30 free=3287.0400GB (use=49960.9600GB limit=53248.0000GB)  state=OK paused=0 warned=0  [SOFT<300 HARD<80 RELEASE>=150]
[diskwatch] 2026-06-17 19:28:30 free=3287.0400GB (use=49960.9600GB limit=53248.0000GB)  state=OK paused=0 warned=0  [SOFT<300 HARD<80 RELEASE>=150]
[diskwatch] 2026-06-17 19:30:31 free=3276.8000GB (use=49971.2000GB limit=53248.0000GB)  state=OK paused=0 warned=0  [SOFT<300 HARD<80 RELEASE>=150]
[diskwatch] 2026-06-17 19:32:31 free=3276.8000GB (use=49971.2000GB limit=53248.0000GB)  state=OK paused=0 warned=0  [SOFT<300 HARD<80 RELEASE>=150]
[diskwatch] 2026-06-17 19:34:32 free=3266.5600GB (use=49981.4400GB limit=53248.0000GB)  state=OK paused=0 warned=0  [SOFT<300 HARD<80 RELEASE>=150]
[diskwatch] 2026-06-17 19:36:32 free=3266.5600GB (use=49981.4400GB limit=53248.0000GB)  state=OK paused=0 warned=0  [SOFT<300 HARD<80 RELEASE>=150]
[diskwatch] 2026-06-17 19:38:33 free=3256.3200GB (use=49991.6800GB limit=53248.0000GB)  state=OK paused=0 warned=0  [SOFT<300 HARD<80 RELEASE>=150]
[diskwatch] 2026-06-17 19:40:33 free=3256.3200GB (use=49991.6800GB limit=53248.0000GB)  state=OK paused=0 warned=0  [SOFT<300 HARD<80 RELEASE>=150]
[diskwatch] 2026-06-17 19:42:34 free=3256.3200GB (use=49991.6800GB limit=53248.0000GB)  state=OK paused=0 warned=0  [SOFT<300 HARD<80 RELEASE>=150]
[diskwatch] 2026-06-17 19:44:34 free=3328.0000GB (use=49920.0000GB limit=53248.0000GB)  state=OK paused=0 warned=0  [SOFT<300 HARD<80 RELEASE>=150]
[diskwatch] 2026-06-17 19:46:35 free=3328.0000GB (use=49920.0000GB limit=53248.0000GB)  state=OK paused=0 warned=0  [SOFT<300 HARD<80 RELEASE>=150]
[diskwatch] 2026-06-17 19:48:35 free=3328.0000GB (use=49920.0000GB limit=53248.0000GB)  state=OK paused=0 warned=0  [SOFT<300 HARD<80 RELEASE>=150]
[diskwatch] 2026-06-17 19:50:36 free=3317.7600GB (use=49930.2400GB limit=53248.0000GB)  state=OK paused=0 warned=0  [SOFT<300 HARD<80 RELEASE>=150]
[diskwatch] 2026-06-17 19:52:36 free=3317.7600GB (use=49930.2400GB limit=53248.0000GB)  state=OK paused=0 warned=0  [SOFT<300 HARD<80 RELEASE>=150]
[diskwatch] 2026-06-17 19:54:36 free=3317.7600GB (use=49930.2400GB limit=53248.0000GB)  state=OK paused=0 warned=0  [SOFT<300 HARD<80 RELEASE>=150]
[diskwatch] 2026-06-17 19:56:37 free=3317.7600GB (use=49930.2400GB limit=53248.0000GB)  state=OK paused=0 warned=0  [SOFT<300 HARD<80 RELEASE>=150]
[diskwatch] 2026-06-17 19:58:37 free=3317.7600GB (use=49930.2400GB limit=53248.0000GB)  state=OK paused=0 warned=0  [SOFT<300 HARD<80 RELEASE>=150]
[diskwatch] 2026-06-17 20:00:38 free=3317.7600GB (use=49930.2400GB limit=53248.0000GB)  state=OK paused=0 warned=0  [SOFT<300 HARD<80 RELEASE>=150]
[diskwatch] 2026-06-17 20:02:38 free=3317.7600GB (use=49930.2400GB limit=53248.0000GB)  state=OK paused=0 warned=0  [SOFT<300 HARD<80 RELEASE>=150]
[diskwatch] 2026-06-17 20:04:39 free=3317.7600GB (use=49930.2400GB limit=53248.0000GB)  state=OK paused=0 warned=0  [SOFT<300 HARD<80 RELEASE>=150]
[diskwatch] 2026-06-17 20:06:39 free=3317.7600GB (use=49930.2400GB limit=53248.0000GB)  state=OK paused=0 warned=0  [SOFT<300 HARD<80 RELEASE>=150]
[diskwatch] 2026-06-17 20:08:40 free=3317.7600GB (use=49930.2400GB limit=53248.0000GB)  state=OK paused=0 warned=0  [SOFT<300 HARD<80 RELEASE>=150]
[diskwatch] 2026-06-17 20:10:40 free=3317.7600GB (use=49930.2400GB limit=53248.0000GB)  state=OK paused=0 warned=0  [SOFT<300 HARD<80 RELEASE>=150]
[diskwatch] 2026-06-17 20:12:41 free=3317.7600GB (use=49930.2400GB limit=53248.0000GB)  state=OK paused=0 warned=0  [SOFT<300 HARD<80 RELEASE>=150]
[diskwatch] 2026-06-17 20:14:41 free=3317.7600GB (use=49930.2400GB limit=53248.0000GB)  state=OK paused=0 warned=0  [SOFT<300 HARD<80 RELEASE>=150]
[diskwatch] 2026-06-17 20:16:42 free=3307.5200GB (use=49940.4800GB limit=53248.0000GB)  state=OK paused=0 warned=0  [SOFT<300 HARD<80 RELEASE>=150]
[diskwatch] 2026-06-17 20:18:42 free=3297.2800GB (use=49950.7200GB limit=53248.0000GB)  state=OK paused=0 warned=0  [SOFT<300 HARD<80 RELEASE>=150]
[diskwatch] 2026-06-17 20:20:43 free=3297.2800GB (use=49950.7200GB limit=53248.0000GB)  state=OK paused=0 warned=0  [SOFT<300 HARD<80 RELEASE>=150]
[diskwatch] 2026-06-17 20:22:43 free=3297.2800GB (use=49950.7200GB limit=53248.0000GB)  state=OK paused=0 warned=0  [SOFT<300 HARD<80 RELEASE>=150]
[diskwatch] 2026-06-17 20:24:44 free=3297.2800GB (use=49950.7200GB limit=53248.0000GB)  state=OK paused=0 warned=0  [SOFT<300 HARD<80 RELEASE>=150]
[diskwatch] 2026-06-17 20:26:44 free=3307.5200GB (use=49940.4800GB limit=53248.0000GB)  state=OK paused=0 warned=0  [SOFT<300 HARD<80 RELEASE>=150]
[diskwatch] 2026-06-17 20:28:45 free=3307.5200GB (use=49940.4800GB limit=53248.0000GB)  state=OK paused=0 warned=0  [SOFT<300 HARD<80 RELEASE>=150]
[diskwatch] 2026-06-17 20:30:45 free=3307.5200GB (use=49940.4800GB limit=53248.0000GB)  state=OK paused=0 warned=0  [SOFT<300 HARD<80 RELEASE>=150]
[diskwatch] 2026-06-17 20:32:46 free=3307.5200GB (use=49940.4800GB limit=53248.0000GB)  state=OK paused=0 warned=0  [SOFT<300 HARD<80 RELEASE>=150]
[diskwatch] 2026-06-17 20:34:46 free=3307.5200GB (use=49940.4800GB limit=53248.0000GB)  state=OK paused=0 warned=0  [SOFT<300 HARD<80 RELEASE>=150]
[diskwatch] 2026-06-17 20:36:47 free=3297.2800GB (use=49950.7200GB limit=53248.0000GB)  state=OK paused=0 warned=0  [SOFT<300 HARD<80 RELEASE>=150]
[diskwatch] 2026-06-17 20:38:47 free=3297.2800GB (use=49950.7200GB limit=53248.0000GB)  state=OK paused=0 warned=0  [SOFT<300 HARD<80 RELEASE>=150]
[diskwatch] 2026-06-17 20:40:48 free=3287.0400GB (use=49960.9600GB limit=53248.0000GB)  state=OK paused=0 warned=0  [SOFT<300 HARD<80 RELEASE>=150]
[diskwatch] 2026-06-17 20:42:48 free=3287.0400GB (use=49960.9600GB limit=53248.0000GB)  state=OK paused=0 warned=0  [SOFT<300 HARD<80 RELEASE>=150]
[diskwatch] 2026-06-17 20:44:48 free=3287.0400GB (use=49960.9600GB limit=53248.0000GB)  state=OK paused=0 warned=0  [SOFT<300 HARD<80 RELEASE>=150]
[diskwatch] 2026-06-17 20:46:49 free=3276.8000GB (use=49971.2000GB limit=53248.0000GB)  state=OK paused=0 warned=0  [SOFT<300 HARD<80 RELEASE>=150]
[diskwatch] 2026-06-17 20:48:49 free=3276.8000GB (use=49971.2000GB limit=53248.0000GB)  state=OK paused=0 warned=0  [SOFT<300 HARD<80 RELEASE>=150]
[diskwatch] 2026-06-17 20:50:50 free=3276.8000GB (use=49971.2000GB limit=53248.0000GB)  state=OK paused=0 warned=0  [SOFT<300 HARD<80 RELEASE>=150]
[diskwatch] 2026-06-17 20:52:50 free=3276.8000GB (use=49971.2000GB limit=53248.0000GB)  state=OK paused=0 warned=0  [SOFT<300 HARD<80 RELEASE>=150]
[diskwatch] 2026-06-17 20:54:51 free=3276.8000GB (use=49971.2000GB limit=53248.0000GB)  state=OK paused=0 warned=0  [SOFT<300 HARD<80 RELEASE>=150]
[diskwatch] 2026-06-17 20:56:51 free=3276.8000GB (use=49971.2000GB limit=53248.0000GB)  state=OK paused=0 warned=0  [SOFT<300 HARD<80 RELEASE>=150]
[diskwatch] 2026-06-17 20:58:52 free=3276.8000GB (use=49971.2000GB limit=53248.0000GB)  state=OK paused=0 warned=0  [SOFT<300 HARD<80 RELEASE>=150]
[diskwatch] 2026-06-17 21:00:52 free=3276.8000GB (use=49971.2000GB limit=53248.0000GB)  state=OK paused=0 warned=0  [SOFT<300 HARD<80 RELEASE>=150]
[diskwatch] 2026-06-17 21:02:53 free=3276.8000GB (use=49971.2000GB limit=53248.0000GB)  state=OK paused=0 warned=0  [SOFT<300 HARD<80 RELEASE>=150]
[diskwatch] 2026-06-17 21:04:53 free=3266.5600GB (use=49981.4400GB limit=53248.0000GB)  state=OK paused=0 warned=0  [SOFT<300 HARD<80 RELEASE>=150]
[diskwatch] 2026-06-17 21:06:54 free=3266.5600GB (use=49981.4400GB limit=53248.0000GB)  state=OK paused=0 warned=0  [SOFT<300 HARD<80 RELEASE>=150]
[diskwatch] 2026-06-17 21:08:54 free=3266.5600GB (use=49981.4400GB limit=53248.0000GB)  state=OK paused=0 warned=0  [SOFT<300 HARD<80 RELEASE>=150]
[diskwatch] 2026-06-17 21:10:55 free=3266.5600GB (use=49981.4400GB limit=53248.0000GB)  state=OK paused=0 warned=0  [SOFT<300 HARD<80 RELEASE>=150]
[diskwatch] 2026-06-17 21:12:55 free=3266.5600GB (use=49981.4400GB limit=53248.0000GB)  state=OK paused=0 warned=0  [SOFT<300 HARD<80 RELEASE>=150]
[diskwatch] 2026-06-17 21:14:56 free=3266.5600GB (use=49981.4400GB limit=53248.0000GB)  state=OK paused=0 warned=0  [SOFT<300 HARD<80 RELEASE>=150]
[diskwatch] 2026-06-17 21:16:56 free=3266.5600GB (use=49981.4400GB limit=53248.0000GB)  state=OK paused=0 warned=0  [SOFT<300 HARD<80 RELEASE>=150]
[diskwatch] 2026-06-17 21:18:56 free=3266.5600GB (use=49981.4400GB limit=53248.0000GB)  state=OK paused=0 warned=0  [SOFT<300 HARD<80 RELEASE>=150]
[diskwatch] 2026-06-17 21:20:57 free=3266.5600GB (use=49981.4400GB limit=53248.0000GB)  state=OK paused=0 warned=0  [SOFT<300 HARD<80 RELEASE>=150]
[diskwatch] 2026-06-17 21:22:57 free=3266.5600GB (use=49981.4400GB limit=53248.0000GB)  state=OK paused=0 warned=0  [SOFT<300 HARD<80 RELEASE>=150]
[diskwatch] 2026-06-17 21:24:58 free=3266.5600GB (use=49981.4400GB limit=53248.0000GB)  state=OK paused=0 warned=0  [SOFT<300 HARD<80 RELEASE>=150]
[diskwatch] 2026-06-17 21:26:58 free=3266.5600GB (use=49981.4400GB limit=53248.0000GB)  state=OK paused=0 warned=0  [SOFT<300 HARD<80 RELEASE>=150]
[diskwatch] 2026-06-17 21:28:59 free=3266.5600GB (use=49981.4400GB limit=53248.0000GB)  state=OK paused=0 warned=0  [SOFT<300 HARD<80 RELEASE>=150]
[diskwatch] 2026-06-17 21:30:59 free=3266.5600GB (use=49981.4400GB limit=53248.0000GB)  state=OK paused=0 warned=0  [SOFT<300 HARD<80 RELEASE>=150]
[diskwatch] 2026-06-17 21:33:00 free=3266.5600GB (use=49981.4400GB limit=53248.0000GB)  state=OK paused=0 warned=0  [SOFT<300 HARD<80 RELEASE>=150]
[diskwatch] 2026-06-17 21:35:00 free=3266.5600GB (use=49981.4400GB limit=53248.0000GB)  state=OK paused=0 warned=0  [SOFT<300 HARD<80 RELEASE>=150]
[diskwatch] 2026-06-17 21:37:01 free=3266.5600GB (use=49981.4400GB limit=53248.0000GB)  state=OK paused=0 warned=0  [SOFT<300 HARD<80 RELEASE>=150]
[diskwatch] 2026-06-17 21:39:01 free=3266.5600GB (use=49981.4400GB limit=53248.0000GB)  state=OK paused=0 warned=0  [SOFT<300 HARD<80 RELEASE>=150]
[diskwatch] 2026-06-17 21:41:02 free=3266.5600GB (use=49981.4400GB limit=53248.0000GB)  state=OK paused=0 warned=0  [SOFT<300 HARD<80 RELEASE>=150]
[diskwatch] 2026-06-17 21:43:02 free=3266.5600GB (use=49981.4400GB limit=53248.0000GB)  state=OK paused=0 warned=0  [SOFT<300 HARD<80 RELEASE>=150]
[diskwatch] 2026-06-17 21:45:03 free=3266.5600GB (use=49981.4400GB limit=53248.0000GB)  state=OK paused=0 warned=0  [SOFT<300 HARD<80 RELEASE>=150]
[diskwatch] 2026-06-17 21:47:03 free=3266.5600GB (use=49981.4400GB limit=53248.0000GB)  state=OK paused=0 warned=0  [SOFT<300 HARD<80 RELEASE>=150]
[diskwatch] 2026-06-17 21:49:04 free=3266.5600GB (use=49981.4400GB limit=53248.0000GB)  state=OK paused=0 warned=0  [SOFT<300 HARD<80 RELEASE>=150]
[diskwatch] 2026-06-17 21:51:04 free=3256.3200GB (use=49991.6800GB limit=53248.0000GB)  state=OK paused=0 warned=0  [SOFT<300 HARD<80 RELEASE>=150]
[diskwatch] 2026-06-17 21:53:05 free=3256.3200GB (use=49991.6800GB limit=53248.0000GB)  state=OK paused=0 warned=0  [SOFT<300 HARD<80 RELEASE>=150]
[diskwatch] 2026-06-17 21:55:05 free=3256.3200GB (use=49991.6800GB limit=53248.0000GB)  state=OK paused=0 warned=0  [SOFT<300 HARD<80 RELEASE>=150]
[diskwatch] 2026-06-17 21:57:06 free=3256.3200GB (use=49991.6800GB limit=53248.0000GB)  state=OK paused=0 warned=0  [SOFT<300 HARD<80 RELEASE>=150]
[diskwatch] 2026-06-17 21:59:06 free=3246.0800GB (use=50001.9200GB limit=53248.0000GB)  state=OK paused=0 warned=0  [SOFT<300 HARD<80 RELEASE>=150]
[diskwatch] 2026-06-17 22:01:07 free=3246.0800GB (use=50001.9200GB limit=53248.0000GB)  state=OK paused=0 warned=0  [SOFT<300 HARD<80 RELEASE>=150]
[diskwatch] 2026-06-17 22:03:07 free=3246.0800GB (use=50001.9200GB limit=53248.0000GB)  state=OK paused=0 warned=0  [SOFT<300 HARD<80 RELEASE>=150]
[diskwatch] 2026-06-17 22:05:08 free=3246.0800GB (use=50001.9200GB limit=53248.0000GB)  state=OK paused=0 warned=0  [SOFT<300 HARD<80 RELEASE>=150]
[diskwatch] 2026-06-17 22:07:08 free=3246.0800GB (use=50001.9200GB limit=53248.0000GB)  state=OK paused=0 warned=0  [SOFT<300 HARD<80 RELEASE>=150]
[diskwatch] 2026-06-17 22:09:09 free=3246.0800GB (use=50001.9200GB limit=53248.0000GB)  state=OK paused=0 warned=0  [SOFT<300 HARD<80 RELEASE>=150]
[diskwatch] 2026-06-17 22:11:09 free=3246.0800GB (use=50001.9200GB limit=53248.0000GB)  state=OK paused=0 warned=0  [SOFT<300 HARD<80 RELEASE>=150]
[diskwatch] 2026-06-17 22:13:10 free=3246.0800GB (use=50001.9200GB limit=53248.0000GB)  state=OK paused=0 warned=0  [SOFT<300 HARD<80 RELEASE>=150]
[diskwatch] 2026-06-17 22:15:10 free=3246.0800GB (use=50001.9200GB limit=53248.0000GB)  state=OK paused=0 warned=0  [SOFT<300 HARD<80 RELEASE>=150]
[diskwatch] 2026-06-17 22:17:11 free=3246.0800GB (use=50001.9200GB limit=53248.0000GB)  state=OK paused=0 warned=0  [SOFT<300 HARD<80 RELEASE>=150]
[diskwatch] 2026-06-17 22:19:11 free=3235.8400GB (use=50012.1600GB limit=53248.0000GB)  state=OK paused=0 warned=0  [SOFT<300 HARD<80 RELEASE>=150]
[diskwatch] 2026-06-17 22:21:12 free=3235.8400GB (use=50012.1600GB limit=53248.0000GB)  state=OK paused=0 warned=0  [SOFT<300 HARD<80 RELEASE>=150]
[diskwatch] 2026-06-17 22:23:12 free=3235.8400GB (use=50012.1600GB limit=53248.0000GB)  state=OK paused=0 warned=0  [SOFT<300 HARD<80 RELEASE>=150]
[diskwatch] 2026-06-17 22:25:12 free=3235.8400GB (use=50012.1600GB limit=53248.0000GB)  state=OK paused=0 warned=0  [SOFT<300 HARD<80 RELEASE>=150]
[diskwatch] 2026-06-17 22:27:13 free=3235.8400GB (use=50012.1600GB limit=53248.0000GB)  state=OK paused=0 warned=0  [SOFT<300 HARD<80 RELEASE>=150]
[diskwatch] 2026-06-17 22:29:13 free=3235.8400GB (use=50012.1600GB limit=53248.0000GB)  state=OK paused=0 warned=0  [SOFT<300 HARD<80 RELEASE>=150]
[diskwatch] 2026-06-17 22:31:14 free=3225.6000GB (use=50022.4000GB limit=53248.0000GB)  state=OK paused=0 warned=0  [SOFT<300 HARD<80 RELEASE>=150]
[diskwatch] 2026-06-17 22:33:14 free=3225.6000GB (use=50022.4000GB limit=53248.0000GB)  state=OK paused=0 warned=0  [SOFT<300 HARD<80 RELEASE>=150]
[diskwatch] 2026-06-17 22:35:15 free=3225.6000GB (use=50022.4000GB limit=53248.0000GB)  state=OK paused=0 warned=0  [SOFT<300 HARD<80 RELEASE>=150]
[diskwatch] 2026-06-17 22:37:15 free=3215.3600GB (use=50032.6400GB limit=53248.0000GB)  state=OK paused=0 warned=0  [SOFT<300 HARD<80 RELEASE>=150]
[diskwatch] 2026-06-17 22:39:16 free=3194.8800GB (use=50053.1200GB limit=53248.0000GB)  state=OK paused=0 warned=0  [SOFT<300 HARD<80 RELEASE>=150]
[diskwatch] 2026-06-17 22:41:16 free=3164.1600GB (use=50083.8400GB limit=53248.0000GB)  state=OK paused=0 warned=0  [SOFT<300 HARD<80 RELEASE>=150]
[diskwatch] 2026-06-17 22:43:17 free=3194.8800GB (use=50053.1200GB limit=53248.0000GB)  state=OK paused=0 warned=0  [SOFT<300 HARD<80 RELEASE>=150]
[diskwatch] 2026-06-17 22:45:17 free=3174.4000GB (use=50073.6000GB limit=53248.0000GB)  state=OK paused=0 warned=0  [SOFT<300 HARD<80 RELEASE>=150]
[diskwatch] 2026-06-17 22:47:18 free=3153.9200GB (use=50094.0800GB limit=53248.0000GB)  state=OK paused=0 warned=0  [SOFT<300 HARD<80 RELEASE>=150]
[diskwatch] 2026-06-17 22:49:18 free=3143.6800GB (use=50104.3200GB limit=53248.0000GB)  state=OK paused=0 warned=0  [SOFT<300 HARD<80 RELEASE>=150]
[diskwatch] 2026-06-17 22:51:19 free=3164.1600GB (use=50083.8400GB limit=53248.0000GB)  state=OK paused=0 warned=0  [SOFT<300 HARD<80 RELEASE>=150]
[diskwatch] 2026-06-17 22:53:19 free=3174.4000GB (use=50073.6000GB limit=53248.0000GB)  state=OK paused=0 warned=0  [SOFT<300 HARD<80 RELEASE>=150]
[diskwatch] 2026-06-17 22:55:20 free=3153.9200GB (use=50094.0800GB limit=53248.0000GB)  state=OK paused=0 warned=0  [SOFT<300 HARD<80 RELEASE>=150]
[diskwatch] 2026-06-17 22:57:20 free=3123.2000GB (use=50124.8000GB limit=53248.0000GB)  state=OK paused=0 warned=0  [SOFT<300 HARD<80 RELEASE>=150]
[diskwatch] 2026-06-17 22:59:21 free=3143.6800GB (use=50104.3200GB limit=53248.0000GB)  state=OK paused=0 warned=0  [SOFT<300 HARD<80 RELEASE>=150]
[diskwatch] 2026-06-17 23:01:21 free=3143.6800GB (use=50104.3200GB limit=53248.0000GB)  state=OK paused=0 warned=0  [SOFT<300 HARD<80 RELEASE>=150]
[diskwatch] 2026-06-17 23:03:22 free=3123.2000GB (use=50124.8000GB limit=53248.0000GB)  state=OK paused=0 warned=0  [SOFT<300 HARD<80 RELEASE>=150]
[diskwatch] 2026-06-17 23:05:22 free=3102.7200GB (use=50145.2800GB limit=53248.0000GB)  state=OK paused=0 warned=0  [SOFT<300 HARD<80 RELEASE>=150]
[diskwatch] 2026-06-17 23:07:22 free=3092.4800GB (use=50155.5200GB limit=53248.0000GB)  state=OK paused=0 warned=0  [SOFT<300 HARD<80 RELEASE>=150]
[diskwatch] 2026-06-17 23:09:23 free=3072.0000GB (use=50176.0000GB limit=53248.0000GB)  state=OK paused=0 warned=0  [SOFT<300 HARD<80 RELEASE>=150]
[diskwatch] 2026-06-17 23:11:23 free=3061.7600GB (use=50186.2400GB limit=53248.0000GB)  state=OK paused=0 warned=0  [SOFT<300 HARD<80 RELEASE>=150]
[diskwatch] 2026-06-17 23:13:24 free=3112.9600GB (use=50135.0400GB limit=53248.0000GB)  state=OK paused=0 warned=0  [SOFT<300 HARD<80 RELEASE>=150]
[diskwatch] 2026-06-17 23:15:24 free=3112.9600GB (use=50135.0400GB limit=53248.0000GB)  state=OK paused=0 warned=0  [SOFT<300 HARD<80 RELEASE>=150]
[diskwatch] 2026-06-17 23:17:25 free=3092.4800GB (use=50155.5200GB limit=53248.0000GB)  state=OK paused=0 warned=0  [SOFT<300 HARD<80 RELEASE>=150]
[diskwatch] 2026-06-17 23:19:25 free=3072.0000GB (use=50176.0000GB limit=53248.0000GB)  state=OK paused=0 warned=0  [SOFT<300 HARD<80 RELEASE>=150]
[diskwatch] 2026-06-17 23:21:26 free=3072.0000GB (use=50176.0000GB limit=53248.0000GB)  state=OK paused=0 warned=0  [SOFT<300 HARD<80 RELEASE>=150]
[diskwatch] 2026-06-17 23:23:26 free=3102.7200GB (use=50145.2800GB limit=53248.0000GB)  state=OK paused=0 warned=0  [SOFT<300 HARD<80 RELEASE>=150]
[diskwatch] 2026-06-17 23:25:27 free=3082.2400GB (use=50165.7600GB limit=53248.0000GB)  state=OK paused=0 warned=0  [SOFT<300 HARD<80 RELEASE>=150]
[diskwatch] 2026-06-17 23:27:27 free=3041.2800GB (use=50206.7200GB limit=53248.0000GB)  state=OK paused=0 warned=0  [SOFT<300 HARD<80 RELEASE>=150]
[diskwatch] 2026-06-17 23:29:28 free=3031.0400GB (use=50216.9600GB limit=53248.0000GB)  state=OK paused=0 warned=0  [SOFT<300 HARD<80 RELEASE>=150]
[diskwatch] 2026-06-17 23:31:28 free=3020.8000GB (use=50227.2000GB limit=53248.0000GB)  state=OK paused=0 warned=0  [SOFT<300 HARD<80 RELEASE>=150]
[diskwatch] 2026-06-17 23:33:29 free=3020.8000GB (use=50227.2000GB limit=53248.0000GB)  state=OK paused=0 warned=0  [SOFT<300 HARD<80 RELEASE>=150]
[diskwatch] 2026-06-17 23:35:29 free=3072.0000GB (use=50176.0000GB limit=53248.0000GB)  state=OK paused=0 warned=0  [SOFT<300 HARD<80 RELEASE>=150]
[diskwatch] 2026-06-17 23:37:30 free=3082.2400GB (use=50165.7600GB limit=53248.0000GB)  state=OK paused=0 warned=0  [SOFT<300 HARD<80 RELEASE>=150]
[diskwatch] 2026-06-17 23:39:30 free=3061.7600GB (use=50186.2400GB limit=53248.0000GB)  state=OK paused=0 warned=0  [SOFT<300 HARD<80 RELEASE>=150]
[diskwatch] 2026-06-17 23:41:31 free=3020.8000GB (use=50227.2000GB limit=53248.0000GB)  state=OK paused=0 warned=0  [SOFT<300 HARD<80 RELEASE>=150]
[diskwatch] 2026-06-17 23:43:31 free=2990.0800GB (use=50257.9200GB limit=53248.0000GB)  state=OK paused=0 warned=0  [SOFT<300 HARD<80 RELEASE>=150]
[diskwatch] 2026-06-17 23:45:31 free=2990.0800GB (use=50257.9200GB limit=53248.0000GB)  state=OK paused=0 warned=0  [SOFT<300 HARD<80 RELEASE>=150]
[diskwatch] 2026-06-17 23:47:32 free=2979.8400GB (use=50268.1600GB limit=53248.0000GB)  state=OK paused=0 warned=0  [SOFT<300 HARD<80 RELEASE>=150]
[diskwatch] 2026-06-17 23:49:32 free=2979.8400GB (use=50268.1600GB limit=53248.0000GB)  state=OK paused=0 warned=0  [SOFT<300 HARD<80 RELEASE>=150]
[diskwatch] 2026-06-17 23:51:33 free=2969.6000GB (use=50278.4000GB limit=53248.0000GB)  state=OK paused=0 warned=0  [SOFT<300 HARD<80 RELEASE>=150]
[diskwatch] 2026-06-17 23:53:33 free=3031.0400GB (use=50216.9600GB limit=53248.0000GB)  state=OK paused=0 warned=0  [SOFT<300 HARD<80 RELEASE>=150]
[diskwatch] 2026-06-17 23:55:34 free=3010.5600GB (use=50237.4400GB limit=53248.0000GB)  state=OK paused=0 warned=0  [SOFT<300 HARD<80 RELEASE>=150]
[diskwatch] 2026-06-17 23:57:34 free=2979.8400GB (use=50268.1600GB limit=53248.0000GB)  state=OK paused=0 warned=0  [SOFT<300 HARD<80 RELEASE>=150]
[diskwatch] 2026-06-17 23:59:35 free=2959.3600GB (use=50288.6400GB limit=53248.0000GB)  state=OK paused=0 warned=0  [SOFT<300 HARD<80 RELEASE>=150]
[diskwatch] 2026-06-18 00:01:35 free=2949.1200GB (use=50298.8800GB limit=53248.0000GB)  state=OK paused=0 warned=0  [SOFT<300 HARD<80 RELEASE>=150]
[diskwatch] 2026-06-18 00:03:36 free=2949.1200GB (use=50298.8800GB limit=53248.0000GB)  state=OK paused=0 warned=0  [SOFT<300 HARD<80 RELEASE>=150]
[diskwatch] 2026-06-18 00:05:36 free=3010.5600GB (use=50237.4400GB limit=53248.0000GB)  state=OK paused=0 warned=0  [SOFT<300 HARD<80 RELEASE>=150]
[diskwatch] 2026-06-18 00:07:37 free=2990.0800GB (use=50257.9200GB limit=53248.0000GB)  state=OK paused=0 warned=0  [SOFT<300 HARD<80 RELEASE>=150]
[diskwatch] 2026-06-18 00:09:37 free=2959.3600GB (use=50288.6400GB limit=53248.0000GB)  state=OK paused=0 warned=0  [SOFT<300 HARD<80 RELEASE>=150]
[diskwatch] 2026-06-18 00:11:37 free=2918.4000GB (use=50329.6000GB limit=53248.0000GB)  state=OK paused=0 warned=0  [SOFT<300 HARD<80 RELEASE>=150]
[diskwatch] 2026-06-18 00:13:38 free=2918.4000GB (use=50329.6000GB limit=53248.0000GB)  state=OK paused=0 warned=0  [SOFT<300 HARD<80 RELEASE>=150]
[diskwatch] 2026-06-18 00:15:38 free=2918.4000GB (use=50329.6000GB limit=53248.0000GB)  state=OK paused=0 warned=0  [SOFT<300 HARD<80 RELEASE>=150]
[diskwatch] caught signal -> will exit after this cycle.
[diskwatch] 2026-06-18 00:17:16 free=2908.1600GB (use=50339.8400GB limit=53248.0000GB)  state=OK paused=0 warned=0  [SOFT<300 HARD<80 RELEASE>=150]
[diskwatch] exiting on signal.
Done: Thu Jun 18 12:17:16 AM EDT 2026
