Fri Jun 19 06:02:59 AM EDT 2026
host=c0703a-s9.ufhpc
pwd=/blue/guralnick/share/r.dinnage/Projects/phenovision
=== preadapt CPU collector worker 3 ===
run_dirs=xAI/output/preadapt_v2/plantclef__stable_evo__s42
watch_dirs=xAI/output/preadapt_v2/plantclef__stable_evo__s42/checkpoints
sentinels=xAI/output/preadapt_v2/plantclef__stable_evo__s42/RUN_COMPLETE
out_store=xAI/output/preadapt_v2/_extract_store
nthreads=8
poll=15s heavy_every=8 retention_latest_keep=2 keep_full_latest=2
train_jids=35120233
error    libmamba Could not set lock (Resource temporarily unavailable)
warning  libmamba Cannot lock '/home/r.dinnage/.cache/mamba/proc'
    Waiting for other mamba process to finish
[collector wcpu3] --once drained 0 checkpoint(s); exiting.
error    libmamba Could not set lock (Resource temporarily unavailable)
warning  libmamba Cannot lock '/home/r.dinnage/.cache/mamba/proc'
    Waiting for other mamba process to finish
[collector wcpu3] --once drained 0 checkpoint(s); exiting.
error    libmamba Could not set lock (Resource temporarily unavailable)
warning  libmamba Cannot lock '/home/r.dinnage/.cache/mamba/proc'
    Waiting for other mamba process to finish
[collector wcpu3] --once drained 0 checkpoint(s); exiting.
[collector wcpu3] --once drained 0 checkpoint(s); exiting.
[collector wcpu3] --once drained 0 checkpoint(s); exiting.
[collector wcpu3] --once drained 0 checkpoint(s); exiting.
[collector wcpu3] --once drained 0 checkpoint(s); exiting.
[collector wcpu3] --once drained 0 checkpoint(s); exiting.
[collector wcpu3] --once drained 0 checkpoint(s); exiting.
[collector wcpu3] --once drained 0 checkpoint(s); exiting.
[collector wcpu3] --once drained 0 checkpoint(s); exiting.
[collector wcpu3] --once drained 0 checkpoint(s); exiting.
error    libmamba Could not set lock (Resource temporarily unavailable)
warning  libmamba Cannot lock '/home/r.dinnage/.cache/mamba/proc'
    Waiting for other mamba process to finish
[collector wcpu3] --once drained 0 checkpoint(s); exiting.
[collector wcpu3] --once drained 0 checkpoint(s); exiting.
[collector wcpu3] --once drained 0 checkpoint(s); exiting.
[collector wcpu3] --once drained 0 checkpoint(s); exiting.
[collector wcpu3] --once drained 0 checkpoint(s); exiting.
error    libmamba Could not set lock (Resource temporarily unavailable)
warning  libmamba Cannot lock '/home/r.dinnage/.cache/mamba/proc'
    Waiting for other mamba process to finish
[collector wcpu3] --once drained 0 checkpoint(s); exiting.
error    libmamba Could not set lock (Resource temporarily unavailable)
warning  libmamba Cannot lock '/home/r.dinnage/.cache/mamba/proc'
    Waiting for other mamba process to finish
[collector wcpu3] --once drained 0 checkpoint(s); exiting.
[collector wcpu3] --once drained 0 checkpoint(s); exiting.
[collector wcpu3] --once drained 0 checkpoint(s); exiting.
error    libmamba Could not set lock (Resource temporarily unavailable)
warning  libmamba Cannot lock '/home/r.dinnage/.cache/mamba/proc'
    Waiting for other mamba process to finish
[collector wcpu3] --once drained 0 checkpoint(s); exiting.
error    libmamba Could not set lock (Resource temporarily unavailable)
warning  libmamba Cannot lock '/home/r.dinnage/.cache/mamba/proc'
    Waiting for other mamba process to finish
[collector wcpu3] --once drained 0 checkpoint(s); exiting.
[collector wcpu3] --once drained 0 checkpoint(s); exiting.
[collector wcpu3] --once drained 0 checkpoint(s); exiting.
[collector wcpu3] --once drained 0 checkpoint(s); exiting.
error    libmamba Could not set lock (Resource temporarily unavailable)
warning  libmamba Cannot lock '/home/r.dinnage/.cache/mamba/proc'
    Waiting for other mamba process to finish
[collector wcpu3] --once drained 0 checkpoint(s); exiting.
error    libmamba Could not set lock (Resource temporarily unavailable)
warning  libmamba Cannot lock '/home/r.dinnage/.cache/mamba/proc'
    Waiting for other mamba process to finish
[collector wcpu3] --once drained 0 checkpoint(s); exiting.
[collector wcpu3] --once drained 0 checkpoint(s); exiting.
[collector wcpu3] --once drained 0 checkpoint(s); exiting.
[collector wcpu3] --once drained 0 checkpoint(s); exiting.
[collector wcpu3] --once drained 0 checkpoint(s); exiting.
[collector wcpu3] --once drained 0 checkpoint(s); exiting.
[collector wcpu3] --once drained 0 checkpoint(s); exiting.
error    libmamba Could not set lock (Resource temporarily unavailable)
warning  libmamba Cannot lock '/home/r.dinnage/.cache/mamba/proc'
    Waiting for other mamba process to finish
[collector wcpu3] --once drained 0 checkpoint(s); exiting.
error    libmamba Could not set lock (Resource temporarily unavailable)
warning  libmamba Cannot lock '/home/r.dinnage/.cache/mamba/proc'
    Waiting for other mamba process to finish
[collector wcpu3] --once drained 0 checkpoint(s); exiting.
[collector wcpu3] --once drained 0 checkpoint(s); exiting.
[collector wcpu3] --once drained 0 checkpoint(s); exiting.
[collector wcpu3] --once drained 0 checkpoint(s); exiting.
error    libmamba Could not set lock (Resource temporarily unavailable)
warning  libmamba Cannot lock '/home/r.dinnage/.cache/mamba/proc'
    Waiting for other mamba process to finish
[collector wcpu3] --once drained 0 checkpoint(s); exiting.
[collector wcpu3] --once drained 0 checkpoint(s); exiting.
[collector wcpu3] --once drained 0 checkpoint(s); exiting.
[collector wcpu3] --once drained 0 checkpoint(s); exiting.
[collector wcpu3] --once drained 0 checkpoint(s); exiting.
[collector wcpu3] --once drained 0 checkpoint(s); exiting.
[collector wcpu3] --once drained 0 checkpoint(s); exiting.
[collector wcpu3] --once drained 0 checkpoint(s); exiting.
[collector wcpu3] --once drained 0 checkpoint(s); exiting.
[collector wcpu3] --once drained 0 checkpoint(s); exiting.
[collector wcpu3] --once drained 0 checkpoint(s); exiting.
[collector wcpu3] --once drained 0 checkpoint(s); exiting.
[collector wcpu3] --once drained 0 checkpoint(s); exiting.
[collector wcpu3] --once drained 0 checkpoint(s); exiting.
[collector wcpu3] --once drained 0 checkpoint(s); exiting.
[collector wcpu3] --once drained 0 checkpoint(s); exiting.
error    libmamba Could not set lock (Resource temporarily unavailable)
warning  libmamba Cannot lock '/home/r.dinnage/.cache/mamba/proc'
    Waiting for other mamba process to finish
[collector wcpu3] --once drained 0 checkpoint(s); exiting.
error    libmamba Could not set lock (Resource temporarily unavailable)
warning  libmamba Cannot lock '/home/r.dinnage/.cache/mamba/proc'
    Waiting for other mamba process to finish
[collector wcpu3] --once drained 0 checkpoint(s); exiting.
error    libmamba Could not set lock (Resource temporarily unavailable)
warning  libmamba Cannot lock '/home/r.dinnage/.cache/mamba/proc'
    Waiting for other mamba process to finish
[collector wcpu3] --once drained 0 checkpoint(s); exiting.
error    libmamba Could not set lock (Resource temporarily unavailable)
warning  libmamba Cannot lock '/home/r.dinnage/.cache/mamba/proc'
    Waiting for other mamba process to finish
[collector wcpu3] --once drained 0 checkpoint(s); exiting.
[collector wcpu3] --once drained 0 checkpoint(s); exiting.
[collector wcpu3] --once drained 0 checkpoint(s); exiting.
[collector wcpu3] --once drained 0 checkpoint(s); exiting.
error    libmamba Could not set lock (Resource temporarily unavailable)
warning  libmamba Cannot lock '/home/r.dinnage/.cache/mamba/proc'
    Waiting for other mamba process to finish
[collector wcpu3] --once drained 0 checkpoint(s); exiting.
[collector wcpu3] --once drained 0 checkpoint(s); exiting.
[collector wcpu3] --once drained 0 checkpoint(s); exiting.
[collector wcpu3] --once drained 0 checkpoint(s); exiting.
[collector wcpu3] --once drained 0 checkpoint(s); exiting.
[collector wcpu3] --once drained 0 checkpoint(s); exiting.
error    libmamba Could not set lock (Resource temporarily unavailable)
warning  libmamba Cannot lock '/home/r.dinnage/.cache/mamba/proc'
    Waiting for other mamba process to finish
[collector wcpu3] --once drained 0 checkpoint(s); exiting.
[collector wcpu3] --once drained 0 checkpoint(s); exiting.
error    libmamba Could not set lock (Resource temporarily unavailable)
warning  libmamba Cannot lock '/home/r.dinnage/.cache/mamba/proc'
    Waiting for other mamba process to finish
error    libmamba Could not set lock (Resource temporarily unavailable)
warning  libmamba Cannot lock '/home/r.dinnage/.cache/mamba/proc'
    Waiting for other mamba process to finish
[collector wcpu3] --once drained 0 checkpoint(s); exiting.
[collector wcpu3] --once drained 0 checkpoint(s); exiting.
[collector wcpu3] --once drained 0 checkpoint(s); exiting.
[collector wcpu3] --once drained 0 checkpoint(s); exiting.
error    libmamba Could not set lock (Resource temporarily unavailable)
warning  libmamba Cannot lock '/home/r.dinnage/.cache/mamba/proc'
    Waiting for other mamba process to finish
[collector wcpu3] --once drained 0 checkpoint(s); exiting.
[collector wcpu3] --once drained 0 checkpoint(s); exiting.
[collector wcpu3] --once drained 0 checkpoint(s); exiting.
error    libmamba Could not set lock (Resource temporarily unavailable)
warning  libmamba Cannot lock '/home/r.dinnage/.cache/mamba/proc'
    Waiting for other mamba process to finish
[collector wcpu3] --once drained 0 checkpoint(s); exiting.
[collector wcpu3] --once drained 0 checkpoint(s); exiting.
[collector wcpu3] --once drained 0 checkpoint(s); exiting.
[collector wcpu3] --once drained 0 checkpoint(s); exiting.
[collector wcpu3] --once drained 0 checkpoint(s); exiting.
error    libmamba Could not set lock (Resource temporarily unavailable)
warning  libmamba Cannot lock '/home/r.dinnage/.cache/mamba/proc'
    Waiting for other mamba process to finish
[collector wcpu3] --once drained 0 checkpoint(s); exiting.
[collector wcpu3] --once drained 0 checkpoint(s); exiting.
[collector wcpu3] --once drained 0 checkpoint(s); exiting.
[collector wcpu3] --once drained 0 checkpoint(s); exiting.
[collector wcpu3] --once drained 0 checkpoint(s); exiting.
error    libmamba Could not set lock (Resource temporarily unavailable)
warning  libmamba Cannot lock '/home/r.dinnage/.cache/mamba/proc'
    Waiting for other mamba process to finish
[collector wcpu3] --once drained 0 checkpoint(s); exiting.
[collector wcpu3] --once drained 0 checkpoint(s); exiting.
[collector wcpu3] --once drained 0 checkpoint(s); exiting.
[collector wcpu3] --once drained 0 checkpoint(s); exiting.
error    libmamba Could not set lock (Resource temporarily unavailable)
warning  libmamba Cannot lock '/home/r.dinnage/.cache/mamba/proc'
    Waiting for other mamba process to finish
[collector wcpu3] --once drained 0 checkpoint(s); exiting.
[collector wcpu3] --once drained 0 checkpoint(s); exiting.
[collector wcpu3] --once drained 0 checkpoint(s); exiting.
[collector wcpu3] --once drained 0 checkpoint(s); exiting.
error    libmamba Could not set lock (Resource temporarily unavailable)
warning  libmamba Cannot lock '/home/r.dinnage/.cache/mamba/proc'
    Waiting for other mamba process to finish
[collector wcpu3] --once drained 0 checkpoint(s); exiting.
[collector wcpu3] --once drained 0 checkpoint(s); exiting.
[collector wcpu3] --once drained 0 checkpoint(s); exiting.
error    libmamba Could not set lock (Resource temporarily unavailable)
warning  libmamba Cannot lock '/home/r.dinnage/.cache/mamba/proc'
    Waiting for other mamba process to finish
[collector wcpu3] --once drained 0 checkpoint(s); exiting.
[collector wcpu3] --once drained 0 checkpoint(s); exiting.
[collector wcpu3] --once drained 0 checkpoint(s); exiting.
error    libmamba Could not set lock (Resource temporarily unavailable)
warning  libmamba Cannot lock '/home/r.dinnage/.cache/mamba/proc'
    Waiting for other mamba process to finish
[collector wcpu3] --once drained 0 checkpoint(s); exiting.
[collector wcpu3] --once drained 0 checkpoint(s); exiting.
[collector wcpu3] --once drained 0 checkpoint(s); exiting.
[collector wcpu3] --once drained 0 checkpoint(s); exiting.
error    libmamba Could not set lock (Resource temporarily unavailable)
warning  libmamba Cannot lock '/home/r.dinnage/.cache/mamba/proc'
    Waiting for other mamba process to finish
[collector wcpu3] --once drained 0 checkpoint(s); exiting.
[collector wcpu3] --once drained 0 checkpoint(s); exiting.
[collector wcpu3] --once drained 0 checkpoint(s); exiting.
error    libmamba Could not set lock (Resource temporarily unavailable)
warning  libmamba Cannot lock '/home/r.dinnage/.cache/mamba/proc'
    Waiting for other mamba process to finish
[collector wcpu3] --once drained 0 checkpoint(s); exiting.
[collector wcpu3] --once drained 0 checkpoint(s); exiting.
[collector wcpu3] --once drained 0 checkpoint(s); exiting.
[collector wcpu3] --once drained 0 checkpoint(s); exiting.
[collector wcpu3] --once drained 0 checkpoint(s); exiting.
[collector wcpu3] --once drained 0 checkpoint(s); exiting.
[collector wcpu3] --once drained 0 checkpoint(s); exiting.
[collector wcpu3] --once drained 0 checkpoint(s); exiting.
[collector wcpu3] --once drained 0 checkpoint(s); exiting.
[collector wcpu3] --once drained 0 checkpoint(s); exiting.
[collector wcpu3] --once drained 0 checkpoint(s); exiting.
[collector wcpu3] --once drained 0 checkpoint(s); exiting.
[collector wcpu3] --once drained 0 checkpoint(s); exiting.
[collector wcpu3] --once drained 0 checkpoint(s); exiting.
error    libmamba Could not set lock (Resource temporarily unavailable)
warning  libmamba Cannot lock '/home/r.dinnage/.cache/mamba/proc'
    Waiting for other mamba process to finish
[collector wcpu3] --once drained 0 checkpoint(s); exiting.
error    libmamba Could not set lock (Resource temporarily unavailable)
warning  libmamba Cannot lock '/home/r.dinnage/.cache/mamba/proc'
    Waiting for other mamba process to finish
[collector wcpu3] --once drained 0 checkpoint(s); exiting.
[collector wcpu3] --once drained 0 checkpoint(s); exiting.
error    libmamba Could not set lock (Resource temporarily unavailable)
warning  libmamba Cannot lock '/home/r.dinnage/.cache/mamba/proc'
    Waiting for other mamba process to finish
[collector wcpu3] --once drained 0 checkpoint(s); exiting.
error    libmamba Could not set lock (Resource temporarily unavailable)
warning  libmamba Cannot lock '/home/r.dinnage/.cache/mamba/proc'
    Waiting for other mamba process to finish
[collector wcpu3] --once drained 0 checkpoint(s); exiting.
error    libmamba Could not set lock (Resource temporarily unavailable)
warning  libmamba Cannot lock '/home/r.dinnage/.cache/mamba/proc'
    Waiting for other mamba process to finish
[collector wcpu3] --once drained 0 checkpoint(s); exiting.
[collector wcpu3] --once drained 0 checkpoint(s); exiting.
error    libmamba Could not set lock (Resource temporarily unavailable)
warning  libmamba Cannot lock '/home/r.dinnage/.cache/mamba/proc'
    Waiting for other mamba process to finish
[collector wcpu3] --once drained 0 checkpoint(s); exiting.
error    libmamba Could not set lock (Resource temporarily unavailable)
warning  libmamba Cannot lock '/home/r.dinnage/.cache/mamba/proc'
    Waiting for other mamba process to finish
[collector wcpu3] --once drained 0 checkpoint(s); exiting.
[collector wcpu3] --once drained 0 checkpoint(s); exiting.
error    libmamba Could not set lock (Resource temporarily unavailable)
warning  libmamba Cannot lock '/home/r.dinnage/.cache/mamba/proc'
    Waiting for other mamba process to finish
[collector wcpu3] --once drained 0 checkpoint(s); exiting.
[collector wcpu3] --once drained 0 checkpoint(s); exiting.
[collector wcpu3] --once drained 0 checkpoint(s); exiting.
error    libmamba Could not set lock (Resource temporarily unavailable)
warning  libmamba Cannot lock '/home/r.dinnage/.cache/mamba/proc'
    Waiting for other mamba process to finish
[collector wcpu3] --once drained 0 checkpoint(s); exiting.
[collector wcpu3] --once drained 0 checkpoint(s); exiting.
[collector wcpu3] --once drained 0 checkpoint(s); exiting.
[collector wcpu3] --once drained 0 checkpoint(s); exiting.
[collector wcpu3] --once drained 0 checkpoint(s); exiting.
[collector wcpu3] --once drained 0 checkpoint(s); exiting.
[collector wcpu3] --once drained 0 checkpoint(s); exiting.
[collector wcpu3] --once drained 0 checkpoint(s); exiting.
[collector wcpu3] --once drained 0 checkpoint(s); exiting.
error    libmamba Could not set lock (Resource temporarily unavailable)
warning  libmamba Cannot lock '/home/r.dinnage/.cache/mamba/proc'
    Waiting for other mamba process to finish
[collector wcpu3] --once drained 0 checkpoint(s); exiting.
[collector wcpu3] --once drained 0 checkpoint(s); exiting.
[collector wcpu3] --once drained 0 checkpoint(s); exiting.
[collector wcpu3] --once drained 0 checkpoint(s); exiting.
[collector wcpu3] --once drained 0 checkpoint(s); exiting.
[collector wcpu3] --once drained 0 checkpoint(s); exiting.
error    libmamba Could not set lock (Resource temporarily unavailable)
warning  libmamba Cannot lock '/home/r.dinnage/.cache/mamba/proc'
    Waiting for other mamba process to finish
[collector wcpu3] --once drained 0 checkpoint(s); exiting.
error    libmamba Could not set lock (Resource temporarily unavailable)
warning  libmamba Cannot lock '/home/r.dinnage/.cache/mamba/proc'
    Waiting for other mamba process to finish
[collector wcpu3] --once drained 0 checkpoint(s); exiting.
[collector wcpu3] --once drained 0 checkpoint(s); exiting.
[collector wcpu3] --once drained 0 checkpoint(s); exiting.
[collector wcpu3] --once drained 0 checkpoint(s); exiting.
[collector wcpu3] --once drained 0 checkpoint(s); exiting.
[collector wcpu3] --once drained 0 checkpoint(s); exiting.
[collector wcpu3] --once drained 0 checkpoint(s); exiting.
[collector wcpu3] --once drained 0 checkpoint(s); exiting.
[collector wcpu3] --once drained 0 checkpoint(s); exiting.
error    libmamba Could not set lock (Resource temporarily unavailable)
warning  libmamba Cannot lock '/home/r.dinnage/.cache/mamba/proc'
    Waiting for other mamba process to finish
[collector wcpu3] --once drained 0 checkpoint(s); exiting.
error    libmamba Could not set lock (Resource temporarily unavailable)
warning  libmamba Cannot lock '/home/r.dinnage/.cache/mamba/proc'
    Waiting for other mamba process to finish
[collector wcpu3] --once drained 0 checkpoint(s); exiting.
[collector wcpu3] --once drained 0 checkpoint(s); exiting.
[collector wcpu3] --once drained 0 checkpoint(s); exiting.
[collector wcpu3] --once drained 0 checkpoint(s); exiting.
[collector wcpu3] --once drained 0 checkpoint(s); exiting.
[collector wcpu3] --once drained 0 checkpoint(s); exiting.
[collector wcpu3] --once drained 0 checkpoint(s); exiting.
[collector wcpu3] --once drained 0 checkpoint(s); exiting.
[collector wcpu3] --once drained 0 checkpoint(s); exiting.
[collector wcpu3] --once drained 0 checkpoint(s); exiting.
[collector wcpu3] --once drained 0 checkpoint(s); exiting.
error    libmamba Could not set lock (Resource temporarily unavailable)
warning  libmamba Cannot lock '/home/r.dinnage/.cache/mamba/proc'
    Waiting for other mamba process to finish
[collector wcpu3] --once drained 0 checkpoint(s); exiting.
[collector wcpu3] --once drained 0 checkpoint(s); exiting.
[collector wcpu3] --once drained 0 checkpoint(s); exiting.
[collector wcpu3] --once drained 0 checkpoint(s); exiting.
error    libmamba Could not set lock (Resource temporarily unavailable)
warning  libmamba Cannot lock '/home/r.dinnage/.cache/mamba/proc'
    Waiting for other mamba process to finish
[collector wcpu3] --once drained 0 checkpoint(s); exiting.
error    libmamba Could not set lock (Resource temporarily unavailable)
warning  libmamba Cannot lock '/home/r.dinnage/.cache/mamba/proc'
    Waiting for other mamba process to finish
[collector wcpu3] --once drained 0 checkpoint(s); exiting.
[collector wcpu3] --once drained 0 checkpoint(s); exiting.
[collector wcpu3] --once drained 0 checkpoint(s); exiting.
[collector wcpu3] --once drained 0 checkpoint(s); exiting.
[collector wcpu3] --once drained 0 checkpoint(s); exiting.
[collector wcpu3] --once drained 0 checkpoint(s); exiting.
[collector wcpu3] --once drained 0 checkpoint(s); exiting.
[collector wcpu3] --once drained 0 checkpoint(s); exiting.
[collector wcpu3] --once drained 0 checkpoint(s); exiting.
error    libmamba Could not set lock (Resource temporarily unavailable)
warning  libmamba Cannot lock '/home/r.dinnage/.cache/mamba/proc'
    Waiting for other mamba process to finish
[collector wcpu3] --once drained 0 checkpoint(s); exiting.
[collector wcpu3] --once drained 0 checkpoint(s); exiting.
error    libmamba Could not set lock (Resource temporarily unavailable)
warning  libmamba Cannot lock '/home/r.dinnage/.cache/mamba/proc'
    Waiting for other mamba process to finish
[collector wcpu3] --once drained 0 checkpoint(s); exiting.
error    libmamba Could not set lock (Resource temporarily unavailable)
warning  libmamba Cannot lock '/home/r.dinnage/.cache/mamba/proc'
    Waiting for other mamba process to finish
[collector wcpu3] --once drained 0 checkpoint(s); exiting.
[collector wcpu3] --once drained 0 checkpoint(s); exiting.
[collector wcpu3] --once drained 0 checkpoint(s); exiting.
error    libmamba Could not set lock (Resource temporarily unavailable)
warning  libmamba Cannot lock '/home/r.dinnage/.cache/mamba/proc'
    Waiting for other mamba process to finish
[collector wcpu3] --once drained 0 checkpoint(s); exiting.
[collector wcpu3] --once drained 0 checkpoint(s); exiting.
[collector wcpu3] --once drained 0 checkpoint(s); exiting.
[collector wcpu3] --once drained 0 checkpoint(s); exiting.
[collector wcpu3] --once drained 0 checkpoint(s); exiting.
[collector wcpu3] --once drained 0 checkpoint(s); exiting.
[collector wcpu3] --once drained 0 checkpoint(s); exiting.
[collector wcpu3] --once drained 0 checkpoint(s); exiting.
[collector wcpu3] --once drained 0 checkpoint(s); exiting.
error    libmamba Could not set lock (Resource temporarily unavailable)
warning  libmamba Cannot lock '/home/r.dinnage/.cache/mamba/proc'
    Waiting for other mamba process to finish
[collector wcpu3] --once drained 0 checkpoint(s); exiting.
[collector wcpu3] --once drained 0 checkpoint(s); exiting.
[collector wcpu3] --once drained 0 checkpoint(s); exiting.
[collector wcpu3] --once drained 0 checkpoint(s); exiting.
[collector wcpu3] --once drained 0 checkpoint(s); exiting.
[collector wcpu3] --once drained 0 checkpoint(s); exiting.
error    libmamba Could not set lock (Resource temporarily unavailable)
warning  libmamba Cannot lock '/home/r.dinnage/.cache/mamba/proc'
    Waiting for other mamba process to finish
[collector wcpu3] --once drained 0 checkpoint(s); exiting.
[collector wcpu3] --once drained 0 checkpoint(s); exiting.
error    libmamba Could not set lock (Resource temporarily unavailable)
warning  libmamba Cannot lock '/home/r.dinnage/.cache/mamba/proc'
    Waiting for other mamba process to finish
[collector wcpu3] --once drained 0 checkpoint(s); exiting.
[collector wcpu3] FINALIZED run_id=plantclef__stable_evo__s42 step=0 -> KEPT(->kept/,FULL anchor)
[collector wcpu3] --once drained 1 checkpoint(s); exiting.
[cwcpu3] drained 1 checkpoint(s); looping.
[collector wcpu3] --once drained 0 checkpoint(s); exiting.
[collector wcpu3] --once drained 0 checkpoint(s); exiting.
[collector wcpu3] --once drained 0 checkpoint(s); exiting.
[collector wcpu3] --once drained 0 checkpoint(s); exiting.
[collector wcpu3] --once drained 0 checkpoint(s); exiting.
[collector wcpu3] --once drained 0 checkpoint(s); exiting.
[collector wcpu3] --once drained 0 checkpoint(s); exiting.
[collector wcpu3] --once drained 0 checkpoint(s); exiting.
[collector wcpu3] --once drained 0 checkpoint(s); exiting.
[collector wcpu3] --once drained 0 checkpoint(s); exiting.
[collector wcpu3] --once drained 0 checkpoint(s); exiting.
[collector wcpu3] --once drained 0 checkpoint(s); exiting.
[collector wcpu3] --once drained 0 checkpoint(s); exiting.
error    libmamba Could not set lock (Resource temporarily unavailable)
warning  libmamba Cannot lock '/home/r.dinnage/.cache/mamba/proc'
    Waiting for other mamba process to finish
[collector wcpu3] --once drained 0 checkpoint(s); exiting.
[collector wcpu3] --once drained 0 checkpoint(s); exiting.
[collector wcpu3] --once drained 0 checkpoint(s); exiting.
error    libmamba Could not set lock (Resource temporarily unavailable)
warning  libmamba Cannot lock '/home/r.dinnage/.cache/mamba/proc'
    Waiting for other mamba process to finish
[collector wcpu3] --once drained 0 checkpoint(s); exiting.
[collector wcpu3] --once drained 0 checkpoint(s); exiting.
[collector wcpu3] --once drained 0 checkpoint(s); exiting.
error    libmamba Could not set lock (Resource temporarily unavailable)
warning  libmamba Cannot lock '/home/r.dinnage/.cache/mamba/proc'
    Waiting for other mamba process to finish
[collector wcpu3] --once drained 0 checkpoint(s); exiting.
[collector wcpu3] --once drained 0 checkpoint(s); exiting.
[collector wcpu3] --once drained 0 checkpoint(s); exiting.
[collector wcpu3] --once drained 0 checkpoint(s); exiting.
[collector wcpu3] --once drained 0 checkpoint(s); exiting.
[collector wcpu3] --once drained 0 checkpoint(s); exiting.
[collector wcpu3] --once drained 0 checkpoint(s); exiting.
[collector wcpu3] --once drained 0 checkpoint(s); exiting.
error    libmamba Could not set lock (Resource temporarily unavailable)
warning  libmamba Cannot lock '/home/r.dinnage/.cache/mamba/proc'
    Waiting for other mamba process to finish
[collector wcpu3] --once drained 0 checkpoint(s); exiting.
error    libmamba Could not set lock (Resource temporarily unavailable)
warning  libmamba Cannot lock '/home/r.dinnage/.cache/mamba/proc'
    Waiting for other mamba process to finish
[collector wcpu3] --once drained 0 checkpoint(s); exiting.
[collector wcpu3] --once drained 0 checkpoint(s); exiting.
[collector wcpu3] --once drained 0 checkpoint(s); exiting.
error    libmamba Could not set lock (Resource temporarily unavailable)
warning  libmamba Cannot lock '/home/r.dinnage/.cache/mamba/proc'
    Waiting for other mamba process to finish
[collector wcpu3] --once drained 0 checkpoint(s); exiting.
[collector wcpu3] --once drained 0 checkpoint(s); exiting.
[collector wcpu3] --once drained 0 checkpoint(s); exiting.
[collector wcpu3] --once drained 0 checkpoint(s); exiting.
[collector wcpu3] --once drained 0 checkpoint(s); exiting.
error    libmamba Could not set lock (Resource temporarily unavailable)
warning  libmamba Cannot lock '/home/r.dinnage/.cache/mamba/proc'
    Waiting for other mamba process to finish
[collector wcpu3] --once drained 0 checkpoint(s); exiting.
[collector wcpu3] --once drained 0 checkpoint(s); exiting.
[collector wcpu3] --once drained 0 checkpoint(s); exiting.
[collector wcpu3] --once drained 0 checkpoint(s); exiting.
[collector wcpu3] --once drained 0 checkpoint(s); exiting.
[collector wcpu3] --once drained 0 checkpoint(s); exiting.
[collector wcpu3] --once drained 0 checkpoint(s); exiting.
[collector wcpu3] --once drained 0 checkpoint(s); exiting.
[collector wcpu3] --once drained 0 checkpoint(s); exiting.
error    libmamba Could not set lock (Resource temporarily unavailable)
warning  libmamba Cannot lock '/home/r.dinnage/.cache/mamba/proc'
    Waiting for other mamba process to finish
[collector wcpu3] --once drained 0 checkpoint(s); exiting.
[collector wcpu3] --once drained 0 checkpoint(s); exiting.
[collector wcpu3] --once drained 0 checkpoint(s); exiting.
error    libmamba Could not set lock (Resource temporarily unavailable)
warning  libmamba Cannot lock '/home/r.dinnage/.cache/mamba/proc'
    Waiting for other mamba process to finish
[collector wcpu3] --once drained 0 checkpoint(s); exiting.
[collector wcpu3] --once drained 0 checkpoint(s); exiting.
[collector wcpu3] --once drained 0 checkpoint(s); exiting.
error    libmamba Could not set lock (Resource temporarily unavailable)
warning  libmamba Cannot lock '/home/r.dinnage/.cache/mamba/proc'
    Waiting for other mamba process to finish
[collector wcpu3] --once drained 0 checkpoint(s); exiting.
[collector wcpu3] --once drained 0 checkpoint(s); exiting.
[collector wcpu3] --once drained 0 checkpoint(s); exiting.
[collector wcpu3] --once drained 0 checkpoint(s); exiting.
[collector wcpu3] --once drained 0 checkpoint(s); exiting.
[collector wcpu3] --once drained 0 checkpoint(s); exiting.
[collector wcpu3] --once drained 0 checkpoint(s); exiting.
[collector wcpu3] --once drained 0 checkpoint(s); exiting.
[collector wcpu3] --once drained 0 checkpoint(s); exiting.
[collector wcpu3] --once drained 0 checkpoint(s); exiting.
[collector wcpu3] --once drained 0 checkpoint(s); exiting.
[collector wcpu3] --once drained 0 checkpoint(s); exiting.
[collector wcpu3] --once drained 0 checkpoint(s); exiting.
[collector wcpu3] --once drained 0 checkpoint(s); exiting.
[collector wcpu3] --once drained 0 checkpoint(s); exiting.
[collector wcpu3] --once drained 0 checkpoint(s); exiting.
[collector wcpu3] --once drained 0 checkpoint(s); exiting.
[collector wcpu3] --once drained 0 checkpoint(s); exiting.
[collector wcpu3] --once drained 0 checkpoint(s); exiting.
[collector wcpu3] --once drained 0 checkpoint(s); exiting.
error    libmamba Could not set lock (Resource temporarily unavailable)
warning  libmamba Cannot lock '/home/r.dinnage/.cache/mamba/proc'
    Waiting for other mamba process to finish
[collector wcpu3] --once drained 0 checkpoint(s); exiting.
[collector wcpu3] --once drained 0 checkpoint(s); exiting.
[collector wcpu3] --once drained 0 checkpoint(s); exiting.
[collector wcpu3] --once drained 0 checkpoint(s); exiting.
error    libmamba Could not set lock (Resource temporarily unavailable)
warning  libmamba Cannot lock '/home/r.dinnage/.cache/mamba/proc'
    Waiting for other mamba process to finish
[collector wcpu3] --once drained 0 checkpoint(s); exiting.
[collector wcpu3] --once drained 0 checkpoint(s); exiting.
[collector wcpu3] --once drained 0 checkpoint(s); exiting.
[collector wcpu3] --once drained 0 checkpoint(s); exiting.
[collector wcpu3] --once drained 0 checkpoint(s); exiting.
[collector wcpu3] --once drained 0 checkpoint(s); exiting.
[collector wcpu3] --once drained 0 checkpoint(s); exiting.
[collector wcpu3] --once drained 0 checkpoint(s); exiting.
[collector wcpu3] --once drained 0 checkpoint(s); exiting.
[collector wcpu3] --once drained 0 checkpoint(s); exiting.
[collector wcpu3] --once drained 0 checkpoint(s); exiting.
[collector wcpu3] --once drained 0 checkpoint(s); exiting.
[collector wcpu3] --once drained 0 checkpoint(s); exiting.
[collector wcpu3] --once drained 0 checkpoint(s); exiting.
[collector wcpu3] --once drained 0 checkpoint(s); exiting.
[collector wcpu3] --once drained 0 checkpoint(s); exiting.
[collector wcpu3] --once drained 0 checkpoint(s); exiting.
[collector wcpu3] --once drained 0 checkpoint(s); exiting.
[collector wcpu3] --once drained 0 checkpoint(s); exiting.
[collector wcpu3] --once drained 0 checkpoint(s); exiting.
[collector wcpu3] --once drained 0 checkpoint(s); exiting.
error    libmamba Could not set lock (Resource temporarily unavailable)
warning  libmamba Cannot lock '/home/r.dinnage/.cache/mamba/proc'
    Waiting for other mamba process to finish
[collector wcpu3] --once drained 0 checkpoint(s); exiting.
[collector wcpu3] --once drained 0 checkpoint(s); exiting.
[collector wcpu3] --once drained 0 checkpoint(s); exiting.
[collector wcpu3] --once drained 0 checkpoint(s); exiting.
[collector wcpu3] --once drained 0 checkpoint(s); exiting.
[collector wcpu3] --once drained 0 checkpoint(s); exiting.
[collector wcpu3] --once drained 0 checkpoint(s); exiting.
error    libmamba Could not set lock (Resource temporarily unavailable)
warning  libmamba Cannot lock '/home/r.dinnage/.cache/mamba/proc'
    Waiting for other mamba process to finish
[collector wcpu3] no probe/val CSV (probe_csv=None, val_csv=None); forward/backward blocks skipped for run_id=plantclef__stable_evo__s42.
[Extractor] block_set='cpu': CPU-only block set ['block_optim', 'block_weights', 'block_trajectory', 'block_circuits'] needs no model forward — skipping probe/Hessian build (no CSV/dataloaders, lower host RAM).
[extract] step=1648 SKIP heavy block block_circuits (ordinal=329 basis=step_fallback heavy_every=8)
[extract] step=1648 heavy=FALSE total=205.99s | block_optim=156.94 block_weights=36.24 block_trajectory=0.87
[collector wcpu3] cpu-pass DONE run_id=plantclef__stable_evo__s42 step=1648 blocks_ok=3 t=205.985s (all_passes_complete=False)
[collector wcpu3] --once drained 1 checkpoint(s); exiting.
[cwcpu3] drained 1 checkpoint(s); looping.
[collector wcpu3] --once drained 0 checkpoint(s); exiting.
[collector wcpu3] --once drained 0 checkpoint(s); exiting.
[collector wcpu3] --once drained 0 checkpoint(s); exiting.
[collector wcpu3] --once drained 0 checkpoint(s); exiting.
[collector wcpu3] no probe/val CSV (probe_csv=None, val_csv=None); forward/backward blocks skipped for run_id=plantclef__stable_evo__s42.
[Extractor] block_set='cpu': CPU-only block set ['block_optim', 'block_weights', 'block_trajectory', 'block_circuits'] needs no model forward — skipping probe/Hessian build (no CSV/dataloaders, lower host RAM).
[extract] step=1678 SKIP heavy block block_circuits (ordinal=335 basis=step_fallback heavy_every=8)
[extract] step=1678 heavy=FALSE total=211.54s | block_optim=162.37 block_weights=35.34 block_trajectory=0.94
[collector wcpu3] cpu-pass DONE run_id=plantclef__stable_evo__s42 step=1678 blocks_ok=3 t=211.535s (all_passes_complete=False)
[collector wcpu3] --once drained 1 checkpoint(s); exiting.
[cwcpu3] drained 1 checkpoint(s); looping.
[collector wcpu3] --once drained 0 checkpoint(s); exiting.
[collector wcpu3] --once drained 0 checkpoint(s); exiting.
[collector wcpu3] --once drained 0 checkpoint(s); exiting.
[collector wcpu3] --once drained 0 checkpoint(s); exiting.
[collector wcpu3] --once drained 0 checkpoint(s); exiting.
[collector wcpu3] --once drained 0 checkpoint(s); exiting.
[collector wcpu3] --once drained 0 checkpoint(s); exiting.
[collector wcpu3] --once drained 0 checkpoint(s); exiting.
error    libmamba Could not set lock (Resource temporarily unavailable)
warning  libmamba Cannot lock '/home/r.dinnage/.cache/mamba/proc'
    Waiting for other mamba process to finish
[collector wcpu3] --once drained 0 checkpoint(s); exiting.
[collector wcpu3] --once drained 0 checkpoint(s); exiting.
[collector wcpu3] --once drained 0 checkpoint(s); exiting.
error    libmamba Could not set lock (Resource temporarily unavailable)
warning  libmamba Cannot lock '/home/r.dinnage/.cache/mamba/proc'
    Waiting for other mamba process to finish
[collector wcpu3] --once drained 0 checkpoint(s); exiting.
[collector wcpu3] --once drained 0 checkpoint(s); exiting.
[collector wcpu3] --once drained 0 checkpoint(s); exiting.
error    libmamba Could not set lock (Resource temporarily unavailable)
warning  libmamba Cannot lock '/home/r.dinnage/.cache/mamba/proc'
    Waiting for other mamba process to finish
[collector wcpu3] --once drained 0 checkpoint(s); exiting.
[collector wcpu3] --once drained 0 checkpoint(s); exiting.
error    libmamba Could not set lock (Resource temporarily unavailable)
warning  libmamba Cannot lock '/home/r.dinnage/.cache/mamba/proc'
    Waiting for other mamba process to finish
[collector wcpu3] --once drained 0 checkpoint(s); exiting.
[collector wcpu3] --once drained 0 checkpoint(s); exiting.
[collector wcpu3] --once drained 0 checkpoint(s); exiting.
[collector wcpu3] --once drained 0 checkpoint(s); exiting.
[collector wcpu3] --once drained 0 checkpoint(s); exiting.
[collector wcpu3] --once drained 0 checkpoint(s); exiting.
error    libmamba Could not set lock (Resource temporarily unavailable)
warning  libmamba Cannot lock '/home/r.dinnage/.cache/mamba/proc'
    Waiting for other mamba process to finish
[collector wcpu3] --once drained 0 checkpoint(s); exiting.
error    libmamba Could not set lock (Resource temporarily unavailable)
warning  libmamba Cannot lock '/home/r.dinnage/.cache/mamba/proc'
    Waiting for other mamba process to finish
[collector wcpu3] --once drained 0 checkpoint(s); exiting.
error    libmamba Could not set lock (Resource temporarily unavailable)
warning  libmamba Cannot lock '/home/r.dinnage/.cache/mamba/proc'
    Waiting for other mamba process to finish
[collector wcpu3] --once drained 0 checkpoint(s); exiting.
[collector wcpu3] --once drained 0 checkpoint(s); exiting.
[collector wcpu3] --once drained 0 checkpoint(s); exiting.
error    libmamba Could not set lock (Resource temporarily unavailable)
warning  libmamba Cannot lock '/home/r.dinnage/.cache/mamba/proc'
    Waiting for other mamba process to finish
[collector wcpu3] --once drained 0 checkpoint(s); exiting.
[collector wcpu3] --once drained 0 checkpoint(s); exiting.
[collector wcpu3] --once drained 0 checkpoint(s); exiting.
[collector wcpu3] --once drained 0 checkpoint(s); exiting.
[collector wcpu3] --once drained 0 checkpoint(s); exiting.
[collector wcpu3] --once drained 0 checkpoint(s); exiting.
[collector wcpu3] --once drained 0 checkpoint(s); exiting.
[collector wcpu3] --once drained 0 checkpoint(s); exiting.
[collector wcpu3] --once drained 0 checkpoint(s); exiting.
error    libmamba Could not set lock (Resource temporarily unavailable)
warning  libmamba Cannot lock '/home/r.dinnage/.cache/mamba/proc'
    Waiting for other mamba process to finish
[collector wcpu3] no probe/val CSV (probe_csv=None, val_csv=None); forward/backward blocks skipped for run_id=plantclef__stable_evo__s42.
[Extractor] block_set='cpu': CPU-only block set ['block_optim', 'block_weights', 'block_trajectory', 'block_circuits'] needs no model forward — skipping probe/Hessian build (no CSV/dataloaders, lower host RAM).
[extract] step=1786 SKIP heavy block block_circuits (ordinal=357 basis=step_fallback heavy_every=8)
[extract] step=1786 heavy=FALSE total=221.38s | block_optim=172.35 block_weights=35.30 block_trajectory=0.96
[collector wcpu3] cpu-pass DONE run_id=plantclef__stable_evo__s42 step=1786 blocks_ok=3 t=221.378s (all_passes_complete=False)
[collector wcpu3] --once drained 1 checkpoint(s); exiting.
[cwcpu3] drained 1 checkpoint(s); looping.
[collector wcpu3] --once drained 0 checkpoint(s); exiting.
[collector wcpu3] --once drained 0 checkpoint(s); exiting.
[collector wcpu3] --once drained 0 checkpoint(s); exiting.
[collector wcpu3] --once drained 0 checkpoint(s); exiting.
error    libmamba Could not set lock (Resource temporarily unavailable)
warning  libmamba Cannot lock '/home/r.dinnage/.cache/mamba/proc'
    Waiting for other mamba process to finish
[collector wcpu3] --once drained 0 checkpoint(s); exiting.
[collector wcpu3] --once drained 0 checkpoint(s); exiting.
error    libmamba Could not set lock (Resource temporarily unavailable)
warning  libmamba Cannot lock '/home/r.dinnage/.cache/mamba/proc'
    Waiting for other mamba process to finish
error    libmamba Could not set lock (Resource temporarily unavailable)
warning  libmamba Cannot lock '/home/r.dinnage/.cache/mamba/proc'
    Waiting for other mamba process to finish
[collector wcpu3] --once drained 0 checkpoint(s); exiting.
error    libmamba Could not set lock (Resource temporarily unavailable)
warning  libmamba Cannot lock '/home/r.dinnage/.cache/mamba/proc'
    Waiting for other mamba process to finish
[collector wcpu3] --once drained 0 checkpoint(s); exiting.
error    libmamba Could not set lock (Resource temporarily unavailable)
warning  libmamba Cannot lock '/home/r.dinnage/.cache/mamba/proc'
    Waiting for other mamba process to finish
[collector wcpu3] --once drained 0 checkpoint(s); exiting.
error    libmamba Could not set lock (Resource temporarily unavailable)
warning  libmamba Cannot lock '/home/r.dinnage/.cache/mamba/proc'
    Waiting for other mamba process to finish
[collector wcpu3] --once drained 0 checkpoint(s); exiting.
[collector wcpu3] --once drained 0 checkpoint(s); exiting.
error    libmamba Could not set lock (Resource temporarily unavailable)
warning  libmamba Cannot lock '/home/r.dinnage/.cache/mamba/proc'
    Waiting for other mamba process to finish
[collector wcpu3] --once drained 0 checkpoint(s); exiting.
[collector wcpu3] --once drained 0 checkpoint(s); exiting.
error    libmamba Could not set lock (Resource temporarily unavailable)
warning  libmamba Cannot lock '/home/r.dinnage/.cache/mamba/proc'
    Waiting for other mamba process to finish
[collector wcpu3] --once drained 0 checkpoint(s); exiting.
error    libmamba Could not set lock (Resource temporarily unavailable)
warning  libmamba Cannot lock '/home/r.dinnage/.cache/mamba/proc'
    Waiting for other mamba process to finish
[collector wcpu3] --once drained 0 checkpoint(s); exiting.
error    libmamba Could not set lock (Resource temporarily unavailable)
warning  libmamba Cannot lock '/home/r.dinnage/.cache/mamba/proc'
    Waiting for other mamba process to finish
[collector wcpu3] --once drained 0 checkpoint(s); exiting.
[collector wcpu3] --once drained 0 checkpoint(s); exiting.
error    libmamba Could not set lock (Resource temporarily unavailable)
warning  libmamba Cannot lock '/home/r.dinnage/.cache/mamba/proc'
    Waiting for other mamba process to finish
[collector wcpu3] --once drained 0 checkpoint(s); exiting.
[collector wcpu3] --once drained 0 checkpoint(s); exiting.
[collector wcpu3] --once drained 0 checkpoint(s); exiting.
[collector wcpu3] --once drained 0 checkpoint(s); exiting.
error    libmamba Could not set lock (Resource temporarily unavailable)
warning  libmamba Cannot lock '/home/r.dinnage/.cache/mamba/proc'
    Waiting for other mamba process to finish
[collector wcpu3] --once drained 0 checkpoint(s); exiting.
[collector wcpu3] --once drained 0 checkpoint(s); exiting.
[collector wcpu3] --once drained 0 checkpoint(s); exiting.
error    libmamba Could not set lock (Resource temporarily unavailable)
warning  libmamba Cannot lock '/home/r.dinnage/.cache/mamba/proc'
    Waiting for other mamba process to finish
[collector wcpu3] --once drained 0 checkpoint(s); exiting.
[collector wcpu3] --once drained 0 checkpoint(s); exiting.
[collector wcpu3] --once drained 0 checkpoint(s); exiting.
[collector wcpu3] --once drained 0 checkpoint(s); exiting.
[collector wcpu3] --once drained 0 checkpoint(s); exiting.
[collector wcpu3] --once drained 0 checkpoint(s); exiting.
[collector wcpu3] --once drained 0 checkpoint(s); exiting.
error    libmamba Could not set lock (Resource temporarily unavailable)
warning  libmamba Cannot lock '/home/r.dinnage/.cache/mamba/proc'
    Waiting for other mamba process to finish
[collector wcpu3] --once drained 0 checkpoint(s); exiting.
[collector wcpu3] --once drained 0 checkpoint(s); exiting.
[collector wcpu3] --once drained 0 checkpoint(s); exiting.
[collector wcpu3] --once drained 0 checkpoint(s); exiting.
[collector wcpu3] --once drained 0 checkpoint(s); exiting.
[collector wcpu3] --once drained 0 checkpoint(s); exiting.
[collector wcpu3] --once drained 0 checkpoint(s); exiting.
[collector wcpu3] --once drained 0 checkpoint(s); exiting.
[collector wcpu3] --once drained 0 checkpoint(s); exiting.
error    libmamba Could not set lock (Resource temporarily unavailable)
warning  libmamba Cannot lock '/home/r.dinnage/.cache/mamba/proc'
    Waiting for other mamba process to finish
[collector wcpu3] --once drained 0 checkpoint(s); exiting.
[collector wcpu3] --once drained 0 checkpoint(s); exiting.
[collector wcpu3] --once drained 0 checkpoint(s); exiting.
[collector wcpu3] --once drained 0 checkpoint(s); exiting.
[collector wcpu3] --once drained 0 checkpoint(s); exiting.
error    libmamba Could not set lock (Resource temporarily unavailable)
warning  libmamba Cannot lock '/home/r.dinnage/.cache/mamba/proc'
    Waiting for other mamba process to finish
[collector wcpu3] --once drained 0 checkpoint(s); exiting.
[collector wcpu3] --once drained 0 checkpoint(s); exiting.
[collector wcpu3] --once drained 0 checkpoint(s); exiting.
[collector wcpu3] --once drained 0 checkpoint(s); exiting.
[collector wcpu3] --once drained 0 checkpoint(s); exiting.
[collector wcpu3] --once drained 0 checkpoint(s); exiting.
[collector wcpu3] --once drained 0 checkpoint(s); exiting.
[collector wcpu3] --once drained 0 checkpoint(s); exiting.
[collector wcpu3] --once drained 0 checkpoint(s); exiting.
[collector wcpu3] --once drained 0 checkpoint(s); exiting.
[collector wcpu3] --once drained 0 checkpoint(s); exiting.
[collector wcpu3] --once drained 0 checkpoint(s); exiting.
[collector wcpu3] --once drained 0 checkpoint(s); exiting.
[collector wcpu3] --once drained 0 checkpoint(s); exiting.
[collector wcpu3] --once drained 0 checkpoint(s); exiting.
[collector wcpu3] --once drained 0 checkpoint(s); exiting.
[collector wcpu3] --once drained 0 checkpoint(s); exiting.
[collector wcpu3] --once drained 0 checkpoint(s); exiting.
[collector wcpu3] --once drained 0 checkpoint(s); exiting.
[collector wcpu3] --once drained 0 checkpoint(s); exiting.
[collector wcpu3] --once drained 0 checkpoint(s); exiting.
[collector wcpu3] --once drained 0 checkpoint(s); exiting.
[collector wcpu3] --once drained 0 checkpoint(s); exiting.
[collector wcpu3] --once drained 0 checkpoint(s); exiting.
[collector wcpu3] --once drained 0 checkpoint(s); exiting.
[collector wcpu3] --once drained 0 checkpoint(s); exiting.
[collector wcpu3] --once drained 0 checkpoint(s); exiting.
[collector wcpu3] --once drained 0 checkpoint(s); exiting.
[collector wcpu3] --once drained 0 checkpoint(s); exiting.
[collector wcpu3] --once drained 0 checkpoint(s); exiting.
[collector wcpu3] --once drained 0 checkpoint(s); exiting.
[collector wcpu3] --once drained 0 checkpoint(s); exiting.
error    libmamba Could not set lock (Resource temporarily unavailable)
warning  libmamba Cannot lock '/home/r.dinnage/.cache/mamba/proc'
    Waiting for other mamba process to finish
[collector wcpu3] --once drained 0 checkpoint(s); exiting.
error    libmamba Could not set lock (Resource temporarily unavailable)
warning  libmamba Cannot lock '/home/r.dinnage/.cache/mamba/proc'
    Waiting for other mamba process to finish
[collector wcpu3] --once drained 0 checkpoint(s); exiting.
error    libmamba Could not set lock (Resource temporarily unavailable)
warning  libmamba Cannot lock '/home/r.dinnage/.cache/mamba/proc'
    Waiting for other mamba process to finish
[collector wcpu3] --once drained 0 checkpoint(s); exiting.
error    libmamba Could not set lock (Resource temporarily unavailable)
warning  libmamba Cannot lock '/home/r.dinnage/.cache/mamba/proc'
    Waiting for other mamba process to finish
[collector wcpu3] --once drained 0 checkpoint(s); exiting.
error    libmamba Could not set lock (Resource temporarily unavailable)
warning  libmamba Cannot lock '/home/r.dinnage/.cache/mamba/proc'
    Waiting for other mamba process to finish
[collector wcpu3] --once drained 0 checkpoint(s); exiting.
[collector wcpu3] --once drained 0 checkpoint(s); exiting.
error    libmamba Could not set lock (Resource temporarily unavailable)
warning  libmamba Cannot lock '/home/r.dinnage/.cache/mamba/proc'
    Waiting for other mamba process to finish
[collector wcpu3] --once drained 0 checkpoint(s); exiting.
[collector wcpu3] --once drained 0 checkpoint(s); exiting.
error    libmamba Could not set lock (Resource temporarily unavailable)
warning  libmamba Cannot lock '/home/r.dinnage/.cache/mamba/proc'
    Waiting for other mamba process to finish
[collector wcpu3] --once drained 0 checkpoint(s); exiting.
error    libmamba Could not set lock (Resource temporarily unavailable)
warning  libmamba Cannot lock '/home/r.dinnage/.cache/mamba/proc'
    Waiting for other mamba process to finish
error    libmamba Could not set lock (Resource temporarily unavailable)
warning  libmamba Cannot lock '/home/r.dinnage/.cache/mamba/proc'
    Waiting for other mamba process to finish
[collector wcpu3] --once drained 0 checkpoint(s); exiting.
error    libmamba Could not set lock (Resource temporarily unavailable)
warning  libmamba Cannot lock '/home/r.dinnage/.cache/mamba/proc'
    Waiting for other mamba process to finish
[collector wcpu3] --once drained 0 checkpoint(s); exiting.
[collector wcpu3] --once drained 0 checkpoint(s); exiting.
[collector wcpu3] --once drained 0 checkpoint(s); exiting.
[collector wcpu3] --once drained 0 checkpoint(s); exiting.
error    libmamba Could not set lock (Resource temporarily unavailable)
warning  libmamba Cannot lock '/home/r.dinnage/.cache/mamba/proc'
    Waiting for other mamba process to finish
[collector wcpu3] --once drained 0 checkpoint(s); exiting.
[collector wcpu3] --once drained 0 checkpoint(s); exiting.
[collector wcpu3] --once drained 0 checkpoint(s); exiting.
[collector wcpu3] --once drained 0 checkpoint(s); exiting.
[collector wcpu3] --once drained 0 checkpoint(s); exiting.
[collector wcpu3] no probe/val CSV (probe_csv=None, val_csv=None); forward/backward blocks skipped for run_id=plantclef__stable_evo__s42.
[Extractor] block_set='cpu': CPU-only block set ['block_optim', 'block_weights', 'block_trajectory', 'block_circuits'] needs no model forward — skipping probe/Hessian build (no CSV/dataloaders, lower host RAM).
[extract] step=2076 SKIP heavy block block_circuits (ordinal=415 basis=step_fallback heavy_every=8)
[extract] step=2076 heavy=FALSE total=208.68s | block_optim=154.99 block_weights=39.63 block_trajectory=1.14
[collector wcpu3] cpu-pass DONE run_id=plantclef__stable_evo__s42 step=2076 blocks_ok=3 t=208.676s (all_passes_complete=False)
[collector wcpu3] --once drained 1 checkpoint(s); exiting.
[cwcpu3] drained 1 checkpoint(s); looping.
[collector wcpu3] --once drained 0 checkpoint(s); exiting.
[collector wcpu3] --once drained 0 checkpoint(s); exiting.
[collector wcpu3] --once drained 0 checkpoint(s); exiting.
[collector wcpu3] --once drained 0 checkpoint(s); exiting.
[collector wcpu3] --once drained 0 checkpoint(s); exiting.
[collector wcpu3] --once drained 0 checkpoint(s); exiting.
[collector wcpu3] --once drained 0 checkpoint(s); exiting.
[collector wcpu3] --once drained 0 checkpoint(s); exiting.
[collector wcpu3] --once drained 0 checkpoint(s); exiting.
[collector wcpu3] --once drained 0 checkpoint(s); exiting.
[collector wcpu3] --once drained 0 checkpoint(s); exiting.
[collector wcpu3] --once drained 0 checkpoint(s); exiting.
[collector wcpu3] --once drained 0 checkpoint(s); exiting.
[collector wcpu3] --once drained 0 checkpoint(s); exiting.
error    libmamba Could not set lock (Resource temporarily unavailable)
warning  libmamba Cannot lock '/home/r.dinnage/.cache/mamba/proc'
    Waiting for other mamba process to finish
[collector wcpu3] --once drained 0 checkpoint(s); exiting.
[collector wcpu3] --once drained 0 checkpoint(s); exiting.
[collector wcpu3] --once drained 0 checkpoint(s); exiting.
[collector wcpu3] --once drained 0 checkpoint(s); exiting.
[collector wcpu3] --once drained 0 checkpoint(s); exiting.
[collector wcpu3] --once drained 0 checkpoint(s); exiting.
error    libmamba Could not set lock (Resource temporarily unavailable)
warning  libmamba Cannot lock '/home/r.dinnage/.cache/mamba/proc'
    Waiting for other mamba process to finish
[collector wcpu3] --once drained 0 checkpoint(s); exiting.
[collector wcpu3] --once drained 0 checkpoint(s); exiting.
[collector wcpu3] --once drained 0 checkpoint(s); exiting.
error    libmamba Could not set lock (Resource temporarily unavailable)
warning  libmamba Cannot lock '/home/r.dinnage/.cache/mamba/proc'
    Waiting for other mamba process to finish
[collector wcpu3] --once drained 0 checkpoint(s); exiting.
[collector wcpu3] --once drained 0 checkpoint(s); exiting.
[collector wcpu3] --once drained 0 checkpoint(s); exiting.
[collector wcpu3] --once drained 0 checkpoint(s); exiting.
[collector wcpu3] --once drained 0 checkpoint(s); exiting.
error    libmamba Could not set lock (Resource temporarily unavailable)
warning  libmamba Cannot lock '/home/r.dinnage/.cache/mamba/proc'
    Waiting for other mamba process to finish
[collector wcpu3] --once drained 0 checkpoint(s); exiting.
[collector wcpu3] --once drained 0 checkpoint(s); exiting.
[collector wcpu3] --once drained 0 checkpoint(s); exiting.
[collector wcpu3] --once drained 0 checkpoint(s); exiting.
[collector wcpu3] --once drained 0 checkpoint(s); exiting.
[collector wcpu3] --once drained 0 checkpoint(s); exiting.
error    libmamba Could not set lock (Resource temporarily unavailable)
warning  libmamba Cannot lock '/home/r.dinnage/.cache/mamba/proc'
    Waiting for other mamba process to finish
[collector wcpu3] --once drained 0 checkpoint(s); exiting.
error    libmamba Could not set lock (Resource temporarily unavailable)
warning  libmamba Cannot lock '/home/r.dinnage/.cache/mamba/proc'
    Waiting for other mamba process to finish
[collector wcpu3] --once drained 0 checkpoint(s); exiting.
[collector wcpu3] --once drained 0 checkpoint(s); exiting.
[collector wcpu3] --once drained 0 checkpoint(s); exiting.
[collector wcpu3] --once drained 0 checkpoint(s); exiting.
error    libmamba Could not set lock (Resource temporarily unavailable)
warning  libmamba Cannot lock '/home/r.dinnage/.cache/mamba/proc'
    Waiting for other mamba process to finish
[collector wcpu3] --once drained 0 checkpoint(s); exiting.
[collector wcpu3] --once drained 0 checkpoint(s); exiting.
[collector wcpu3] --once drained 0 checkpoint(s); exiting.
[collector wcpu3] --once drained 0 checkpoint(s); exiting.
error    libmamba Could not set lock (Resource temporarily unavailable)
warning  libmamba Cannot lock '/home/r.dinnage/.cache/mamba/proc'
    Waiting for other mamba process to finish
[collector wcpu3] --once drained 0 checkpoint(s); exiting.
[collector wcpu3] --once drained 0 checkpoint(s); exiting.
[collector wcpu3] --once drained 0 checkpoint(s); exiting.
[collector wcpu3] no probe/val CSV (probe_csv=None, val_csv=None); forward/backward blocks skipped for run_id=plantclef__stable_evo__s42.
[Extractor] block_set='cpu': CPU-only block set ['block_optim', 'block_weights', 'block_trajectory', 'block_circuits'] needs no model forward — skipping probe/Hessian build (no CSV/dataloaders, lower host RAM).
[extract] step=2196 SKIP heavy block block_circuits (ordinal=439 basis=step_fallback heavy_every=8)
[extract] step=2196 heavy=FALSE total=209.42s | block_optim=161.23 block_weights=34.39 block_trajectory=1.07
[collector wcpu3] cpu-pass DONE run_id=plantclef__stable_evo__s42 step=2196 blocks_ok=3 t=209.417s (all_passes_complete=False)
[collector wcpu3] --once drained 1 checkpoint(s); exiting.
error    libmamba Could not set lock (Resource temporarily unavailable)
warning  libmamba Cannot lock '/home/r.dinnage/.cache/mamba/proc'
    Waiting for other mamba process to finish
[cwcpu3] drained 1 checkpoint(s); looping.
[collector wcpu3] --once drained 0 checkpoint(s); exiting.
[collector wcpu3] --once drained 0 checkpoint(s); exiting.
[collector wcpu3] --once drained 0 checkpoint(s); exiting.
[collector wcpu3] --once drained 0 checkpoint(s); exiting.
[collector wcpu3] no probe/val CSV (probe_csv=None, val_csv=None); forward/backward blocks skipped for run_id=plantclef__stable_evo__s42.
[Extractor] block_set='cpu': CPU-only block set ['block_optim', 'block_weights', 'block_trajectory', 'block_circuits'] needs no model forward — skipping probe/Hessian build (no CSV/dataloaders, lower host RAM).
[extract] step=2220 SKIP heavy block block_circuits (ordinal=444 basis=step_fallback heavy_every=8)
[extract] step=2220 heavy=FALSE total=220.93s | block_optim=168.12 block_weights=39.99 block_trajectory=1.12
[collector wcpu3] cpu-pass DONE run_id=plantclef__stable_evo__s42 step=2220 blocks_ok=3 t=220.93s (all_passes_complete=False)
[collector wcpu3] --once drained 1 checkpoint(s); exiting.
[cwcpu3] drained 1 checkpoint(s); looping.
[collector wcpu3] --once drained 0 checkpoint(s); exiting.
[collector wcpu3] --once drained 0 checkpoint(s); exiting.
[collector wcpu3] --once drained 0 checkpoint(s); exiting.
[collector wcpu3] --once drained 0 checkpoint(s); exiting.
error    libmamba Could not set lock (Resource temporarily unavailable)
warning  libmamba Cannot lock '/home/r.dinnage/.cache/mamba/proc'
    Waiting for other mamba process to finish
[collector wcpu3] --once drained 0 checkpoint(s); exiting.
error    libmamba Could not set lock (Resource temporarily unavailable)
warning  libmamba Cannot lock '/home/r.dinnage/.cache/mamba/proc'
    Waiting for other mamba process to finish
[collector wcpu3] --once drained 0 checkpoint(s); exiting.
[collector wcpu3] --once drained 0 checkpoint(s); exiting.
[collector wcpu3] --once drained 0 checkpoint(s); exiting.
[collector wcpu3] --once drained 0 checkpoint(s); exiting.
[collector wcpu3] --once drained 0 checkpoint(s); exiting.
[collector wcpu3] --once drained 0 checkpoint(s); exiting.
[collector wcpu3] --once drained 0 checkpoint(s); exiting.
[collector wcpu3] --once drained 0 checkpoint(s); exiting.
[collector wcpu3] --once drained 0 checkpoint(s); exiting.
[collector wcpu3] --once drained 0 checkpoint(s); exiting.
error    libmamba Could not set lock (Resource temporarily unavailable)
warning  libmamba Cannot lock '/home/r.dinnage/.cache/mamba/proc'
    Waiting for other mamba process to finish
[collector wcpu3] --once drained 0 checkpoint(s); exiting.
[collector wcpu3] --once drained 0 checkpoint(s); exiting.
[collector wcpu3] --once drained 0 checkpoint(s); exiting.
[collector wcpu3] --once drained 0 checkpoint(s); exiting.
[collector wcpu3] --once drained 0 checkpoint(s); exiting.
error    libmamba Could not set lock (Resource temporarily unavailable)
warning  libmamba Cannot lock '/home/r.dinnage/.cache/mamba/proc'
    Waiting for other mamba process to finish
[collector wcpu3] --once drained 0 checkpoint(s); exiting.
error    libmamba Could not set lock (Resource temporarily unavailable)
warning  libmamba Cannot lock '/home/r.dinnage/.cache/mamba/proc'
    Waiting for other mamba process to finish
[collector wcpu3] --once drained 0 checkpoint(s); exiting.
[collector wcpu3] --once drained 0 checkpoint(s); exiting.
[collector wcpu3] no probe/val CSV (probe_csv=None, val_csv=None); forward/backward blocks skipped for run_id=plantclef__stable_evo__s42.
[Extractor] block_set='cpu': CPU-only block set ['block_optim', 'block_weights', 'block_trajectory', 'block_circuits'] needs no model forward — skipping probe/Hessian build (no CSV/dataloaders, lower host RAM).
[extract] step=2294 SKIP heavy block block_circuits (ordinal=458 basis=step_fallback heavy_every=8)
[extract] step=2294 heavy=FALSE total=197.40s | block_optim=142.50 block_weights=41.83 block_trajectory=1.00
[collector wcpu3] cpu-pass DONE run_id=plantclef__stable_evo__s42 step=2294 blocks_ok=3 t=197.403s (all_passes_complete=False)
[collector wcpu3] --once drained 1 checkpoint(s); exiting.
[cwcpu3] drained 1 checkpoint(s); looping.
[collector wcpu3] --once drained 0 checkpoint(s); exiting.
[collector wcpu3] --once drained 0 checkpoint(s); exiting.
error    libmamba Could not set lock (Resource temporarily unavailable)
warning  libmamba Cannot lock '/home/r.dinnage/.cache/mamba/proc'
    Waiting for other mamba process to finish
[collector wcpu3] --once drained 0 checkpoint(s); exiting.
[collector wcpu3] --once drained 0 checkpoint(s); exiting.
[collector wcpu3] no probe/val CSV (probe_csv=None, val_csv=None); forward/backward blocks skipped for run_id=plantclef__stable_evo__s42.
[Extractor] block_set='cpu': CPU-only block set ['block_optim', 'block_weights', 'block_trajectory', 'block_circuits'] needs no model forward — skipping probe/Hessian build (no CSV/dataloaders, lower host RAM).
[extract] step=2318 SKIP heavy block block_circuits (ordinal=463 basis=step_fallback heavy_every=8)
[extract] step=2318 heavy=FALSE total=199.11s | block_optim=149.53 block_weights=36.72 block_trajectory=0.96
[collector wcpu3] cpu-pass DONE run_id=plantclef__stable_evo__s42 step=2318 blocks_ok=3 t=199.107s (all_passes_complete=False)
[collector wcpu3] --once drained 1 checkpoint(s); exiting.
[cwcpu3] drained 1 checkpoint(s); looping.
[collector wcpu3] --once drained 0 checkpoint(s); exiting.
[collector wcpu3] --once drained 0 checkpoint(s); exiting.
[collector wcpu3] --once drained 0 checkpoint(s); exiting.
[collector wcpu3] --once drained 0 checkpoint(s); exiting.
error    libmamba Could not set lock (Resource temporarily unavailable)
warning  libmamba Cannot lock '/home/r.dinnage/.cache/mamba/proc'
    Waiting for other mamba process to finish
[collector wcpu3] --once drained 0 checkpoint(s); exiting.
[collector wcpu3] --once drained 0 checkpoint(s); exiting.
[collector wcpu3] --once drained 0 checkpoint(s); exiting.
[collector wcpu3] --once drained 0 checkpoint(s); exiting.
error    libmamba Could not set lock (Resource temporarily unavailable)
warning  libmamba Cannot lock '/home/r.dinnage/.cache/mamba/proc'
    Waiting for other mamba process to finish
[collector wcpu3] --once drained 0 checkpoint(s); exiting.
[collector wcpu3] --once drained 0 checkpoint(s); exiting.
[collector wcpu3] --once drained 0 checkpoint(s); exiting.
[collector wcpu3] --once drained 0 checkpoint(s); exiting.
[collector wcpu3] --once drained 0 checkpoint(s); exiting.
[collector wcpu3] --once drained 0 checkpoint(s); exiting.
[collector wcpu3] --once drained 0 checkpoint(s); exiting.
error    libmamba Could not set lock (Resource temporarily unavailable)
warning  libmamba Cannot lock '/home/r.dinnage/.cache/mamba/proc'
    Waiting for other mamba process to finish
[collector wcpu3] --once drained 0 checkpoint(s); exiting.
[collector wcpu3] --once drained 0 checkpoint(s); exiting.
[collector wcpu3] --once drained 0 checkpoint(s); exiting.
error    libmamba Could not set lock (Resource temporarily unavailable)
warning  libmamba Cannot lock '/home/r.dinnage/.cache/mamba/proc'
    Waiting for other mamba process to finish
[collector wcpu3] --once drained 0 checkpoint(s); exiting.
[collector wcpu3] --once drained 0 checkpoint(s); exiting.
[collector wcpu3] --once drained 0 checkpoint(s); exiting.
[collector wcpu3] --once drained 0 checkpoint(s); exiting.
[collector wcpu3] --once drained 0 checkpoint(s); exiting.
[collector wcpu3] --once drained 0 checkpoint(s); exiting.
error    libmamba Could not set lock (Resource temporarily unavailable)
warning  libmamba Cannot lock '/home/r.dinnage/.cache/mamba/proc'
    Waiting for other mamba process to finish
[collector wcpu3] --once drained 0 checkpoint(s); exiting.
error    libmamba Could not set lock (Resource temporarily unavailable)
warning  libmamba Cannot lock '/home/r.dinnage/.cache/mamba/proc'
    Waiting for other mamba process to finish
[collector wcpu3] --once drained 0 checkpoint(s); exiting.
[collector wcpu3] --once drained 0 checkpoint(s); exiting.
[collector wcpu3] --once drained 0 checkpoint(s); exiting.
[collector wcpu3] --once drained 0 checkpoint(s); exiting.
[collector wcpu3] --once drained 0 checkpoint(s); exiting.
[collector wcpu3] --once drained 0 checkpoint(s); exiting.
[collector wcpu3] --once drained 0 checkpoint(s); exiting.
[collector wcpu3] --once drained 0 checkpoint(s); exiting.
[collector wcpu3] --once drained 0 checkpoint(s); exiting.
[collector wcpu3] --once drained 0 checkpoint(s); exiting.
[collector wcpu3] --once drained 0 checkpoint(s); exiting.
[collector wcpu3] --once drained 0 checkpoint(s); exiting.
[collector wcpu3] --once drained 0 checkpoint(s); exiting.
[collector wcpu3] --once drained 0 checkpoint(s); exiting.
[collector wcpu3] --once drained 0 checkpoint(s); exiting.
[collector wcpu3] no probe/val CSV (probe_csv=None, val_csv=None); forward/backward blocks skipped for run_id=plantclef__stable_evo__s42.
[Extractor] block_set='cpu': CPU-only block set ['block_optim', 'block_weights', 'block_trajectory', 'block_circuits'] needs no model forward — skipping probe/Hessian build (no CSV/dataloaders, lower host RAM).
[extract] step=2426 SKIP heavy block block_circuits (ordinal=485 basis=step_fallback heavy_every=8)
[extract] step=2426 heavy=FALSE total=219.15s | block_optim=169.79 block_weights=34.77 block_trajectory=0.80
[collector wcpu3] cpu-pass DONE run_id=plantclef__stable_evo__s42 step=2426 blocks_ok=3 t=219.151s (all_passes_complete=False)
[collector wcpu3] --once drained 1 checkpoint(s); exiting.
[cwcpu3] drained 1 checkpoint(s); looping.
[collector wcpu3] --once drained 0 checkpoint(s); exiting.
[collector wcpu3] no probe/val CSV (probe_csv=None, val_csv=None); forward/backward blocks skipped for run_id=plantclef__stable_evo__s42.
[Extractor] block_set='cpu': CPU-only block set ['block_optim', 'block_weights', 'block_trajectory', 'block_circuits'] needs no model forward — skipping probe/Hessian build (no CSV/dataloaders, lower host RAM).
[extract] step=2450 SKIP heavy block block_circuits (ordinal=490 basis=step_fallback heavy_every=8)
[extract] step=2450 heavy=FALSE total=231.60s | block_optim=175.69 block_weights=41.53 block_trajectory=1.23
[collector wcpu3] cpu-pass DONE run_id=plantclef__stable_evo__s42 step=2450 blocks_ok=3 t=231.598s (all_passes_complete=False)
[collector wcpu3] --once drained 1 checkpoint(s); exiting.
[cwcpu3] drained 1 checkpoint(s); looping.
[collector wcpu3] --once drained 0 checkpoint(s); exiting.
[collector wcpu3] --once drained 0 checkpoint(s); exiting.
[collector wcpu3] --once drained 0 checkpoint(s); exiting.
[collector wcpu3] --once drained 0 checkpoint(s); exiting.
[collector wcpu3] --once drained 0 checkpoint(s); exiting.
[collector wcpu3] --once drained 0 checkpoint(s); exiting.
[collector wcpu3] --once drained 0 checkpoint(s); exiting.
[collector wcpu3] --once drained 0 checkpoint(s); exiting.
[collector wcpu3] --once drained 0 checkpoint(s); exiting.
error    libmamba Could not set lock (Resource temporarily unavailable)
warning  libmamba Cannot lock '/home/r.dinnage/.cache/mamba/proc'
    Waiting for other mamba process to finish
[collector wcpu3] --once drained 0 checkpoint(s); exiting.
error    libmamba Could not set lock (Resource temporarily unavailable)
warning  libmamba Cannot lock '/home/r.dinnage/.cache/mamba/proc'
    Waiting for other mamba process to finish
[collector wcpu3] --once drained 0 checkpoint(s); exiting.
[collector wcpu3] --once drained 0 checkpoint(s); exiting.
[collector wcpu3] --once drained 0 checkpoint(s); exiting.
[collector wcpu3] --once drained 0 checkpoint(s); exiting.
[collector wcpu3] --once drained 0 checkpoint(s); exiting.
[collector wcpu3] --once drained 0 checkpoint(s); exiting.
[collector wcpu3] --once drained 0 checkpoint(s); exiting.
[collector wcpu3] --once drained 0 checkpoint(s); exiting.
[collector wcpu3] --once drained 0 checkpoint(s); exiting.
error    libmamba Could not set lock (Resource temporarily unavailable)
warning  libmamba Cannot lock '/home/r.dinnage/.cache/mamba/proc'
    Waiting for other mamba process to finish
[collector wcpu3] --once drained 0 checkpoint(s); exiting.
error    libmamba Could not set lock (Resource temporarily unavailable)
warning  libmamba Cannot lock '/home/r.dinnage/.cache/mamba/proc'
    Waiting for other mamba process to finish
[collector wcpu3] --once drained 0 checkpoint(s); exiting.
[collector wcpu3] --once drained 0 checkpoint(s); exiting.
[collector wcpu3] --once drained 0 checkpoint(s); exiting.
[collector wcpu3] --once drained 0 checkpoint(s); exiting.
[collector wcpu3] no probe/val CSV (probe_csv=None, val_csv=None); forward/backward blocks skipped for run_id=plantclef__stable_evo__s42.
[Extractor] block_set='cpu': CPU-only block set ['block_optim', 'block_weights', 'block_trajectory', 'block_circuits'] needs no model forward — skipping probe/Hessian build (no CSV/dataloaders, lower host RAM).
[extract] step=2524 heavy=TRUE total=215.01s | block_optim=158.17 block_weights=36.54 block_trajectory=1.01 block_circuits=6.15
[collector wcpu3] cpu-pass DONE run_id=plantclef__stable_evo__s42 step=2524 blocks_ok=4 t=215.011s (all_passes_complete=False)
[collector wcpu3] --once drained 1 checkpoint(s); exiting.
[cwcpu3] drained 1 checkpoint(s); looping.
[collector wcpu3] --once drained 0 checkpoint(s); exiting.
[collector wcpu3] --once drained 0 checkpoint(s); exiting.
[collector wcpu3] --once drained 0 checkpoint(s); exiting.
[collector wcpu3] --once drained 0 checkpoint(s); exiting.
[collector wcpu3] --once drained 0 checkpoint(s); exiting.
[collector wcpu3] --once drained 0 checkpoint(s); exiting.
[collector wcpu3] no probe/val CSV (probe_csv=None, val_csv=None); forward/backward blocks skipped for run_id=plantclef__stable_evo__s42.
[Extractor] block_set='cpu': CPU-only block set ['block_optim', 'block_weights', 'block_trajectory', 'block_circuits'] needs no model forward — skipping probe/Hessian build (no CSV/dataloaders, lower host RAM).
[extract] step=2560 heavy=TRUE total=238.72s | block_optim=178.51 block_weights=40.85 block_trajectory=1.37 block_circuits=5.56
[collector wcpu3] cpu-pass DONE run_id=plantclef__stable_evo__s42 step=2560 blocks_ok=4 t=238.717s (all_passes_complete=False)
[collector wcpu3] --once drained 1 checkpoint(s); exiting.
[cwcpu3] drained 1 checkpoint(s); looping.
[collector wcpu3] --once drained 0 checkpoint(s); exiting.
[collector wcpu3] --once drained 0 checkpoint(s); exiting.
[collector wcpu3] --once drained 0 checkpoint(s); exiting.
[collector wcpu3] --once drained 0 checkpoint(s); exiting.
[collector wcpu3] --once drained 0 checkpoint(s); exiting.
[collector wcpu3] no probe/val CSV (probe_csv=None, val_csv=None); forward/backward blocks skipped for run_id=plantclef__stable_evo__s42.
[Extractor] block_set='cpu': CPU-only block set ['block_optim', 'block_weights', 'block_trajectory', 'block_circuits'] needs no model forward — skipping probe/Hessian build (no CSV/dataloaders, lower host RAM).
[extract] step=2596 SKIP heavy block block_circuits (ordinal=519 basis=step_fallback heavy_every=8)
[extract] step=2596 heavy=FALSE total=221.24s | block_optim=167.79 block_weights=39.80 block_trajectory=0.80
[collector wcpu3] cpu-pass DONE run_id=plantclef__stable_evo__s42 step=2596 blocks_ok=3 t=221.243s (all_passes_complete=False)
[collector wcpu3] --once drained 1 checkpoint(s); exiting.
[cwcpu3] drained 1 checkpoint(s); looping.
[collector wcpu3] --once drained 0 checkpoint(s); exiting.
[collector wcpu3] --once drained 0 checkpoint(s); exiting.
[collector wcpu3] --once drained 0 checkpoint(s); exiting.
[collector wcpu3] --once drained 0 checkpoint(s); exiting.
error    libmamba Could not set lock (Resource temporarily unavailable)
warning  libmamba Cannot lock '/home/r.dinnage/.cache/mamba/proc'
    Waiting for other mamba process to finish
[collector wcpu3] --once drained 0 checkpoint(s); exiting.
[collector wcpu3] --once drained 0 checkpoint(s); exiting.
[collector wcpu3] --once drained 0 checkpoint(s); exiting.
[collector wcpu3] --once drained 0 checkpoint(s); exiting.
[collector wcpu3] no probe/val CSV (probe_csv=None, val_csv=None); forward/backward blocks skipped for run_id=plantclef__stable_evo__s42.
[Extractor] block_set='cpu': CPU-only block set ['block_optim', 'block_weights', 'block_trajectory', 'block_circuits'] needs no model forward — skipping probe/Hessian build (no CSV/dataloaders, lower host RAM).
[extract] step=2632 SKIP heavy block block_circuits (ordinal=526 basis=step_fallback heavy_every=8)
[extract] step=2632 heavy=FALSE total=223.08s | block_optim=170.93 block_weights=37.34 block_trajectory=1.15
[collector wcpu3] cpu-pass DONE run_id=plantclef__stable_evo__s42 step=2632 blocks_ok=3 t=223.084s (all_passes_complete=False)
[collector wcpu3] --once drained 1 checkpoint(s); exiting.
[cwcpu3] drained 1 checkpoint(s); looping.
[collector wcpu3] --once drained 0 checkpoint(s); exiting.
[collector wcpu3] --once drained 0 checkpoint(s); exiting.
[collector wcpu3] --once drained 0 checkpoint(s); exiting.
[collector wcpu3] --once drained 0 checkpoint(s); exiting.
[collector wcpu3] --once drained 0 checkpoint(s); exiting.
[collector wcpu3] --once drained 0 checkpoint(s); exiting.
error    libmamba Could not set lock (Resource temporarily unavailable)
warning  libmamba Cannot lock '/home/r.dinnage/.cache/mamba/proc'
    Waiting for other mamba process to finish
[collector wcpu3] --once drained 0 checkpoint(s); exiting.
[collector wcpu3] --once drained 0 checkpoint(s); exiting.
[collector wcpu3] --once drained 0 checkpoint(s); exiting.
[collector wcpu3] --once drained 0 checkpoint(s); exiting.
error    libmamba Could not set lock (Resource temporarily unavailable)
warning  libmamba Cannot lock '/home/r.dinnage/.cache/mamba/proc'
    Waiting for other mamba process to finish
[collector wcpu3] --once drained 0 checkpoint(s); exiting.
[collector wcpu3] --once drained 0 checkpoint(s); exiting.
[collector wcpu3] --once drained 0 checkpoint(s); exiting.
[collector wcpu3] --once drained 0 checkpoint(s); exiting.
[collector wcpu3] --once drained 0 checkpoint(s); exiting.
[collector wcpu3] --once drained 0 checkpoint(s); exiting.
[collector wcpu3] --once drained 0 checkpoint(s); exiting.
[collector wcpu3] --once drained 0 checkpoint(s); exiting.
error    libmamba Could not set lock (Resource temporarily unavailable)
warning  libmamba Cannot lock '/home/r.dinnage/.cache/mamba/proc'
    Waiting for other mamba process to finish
[collector wcpu3] --once drained 0 checkpoint(s); exiting.
[collector wcpu3] --once drained 0 checkpoint(s); exiting.
[collector wcpu3] --once drained 0 checkpoint(s); exiting.
error    libmamba Could not set lock (Resource temporarily unavailable)
warning  libmamba Cannot lock '/home/r.dinnage/.cache/mamba/proc'
    Waiting for other mamba process to finish
[collector wcpu3] --once drained 0 checkpoint(s); exiting.
[collector wcpu3] --once drained 0 checkpoint(s); exiting.
[collector wcpu3] --once drained 0 checkpoint(s); exiting.
[collector wcpu3] --once drained 0 checkpoint(s); exiting.
[collector wcpu3] --once drained 0 checkpoint(s); exiting.
[collector wcpu3] --once drained 0 checkpoint(s); exiting.
[collector wcpu3] --once drained 0 checkpoint(s); exiting.
[collector wcpu3] --once drained 0 checkpoint(s); exiting.
[collector wcpu3] --once drained 0 checkpoint(s); exiting.
[collector wcpu3] --once drained 0 checkpoint(s); exiting.
[collector wcpu3] --once drained 0 checkpoint(s); exiting.
[collector wcpu3] --once drained 0 checkpoint(s); exiting.
[collector wcpu3] --once drained 0 checkpoint(s); exiting.
[collector wcpu3] --once drained 0 checkpoint(s); exiting.
[collector wcpu3] --once drained 0 checkpoint(s); exiting.
[collector wcpu3] --once drained 0 checkpoint(s); exiting.
[collector wcpu3] --once drained 0 checkpoint(s); exiting.
error    libmamba Could not set lock (Resource temporarily unavailable)
warning  libmamba Cannot lock '/home/r.dinnage/.cache/mamba/proc'
    Waiting for other mamba process to finish
[collector wcpu3] --once drained 0 checkpoint(s); exiting.
error    libmamba Could not set lock (Resource temporarily unavailable)
warning  libmamba Cannot lock '/home/r.dinnage/.cache/mamba/proc'
    Waiting for other mamba process to finish
[collector wcpu3] --once drained 0 checkpoint(s); exiting.
[collector wcpu3] --once drained 0 checkpoint(s); exiting.
[collector wcpu3] --once drained 0 checkpoint(s); exiting.
[collector wcpu3] --once drained 0 checkpoint(s); exiting.
[collector wcpu3] --once drained 0 checkpoint(s); exiting.
[collector wcpu3] --once drained 0 checkpoint(s); exiting.
[collector wcpu3] --once drained 0 checkpoint(s); exiting.
[collector wcpu3] --once drained 0 checkpoint(s); exiting.
[collector wcpu3] --once drained 0 checkpoint(s); exiting.
error    libmamba Could not set lock (Resource temporarily unavailable)
warning  libmamba Cannot lock '/home/r.dinnage/.cache/mamba/proc'
    Waiting for other mamba process to finish
[collector wcpu3] --once drained 0 checkpoint(s); exiting.
error    libmamba Could not set lock (Resource temporarily unavailable)
warning  libmamba Cannot lock '/home/r.dinnage/.cache/mamba/proc'
    Waiting for other mamba process to finish
[collector wcpu3] --once drained 0 checkpoint(s); exiting.
[collector wcpu3] --once drained 0 checkpoint(s); exiting.
[collector wcpu3] --once drained 0 checkpoint(s); exiting.
[collector wcpu3] --once drained 0 checkpoint(s); exiting.
error    libmamba Could not set lock (Resource temporarily unavailable)
warning  libmamba Cannot lock '/home/r.dinnage/.cache/mamba/proc'
    Waiting for other mamba process to finish
[collector wcpu3] --once drained 0 checkpoint(s); exiting.
[collector wcpu3] --once drained 0 checkpoint(s); exiting.
[collector wcpu3] --once drained 0 checkpoint(s); exiting.
[collector wcpu3] --once drained 0 checkpoint(s); exiting.
[collector wcpu3] --once drained 0 checkpoint(s); exiting.
[collector wcpu3] --once drained 0 checkpoint(s); exiting.
[collector wcpu3] no probe/val CSV (probe_csv=None, val_csv=None); forward/backward blocks skipped for run_id=plantclef__stable_evo__s42.
[Extractor] block_set='cpu': CPU-only block set ['block_optim', 'block_weights', 'block_trajectory', 'block_circuits'] needs no model forward — skipping probe/Hessian build (no CSV/dataloaders, lower host RAM).
[extract] step=2790 SKIP heavy block block_circuits (ordinal=558 basis=step_fallback heavy_every=8)
[extract] step=2790 heavy=FALSE total=225.07s | block_optim=167.26 block_weights=43.06 block_trajectory=1.11
[collector wcpu3] cpu-pass DONE run_id=plantclef__stable_evo__s42 step=2790 blocks_ok=3 t=225.066s (all_passes_complete=False)
[collector wcpu3] --once drained 1 checkpoint(s); exiting.
[cwcpu3] drained 1 checkpoint(s); looping.
[collector wcpu3] --once drained 0 checkpoint(s); exiting.
[collector wcpu3] --once drained 0 checkpoint(s); exiting.
[collector wcpu3] --once drained 0 checkpoint(s); exiting.
[collector wcpu3] --once drained 0 checkpoint(s); exiting.
[collector wcpu3] --once drained 0 checkpoint(s); exiting.
[collector wcpu3] --once drained 0 checkpoint(s); exiting.
[collector wcpu3] --once drained 0 checkpoint(s); exiting.
[collector wcpu3] --once drained 0 checkpoint(s); exiting.
[collector wcpu3] --once drained 0 checkpoint(s); exiting.
error    libmamba Could not set lock (Resource temporarily unavailable)
warning  libmamba Cannot lock '/home/r.dinnage/.cache/mamba/proc'
    Waiting for other mamba process to finish
error    libmamba Could not set lock (Resource temporarily unavailable)
warning  libmamba Cannot lock '/home/r.dinnage/.cache/mamba/proc'
    Waiting for other mamba process to finish
[collector wcpu3] --once drained 0 checkpoint(s); exiting.
[collector wcpu3] --once drained 0 checkpoint(s); exiting.
[collector wcpu3] --once drained 0 checkpoint(s); exiting.
[collector wcpu3] --once drained 0 checkpoint(s); exiting.
[collector wcpu3] --once drained 0 checkpoint(s); exiting.
[collector wcpu3] --once drained 0 checkpoint(s); exiting.
[collector wcpu3] --once drained 0 checkpoint(s); exiting.
[collector wcpu3] --once drained 0 checkpoint(s); exiting.
[collector wcpu3] --once drained 0 checkpoint(s); exiting.
[collector wcpu3] --once drained 0 checkpoint(s); exiting.
[collector wcpu3] --once drained 0 checkpoint(s); exiting.
[collector wcpu3] --once drained 0 checkpoint(s); exiting.
[collector wcpu3] --once drained 0 checkpoint(s); exiting.
[collector wcpu3] --once drained 0 checkpoint(s); exiting.
[collector wcpu3] --once drained 0 checkpoint(s); exiting.
[collector wcpu3] --once drained 0 checkpoint(s); exiting.
[collector wcpu3] --once drained 0 checkpoint(s); exiting.
[collector wcpu3] --once drained 0 checkpoint(s); exiting.
[collector wcpu3] --once drained 0 checkpoint(s); exiting.
[collector wcpu3] no probe/val CSV (probe_csv=None, val_csv=None); forward/backward blocks skipped for run_id=plantclef__stable_evo__s42.
[Extractor] block_set='cpu': CPU-only block set ['block_optim', 'block_weights', 'block_trajectory', 'block_circuits'] needs no model forward — skipping probe/Hessian build (no CSV/dataloaders, lower host RAM).
/blue/guralnick/share/r.dinnage/Projects/phenovision/xAI/py/extractor/block_optim.py:258: RuntimeWarning: overflow encountered in cast
  scalars = np.array([lam_max, lam_floor, trace, sum_log, pr, eff_rank, cond, aniso,
[extract] step=2874 SKIP heavy block block_circuits (ordinal=574 basis=step_fallback heavy_every=8)
[extract] step=2874 heavy=FALSE total=205.39s | block_optim=156.73 block_weights=36.02 block_trajectory=0.81
[collector wcpu3] cpu-pass DONE run_id=plantclef__stable_evo__s42 step=2874 blocks_ok=3 t=205.393s (all_passes_complete=False)
[collector wcpu3] --once drained 1 checkpoint(s); exiting.
[cwcpu3] drained 1 checkpoint(s); looping.
[collector wcpu3] --once drained 0 checkpoint(s); exiting.
[collector wcpu3] --once drained 0 checkpoint(s); exiting.
error    libmamba Could not set lock (Resource temporarily unavailable)
warning  libmamba Cannot lock '/home/r.dinnage/.cache/mamba/proc'
    Waiting for other mamba process to finish
[collector wcpu3] --once drained 0 checkpoint(s); exiting.
[collector wcpu3] --once drained 0 checkpoint(s); exiting.
[collector wcpu3] --once drained 0 checkpoint(s); exiting.
[collector wcpu3] --once drained 0 checkpoint(s); exiting.
[collector wcpu3] --once drained 0 checkpoint(s); exiting.
error    libmamba Could not set lock (Resource temporarily unavailable)
warning  libmamba Cannot lock '/home/r.dinnage/.cache/mamba/proc'
    Waiting for other mamba process to finish
[collector wcpu3] --once drained 0 checkpoint(s); exiting.
[collector wcpu3] --once drained 0 checkpoint(s); exiting.
error    libmamba Could not set lock (Resource temporarily unavailable)
warning  libmamba Cannot lock '/home/r.dinnage/.cache/mamba/proc'
    Waiting for other mamba process to finish
[collector wcpu3] --once drained 0 checkpoint(s); exiting.
[collector wcpu3] --once drained 0 checkpoint(s); exiting.
error    libmamba Could not set lock (Resource temporarily unavailable)
warning  libmamba Cannot lock '/home/r.dinnage/.cache/mamba/proc'
    Waiting for other mamba process to finish
[collector wcpu3] --once drained 0 checkpoint(s); exiting.
[collector wcpu3] --once drained 0 checkpoint(s); exiting.
[collector wcpu3] --once drained 0 checkpoint(s); exiting.
[collector wcpu3] --once drained 0 checkpoint(s); exiting.
[collector wcpu3] --once drained 0 checkpoint(s); exiting.
[collector wcpu3] --once drained 0 checkpoint(s); exiting.
[collector wcpu3] --once drained 0 checkpoint(s); exiting.
[collector wcpu3] --once drained 0 checkpoint(s); exiting.
error    libmamba Could not set lock (Resource temporarily unavailable)
warning  libmamba Cannot lock '/home/r.dinnage/.cache/mamba/proc'
    Waiting for other mamba process to finish
[collector wcpu3] --once drained 0 checkpoint(s); exiting.
[collector wcpu3] --once drained 0 checkpoint(s); exiting.
[collector wcpu3] --once drained 0 checkpoint(s); exiting.
error    libmamba Could not set lock (Resource temporarily unavailable)
warning  libmamba Cannot lock '/home/r.dinnage/.cache/mamba/proc'
    Waiting for other mamba process to finish
[collector wcpu3] --once drained 0 checkpoint(s); exiting.
[collector wcpu3] --once drained 0 checkpoint(s); exiting.
[collector wcpu3] --once drained 0 checkpoint(s); exiting.
[collector wcpu3] --once drained 0 checkpoint(s); exiting.
[collector wcpu3] --once drained 0 checkpoint(s); exiting.
[collector wcpu3] --once drained 0 checkpoint(s); exiting.
error    libmamba Could not set lock (Resource temporarily unavailable)
warning  libmamba Cannot lock '/home/r.dinnage/.cache/mamba/proc'
    Waiting for other mamba process to finish
error    libmamba Could not set lock (Resource temporarily unavailable)
warning  libmamba Cannot lock '/home/r.dinnage/.cache/mamba/proc'
    Waiting for other mamba process to finish
[collector wcpu3] --once drained 0 checkpoint(s); exiting.
[collector wcpu3] --once drained 0 checkpoint(s); exiting.
[collector wcpu3] --once drained 0 checkpoint(s); exiting.
[collector wcpu3] --once drained 0 checkpoint(s); exiting.
[collector wcpu3] --once drained 0 checkpoint(s); exiting.
[collector wcpu3] --once drained 0 checkpoint(s); exiting.
[collector wcpu3] --once drained 0 checkpoint(s); exiting.
[collector wcpu3] --once drained 0 checkpoint(s); exiting.
error    libmamba Could not set lock (Resource temporarily unavailable)
warning  libmamba Cannot lock '/home/r.dinnage/.cache/mamba/proc'
    Waiting for other mamba process to finish
[collector wcpu3] --once drained 0 checkpoint(s); exiting.
[collector wcpu3] --once drained 0 checkpoint(s); exiting.
[collector wcpu3] --once drained 0 checkpoint(s); exiting.
[collector wcpu3] no probe/val CSV (probe_csv=None, val_csv=None); forward/backward blocks skipped for run_id=plantclef__stable_evo__s42.
[Extractor] block_set='cpu': CPU-only block set ['block_optim', 'block_weights', 'block_trajectory', 'block_circuits'] needs no model forward — skipping probe/Hessian build (no CSV/dataloaders, lower host RAM).
/blue/guralnick/share/r.dinnage/Projects/phenovision/xAI/py/extractor/block_optim.py:258: RuntimeWarning: overflow encountered in cast
  scalars = np.array([lam_max, lam_floor, trace, sum_log, pr, eff_rank, cond, aniso,
[extract] step=2982 SKIP heavy block block_circuits (ordinal=596 basis=step_fallback heavy_every=8)
[extract] step=2982 heavy=FALSE total=203.96s | block_optim=151.64 block_weights=39.61 block_trajectory=0.82
[collector wcpu3] cpu-pass DONE run_id=plantclef__stable_evo__s42 step=2982 blocks_ok=3 t=203.957s (all_passes_complete=False)
[collector wcpu3] --once drained 1 checkpoint(s); exiting.
[cwcpu3] drained 1 checkpoint(s); looping.
[collector wcpu3] --once drained 0 checkpoint(s); exiting.
[collector wcpu3] --once drained 0 checkpoint(s); exiting.
[collector wcpu3] --once drained 0 checkpoint(s); exiting.
[collector wcpu3] --once drained 0 checkpoint(s); exiting.
[collector wcpu3] --once drained 0 checkpoint(s); exiting.
[collector wcpu3] --once drained 0 checkpoint(s); exiting.
[collector wcpu3] --once drained 0 checkpoint(s); exiting.
[collector wcpu3] --once drained 0 checkpoint(s); exiting.
[collector wcpu3] --once drained 0 checkpoint(s); exiting.
error    libmamba Could not set lock (Resource temporarily unavailable)
warning  libmamba Cannot lock '/home/r.dinnage/.cache/mamba/proc'
    Waiting for other mamba process to finish
[collector wcpu3] --once drained 0 checkpoint(s); exiting.
[collector wcpu3] --once drained 0 checkpoint(s); exiting.
[collector wcpu3] --once drained 0 checkpoint(s); exiting.
[collector wcpu3] --once drained 0 checkpoint(s); exiting.
[collector wcpu3] --once drained 0 checkpoint(s); exiting.
error    libmamba Could not set lock (Resource temporarily unavailable)
warning  libmamba Cannot lock '/home/r.dinnage/.cache/mamba/proc'
    Waiting for other mamba process to finish
[collector wcpu3] --once drained 0 checkpoint(s); exiting.
[collector wcpu3] --once drained 0 checkpoint(s); exiting.
[collector wcpu3] --once drained 0 checkpoint(s); exiting.
error    libmamba Could not set lock (Resource temporarily unavailable)
warning  libmamba Cannot lock '/home/r.dinnage/.cache/mamba/proc'
    Waiting for other mamba process to finish
[collector wcpu3] --once drained 0 checkpoint(s); exiting.
[collector wcpu3] --once drained 0 checkpoint(s); exiting.
[collector wcpu3] --once drained 0 checkpoint(s); exiting.
[collector wcpu3] --once drained 0 checkpoint(s); exiting.
[collector wcpu3] --once drained 0 checkpoint(s); exiting.
[collector wcpu3] --once drained 0 checkpoint(s); exiting.
[collector wcpu3] --once drained 0 checkpoint(s); exiting.
[collector wcpu3] no probe/val CSV (probe_csv=None, val_csv=None); forward/backward blocks skipped for run_id=plantclef__stable_evo__s42.
[Extractor] block_set='cpu': CPU-only block set ['block_optim', 'block_weights', 'block_trajectory', 'block_circuits'] needs no model forward — skipping probe/Hessian build (no CSV/dataloaders, lower host RAM).
/blue/guralnick/share/r.dinnage/Projects/phenovision/xAI/py/extractor/block_optim.py:258: RuntimeWarning: overflow encountered in cast
  scalars = np.array([lam_max, lam_floor, trace, sum_log, pr, eff_rank, cond, aniso,
[extract] step=3054 SKIP heavy block block_circuits (ordinal=610 basis=step_fallback heavy_every=8)
[extract] step=3054 heavy=FALSE total=213.55s | block_optim=160.15 block_weights=40.49 block_trajectory=0.99
[collector wcpu3] cpu-pass DONE run_id=plantclef__stable_evo__s42 step=3054 blocks_ok=3 t=213.554s (all_passes_complete=False)
[collector wcpu3] --once drained 1 checkpoint(s); exiting.
[cwcpu3] drained 1 checkpoint(s); looping.
[collector wcpu3] --once drained 0 checkpoint(s); exiting.
[collector wcpu3] --once drained 0 checkpoint(s); exiting.
[collector wcpu3] --once drained 0 checkpoint(s); exiting.
[collector wcpu3] --once drained 0 checkpoint(s); exiting.
[collector wcpu3] --once drained 0 checkpoint(s); exiting.
[collector wcpu3] --once drained 0 checkpoint(s); exiting.
[collector wcpu3] --once drained 0 checkpoint(s); exiting.
error    libmamba Could not set lock (Resource temporarily unavailable)
warning  libmamba Cannot lock '/home/r.dinnage/.cache/mamba/proc'
    Waiting for other mamba process to finish
[collector wcpu3] --once drained 0 checkpoint(s); exiting.
[collector wcpu3] --once drained 0 checkpoint(s); exiting.
[collector wcpu3] --once drained 0 checkpoint(s); exiting.
[collector wcpu3] --once drained 0 checkpoint(s); exiting.
[collector wcpu3] --once drained 0 checkpoint(s); exiting.
error    libmamba Could not set lock (Resource temporarily unavailable)
warning  libmamba Cannot lock '/home/r.dinnage/.cache/mamba/proc'
    Waiting for other mamba process to finish
[collector wcpu3] --once drained 0 checkpoint(s); exiting.
[collector wcpu3] --once drained 0 checkpoint(s); exiting.
[collector wcpu3] --once drained 0 checkpoint(s); exiting.
[collector wcpu3] no probe/val CSV (probe_csv=None, val_csv=None); forward/backward blocks skipped for run_id=plantclef__stable_evo__s42.
[Extractor] block_set='cpu': CPU-only block set ['block_optim', 'block_weights', 'block_trajectory', 'block_circuits'] needs no model forward — skipping probe/Hessian build (no CSV/dataloaders, lower host RAM).
/blue/guralnick/share/r.dinnage/Projects/phenovision/xAI/py/extractor/block_optim.py:258: RuntimeWarning: overflow encountered in cast
  scalars = np.array([lam_max, lam_floor, trace, sum_log, pr, eff_rank, cond, aniso,
[extract] step=3104 SKIP heavy block block_circuits (ordinal=620 basis=step_fallback heavy_every=8)
[extract] step=3104 heavy=FALSE total=222.40s | block_optim=171.10 block_weights=37.13 block_trajectory=1.00
[collector wcpu3] cpu-pass DONE run_id=plantclef__stable_evo__s42 step=3104 blocks_ok=3 t=222.398s (all_passes_complete=False)
[collector wcpu3] --once drained 1 checkpoint(s); exiting.
[cwcpu3] drained 1 checkpoint(s); looping.
[collector wcpu3] --once drained 0 checkpoint(s); exiting.
[collector wcpu3] --once drained 0 checkpoint(s); exiting.
[collector wcpu3] --once drained 0 checkpoint(s); exiting.
[collector wcpu3] --once drained 0 checkpoint(s); exiting.
[collector wcpu3] --once drained 0 checkpoint(s); exiting.
[collector wcpu3] --once drained 0 checkpoint(s); exiting.
[collector wcpu3] no probe/val CSV (probe_csv=None, val_csv=None); forward/backward blocks skipped for run_id=plantclef__stable_evo__s42.
[Extractor] block_set='cpu': CPU-only block set ['block_optim', 'block_weights', 'block_trajectory', 'block_circuits'] needs no model forward — skipping probe/Hessian build (no CSV/dataloaders, lower host RAM).
/blue/guralnick/share/r.dinnage/Projects/phenovision/xAI/py/extractor/block_optim.py:258: RuntimeWarning: overflow encountered in cast
  scalars = np.array([lam_max, lam_floor, trace, sum_log, pr, eff_rank, cond, aniso,
[extract] step=3140 SKIP heavy block block_circuits (ordinal=628 basis=step_fallback heavy_every=8)
[extract] step=3140 heavy=FALSE total=229.05s | block_optim=173.10 block_weights=41.16 block_trajectory=1.39
[collector wcpu3] cpu-pass DONE run_id=plantclef__stable_evo__s42 step=3140 blocks_ok=3 t=229.047s (all_passes_complete=False)
[collector wcpu3] --once drained 1 checkpoint(s); exiting.
[cwcpu3] drained 1 checkpoint(s); looping.
[collector wcpu3] no probe/val CSV (probe_csv=None, val_csv=None); forward/backward blocks skipped for run_id=plantclef__stable_evo__s42.
[Extractor] block_set='cpu': CPU-only block set ['block_optim', 'block_weights', 'block_trajectory', 'block_circuits'] needs no model forward — skipping probe/Hessian build (no CSV/dataloaders, lower host RAM).
/blue/guralnick/share/r.dinnage/Projects/phenovision/xAI/py/extractor/block_optim.py:258: RuntimeWarning: overflow encountered in cast
  scalars = np.array([lam_max, lam_floor, trace, sum_log, pr, eff_rank, cond, aniso,
[extract] step=3164 heavy=TRUE total=207.70s | block_optim=154.49 block_weights=35.38 block_trajectory=0.70 block_circuits=5.07
[collector wcpu3] cpu-pass DONE run_id=plantclef__stable_evo__s42 step=3164 blocks_ok=4 t=207.698s (all_passes_complete=False)
[collector wcpu3] --once drained 1 checkpoint(s); exiting.
[cwcpu3] drained 1 checkpoint(s); looping.
[collector wcpu3] --once drained 0 checkpoint(s); exiting.
[collector wcpu3] --once drained 0 checkpoint(s); exiting.
[collector wcpu3] --once drained 0 checkpoint(s); exiting.
[collector wcpu3] --once drained 0 checkpoint(s); exiting.
[collector wcpu3] --once drained 0 checkpoint(s); exiting.
[collector wcpu3] --once drained 0 checkpoint(s); exiting.
[collector wcpu3] --once drained 0 checkpoint(s); exiting.
[collector wcpu3] --once drained 0 checkpoint(s); exiting.
[collector wcpu3] --once drained 0 checkpoint(s); exiting.
[collector wcpu3] --once drained 0 checkpoint(s); exiting.
[collector wcpu3] --once drained 0 checkpoint(s); exiting.
[collector wcpu3] --once drained 0 checkpoint(s); exiting.
error    libmamba Could not set lock (Resource temporarily unavailable)
warning  libmamba Cannot lock '/home/r.dinnage/.cache/mamba/proc'
    Waiting for other mamba process to finish
[collector wcpu3] --once drained 0 checkpoint(s); exiting.
error    libmamba Could not set lock (Resource temporarily unavailable)
warning  libmamba Cannot lock '/home/r.dinnage/.cache/mamba/proc'
    Waiting for other mamba process to finish
[collector wcpu3] --once drained 0 checkpoint(s); exiting.
[collector wcpu3] no probe/val CSV (probe_csv=None, val_csv=None); forward/backward blocks skipped for run_id=plantclef__stable_evo__s42.
[Extractor] block_set='cpu': CPU-only block set ['block_optim', 'block_weights', 'block_trajectory', 'block_circuits'] needs no model forward — skipping probe/Hessian build (no CSV/dataloaders, lower host RAM).
/blue/guralnick/share/r.dinnage/Projects/phenovision/xAI/py/extractor/block_optim.py:258: RuntimeWarning: overflow encountered in cast
  scalars = np.array([lam_max, lam_floor, trace, sum_log, pr, eff_rank, cond, aniso,
[extract] step=3212 SKIP heavy block block_circuits (ordinal=642 basis=step_fallback heavy_every=8)
[extract] step=3212 heavy=FALSE total=211.35s | block_optim=158.47 block_weights=38.69 block_trajectory=0.71
[collector wcpu3] cpu-pass DONE run_id=plantclef__stable_evo__s42 step=3212 blocks_ok=3 t=211.349s (all_passes_complete=False)
[collector wcpu3] --once drained 1 checkpoint(s); exiting.
[cwcpu3] drained 1 checkpoint(s); looping.
[collector wcpu3] --once drained 0 checkpoint(s); exiting.
[collector wcpu3] no probe/val CSV (probe_csv=None, val_csv=None); forward/backward blocks skipped for run_id=plantclef__stable_evo__s42.
[Extractor] block_set='cpu': CPU-only block set ['block_optim', 'block_weights', 'block_trajectory', 'block_circuits'] needs no model forward — skipping probe/Hessian build (no CSV/dataloaders, lower host RAM).
/blue/guralnick/share/r.dinnage/Projects/phenovision/xAI/py/extractor/block_optim.py:258: RuntimeWarning: overflow encountered in cast
  scalars = np.array([lam_max, lam_floor, trace, sum_log, pr, eff_rank, cond, aniso,
[extract] step=3236 SKIP heavy block block_circuits (ordinal=647 basis=step_fallback heavy_every=8)
[extract] step=3236 heavy=FALSE total=213.64s | block_optim=160.88 block_weights=38.22 block_trajectory=1.06
[collector wcpu3] cpu-pass DONE run_id=plantclef__stable_evo__s42 step=3236 blocks_ok=3 t=213.645s (all_passes_complete=False)
[collector wcpu3] --once drained 1 checkpoint(s); exiting.
[cwcpu3] drained 1 checkpoint(s); looping.
[collector wcpu3] --once drained 0 checkpoint(s); exiting.
[collector wcpu3] no probe/val CSV (probe_csv=None, val_csv=None); forward/backward blocks skipped for run_id=plantclef__stable_evo__s42.
[Extractor] block_set='cpu': CPU-only block set ['block_optim', 'block_weights', 'block_trajectory', 'block_circuits'] needs no model forward — skipping probe/Hessian build (no CSV/dataloaders, lower host RAM).
/blue/guralnick/share/r.dinnage/Projects/phenovision/xAI/py/extractor/block_optim.py:258: RuntimeWarning: overflow encountered in cast
  scalars = np.array([lam_max, lam_floor, trace, sum_log, pr, eff_rank, cond, aniso,
[extract] step=3260 SKIP heavy block block_circuits (ordinal=652 basis=step_fallback heavy_every=8)
[extract] step=3260 heavy=FALSE total=208.12s | block_optim=156.66 block_weights=37.87 block_trajectory=1.09
[collector wcpu3] cpu-pass DONE run_id=plantclef__stable_evo__s42 step=3260 blocks_ok=3 t=208.116s (all_passes_complete=False)
[collector wcpu3] --once drained 1 checkpoint(s); exiting.
[cwcpu3] drained 1 checkpoint(s); looping.
[collector wcpu3] --once drained 0 checkpoint(s); exiting.
[collector wcpu3] --once drained 0 checkpoint(s); exiting.
[collector wcpu3] --once drained 0 checkpoint(s); exiting.
[collector wcpu3] --once drained 0 checkpoint(s); exiting.
[collector wcpu3] --once drained 0 checkpoint(s); exiting.
[collector wcpu3] --once drained 0 checkpoint(s); exiting.
[collector wcpu3] --once drained 0 checkpoint(s); exiting.
error    libmamba Could not set lock (Resource temporarily unavailable)
warning  libmamba Cannot lock '/home/r.dinnage/.cache/mamba/proc'
    Waiting for other mamba process to finish
[collector wcpu3] --once drained 0 checkpoint(s); exiting.
[collector wcpu3] --once drained 0 checkpoint(s); exiting.
[collector wcpu3] --once drained 0 checkpoint(s); exiting.
[collector wcpu3] --once drained 0 checkpoint(s); exiting.
[collector wcpu3] --once drained 0 checkpoint(s); exiting.
[collector wcpu3] --once drained 0 checkpoint(s); exiting.
[collector wcpu3] --once drained 0 checkpoint(s); exiting.
[collector wcpu3] --once drained 0 checkpoint(s); exiting.
[collector wcpu3] --once drained 0 checkpoint(s); exiting.
[collector wcpu3] --once drained 0 checkpoint(s); exiting.
[collector wcpu3] --once drained 0 checkpoint(s); exiting.
[collector wcpu3] --once drained 0 checkpoint(s); exiting.
[collector wcpu3] --once drained 0 checkpoint(s); exiting.
[collector wcpu3] --once drained 0 checkpoint(s); exiting.
[collector wcpu3] --once drained 0 checkpoint(s); exiting.
[collector wcpu3] --once drained 0 checkpoint(s); exiting.
[collector wcpu3] --once drained 0 checkpoint(s); exiting.
error    libmamba Could not set lock (Resource temporarily unavailable)
warning  libmamba Cannot lock '/home/r.dinnage/.cache/mamba/proc'
    Waiting for other mamba process to finish
[collector wcpu3] no probe/val CSV (probe_csv=None, val_csv=None); forward/backward blocks skipped for run_id=plantclef__stable_evo__s42.
[Extractor] block_set='cpu': CPU-only block set ['block_optim', 'block_weights', 'block_trajectory', 'block_circuits'] needs no model forward — skipping probe/Hessian build (no CSV/dataloaders, lower host RAM).
/blue/guralnick/share/r.dinnage/Projects/phenovision/xAI/py/extractor/block_optim.py:258: RuntimeWarning: overflow encountered in cast
  scalars = np.array([lam_max, lam_floor, trace, sum_log, pr, eff_rank, cond, aniso,
[extract] step=3332 SKIP heavy block block_circuits (ordinal=666 basis=step_fallback heavy_every=8)
[extract] step=3332 heavy=FALSE total=219.76s | block_optim=165.45 block_weights=39.89 block_trajectory=1.06
[collector wcpu3] cpu-pass DONE run_id=plantclef__stable_evo__s42 step=3332 blocks_ok=3 t=219.764s (all_passes_complete=False)
[collector wcpu3] --once drained 1 checkpoint(s); exiting.
[cwcpu3] drained 1 checkpoint(s); looping.
[collector wcpu3] --once drained 0 checkpoint(s); exiting.
[collector wcpu3] --once drained 0 checkpoint(s); exiting.
[collector wcpu3] --once drained 0 checkpoint(s); exiting.
error    libmamba Could not set lock (Resource temporarily unavailable)
warning  libmamba Cannot lock '/home/r.dinnage/.cache/mamba/proc'
    Waiting for other mamba process to finish
[collector wcpu3] --once drained 0 checkpoint(s); exiting.
[collector wcpu3] --once drained 0 checkpoint(s); exiting.
[collector wcpu3] --once drained 0 checkpoint(s); exiting.
[collector wcpu3] --once drained 0 checkpoint(s); exiting.
[collector wcpu3] --once drained 0 checkpoint(s); exiting.
[collector wcpu3] --once drained 0 checkpoint(s); exiting.
[collector wcpu3] --once drained 0 checkpoint(s); exiting.
[collector wcpu3] --once drained 0 checkpoint(s); exiting.
error    libmamba Could not set lock (Resource temporarily unavailable)
warning  libmamba Cannot lock '/home/r.dinnage/.cache/mamba/proc'
    Waiting for other mamba process to finish
[collector wcpu3] --once drained 0 checkpoint(s); exiting.
[collector wcpu3] --once drained 0 checkpoint(s); exiting.
[collector wcpu3] --once drained 0 checkpoint(s); exiting.
[collector wcpu3] --once drained 0 checkpoint(s); exiting.
error    libmamba Could not set lock (Resource temporarily unavailable)
warning  libmamba Cannot lock '/home/r.dinnage/.cache/mamba/proc'
    Waiting for other mamba process to finish
[collector wcpu3] --once drained 0 checkpoint(s); exiting.
[collector wcpu3] --once drained 0 checkpoint(s); exiting.
[collector wcpu3] --once drained 0 checkpoint(s); exiting.
[collector wcpu3] --once drained 0 checkpoint(s); exiting.
error    libmamba Could not set lock (Resource temporarily unavailable)
warning  libmamba Cannot lock '/home/r.dinnage/.cache/mamba/proc'
    Waiting for other mamba process to finish
[collector wcpu3] --once drained 0 checkpoint(s); exiting.
[collector wcpu3] --once drained 0 checkpoint(s); exiting.
[collector wcpu3] --once drained 0 checkpoint(s); exiting.
[collector wcpu3] --once drained 0 checkpoint(s); exiting.
[collector wcpu3] --once drained 0 checkpoint(s); exiting.
[collector wcpu3] --once drained 0 checkpoint(s); exiting.
[collector wcpu3] --once drained 0 checkpoint(s); exiting.
[collector wcpu3] --once drained 0 checkpoint(s); exiting.
error    libmamba Could not set lock (Resource temporarily unavailable)
warning  libmamba Cannot lock '/home/r.dinnage/.cache/mamba/proc'
    Waiting for other mamba process to finish
[collector wcpu3] --once drained 0 checkpoint(s); exiting.
[collector wcpu3] --once drained 0 checkpoint(s); exiting.
[collector wcpu3] --once drained 0 checkpoint(s); exiting.
[collector wcpu3] --once drained 0 checkpoint(s); exiting.
[collector wcpu3] --once drained 0 checkpoint(s); exiting.
[collector wcpu3] --once drained 0 checkpoint(s); exiting.
[collector wcpu3] --once drained 0 checkpoint(s); exiting.
[collector wcpu3] --once drained 0 checkpoint(s); exiting.
[collector wcpu3] --once drained 0 checkpoint(s); exiting.
[collector wcpu3] --once drained 0 checkpoint(s); exiting.
error    libmamba Could not set lock (Resource temporarily unavailable)
warning  libmamba Cannot lock '/home/r.dinnage/.cache/mamba/proc'
    Waiting for other mamba process to finish
[collector wcpu3] --once drained 0 checkpoint(s); exiting.
[collector wcpu3] --once drained 0 checkpoint(s); exiting.
[collector wcpu3] --once drained 0 checkpoint(s); exiting.
[collector wcpu3] --once drained 0 checkpoint(s); exiting.
[collector wcpu3] --once drained 0 checkpoint(s); exiting.
[collector wcpu3] --once drained 0 checkpoint(s); exiting.
[collector wcpu3] --once drained 0 checkpoint(s); exiting.
[collector wcpu3] --once drained 0 checkpoint(s); exiting.
[collector wcpu3] no probe/val CSV (probe_csv=None, val_csv=None); forward/backward blocks skipped for run_id=plantclef__stable_evo__s42.
[Extractor] block_set='cpu': CPU-only block set ['block_optim', 'block_weights', 'block_trajectory', 'block_circuits'] needs no model forward — skipping probe/Hessian build (no CSV/dataloaders, lower host RAM).
/blue/guralnick/share/r.dinnage/Projects/phenovision/xAI/py/extractor/block_optim.py:258: RuntimeWarning: overflow encountered in cast
  scalars = np.array([lam_max, lam_floor, trace, sum_log, pr, eff_rank, cond, aniso,
[extract] step=3454 SKIP heavy block block_circuits (ordinal=690 basis=step_fallback heavy_every=8)
[extract] step=3454 heavy=FALSE total=210.23s | block_optim=151.99 block_weights=43.31 block_trajectory=1.03
[collector wcpu3] cpu-pass DONE run_id=plantclef__stable_evo__s42 step=3454 blocks_ok=3 t=210.23s (all_passes_complete=False)
[collector wcpu3] --once drained 1 checkpoint(s); exiting.
[cwcpu3] drained 1 checkpoint(s); looping.
[collector wcpu3] --once drained 0 checkpoint(s); exiting.
[collector wcpu3] no probe/val CSV (probe_csv=None, val_csv=None); forward/backward blocks skipped for run_id=plantclef__stable_evo__s42.
[Extractor] block_set='cpu': CPU-only block set ['block_optim', 'block_weights', 'block_trajectory', 'block_circuits'] needs no model forward — skipping probe/Hessian build (no CSV/dataloaders, lower host RAM).
/blue/guralnick/share/r.dinnage/Projects/phenovision/xAI/py/extractor/block_optim.py:258: RuntimeWarning: overflow encountered in cast
  scalars = np.array([lam_max, lam_floor, trace, sum_log, pr, eff_rank, cond, aniso,
[extract] step=3478 SKIP heavy block block_circuits (ordinal=695 basis=step_fallback heavy_every=8)
[extract] step=3478 heavy=FALSE total=201.15s | block_optim=149.70 block_weights=36.50 block_trajectory=1.16
[collector wcpu3] cpu-pass DONE run_id=plantclef__stable_evo__s42 step=3478 blocks_ok=3 t=201.151s (all_passes_complete=False)
[collector wcpu3] --once drained 1 checkpoint(s); exiting.
[cwcpu3] drained 1 checkpoint(s); looping.
[collector wcpu3] --once drained 0 checkpoint(s); exiting.
[collector wcpu3] --once drained 0 checkpoint(s); exiting.
[collector wcpu3] --once drained 0 checkpoint(s); exiting.
[collector wcpu3] --once drained 0 checkpoint(s); exiting.
[collector wcpu3] no probe/val CSV (probe_csv=None, val_csv=None); forward/backward blocks skipped for run_id=plantclef__stable_evo__s42.
[Extractor] block_set='cpu': CPU-only block set ['block_optim', 'block_weights', 'block_trajectory', 'block_circuits'] needs no model forward — skipping probe/Hessian build (no CSV/dataloaders, lower host RAM).
/blue/guralnick/share/r.dinnage/Projects/phenovision/xAI/py/extractor/block_optim.py:258: RuntimeWarning: overflow encountered in cast
  scalars = np.array([lam_max, lam_floor, trace, sum_log, pr, eff_rank, cond, aniso,
[extract] step=3502 SKIP heavy block block_circuits (ordinal=700 basis=step_fallback heavy_every=8)
[extract] step=3502 heavy=FALSE total=208.96s | block_optim=156.91 block_weights=38.31 block_trajectory=1.09
[collector wcpu3] cpu-pass DONE run_id=plantclef__stable_evo__s42 step=3502 blocks_ok=3 t=208.955s (all_passes_complete=False)
[collector wcpu3] --once drained 1 checkpoint(s); exiting.
[cwcpu3] drained 1 checkpoint(s); looping.
[collector wcpu3] --once drained 0 checkpoint(s); exiting.
[collector wcpu3] no probe/val CSV (probe_csv=None, val_csv=None); forward/backward blocks skipped for run_id=plantclef__stable_evo__s42.
[Extractor] block_set='cpu': CPU-only block set ['block_optim', 'block_weights', 'block_trajectory', 'block_circuits'] needs no model forward — skipping probe/Hessian build (no CSV/dataloaders, lower host RAM).
/blue/guralnick/share/r.dinnage/Projects/phenovision/xAI/py/extractor/block_optim.py:258: RuntimeWarning: overflow encountered in cast
  scalars = np.array([lam_max, lam_floor, trace, sum_log, pr, eff_rank, cond, aniso,
[extract] step=3526 SKIP heavy block block_circuits (ordinal=705 basis=step_fallback heavy_every=8)
[extract] step=3526 heavy=FALSE total=226.52s | block_optim=172.55 block_weights=39.04 block_trajectory=1.01
[collector wcpu3] cpu-pass DONE run_id=plantclef__stable_evo__s42 step=3526 blocks_ok=3 t=226.516s (all_passes_complete=False)
[collector wcpu3] --once drained 1 checkpoint(s); exiting.
[cwcpu3] drained 1 checkpoint(s); looping.
[collector wcpu3] --once drained 0 checkpoint(s); exiting.
[collector wcpu3] --once drained 0 checkpoint(s); exiting.
[collector wcpu3] --once drained 0 checkpoint(s); exiting.
error    libmamba Could not set lock (Resource temporarily unavailable)
warning  libmamba Cannot lock '/home/r.dinnage/.cache/mamba/proc'
    Waiting for other mamba process to finish
[collector wcpu3] --once drained 0 checkpoint(s); exiting.
[collector wcpu3] --once drained 0 checkpoint(s); exiting.
[collector wcpu3] --once drained 0 checkpoint(s); exiting.
[collector wcpu3] --once drained 0 checkpoint(s); exiting.
[collector wcpu3] --once drained 0 checkpoint(s); exiting.
[collector wcpu3] --once drained 0 checkpoint(s); exiting.
[collector wcpu3] --once drained 0 checkpoint(s); exiting.
[collector wcpu3] --once drained 0 checkpoint(s); exiting.
[collector wcpu3] --once drained 0 checkpoint(s); exiting.
[collector wcpu3] --once drained 0 checkpoint(s); exiting.
[collector wcpu3] --once drained 0 checkpoint(s); exiting.
[collector wcpu3] --once drained 0 checkpoint(s); exiting.
[collector wcpu3] --once drained 0 checkpoint(s); exiting.
error    libmamba Could not set lock (Resource temporarily unavailable)
warning  libmamba Cannot lock '/home/r.dinnage/.cache/mamba/proc'
    Waiting for other mamba process to finish
[collector wcpu3] --once drained 0 checkpoint(s); exiting.
[collector wcpu3] --once drained 0 checkpoint(s); exiting.
[collector wcpu3] --once drained 0 checkpoint(s); exiting.
[collector wcpu3] --once drained 0 checkpoint(s); exiting.
[collector wcpu3] --once drained 0 checkpoint(s); exiting.
[collector wcpu3] --once drained 0 checkpoint(s); exiting.
[collector wcpu3] --once drained 0 checkpoint(s); exiting.
[collector wcpu3] --once drained 0 checkpoint(s); exiting.
[collector wcpu3] --once drained 0 checkpoint(s); exiting.
[collector wcpu3] --once drained 0 checkpoint(s); exiting.
[collector wcpu3] --once drained 0 checkpoint(s); exiting.
[collector wcpu3] no probe/val CSV (probe_csv=None, val_csv=None); forward/backward blocks skipped for run_id=plantclef__stable_evo__s42.
[Extractor] block_set='cpu': CPU-only block set ['block_optim', 'block_weights', 'block_trajectory', 'block_circuits'] needs no model forward — skipping probe/Hessian build (no CSV/dataloaders, lower host RAM).
/blue/guralnick/share/r.dinnage/Projects/phenovision/xAI/py/extractor/block_optim.py:258: RuntimeWarning: overflow encountered in cast
  scalars = np.array([lam_max, lam_floor, trace, sum_log, pr, eff_rank, cond, aniso,
[extract] step=3610 SKIP heavy block block_circuits (ordinal=722 basis=step_fallback heavy_every=8)
[extract] step=3610 heavy=FALSE total=223.49s | block_optim=168.48 block_weights=40.54 block_trajectory=1.06
[collector wcpu3] cpu-pass DONE run_id=plantclef__stable_evo__s42 step=3610 blocks_ok=3 t=223.491s (all_passes_complete=False)
[collector wcpu3] --once drained 1 checkpoint(s); exiting.
[cwcpu3] drained 1 checkpoint(s); looping.
[collector wcpu3] --once drained 0 checkpoint(s); exiting.
[collector wcpu3] --once drained 0 checkpoint(s); exiting.
[collector wcpu3] no probe/val CSV (probe_csv=None, val_csv=None); forward/backward blocks skipped for run_id=plantclef__stable_evo__s42.
[Extractor] block_set='cpu': CPU-only block set ['block_optim', 'block_weights', 'block_trajectory', 'block_circuits'] needs no model forward — skipping probe/Hessian build (no CSV/dataloaders, lower host RAM).
/blue/guralnick/share/r.dinnage/Projects/phenovision/xAI/py/extractor/block_optim.py:258: RuntimeWarning: overflow encountered in cast
  scalars = np.array([lam_max, lam_floor, trace, sum_log, pr, eff_rank, cond, aniso,
[extract] step=3636 SKIP heavy block block_circuits (ordinal=727 basis=step_fallback heavy_every=8)
[extract] step=3636 heavy=FALSE total=243.69s | block_optim=183.91 block_weights=44.83 block_trajectory=0.93
[collector wcpu3] cpu-pass DONE run_id=plantclef__stable_evo__s42 step=3636 blocks_ok=3 t=243.689s (all_passes_complete=False)
[collector wcpu3] --once drained 1 checkpoint(s); exiting.
[cwcpu3] drained 1 checkpoint(s); looping.
[collector wcpu3] no probe/val CSV (probe_csv=None, val_csv=None); forward/backward blocks skipped for run_id=plantclef__stable_evo__s42.
[Extractor] block_set='cpu': CPU-only block set ['block_optim', 'block_weights', 'block_trajectory', 'block_circuits'] needs no model forward — skipping probe/Hessian build (no CSV/dataloaders, lower host RAM).
/blue/guralnick/share/r.dinnage/Projects/phenovision/xAI/py/extractor/block_optim.py:258: RuntimeWarning: overflow encountered in cast
  scalars = np.array([lam_max, lam_floor, trace, sum_log, pr, eff_rank, cond, aniso,
[extract] step=3660 SKIP heavy block block_circuits (ordinal=732 basis=step_fallback heavy_every=8)
[extract] step=3660 heavy=FALSE total=200.23s | block_optim=153.88 block_weights=32.44 block_trajectory=0.85
[collector wcpu3] cpu-pass DONE run_id=plantclef__stable_evo__s42 step=3660 blocks_ok=3 t=200.231s (all_passes_complete=False)
[collector wcpu3] --once drained 1 checkpoint(s); exiting.
[cwcpu3] drained 1 checkpoint(s); looping.
[collector wcpu3] --once drained 0 checkpoint(s); exiting.
[collector wcpu3] --once drained 0 checkpoint(s); exiting.
[collector wcpu3] --once drained 0 checkpoint(s); exiting.
[collector wcpu3] --once drained 0 checkpoint(s); exiting.
[collector wcpu3] --once drained 0 checkpoint(s); exiting.
[collector wcpu3] --once drained 0 checkpoint(s); exiting.
[collector wcpu3] --once drained 0 checkpoint(s); exiting.
[collector wcpu3] no probe/val CSV (probe_csv=None, val_csv=None); forward/backward blocks skipped for run_id=plantclef__stable_evo__s42.
[Extractor] block_set='cpu': CPU-only block set ['block_optim', 'block_weights', 'block_trajectory', 'block_circuits'] needs no model forward — skipping probe/Hessian build (no CSV/dataloaders, lower host RAM).
/blue/guralnick/share/r.dinnage/Projects/phenovision/xAI/py/extractor/block_optim.py:258: RuntimeWarning: overflow encountered in cast
  scalars = np.array([lam_max, lam_floor, trace, sum_log, pr, eff_rank, cond, aniso,
[extract] step=3696 SKIP heavy block block_circuits (ordinal=739 basis=step_fallback heavy_every=8)
[extract] step=3696 heavy=FALSE total=201.60s | block_optim=149.81 block_weights=36.58 block_trajectory=1.04
[collector wcpu3] cpu-pass DONE run_id=plantclef__stable_evo__s42 step=3696 blocks_ok=3 t=201.596s (all_passes_complete=False)
[collector wcpu3] --once drained 1 checkpoint(s); exiting.
error    libmamba Could not set lock (Resource temporarily unavailable)
warning  libmamba Cannot lock '/home/r.dinnage/.cache/mamba/proc'
    Waiting for other mamba process to finish
[cwcpu3] drained 1 checkpoint(s); looping.
error    libmamba Could not set lock (Resource temporarily unavailable)
warning  libmamba Cannot lock '/home/r.dinnage/.cache/mamba/proc'
    Waiting for other mamba process to finish
[collector wcpu3] --once drained 0 checkpoint(s); exiting.
[collector wcpu3] --once drained 0 checkpoint(s); exiting.
[collector wcpu3] --once drained 0 checkpoint(s); exiting.
[collector wcpu3] --once drained 0 checkpoint(s); exiting.
[collector wcpu3] --once drained 0 checkpoint(s); exiting.
error    libmamba Could not set lock (Resource temporarily unavailable)
warning  libmamba Cannot lock '/home/r.dinnage/.cache/mamba/proc'
    Waiting for other mamba process to finish
[collector wcpu3] --once drained 0 checkpoint(s); exiting.
[collector wcpu3] --once drained 0 checkpoint(s); exiting.
[collector wcpu3] --once drained 0 checkpoint(s); exiting.
[collector wcpu3] --once drained 0 checkpoint(s); exiting.
[collector wcpu3] no probe/val CSV (probe_csv=None, val_csv=None); forward/backward blocks skipped for run_id=plantclef__stable_evo__s42.
[Extractor] block_set='cpu': CPU-only block set ['block_optim', 'block_weights', 'block_trajectory', 'block_circuits'] needs no model forward — skipping probe/Hessian build (no CSV/dataloaders, lower host RAM).
/blue/guralnick/share/r.dinnage/Projects/phenovision/xAI/py/extractor/block_optim.py:258: RuntimeWarning: overflow encountered in cast
  scalars = np.array([lam_max, lam_floor, trace, sum_log, pr, eff_rank, cond, aniso,
[extract] step=3732 SKIP heavy block block_circuits (ordinal=746 basis=step_fallback heavy_every=8)
[extract] step=3732 heavy=FALSE total=183.23s | block_optim=138.46 block_weights=31.73 block_trajectory=0.89
[collector wcpu3] cpu-pass DONE run_id=plantclef__stable_evo__s42 step=3732 blocks_ok=3 t=183.225s (all_passes_complete=False)
[collector wcpu3] --once drained 1 checkpoint(s); exiting.
[cwcpu3] drained 1 checkpoint(s); looping.
[collector wcpu3] --once drained 0 checkpoint(s); exiting.
[collector wcpu3] --once drained 0 checkpoint(s); exiting.
[collector wcpu3] no probe/val CSV (probe_csv=None, val_csv=None); forward/backward blocks skipped for run_id=plantclef__stable_evo__s42.
[Extractor] block_set='cpu': CPU-only block set ['block_optim', 'block_weights', 'block_trajectory', 'block_circuits'] needs no model forward — skipping probe/Hessian build (no CSV/dataloaders, lower host RAM).
/blue/guralnick/share/r.dinnage/Projects/phenovision/xAI/py/extractor/block_optim.py:258: RuntimeWarning: overflow encountered in cast
  scalars = np.array([lam_max, lam_floor, trace, sum_log, pr, eff_rank, cond, aniso,
[extract] step=3756 SKIP heavy block block_circuits (ordinal=751 basis=step_fallback heavy_every=8)
[extract] step=3756 heavy=FALSE total=187.48s | block_optim=143.08 block_weights=31.23 block_trajectory=0.89
[collector wcpu3] cpu-pass DONE run_id=plantclef__stable_evo__s42 step=3756 blocks_ok=3 t=187.479s (all_passes_complete=False)
[collector wcpu3] --once drained 1 checkpoint(s); exiting.
[cwcpu3] drained 1 checkpoint(s); looping.
[collector wcpu3] --once drained 0 checkpoint(s); exiting.
error    libmamba Could not set lock (Resource temporarily unavailable)
warning  libmamba Cannot lock '/home/r.dinnage/.cache/mamba/proc'
    Waiting for other mamba process to finish
[collector wcpu3] --once drained 0 checkpoint(s); exiting.
[collector wcpu3] --once drained 0 checkpoint(s); exiting.
error    libmamba Could not set lock (Resource temporarily unavailable)
warning  libmamba Cannot lock '/home/r.dinnage/.cache/mamba/proc'
    Waiting for other mamba process to finish
[collector wcpu3] --once drained 0 checkpoint(s); exiting.
[collector wcpu3] --once drained 0 checkpoint(s); exiting.
[collector wcpu3] --once drained 0 checkpoint(s); exiting.
[collector wcpu3] --once drained 0 checkpoint(s); exiting.
[collector wcpu3] --once drained 0 checkpoint(s); exiting.
[collector wcpu3] --once drained 0 checkpoint(s); exiting.
[collector wcpu3] --once drained 0 checkpoint(s); exiting.
[collector wcpu3] --once drained 0 checkpoint(s); exiting.
[collector wcpu3] --once drained 0 checkpoint(s); exiting.
[collector wcpu3] --once drained 0 checkpoint(s); exiting.
[collector wcpu3] --once drained 0 checkpoint(s); exiting.
[collector wcpu3] --once drained 0 checkpoint(s); exiting.
[collector wcpu3] no probe/val CSV (probe_csv=None, val_csv=None); forward/backward blocks skipped for run_id=plantclef__stable_evo__s42.
[Extractor] block_set='cpu': CPU-only block set ['block_optim', 'block_weights', 'block_trajectory', 'block_circuits'] needs no model forward — skipping probe/Hessian build (no CSV/dataloaders, lower host RAM).
/blue/guralnick/share/r.dinnage/Projects/phenovision/xAI/py/extractor/block_optim.py:258: RuntimeWarning: overflow encountered in cast
  scalars = np.array([lam_max, lam_floor, trace, sum_log, pr, eff_rank, cond, aniso,
[extract] step=3804 heavy=TRUE total=202.85s | block_optim=146.31 block_weights=36.14 block_trajectory=1.43 block_circuits=7.03
[collector wcpu3] cpu-pass DONE run_id=plantclef__stable_evo__s42 step=3804 blocks_ok=4 t=202.846s (all_passes_complete=False)
[collector wcpu3] --once drained 1 checkpoint(s); exiting.
[cwcpu3] drained 1 checkpoint(s); looping.
[collector wcpu3] --once drained 0 checkpoint(s); exiting.
error    libmamba Could not set lock (Resource temporarily unavailable)
warning  libmamba Cannot lock '/home/r.dinnage/.cache/mamba/proc'
    Waiting for other mamba process to finish
[collector wcpu3] --once drained 0 checkpoint(s); exiting.
[collector wcpu3] --once drained 0 checkpoint(s); exiting.
[collector wcpu3] --once drained 0 checkpoint(s); exiting.
[collector wcpu3] --once drained 0 checkpoint(s); exiting.
error    libmamba Could not set lock (Resource temporarily unavailable)
warning  libmamba Cannot lock '/home/r.dinnage/.cache/mamba/proc'
    Waiting for other mamba process to finish
[collector wcpu3] --once drained 0 checkpoint(s); exiting.
[collector wcpu3] --once drained 0 checkpoint(s); exiting.
[collector wcpu3] --once drained 0 checkpoint(s); exiting.
[collector wcpu3] --once drained 0 checkpoint(s); exiting.
[collector wcpu3] --once drained 0 checkpoint(s); exiting.
[collector wcpu3] --once drained 0 checkpoint(s); exiting.
[collector wcpu3] --once drained 0 checkpoint(s); exiting.
error    libmamba Could not set lock (Resource temporarily unavailable)
warning  libmamba Cannot lock '/home/r.dinnage/.cache/mamba/proc'
    Waiting for other mamba process to finish
[collector wcpu3] --once drained 0 checkpoint(s); exiting.
[collector wcpu3] --once drained 0 checkpoint(s); exiting.
[collector wcpu3] --once drained 0 checkpoint(s); exiting.
[collector wcpu3] --once drained 0 checkpoint(s); exiting.
[collector wcpu3] --once drained 0 checkpoint(s); exiting.
[collector wcpu3] --once drained 0 checkpoint(s); exiting.
[collector wcpu3] --once drained 0 checkpoint(s); exiting.
[collector wcpu3] --once drained 0 checkpoint(s); exiting.
error    libmamba Could not set lock (Resource temporarily unavailable)
warning  libmamba Cannot lock '/home/r.dinnage/.cache/mamba/proc'
    Waiting for other mamba process to finish
[collector wcpu3] --once drained 0 checkpoint(s); exiting.
[collector wcpu3] no probe/val CSV (probe_csv=None, val_csv=None); forward/backward blocks skipped for run_id=plantclef__stable_evo__s42.
[Extractor] block_set='cpu': CPU-only block set ['block_optim', 'block_weights', 'block_trajectory', 'block_circuits'] needs no model forward — skipping probe/Hessian build (no CSV/dataloaders, lower host RAM).
/blue/guralnick/share/r.dinnage/Projects/phenovision/xAI/py/extractor/block_optim.py:258: RuntimeWarning: overflow encountered in cast
  scalars = np.array([lam_max, lam_floor, trace, sum_log, pr, eff_rank, cond, aniso,
[extract] step=3876 SKIP heavy block block_circuits (ordinal=775 basis=step_fallback heavy_every=8)
[extract] step=3876 heavy=FALSE total=214.55s | block_optim=166.47 block_weights=37.24 block_trajectory=0.78
[collector wcpu3] cpu-pass DONE run_id=plantclef__stable_evo__s42 step=3876 blocks_ok=3 t=214.546s (all_passes_complete=False)
[collector wcpu3] --once drained 1 checkpoint(s); exiting.
[cwcpu3] drained 1 checkpoint(s); looping.
[collector wcpu3] --once drained 0 checkpoint(s); exiting.
[collector wcpu3] no probe/val CSV (probe_csv=None, val_csv=None); forward/backward blocks skipped for run_id=plantclef__stable_evo__s42.
[Extractor] block_set='cpu': CPU-only block set ['block_optim', 'block_weights', 'block_trajectory', 'block_circuits'] needs no model forward — skipping probe/Hessian build (no CSV/dataloaders, lower host RAM).
/blue/guralnick/share/r.dinnage/Projects/phenovision/xAI/py/extractor/block_optim.py:258: RuntimeWarning: overflow encountered in cast
  scalars = np.array([lam_max, lam_floor, trace, sum_log, pr, eff_rank, cond, aniso,
[extract] step=3900 SKIP heavy block block_circuits (ordinal=780 basis=step_fallback heavy_every=8)
[extract] step=3900 heavy=FALSE total=227.93s | block_optim=168.12 block_weights=45.55 block_trajectory=1.41
[collector wcpu3] cpu-pass DONE run_id=plantclef__stable_evo__s42 step=3900 blocks_ok=3 t=227.932s (all_passes_complete=False)
[collector wcpu3] --once drained 1 checkpoint(s); exiting.
[cwcpu3] drained 1 checkpoint(s); looping.
[collector wcpu3] --once drained 0 checkpoint(s); exiting.
[collector wcpu3] --once drained 0 checkpoint(s); exiting.
[collector wcpu3] --once drained 0 checkpoint(s); exiting.
[collector wcpu3] --once drained 0 checkpoint(s); exiting.
[collector wcpu3] --once drained 0 checkpoint(s); exiting.
[collector wcpu3] --once drained 0 checkpoint(s); exiting.
[collector wcpu3] --once drained 0 checkpoint(s); exiting.
error    libmamba Could not set lock (Resource temporarily unavailable)
warning  libmamba Cannot lock '/home/r.dinnage/.cache/mamba/proc'
    Waiting for other mamba process to finish
[collector wcpu3] --once drained 0 checkpoint(s); exiting.
[collector wcpu3] --once drained 0 checkpoint(s); exiting.
[collector wcpu3] --once drained 0 checkpoint(s); exiting.
[collector wcpu3] --once drained 0 checkpoint(s); exiting.
[collector wcpu3] --once drained 0 checkpoint(s); exiting.
warning  libmamba failed to open /home/r.dinnage/.cache/mamba/proc/4165518.json
[collector wcpu3] --once drained 0 checkpoint(s); exiting.
[collector wcpu3] --once drained 0 checkpoint(s); exiting.
[collector wcpu3] --once drained 0 checkpoint(s); exiting.
[collector wcpu3] --once drained 0 checkpoint(s); exiting.
[collector wcpu3] --once drained 0 checkpoint(s); exiting.
[collector wcpu3] --once drained 0 checkpoint(s); exiting.
[collector wcpu3] --once drained 0 checkpoint(s); exiting.
[collector wcpu3] --once drained 0 checkpoint(s); exiting.
error    libmamba Could not set lock (Resource temporarily unavailable)
warning  libmamba Cannot lock '/home/r.dinnage/.cache/mamba/proc'
    Waiting for other mamba process to finish
[collector wcpu3] --once drained 0 checkpoint(s); exiting.
[collector wcpu3] --once drained 0 checkpoint(s); exiting.
[collector wcpu3] --once drained 0 checkpoint(s); exiting.
[collector wcpu3] --once drained 0 checkpoint(s); exiting.
error    libmamba Could not set lock (Resource temporarily unavailable)
warning  libmamba Cannot lock '/home/r.dinnage/.cache/mamba/proc'
    Waiting for other mamba process to finish
[collector wcpu3] --once drained 0 checkpoint(s); exiting.
[collector wcpu3] --once drained 0 checkpoint(s); exiting.
[collector wcpu3] --once drained 0 checkpoint(s); exiting.
error    libmamba Could not set lock (Resource temporarily unavailable)
warning  libmamba Cannot lock '/home/r.dinnage/.cache/mamba/proc'
    Waiting for other mamba process to finish
[collector wcpu3] --once drained 0 checkpoint(s); exiting.
[collector wcpu3] no probe/val CSV (probe_csv=None, val_csv=None); forward/backward blocks skipped for run_id=plantclef__stable_evo__s42.
[Extractor] block_set='cpu': CPU-only block set ['block_optim', 'block_weights', 'block_trajectory', 'block_circuits'] needs no model forward — skipping probe/Hessian build (no CSV/dataloaders, lower host RAM).
/blue/guralnick/share/r.dinnage/Projects/phenovision/xAI/py/extractor/block_optim.py:258: RuntimeWarning: overflow encountered in cast
  scalars = np.array([lam_max, lam_floor, trace, sum_log, pr, eff_rank, cond, aniso,
[extract] step=3986 SKIP heavy block block_circuits (ordinal=797 basis=step_fallback heavy_every=8)
[extract] step=3986 heavy=FALSE total=236.31s | block_optim=179.76 block_weights=40.17 block_trajectory=1.33
[collector wcpu3] cpu-pass DONE run_id=plantclef__stable_evo__s42 step=3986 blocks_ok=3 t=236.306s (all_passes_complete=False)
[collector wcpu3] --once drained 1 checkpoint(s); exiting.
[cwcpu3] drained 1 checkpoint(s); looping.
[collector wcpu3] --once drained 0 checkpoint(s); exiting.
[collector wcpu3] --once drained 0 checkpoint(s); exiting.
[collector wcpu3] no probe/val CSV (probe_csv=None, val_csv=None); forward/backward blocks skipped for run_id=plantclef__stable_evo__s42.
[Extractor] block_set='cpu': CPU-only block set ['block_optim', 'block_weights', 'block_trajectory', 'block_circuits'] needs no model forward — skipping probe/Hessian build (no CSV/dataloaders, lower host RAM).
/blue/guralnick/share/r.dinnage/Projects/phenovision/xAI/py/extractor/block_optim.py:258: RuntimeWarning: overflow encountered in cast
  scalars = np.array([lam_max, lam_floor, trace, sum_log, pr, eff_rank, cond, aniso,
[extract] step=4010 SKIP heavy block block_circuits (ordinal=802 basis=step_fallback heavy_every=8)
[extract] step=4010 heavy=FALSE total=250.15s | block_optim=187.87 block_weights=44.47 block_trajectory=1.31
[collector wcpu3] cpu-pass DONE run_id=plantclef__stable_evo__s42 step=4010 blocks_ok=3 t=250.152s (all_passes_complete=False)
[collector wcpu3] --once drained 1 checkpoint(s); exiting.
[cwcpu3] drained 1 checkpoint(s); looping.
[collector wcpu3] --once drained 0 checkpoint(s); exiting.
[collector wcpu3] --once drained 0 checkpoint(s); exiting.
[collector wcpu3] --once drained 0 checkpoint(s); exiting.
[collector wcpu3] --once drained 0 checkpoint(s); exiting.
[collector wcpu3] --once drained 0 checkpoint(s); exiting.
[collector wcpu3] --once drained 0 checkpoint(s); exiting.
[collector wcpu3] --once drained 0 checkpoint(s); exiting.
[collector wcpu3] --once drained 0 checkpoint(s); exiting.
[collector wcpu3] --once drained 0 checkpoint(s); exiting.
[collector wcpu3] no probe/val CSV (probe_csv=None, val_csv=None); forward/backward blocks skipped for run_id=plantclef__stable_evo__s42.
[Extractor] block_set='cpu': CPU-only block set ['block_optim', 'block_weights', 'block_trajectory', 'block_circuits'] needs no model forward — skipping probe/Hessian build (no CSV/dataloaders, lower host RAM).
/blue/guralnick/share/r.dinnage/Projects/phenovision/xAI/py/extractor/block_optim.py:258: RuntimeWarning: overflow encountered in cast
  scalars = np.array([lam_max, lam_floor, trace, sum_log, pr, eff_rank, cond, aniso,
[extract] step=4058 SKIP heavy block block_circuits (ordinal=811 basis=step_fallback heavy_every=8)
[extract] step=4058 heavy=FALSE total=229.67s | block_optim=172.65 block_weights=39.94 block_trajectory=1.29
[collector wcpu3] cpu-pass DONE run_id=plantclef__stable_evo__s42 step=4058 blocks_ok=3 t=229.672s (all_passes_complete=False)
[collector wcpu3] --once drained 1 checkpoint(s); exiting.
error    libmamba Could not set lock (Resource temporarily unavailable)
warning  libmamba Cannot lock '/home/r.dinnage/.cache/mamba/proc'
    Waiting for other mamba process to finish
[cwcpu3] drained 1 checkpoint(s); looping.
[collector wcpu3] --once drained 0 checkpoint(s); exiting.
[collector wcpu3] --once drained 0 checkpoint(s); exiting.
[collector wcpu3] --once drained 0 checkpoint(s); exiting.
[collector wcpu3] --once drained 0 checkpoint(s); exiting.
[collector wcpu3] --once drained 0 checkpoint(s); exiting.
[collector wcpu3] --once drained 0 checkpoint(s); exiting.
[collector wcpu3] --once drained 0 checkpoint(s); exiting.
error    libmamba Could not set lock (Resource temporarily unavailable)
warning  libmamba Cannot lock '/home/r.dinnage/.cache/mamba/proc'
    Waiting for other mamba process to finish
[collector wcpu3] --once drained 0 checkpoint(s); exiting.
[collector wcpu3] --once drained 0 checkpoint(s); exiting.
[collector wcpu3] --once drained 0 checkpoint(s); exiting.
error    libmamba Could not set lock (Resource temporarily unavailable)
warning  libmamba Cannot lock '/home/r.dinnage/.cache/mamba/proc'
    Waiting for other mamba process to finish
[collector wcpu3] --once drained 0 checkpoint(s); exiting.
[collector wcpu3] --once drained 0 checkpoint(s); exiting.
error    libmamba Could not set lock (Resource temporarily unavailable)
warning  libmamba Cannot lock '/home/r.dinnage/.cache/mamba/proc'
    Waiting for other mamba process to finish
[collector wcpu3] --once drained 0 checkpoint(s); exiting.
[collector wcpu3] --once drained 0 checkpoint(s); exiting.
[collector wcpu3] --once drained 0 checkpoint(s); exiting.
[collector wcpu3] --once drained 0 checkpoint(s); exiting.
[collector wcpu3] --once drained 0 checkpoint(s); exiting.
[collector wcpu3] --once drained 0 checkpoint(s); exiting.
[collector wcpu3] --once drained 0 checkpoint(s); exiting.
[collector wcpu3] --once drained 0 checkpoint(s); exiting.
error    libmamba Could not set lock (Resource temporarily unavailable)
warning  libmamba Cannot lock '/home/r.dinnage/.cache/mamba/proc'
    Waiting for other mamba process to finish
[collector wcpu3] --once drained 0 checkpoint(s); exiting.
[collector wcpu3] --once drained 0 checkpoint(s); exiting.
[collector wcpu3] --once drained 0 checkpoint(s); exiting.
[collector wcpu3] --once drained 0 checkpoint(s); exiting.
[collector wcpu3] --once drained 0 checkpoint(s); exiting.
error    libmamba Could not set lock (Resource temporarily unavailable)
warning  libmamba Cannot lock '/home/r.dinnage/.cache/mamba/proc'
    Waiting for other mamba process to finish
[collector wcpu3] --once drained 0 checkpoint(s); exiting.
[collector wcpu3] --once drained 0 checkpoint(s); exiting.
[collector wcpu3] --once drained 0 checkpoint(s); exiting.
error    libmamba Could not set lock (Resource temporarily unavailable)
warning  libmamba Cannot lock '/home/r.dinnage/.cache/mamba/proc'
    Waiting for other mamba process to finish
[collector wcpu3] --once drained 0 checkpoint(s); exiting.
[collector wcpu3] --once drained 0 checkpoint(s); exiting.
[collector wcpu3] --once drained 0 checkpoint(s); exiting.
[collector wcpu3] --once drained 0 checkpoint(s); exiting.
[collector wcpu3] --once drained 0 checkpoint(s); exiting.
[collector wcpu3] --once drained 0 checkpoint(s); exiting.
[collector wcpu3] --once drained 0 checkpoint(s); exiting.
[collector wcpu3] --once drained 0 checkpoint(s); exiting.
error    libmamba Could not set lock (Resource temporarily unavailable)
warning  libmamba Cannot lock '/home/r.dinnage/.cache/mamba/proc'
    Waiting for other mamba process to finish
[collector wcpu3] --once drained 0 checkpoint(s); exiting.
[collector wcpu3] --once drained 0 checkpoint(s); exiting.
[collector wcpu3] --once drained 0 checkpoint(s); exiting.
error    libmamba Could not set lock (Resource temporarily unavailable)
warning  libmamba Cannot lock '/home/r.dinnage/.cache/mamba/proc'
    Waiting for other mamba process to finish
[collector wcpu3] --once drained 0 checkpoint(s); exiting.
[collector wcpu3] --once drained 0 checkpoint(s); exiting.
[collector wcpu3] --once drained 0 checkpoint(s); exiting.
[collector wcpu3] --once drained 0 checkpoint(s); exiting.
[collector wcpu3] --once drained 0 checkpoint(s); exiting.
[collector wcpu3] --once drained 0 checkpoint(s); exiting.
[collector wcpu3] --once drained 0 checkpoint(s); exiting.
[collector wcpu3] --once drained 0 checkpoint(s); exiting.
error    libmamba Could not set lock (Resource temporarily unavailable)
warning  libmamba Cannot lock '/home/r.dinnage/.cache/mamba/proc'
    Waiting for other mamba process to finish
[collector wcpu3] --once drained 0 checkpoint(s); exiting.
[collector wcpu3] no probe/val CSV (probe_csv=None, val_csv=None); forward/backward blocks skipped for run_id=plantclef__stable_evo__s42.
[Extractor] block_set='cpu': CPU-only block set ['block_optim', 'block_weights', 'block_trajectory', 'block_circuits'] needs no model forward — skipping probe/Hessian build (no CSV/dataloaders, lower host RAM).
/blue/guralnick/share/r.dinnage/Projects/phenovision/xAI/py/extractor/block_optim.py:258: RuntimeWarning: overflow encountered in cast
  scalars = np.array([lam_max, lam_floor, trace, sum_log, pr, eff_rank, cond, aniso,
[extract] step=4192 SKIP heavy block block_circuits (ordinal=838 basis=step_fallback heavy_every=8)
[extract] step=4192 heavy=FALSE total=214.58s | block_optim=160.02 block_weights=41.41 block_trajectory=0.86
[collector wcpu3] cpu-pass DONE run_id=plantclef__stable_evo__s42 step=4192 blocks_ok=3 t=214.576s (all_passes_complete=False)
[collector wcpu3] --once drained 1 checkpoint(s); exiting.
[cwcpu3] drained 1 checkpoint(s); looping.
[collector wcpu3] --once drained 0 checkpoint(s); exiting.
[collector wcpu3] --once drained 0 checkpoint(s); exiting.
error    libmamba Could not set lock (Resource temporarily unavailable)
warning  libmamba Cannot lock '/home/r.dinnage/.cache/mamba/proc'
    Waiting for other mamba process to finish
[collector wcpu3] --once drained 0 checkpoint(s); exiting.
error    libmamba Could not set lock (Resource temporarily unavailable)
warning  libmamba Cannot lock '/home/r.dinnage/.cache/mamba/proc'
    Waiting for other mamba process to finish
[collector wcpu3] --once drained 0 checkpoint(s); exiting.
[collector wcpu3] --once drained 0 checkpoint(s); exiting.
[collector wcpu3] --once drained 0 checkpoint(s); exiting.
error    libmamba Could not set lock (Resource temporarily unavailable)
warning  libmamba Cannot lock '/home/r.dinnage/.cache/mamba/proc'
    Waiting for other mamba process to finish
[collector wcpu3] --once drained 0 checkpoint(s); exiting.
error    libmamba Could not set lock (Resource temporarily unavailable)
warning  libmamba Cannot lock '/home/r.dinnage/.cache/mamba/proc'
    Waiting for other mamba process to finish
[collector wcpu3] --once drained 0 checkpoint(s); exiting.
[collector wcpu3] --once drained 0 checkpoint(s); exiting.
[collector wcpu3] --once drained 0 checkpoint(s); exiting.
[collector wcpu3] --once drained 0 checkpoint(s); exiting.
[collector wcpu3] --once drained 0 checkpoint(s); exiting.
error    libmamba Could not set lock (Resource temporarily unavailable)
warning  libmamba Cannot lock '/home/r.dinnage/.cache/mamba/proc'
    Waiting for other mamba process to finish
[collector wcpu3] --once drained 0 checkpoint(s); exiting.
[collector wcpu3] no probe/val CSV (probe_csv=None, val_csv=None); forward/backward blocks skipped for run_id=plantclef__stable_evo__s42.
[Extractor] block_set='cpu': CPU-only block set ['block_optim', 'block_weights', 'block_trajectory', 'block_circuits'] needs no model forward — skipping probe/Hessian build (no CSV/dataloaders, lower host RAM).
/blue/guralnick/share/r.dinnage/Projects/phenovision/xAI/py/extractor/block_optim.py:258: RuntimeWarning: overflow encountered in cast
  scalars = np.array([lam_max, lam_floor, trace, sum_log, pr, eff_rank, cond, aniso,
[extract] step=4240 heavy=TRUE total=223.63s | block_optim=160.33 block_weights=41.90 block_trajectory=0.95 block_circuits=7.39
[collector wcpu3] cpu-pass DONE run_id=plantclef__stable_evo__s42 step=4240 blocks_ok=4 t=223.633s (all_passes_complete=False)
[collector wcpu3] --once drained 1 checkpoint(s); exiting.
[cwcpu3] drained 1 checkpoint(s); looping.
[collector wcpu3] --once drained 0 checkpoint(s); exiting.
[collector wcpu3] --once drained 0 checkpoint(s); exiting.
[collector wcpu3] --once drained 0 checkpoint(s); exiting.
[collector wcpu3] --once drained 0 checkpoint(s); exiting.
[collector wcpu3] --once drained 0 checkpoint(s); exiting.
[collector wcpu3] --once drained 0 checkpoint(s); exiting.
[collector wcpu3] no probe/val CSV (probe_csv=None, val_csv=None); forward/backward blocks skipped for run_id=plantclef__stable_evo__s42.
[Extractor] block_set='cpu': CPU-only block set ['block_optim', 'block_weights', 'block_trajectory', 'block_circuits'] needs no model forward — skipping probe/Hessian build (no CSV/dataloaders, lower host RAM).
/blue/guralnick/share/r.dinnage/Projects/phenovision/xAI/py/extractor/block_optim.py:258: RuntimeWarning: overflow encountered in cast
  scalars = np.array([lam_max, lam_floor, trace, sum_log, pr, eff_rank, cond, aniso,
[extract] step=4276 SKIP heavy block block_circuits (ordinal=855 basis=step_fallback heavy_every=8)
[extract] step=4276 heavy=FALSE total=235.10s | block_optim=178.23 block_weights=42.82 block_trajectory=1.18
[collector wcpu3] cpu-pass DONE run_id=plantclef__stable_evo__s42 step=4276 blocks_ok=3 t=235.101s (all_passes_complete=False)
[collector wcpu3] --once drained 1 checkpoint(s); exiting.
[cwcpu3] drained 1 checkpoint(s); looping.
[collector wcpu3] no probe/val CSV (probe_csv=None, val_csv=None); forward/backward blocks skipped for run_id=plantclef__stable_evo__s42.
[Extractor] block_set='cpu': CPU-only block set ['block_optim', 'block_weights', 'block_trajectory', 'block_circuits'] needs no model forward — skipping probe/Hessian build (no CSV/dataloaders, lower host RAM).
/blue/guralnick/share/r.dinnage/Projects/phenovision/xAI/py/extractor/block_optim.py:258: RuntimeWarning: overflow encountered in cast
  scalars = np.array([lam_max, lam_floor, trace, sum_log, pr, eff_rank, cond, aniso,
[extract] step=4300 SKIP heavy block block_circuits (ordinal=860 basis=step_fallback heavy_every=8)
[extract] step=4300 heavy=FALSE total=237.08s | block_optim=183.12 block_weights=39.10 block_trajectory=0.92
[collector wcpu3] cpu-pass DONE run_id=plantclef__stable_evo__s42 step=4300 blocks_ok=3 t=237.085s (all_passes_complete=False)
[collector wcpu3] --once drained 1 checkpoint(s); exiting.
[cwcpu3] drained 1 checkpoint(s); looping.
[collector wcpu3] --once drained 0 checkpoint(s); exiting.
[collector wcpu3] --once drained 0 checkpoint(s); exiting.
[collector wcpu3] --once drained 0 checkpoint(s); exiting.
[collector wcpu3] --once drained 0 checkpoint(s); exiting.
[collector wcpu3] --once drained 0 checkpoint(s); exiting.
[collector wcpu3] --once drained 0 checkpoint(s); exiting.
[collector wcpu3] --once drained 0 checkpoint(s); exiting.
[collector wcpu3] --once drained 0 checkpoint(s); exiting.
error    libmamba Could not set lock (Resource temporarily unavailable)
warning  libmamba Cannot lock '/home/r.dinnage/.cache/mamba/proc'
    Waiting for other mamba process to finish
[collector wcpu3] --once drained 0 checkpoint(s); exiting.
[collector wcpu3] --once drained 0 checkpoint(s); exiting.
[collector wcpu3] --once drained 0 checkpoint(s); exiting.
[collector wcpu3] --once drained 0 checkpoint(s); exiting.
[collector wcpu3] --once drained 0 checkpoint(s); exiting.
[collector wcpu3] --once drained 0 checkpoint(s); exiting.
[collector wcpu3] --once drained 0 checkpoint(s); exiting.
[collector wcpu3] --once drained 0 checkpoint(s); exiting.
[collector wcpu3] --once drained 0 checkpoint(s); exiting.
[collector wcpu3] --once drained 0 checkpoint(s); exiting.
[collector wcpu3] --once drained 0 checkpoint(s); exiting.
[collector wcpu3] --once drained 0 checkpoint(s); exiting.
[collector wcpu3] --once drained 0 checkpoint(s); exiting.
[collector wcpu3] --once drained 0 checkpoint(s); exiting.
error    libmamba Could not set lock (Resource temporarily unavailable)
warning  libmamba Cannot lock '/home/r.dinnage/.cache/mamba/proc'
    Waiting for other mamba process to finish
[collector wcpu3] --once drained 0 checkpoint(s); exiting.
[collector wcpu3] --once drained 0 checkpoint(s); exiting.
[collector wcpu3] --once drained 0 checkpoint(s); exiting.
[collector wcpu3] --once drained 0 checkpoint(s); exiting.
[collector wcpu3] --once drained 0 checkpoint(s); exiting.
error    libmamba Could not set lock (Resource temporarily unavailable)
warning  libmamba Cannot lock '/home/r.dinnage/.cache/mamba/proc'
    Waiting for other mamba process to finish
[collector wcpu3] --once drained 0 checkpoint(s); exiting.
[collector wcpu3] --once drained 0 checkpoint(s); exiting.
error    libmamba Could not set lock (Resource temporarily unavailable)
warning  libmamba Cannot lock '/home/r.dinnage/.cache/mamba/proc'
    Waiting for other mamba process to finish
[collector wcpu3] --once drained 0 checkpoint(s); exiting.
[collector wcpu3] no probe/val CSV (probe_csv=None, val_csv=None); forward/backward blocks skipped for run_id=plantclef__stable_evo__s42.
[Extractor] block_set='cpu': CPU-only block set ['block_optim', 'block_weights', 'block_trajectory', 'block_circuits'] needs no model forward — skipping probe/Hessian build (no CSV/dataloaders, lower host RAM).
/blue/guralnick/share/r.dinnage/Projects/phenovision/xAI/py/extractor/block_optim.py:258: RuntimeWarning: overflow encountered in cast
  scalars = np.array([lam_max, lam_floor, trace, sum_log, pr, eff_rank, cond, aniso,
[extract] step=4396 SKIP heavy block block_circuits (ordinal=879 basis=step_fallback heavy_every=8)
[extract] step=4396 heavy=FALSE total=238.19s | block_optim=184.79 block_weights=39.17 block_trajectory=1.45
[collector wcpu3] cpu-pass DONE run_id=plantclef__stable_evo__s42 step=4396 blocks_ok=3 t=238.191s (all_passes_complete=False)
[collector wcpu3] --once drained 1 checkpoint(s); exiting.
error    libmamba Could not set lock (Resource temporarily unavailable)
warning  libmamba Cannot lock '/home/r.dinnage/.cache/mamba/proc'
    Waiting for other mamba process to finish
[cwcpu3] drained 1 checkpoint(s); looping.
[collector wcpu3] --once drained 0 checkpoint(s); exiting.
[collector wcpu3] --once drained 0 checkpoint(s); exiting.
[collector wcpu3] no probe/val CSV (probe_csv=None, val_csv=None); forward/backward blocks skipped for run_id=plantclef__stable_evo__s42.
[Extractor] block_set='cpu': CPU-only block set ['block_optim', 'block_weights', 'block_trajectory', 'block_circuits'] needs no model forward — skipping probe/Hessian build (no CSV/dataloaders, lower host RAM).
/blue/guralnick/share/r.dinnage/Projects/phenovision/xAI/py/extractor/block_optim.py:258: RuntimeWarning: overflow encountered in cast
  scalars = np.array([lam_max, lam_floor, trace, sum_log, pr, eff_rank, cond, aniso,
[extract] step=4420 SKIP heavy block block_circuits (ordinal=884 basis=step_fallback heavy_every=8)
[extract] step=4420 heavy=FALSE total=228.07s | block_optim=174.30 block_weights=39.80 block_trajectory=0.93
[collector wcpu3] cpu-pass DONE run_id=plantclef__stable_evo__s42 step=4420 blocks_ok=3 t=228.068s (all_passes_complete=False)
[collector wcpu3] --once drained 1 checkpoint(s); exiting.
[cwcpu3] drained 1 checkpoint(s); looping.
[collector wcpu3] --once drained 0 checkpoint(s); exiting.
[collector wcpu3] --once drained 0 checkpoint(s); exiting.
[collector wcpu3] --once drained 0 checkpoint(s); exiting.
error    libmamba Could not set lock (Resource temporarily unavailable)
warning  libmamba Cannot lock '/home/r.dinnage/.cache/mamba/proc'
    Waiting for other mamba process to finish
[collector wcpu3] --once drained 0 checkpoint(s); exiting.
error    libmamba Could not set lock (Resource temporarily unavailable)
warning  libmamba Cannot lock '/home/r.dinnage/.cache/mamba/proc'
    Waiting for other mamba process to finish
[collector wcpu3] --once drained 0 checkpoint(s); exiting.
[collector wcpu3] --once drained 0 checkpoint(s); exiting.
[collector wcpu3] --once drained 0 checkpoint(s); exiting.
[collector wcpu3] --once drained 0 checkpoint(s); exiting.
[collector wcpu3] --once drained 0 checkpoint(s); exiting.
[collector wcpu3] --once drained 0 checkpoint(s); exiting.
[collector wcpu3] --once drained 0 checkpoint(s); exiting.
[collector wcpu3] --once drained 0 checkpoint(s); exiting.
[collector wcpu3] --once drained 0 checkpoint(s); exiting.
[collector wcpu3] --once drained 0 checkpoint(s); exiting.
error    libmamba Could not set lock (Resource temporarily unavailable)
warning  libmamba Cannot lock '/home/r.dinnage/.cache/mamba/proc'
    Waiting for other mamba process to finish
[collector wcpu3] --once drained 0 checkpoint(s); exiting.
[collector wcpu3] --once drained 0 checkpoint(s); exiting.
[collector wcpu3] --once drained 0 checkpoint(s); exiting.
[collector wcpu3] --once drained 0 checkpoint(s); exiting.
[collector wcpu3] --once drained 0 checkpoint(s); exiting.
[collector wcpu3] --once drained 0 checkpoint(s); exiting.
[collector wcpu3] --once drained 0 checkpoint(s); exiting.
[collector wcpu3] --once drained 0 checkpoint(s); exiting.
[collector wcpu3] --once drained 0 checkpoint(s); exiting.
error    libmamba Could not set lock (Resource temporarily unavailable)
warning  libmamba Cannot lock '/home/r.dinnage/.cache/mamba/proc'
    Waiting for other mamba process to finish
[collector wcpu3] --once drained 0 checkpoint(s); exiting.
[collector wcpu3] --once drained 0 checkpoint(s); exiting.
error    libmamba Could not set lock (Resource temporarily unavailable)
warning  libmamba Cannot lock '/home/r.dinnage/.cache/mamba/proc'
    Waiting for other mamba process to finish
[collector wcpu3] --once drained 0 checkpoint(s); exiting.
[collector wcpu3] --once drained 0 checkpoint(s); exiting.
[collector wcpu3] --once drained 0 checkpoint(s); exiting.
error    libmamba Could not set lock (Resource temporarily unavailable)
warning  libmamba Cannot lock '/home/r.dinnage/.cache/mamba/proc'
    Waiting for other mamba process to finish
[collector wcpu3] --once drained 0 checkpoint(s); exiting.
[collector wcpu3] --once drained 0 checkpoint(s); exiting.
[collector wcpu3] --once drained 0 checkpoint(s); exiting.
[collector wcpu3] --once drained 0 checkpoint(s); exiting.
[collector wcpu3] --once drained 0 checkpoint(s); exiting.
[collector wcpu3] --once drained 0 checkpoint(s); exiting.
error    libmamba Could not set lock (Resource temporarily unavailable)
warning  libmamba Cannot lock '/home/r.dinnage/.cache/mamba/proc'
    Waiting for other mamba process to finish
[collector wcpu3] --once drained 0 checkpoint(s); exiting.
[collector wcpu3] --once drained 0 checkpoint(s); exiting.
[collector wcpu3] --once drained 0 checkpoint(s); exiting.
[collector wcpu3] --once drained 0 checkpoint(s); exiting.
[collector wcpu3] --once drained 0 checkpoint(s); exiting.
[collector wcpu3] --once drained 0 checkpoint(s); exiting.
[collector wcpu3] --once drained 0 checkpoint(s); exiting.
[collector wcpu3] --once drained 0 checkpoint(s); exiting.
[collector wcpu3] --once drained 0 checkpoint(s); exiting.
error    libmamba Could not set lock (Resource temporarily unavailable)
warning  libmamba Cannot lock '/home/r.dinnage/.cache/mamba/proc'
    Waiting for other mamba process to finish
[collector wcpu3] --once drained 0 checkpoint(s); exiting.
[collector wcpu3] --once drained 0 checkpoint(s); exiting.
[collector wcpu3] --once drained 0 checkpoint(s); exiting.
[collector wcpu3] --once drained 0 checkpoint(s); exiting.
error    libmamba Could not set lock (Resource temporarily unavailable)
warning  libmamba Cannot lock '/home/r.dinnage/.cache/mamba/proc'
    Waiting for other mamba process to finish
[collector wcpu3] --once drained 0 checkpoint(s); exiting.
error    libmamba Could not set lock (Resource temporarily unavailable)
warning  libmamba Cannot lock '/home/r.dinnage/.cache/mamba/proc'
    Waiting for other mamba process to finish
[collector wcpu3] no probe/val CSV (probe_csv=None, val_csv=None); forward/backward blocks skipped for run_id=plantclef__stable_evo__s42.
[Extractor] block_set='cpu': CPU-only block set ['block_optim', 'block_weights', 'block_trajectory', 'block_circuits'] needs no model forward — skipping probe/Hessian build (no CSV/dataloaders, lower host RAM).
/blue/guralnick/share/r.dinnage/Projects/phenovision/xAI/py/extractor/block_optim.py:258: RuntimeWarning: overflow encountered in cast
  scalars = np.array([lam_max, lam_floor, trace, sum_log, pr, eff_rank, cond, aniso,
[extract] step=4554 SKIP heavy block block_circuits (ordinal=910 basis=step_fallback heavy_every=8)
[extract] step=4554 heavy=FALSE total=220.62s | block_optim=167.12 block_weights=36.90 block_trajectory=0.93
[collector wcpu3] cpu-pass DONE run_id=plantclef__stable_evo__s42 step=4554 blocks_ok=3 t=220.623s (all_passes_complete=False)
[collector wcpu3] --once drained 1 checkpoint(s); exiting.
[cwcpu3] drained 1 checkpoint(s); looping.
[collector wcpu3] --once drained 0 checkpoint(s); exiting.
[collector wcpu3] --once drained 0 checkpoint(s); exiting.
error    libmamba Could not set lock (Resource temporarily unavailable)
warning  libmamba Cannot lock '/home/r.dinnage/.cache/mamba/proc'
    Waiting for other mamba process to finish
[collector wcpu3] --once drained 0 checkpoint(s); exiting.
[collector wcpu3] --once drained 0 checkpoint(s); exiting.
error    libmamba Could not set lock (Resource temporarily unavailable)
warning  libmamba Cannot lock '/home/r.dinnage/.cache/mamba/proc'
    Waiting for other mamba process to finish
[collector wcpu3] --once drained 0 checkpoint(s); exiting.
[collector wcpu3] --once drained 0 checkpoint(s); exiting.
[collector wcpu3] --once drained 0 checkpoint(s); exiting.
[collector wcpu3] --once drained 0 checkpoint(s); exiting.
[collector wcpu3] --once drained 0 checkpoint(s); exiting.
[collector wcpu3] --once drained 0 checkpoint(s); exiting.
error    libmamba Could not set lock (Resource temporarily unavailable)
warning  libmamba Cannot lock '/home/r.dinnage/.cache/mamba/proc'
    Waiting for other mamba process to finish
[collector wcpu3] --once drained 0 checkpoint(s); exiting.
error    libmamba Could not set lock (Resource temporarily unavailable)
warning  libmamba Cannot lock '/home/r.dinnage/.cache/mamba/proc'
    Waiting for other mamba process to finish
[collector wcpu3] --once drained 0 checkpoint(s); exiting.
[collector wcpu3] --once drained 0 checkpoint(s); exiting.
[collector wcpu3] --once drained 0 checkpoint(s); exiting.
[collector wcpu3] --once drained 0 checkpoint(s); exiting.
[collector wcpu3] --once drained 0 checkpoint(s); exiting.
error    libmamba Could not set lock (Resource temporarily unavailable)
warning  libmamba Cannot lock '/home/r.dinnage/.cache/mamba/proc'
    Waiting for other mamba process to finish
[collector wcpu3] --once drained 0 checkpoint(s); exiting.
error    libmamba Could not set lock (Resource temporarily unavailable)
warning  libmamba Cannot lock '/home/r.dinnage/.cache/mamba/proc'
    Waiting for other mamba process to finish
[collector wcpu3] --once drained 0 checkpoint(s); exiting.
error    libmamba Could not set lock (Resource temporarily unavailable)
warning  libmamba Cannot lock '/home/r.dinnage/.cache/mamba/proc'
    Waiting for other mamba process to finish
[collector wcpu3] --once drained 0 checkpoint(s); exiting.
error    libmamba Could not set lock (Resource temporarily unavailable)
warning  libmamba Cannot lock '/home/r.dinnage/.cache/mamba/proc'
    Waiting for other mamba process to finish
[collector wcpu3] --once drained 0 checkpoint(s); exiting.
error    libmamba Could not set lock (Resource temporarily unavailable)
warning  libmamba Cannot lock '/home/r.dinnage/.cache/mamba/proc'
    Waiting for other mamba process to finish
[collector wcpu3] --once drained 0 checkpoint(s); exiting.
error    libmamba Could not set lock (Resource temporarily unavailable)
warning  libmamba Cannot lock '/home/r.dinnage/.cache/mamba/proc'
    Waiting for other mamba process to finish
[collector wcpu3] --once drained 0 checkpoint(s); exiting.
error    libmamba Could not set lock (Resource temporarily unavailable)
warning  libmamba Cannot lock '/home/r.dinnage/.cache/mamba/proc'
    Waiting for other mamba process to finish
[collector wcpu3] --once drained 0 checkpoint(s); exiting.
error    libmamba Could not set lock (Resource temporarily unavailable)
warning  libmamba Cannot lock '/home/r.dinnage/.cache/mamba/proc'
    Waiting for other mamba process to finish
[collector wcpu3] --once drained 0 checkpoint(s); exiting.
[collector wcpu3] --once drained 0 checkpoint(s); exiting.
[collector wcpu3] --once drained 0 checkpoint(s); exiting.
[collector wcpu3] --once drained 0 checkpoint(s); exiting.
error    libmamba Could not set lock (Resource temporarily unavailable)
warning  libmamba Cannot lock '/home/r.dinnage/.cache/mamba/proc'
    Waiting for other mamba process to finish
[collector wcpu3] --once drained 0 checkpoint(s); exiting.
[collector wcpu3] --once drained 0 checkpoint(s); exiting.
[collector wcpu3] --once drained 0 checkpoint(s); exiting.
[collector wcpu3] no probe/val CSV (probe_csv=None, val_csv=None); forward/backward blocks skipped for run_id=plantclef__stable_evo__s42.
[Extractor] block_set='cpu': CPU-only block set ['block_optim', 'block_weights', 'block_trajectory', 'block_circuits'] needs no model forward — skipping probe/Hessian build (no CSV/dataloaders, lower host RAM).
/blue/guralnick/share/r.dinnage/Projects/phenovision/xAI/py/extractor/block_optim.py:258: RuntimeWarning: overflow encountered in cast
  scalars = np.array([lam_max, lam_floor, trace, sum_log, pr, eff_rank, cond, aniso,
[extract] step=4662 SKIP heavy block block_circuits (ordinal=932 basis=step_fallback heavy_every=8)
[extract] step=4662 heavy=FALSE total=220.31s | block_optim=164.16 block_weights=40.06 block_trajectory=1.37
[collector wcpu3] cpu-pass DONE run_id=plantclef__stable_evo__s42 step=4662 blocks_ok=3 t=220.311s (all_passes_complete=False)
[collector wcpu3] --once drained 1 checkpoint(s); exiting.
[cwcpu3] drained 1 checkpoint(s); looping.
[collector wcpu3] --once drained 0 checkpoint(s); exiting.
error    libmamba Could not set lock (Resource temporarily unavailable)
warning  libmamba Cannot lock '/home/r.dinnage/.cache/mamba/proc'
    Waiting for other mamba process to finish
[collector wcpu3] --once drained 0 checkpoint(s); exiting.
[collector wcpu3] --once drained 0 checkpoint(s); exiting.
[collector wcpu3] --once drained 0 checkpoint(s); exiting.
error    libmamba Could not set lock (Resource temporarily unavailable)
warning  libmamba Cannot lock '/home/r.dinnage/.cache/mamba/proc'
    Waiting for other mamba process to finish
[collector wcpu3] --once drained 0 checkpoint(s); exiting.
[collector wcpu3] --once drained 0 checkpoint(s); exiting.
[collector wcpu3] --once drained 0 checkpoint(s); exiting.
[collector wcpu3] --once drained 0 checkpoint(s); exiting.
[collector wcpu3] --once drained 0 checkpoint(s); exiting.
error    libmamba Could not set lock (Resource temporarily unavailable)
warning  libmamba Cannot lock '/home/r.dinnage/.cache/mamba/proc'
    Waiting for other mamba process to finish
[collector wcpu3] --once drained 0 checkpoint(s); exiting.
[collector wcpu3] --once drained 0 checkpoint(s); exiting.
[collector wcpu3] --once drained 0 checkpoint(s); exiting.
error    libmamba Could not set lock (Resource temporarily unavailable)
warning  libmamba Cannot lock '/home/r.dinnage/.cache/mamba/proc'
    Waiting for other mamba process to finish
[collector wcpu3] --once drained 0 checkpoint(s); exiting.
[collector wcpu3] --once drained 0 checkpoint(s); exiting.
[collector wcpu3] --once drained 0 checkpoint(s); exiting.
[collector wcpu3] --once drained 0 checkpoint(s); exiting.
[collector wcpu3] --once drained 0 checkpoint(s); exiting.
[collector wcpu3] no probe/val CSV (probe_csv=None, val_csv=None); forward/backward blocks skipped for run_id=plantclef__stable_evo__s42.
[Extractor] block_set='cpu': CPU-only block set ['block_optim', 'block_weights', 'block_trajectory', 'block_circuits'] needs no model forward — skipping probe/Hessian build (no CSV/dataloaders, lower host RAM).
/blue/guralnick/share/r.dinnage/Projects/phenovision/xAI/py/extractor/block_optim.py:258: RuntimeWarning: overflow encountered in cast
  scalars = np.array([lam_max, lam_floor, trace, sum_log, pr, eff_rank, cond, aniso,
[extract] step=4722 heavy=TRUE total=254.34s | block_optim=194.71 block_weights=38.77 block_trajectory=1.07 block_circuits=6.31
[collector wcpu3] cpu-pass DONE run_id=plantclef__stable_evo__s42 step=4722 blocks_ok=4 t=254.344s (all_passes_complete=False)
[collector wcpu3] --once drained 1 checkpoint(s); exiting.
[cwcpu3] drained 1 checkpoint(s); looping.
[collector wcpu3] --once drained 0 checkpoint(s); exiting.
[collector wcpu3] --once drained 0 checkpoint(s); exiting.
[collector wcpu3] --once drained 0 checkpoint(s); exiting.
[collector wcpu3] --once drained 0 checkpoint(s); exiting.
error    libmamba Could not set lock (Resource temporarily unavailable)
warning  libmamba Cannot lock '/home/r.dinnage/.cache/mamba/proc'
    Waiting for other mamba process to finish
[collector wcpu3] --once drained 0 checkpoint(s); exiting.
[collector wcpu3] --once drained 0 checkpoint(s); exiting.
[collector wcpu3] --once drained 0 checkpoint(s); exiting.
[collector wcpu3] --once drained 0 checkpoint(s); exiting.
[collector wcpu3] --once drained 0 checkpoint(s); exiting.
[collector wcpu3] --once drained 0 checkpoint(s); exiting.
[collector wcpu3] --once drained 0 checkpoint(s); exiting.
[collector wcpu3] --once drained 0 checkpoint(s); exiting.
[collector wcpu3] --once drained 0 checkpoint(s); exiting.
[collector wcpu3] --once drained 0 checkpoint(s); exiting.
error    libmamba Could not set lock (Resource temporarily unavailable)
warning  libmamba Cannot lock '/home/r.dinnage/.cache/mamba/proc'
    Waiting for other mamba process to finish
[collector wcpu3] --once drained 0 checkpoint(s); exiting.
[collector wcpu3] --once drained 0 checkpoint(s); exiting.
[collector wcpu3] --once drained 0 checkpoint(s); exiting.
[collector wcpu3] --once drained 0 checkpoint(s); exiting.
[collector wcpu3] --once drained 0 checkpoint(s); exiting.
[collector wcpu3] --once drained 0 checkpoint(s); exiting.
[collector wcpu3] --once drained 0 checkpoint(s); exiting.
[collector wcpu3] --once drained 0 checkpoint(s); exiting.
[collector wcpu3] --once drained 0 checkpoint(s); exiting.
[collector wcpu3] --once drained 0 checkpoint(s); exiting.
[collector wcpu3] no probe/val CSV (probe_csv=None, val_csv=None); forward/backward blocks skipped for run_id=plantclef__stable_evo__s42.
[Extractor] block_set='cpu': CPU-only block set ['block_optim', 'block_weights', 'block_trajectory', 'block_circuits'] needs no model forward — skipping probe/Hessian build (no CSV/dataloaders, lower host RAM).
/blue/guralnick/share/r.dinnage/Projects/phenovision/xAI/py/extractor/block_optim.py:258: RuntimeWarning: overflow encountered in cast
  scalars = np.array([lam_max, lam_floor, trace, sum_log, pr, eff_rank, cond, aniso,
[extract] step=4800 heavy=TRUE total=227.98s | block_optim=166.93 block_weights=41.17 block_trajectory=1.32 block_circuits=7.17
[collector wcpu3] cpu-pass DONE run_id=plantclef__stable_evo__s42 step=4800 blocks_ok=4 t=227.985s (all_passes_complete=False)
[collector wcpu3] --once drained 1 checkpoint(s); exiting.
[cwcpu3] drained 1 checkpoint(s); looping.
[collector wcpu3] --once drained 0 checkpoint(s); exiting.
[cwcpu3] all RUN_COMPLETE sentinels present; performing FINAL drain...
[cwcpu3] final drain found nothing new and aggregate queue depth=0 -> all runs collected. Exiting.
Done: Fri Jun 19 05:50:10 PM EDT 2026
