Fri Jun 19 06:02:59 AM EDT 2026
host=c0703a-s9.ufhpc
pwd=/blue/guralnick/share/r.dinnage/Projects/phenovision
=== preadapt CPU collector worker 4 ===
run_dirs=xAI/output/preadapt_v2/plantclef__stable_evo__s42
watch_dirs=xAI/output/preadapt_v2/plantclef__stable_evo__s42/checkpoints
sentinels=xAI/output/preadapt_v2/plantclef__stable_evo__s42/RUN_COMPLETE
out_store=xAI/output/preadapt_v2/_extract_store
nthreads=8
poll=15s heavy_every=8 retention_latest_keep=2 keep_full_latest=2
train_jids=35120233
error    libmamba Could not set lock (Resource temporarily unavailable)
warning  libmamba Cannot lock '/home/r.dinnage/.cache/mamba/proc'
    Waiting for other mamba process to finish
[collector wcpu4] --once drained 0 checkpoint(s); exiting.
error    libmamba Could not set lock (Resource temporarily unavailable)
warning  libmamba Cannot lock '/home/r.dinnage/.cache/mamba/proc'
    Waiting for other mamba process to finish
error    libmamba Could not set lock (Resource temporarily unavailable)
warning  libmamba Cannot lock '/home/r.dinnage/.cache/mamba/proc'
    Waiting for other mamba process to finish
[collector wcpu4] --once drained 0 checkpoint(s); exiting.
[collector wcpu4] --once drained 0 checkpoint(s); exiting.
[collector wcpu4] --once drained 0 checkpoint(s); exiting.
[collector wcpu4] --once drained 0 checkpoint(s); exiting.
[collector wcpu4] --once drained 0 checkpoint(s); exiting.
[collector wcpu4] --once drained 0 checkpoint(s); exiting.
[collector wcpu4] --once drained 0 checkpoint(s); exiting.
[collector wcpu4] --once drained 0 checkpoint(s); exiting.
[collector wcpu4] --once drained 0 checkpoint(s); exiting.
[collector wcpu4] --once drained 0 checkpoint(s); exiting.
[collector wcpu4] --once drained 0 checkpoint(s); exiting.
[collector wcpu4] --once drained 0 checkpoint(s); exiting.
[collector wcpu4] --once drained 0 checkpoint(s); exiting.
[collector wcpu4] --once drained 0 checkpoint(s); exiting.
[collector wcpu4] --once drained 0 checkpoint(s); exiting.
[collector wcpu4] --once drained 0 checkpoint(s); exiting.
[collector wcpu4] --once drained 0 checkpoint(s); exiting.
[collector wcpu4] --once drained 0 checkpoint(s); exiting.
[collector wcpu4] --once drained 0 checkpoint(s); exiting.
[collector wcpu4] --once drained 0 checkpoint(s); exiting.
[collector wcpu4] --once drained 0 checkpoint(s); exiting.
[collector wcpu4] --once drained 0 checkpoint(s); exiting.
[collector wcpu4] --once drained 0 checkpoint(s); exiting.
error    libmamba Could not set lock (Resource temporarily unavailable)
warning  libmamba Cannot lock '/home/r.dinnage/.cache/mamba/proc'
    Waiting for other mamba process to finish
[collector wcpu4] --once drained 0 checkpoint(s); exiting.
[collector wcpu4] --once drained 0 checkpoint(s); exiting.
[collector wcpu4] --once drained 0 checkpoint(s); exiting.
error    libmamba Could not set lock (Resource temporarily unavailable)
warning  libmamba Cannot lock '/home/r.dinnage/.cache/mamba/proc'
    Waiting for other mamba process to finish
[collector wcpu4] --once drained 0 checkpoint(s); exiting.
[collector wcpu4] --once drained 0 checkpoint(s); exiting.
[collector wcpu4] --once drained 0 checkpoint(s); exiting.
[collector wcpu4] --once drained 0 checkpoint(s); exiting.
[collector wcpu4] --once drained 0 checkpoint(s); exiting.
[collector wcpu4] --once drained 0 checkpoint(s); exiting.
[collector wcpu4] --once drained 0 checkpoint(s); exiting.
error    libmamba Could not set lock (Resource temporarily unavailable)
warning  libmamba Cannot lock '/home/r.dinnage/.cache/mamba/proc'
    Waiting for other mamba process to finish
[collector wcpu4] --once drained 0 checkpoint(s); exiting.
[collector wcpu4] --once drained 0 checkpoint(s); exiting.
[collector wcpu4] --once drained 0 checkpoint(s); exiting.
[collector wcpu4] --once drained 0 checkpoint(s); exiting.
[collector wcpu4] --once drained 0 checkpoint(s); exiting.
[collector wcpu4] --once drained 0 checkpoint(s); exiting.
[collector wcpu4] --once drained 0 checkpoint(s); exiting.
[collector wcpu4] --once drained 0 checkpoint(s); exiting.
[collector wcpu4] --once drained 0 checkpoint(s); exiting.
[collector wcpu4] --once drained 0 checkpoint(s); exiting.
error    libmamba Could not set lock (Resource temporarily unavailable)
warning  libmamba Cannot lock '/home/r.dinnage/.cache/mamba/proc'
    Waiting for other mamba process to finish
[collector wcpu4] --once drained 0 checkpoint(s); exiting.
[collector wcpu4] --once drained 0 checkpoint(s); exiting.
error    libmamba Could not set lock (Resource temporarily unavailable)
warning  libmamba Cannot lock '/home/r.dinnage/.cache/mamba/proc'
    Waiting for other mamba process to finish
[collector wcpu4] --once drained 0 checkpoint(s); exiting.
[collector wcpu4] --once drained 0 checkpoint(s); exiting.
[collector wcpu4] --once drained 0 checkpoint(s); exiting.
[collector wcpu4] --once drained 0 checkpoint(s); exiting.
[collector wcpu4] --once drained 0 checkpoint(s); exiting.
[collector wcpu4] --once drained 0 checkpoint(s); exiting.
error    libmamba Could not set lock (Resource temporarily unavailable)
warning  libmamba Cannot lock '/home/r.dinnage/.cache/mamba/proc'
    Waiting for other mamba process to finish
[collector wcpu4] --once drained 0 checkpoint(s); exiting.
[collector wcpu4] --once drained 0 checkpoint(s); exiting.
[collector wcpu4] --once drained 0 checkpoint(s); exiting.
error    libmamba Could not set lock (Resource temporarily unavailable)
warning  libmamba Cannot lock '/home/r.dinnage/.cache/mamba/proc'
    Waiting for other mamba process to finish
[collector wcpu4] --once drained 0 checkpoint(s); exiting.
[collector wcpu4] --once drained 0 checkpoint(s); exiting.
[collector wcpu4] --once drained 0 checkpoint(s); exiting.
[collector wcpu4] --once drained 0 checkpoint(s); exiting.
error    libmamba Could not set lock (Resource temporarily unavailable)
warning  libmamba Cannot lock '/home/r.dinnage/.cache/mamba/proc'
    Waiting for other mamba process to finish
[collector wcpu4] --once drained 0 checkpoint(s); exiting.
error    libmamba Could not set lock (Resource temporarily unavailable)
warning  libmamba Cannot lock '/home/r.dinnage/.cache/mamba/proc'
    Waiting for other mamba process to finish
[collector wcpu4] --once drained 0 checkpoint(s); exiting.
[collector wcpu4] --once drained 0 checkpoint(s); exiting.
[collector wcpu4] --once drained 0 checkpoint(s); exiting.
[collector wcpu4] --once drained 0 checkpoint(s); exiting.
[collector wcpu4] --once drained 0 checkpoint(s); exiting.
[collector wcpu4] --once drained 0 checkpoint(s); exiting.
[collector wcpu4] --once drained 0 checkpoint(s); exiting.
error    libmamba Could not set lock (Resource temporarily unavailable)
warning  libmamba Cannot lock '/home/r.dinnage/.cache/mamba/proc'
    Waiting for other mamba process to finish
[collector wcpu4] --once drained 0 checkpoint(s); exiting.
[collector wcpu4] --once drained 0 checkpoint(s); exiting.
[collector wcpu4] --once drained 0 checkpoint(s); exiting.
[collector wcpu4] --once drained 0 checkpoint(s); exiting.
error    libmamba Could not set lock (Resource temporarily unavailable)
warning  libmamba Cannot lock '/home/r.dinnage/.cache/mamba/proc'
    Waiting for other mamba process to finish
[collector wcpu4] --once drained 0 checkpoint(s); exiting.
[collector wcpu4] --once drained 0 checkpoint(s); exiting.
[collector wcpu4] --once drained 0 checkpoint(s); exiting.
[collector wcpu4] --once drained 0 checkpoint(s); exiting.
[collector wcpu4] --once drained 0 checkpoint(s); exiting.
[collector wcpu4] --once drained 0 checkpoint(s); exiting.
[collector wcpu4] --once drained 0 checkpoint(s); exiting.
error    libmamba Could not set lock (Resource temporarily unavailable)
warning  libmamba Cannot lock '/home/r.dinnage/.cache/mamba/proc'
    Waiting for other mamba process to finish
[collector wcpu4] --once drained 0 checkpoint(s); exiting.
[collector wcpu4] --once drained 0 checkpoint(s); exiting.
error    libmamba Could not set lock (Resource temporarily unavailable)
warning  libmamba Cannot lock '/home/r.dinnage/.cache/mamba/proc'
    Waiting for other mamba process to finish
[collector wcpu4] --once drained 0 checkpoint(s); exiting.
[collector wcpu4] --once drained 0 checkpoint(s); exiting.
[collector wcpu4] --once drained 0 checkpoint(s); exiting.
[collector wcpu4] --once drained 0 checkpoint(s); exiting.
[collector wcpu4] --once drained 0 checkpoint(s); exiting.
error    libmamba Could not set lock (Resource temporarily unavailable)
warning  libmamba Cannot lock '/home/r.dinnage/.cache/mamba/proc'
    Waiting for other mamba process to finish
error    libmamba Could not set lock (Resource temporarily unavailable)
warning  libmamba Cannot lock '/home/r.dinnage/.cache/mamba/proc'
    Waiting for other mamba process to finish
[collector wcpu4] --once drained 0 checkpoint(s); exiting.
[collector wcpu4] --once drained 0 checkpoint(s); exiting.
warning  libmamba failed to open /home/r.dinnage/.cache/mamba/proc/3015709.json
[collector wcpu4] --once drained 0 checkpoint(s); exiting.
[collector wcpu4] --once drained 0 checkpoint(s); exiting.
error    libmamba Could not set lock (Resource temporarily unavailable)
warning  libmamba Cannot lock '/home/r.dinnage/.cache/mamba/proc'
    Waiting for other mamba process to finish
[collector wcpu4] --once drained 0 checkpoint(s); exiting.
[collector wcpu4] --once drained 0 checkpoint(s); exiting.
[collector wcpu4] --once drained 0 checkpoint(s); exiting.
error    libmamba Could not set lock (Resource temporarily unavailable)
warning  libmamba Cannot lock '/home/r.dinnage/.cache/mamba/proc'
    Waiting for other mamba process to finish
[collector wcpu4] --once drained 0 checkpoint(s); exiting.
error    libmamba Could not set lock (Resource temporarily unavailable)
warning  libmamba Cannot lock '/home/r.dinnage/.cache/mamba/proc'
    Waiting for other mamba process to finish
[collector wcpu4] --once drained 0 checkpoint(s); exiting.
[collector wcpu4] --once drained 0 checkpoint(s); exiting.
[collector wcpu4] --once drained 0 checkpoint(s); exiting.
[collector wcpu4] --once drained 0 checkpoint(s); exiting.
[collector wcpu4] --once drained 0 checkpoint(s); exiting.
[collector wcpu4] --once drained 0 checkpoint(s); exiting.
[collector wcpu4] --once drained 0 checkpoint(s); exiting.
[collector wcpu4] --once drained 0 checkpoint(s); exiting.
[collector wcpu4] --once drained 0 checkpoint(s); exiting.
[collector wcpu4] --once drained 0 checkpoint(s); exiting.
[collector wcpu4] --once drained 0 checkpoint(s); exiting.
[collector wcpu4] --once drained 0 checkpoint(s); exiting.
[collector wcpu4] --once drained 0 checkpoint(s); exiting.
[collector wcpu4] --once drained 0 checkpoint(s); exiting.
[collector wcpu4] --once drained 0 checkpoint(s); exiting.
[collector wcpu4] --once drained 0 checkpoint(s); exiting.
error    libmamba Could not set lock (Resource temporarily unavailable)
warning  libmamba Cannot lock '/home/r.dinnage/.cache/mamba/proc'
    Waiting for other mamba process to finish
[collector wcpu4] --once drained 0 checkpoint(s); exiting.
[collector wcpu4] --once drained 0 checkpoint(s); exiting.
error    libmamba Could not set lock (Resource temporarily unavailable)
warning  libmamba Cannot lock '/home/r.dinnage/.cache/mamba/proc'
    Waiting for other mamba process to finish
[collector wcpu4] --once drained 0 checkpoint(s); exiting.
[collector wcpu4] --once drained 0 checkpoint(s); exiting.
[collector wcpu4] --once drained 0 checkpoint(s); exiting.
error    libmamba Could not set lock (Resource temporarily unavailable)
warning  libmamba Cannot lock '/home/r.dinnage/.cache/mamba/proc'
    Waiting for other mamba process to finish
[collector wcpu4] --once drained 0 checkpoint(s); exiting.
[collector wcpu4] --once drained 0 checkpoint(s); exiting.
[collector wcpu4] --once drained 0 checkpoint(s); exiting.
[collector wcpu4] --once drained 0 checkpoint(s); exiting.
[collector wcpu4] --once drained 0 checkpoint(s); exiting.
[collector wcpu4] --once drained 0 checkpoint(s); exiting.
[collector wcpu4] --once drained 0 checkpoint(s); exiting.
[collector wcpu4] --once drained 0 checkpoint(s); exiting.
[collector wcpu4] --once drained 0 checkpoint(s); exiting.
[collector wcpu4] --once drained 0 checkpoint(s); exiting.
[collector wcpu4] --once drained 0 checkpoint(s); exiting.
[collector wcpu4] --once drained 0 checkpoint(s); exiting.
error    libmamba Could not set lock (Resource temporarily unavailable)
warning  libmamba Cannot lock '/home/r.dinnage/.cache/mamba/proc'
    Waiting for other mamba process to finish
[collector wcpu4] --once drained 0 checkpoint(s); exiting.
[collector wcpu4] --once drained 0 checkpoint(s); exiting.
[collector wcpu4] --once drained 0 checkpoint(s); exiting.
[collector wcpu4] --once drained 0 checkpoint(s); exiting.
[collector wcpu4] --once drained 0 checkpoint(s); exiting.
[collector wcpu4] --once drained 0 checkpoint(s); exiting.
[collector wcpu4] --once drained 0 checkpoint(s); exiting.
[collector wcpu4] --once drained 0 checkpoint(s); exiting.
[collector wcpu4] --once drained 0 checkpoint(s); exiting.
error    libmamba Could not set lock (Resource temporarily unavailable)
warning  libmamba Cannot lock '/home/r.dinnage/.cache/mamba/proc'
    Waiting for other mamba process to finish
[collector wcpu4] --once drained 0 checkpoint(s); exiting.
[collector wcpu4] --once drained 0 checkpoint(s); exiting.
error    libmamba Could not set lock (Resource temporarily unavailable)
warning  libmamba Cannot lock '/home/r.dinnage/.cache/mamba/proc'
    Waiting for other mamba process to finish
[collector wcpu4] --once drained 0 checkpoint(s); exiting.
[collector wcpu4] --once drained 0 checkpoint(s); exiting.
[collector wcpu4] --once drained 0 checkpoint(s); exiting.
[collector wcpu4] --once drained 0 checkpoint(s); exiting.
[collector wcpu4] --once drained 0 checkpoint(s); exiting.
[collector wcpu4] --once drained 0 checkpoint(s); exiting.
[collector wcpu4] --once drained 0 checkpoint(s); exiting.
[collector wcpu4] --once drained 0 checkpoint(s); exiting.
[collector wcpu4] --once drained 0 checkpoint(s); exiting.
[collector wcpu4] --once drained 0 checkpoint(s); exiting.
[collector wcpu4] --once drained 0 checkpoint(s); exiting.
[collector wcpu4] --once drained 0 checkpoint(s); exiting.
error    libmamba Could not set lock (Resource temporarily unavailable)
warning  libmamba Cannot lock '/home/r.dinnage/.cache/mamba/proc'
    Waiting for other mamba process to finish
[collector wcpu4] --once drained 0 checkpoint(s); exiting.
[collector wcpu4] --once drained 0 checkpoint(s); exiting.
[collector wcpu4] --once drained 0 checkpoint(s); exiting.
error    libmamba Could not set lock (Resource temporarily unavailable)
warning  libmamba Cannot lock '/home/r.dinnage/.cache/mamba/proc'
    Waiting for other mamba process to finish
[collector wcpu4] --once drained 0 checkpoint(s); exiting.
[collector wcpu4] --once drained 0 checkpoint(s); exiting.
[collector wcpu4] --once drained 0 checkpoint(s); exiting.
[collector wcpu4] --once drained 0 checkpoint(s); exiting.
[collector wcpu4] --once drained 0 checkpoint(s); exiting.
[collector wcpu4] --once drained 0 checkpoint(s); exiting.
[collector wcpu4] --once drained 0 checkpoint(s); exiting.
[collector wcpu4] --once drained 0 checkpoint(s); exiting.
[collector wcpu4] --once drained 0 checkpoint(s); exiting.
[collector wcpu4] --once drained 0 checkpoint(s); exiting.
[collector wcpu4] --once drained 0 checkpoint(s); exiting.
[collector wcpu4] --once drained 0 checkpoint(s); exiting.
[collector wcpu4] --once drained 0 checkpoint(s); exiting.
[collector wcpu4] --once drained 0 checkpoint(s); exiting.
[collector wcpu4] --once drained 0 checkpoint(s); exiting.
[collector wcpu4] --once drained 0 checkpoint(s); exiting.
[collector wcpu4] --once drained 0 checkpoint(s); exiting.
[collector wcpu4] --once drained 0 checkpoint(s); exiting.
[collector wcpu4] --once drained 0 checkpoint(s); exiting.
[collector wcpu4] --once drained 0 checkpoint(s); exiting.
[collector wcpu4] --once drained 0 checkpoint(s); exiting.
[collector wcpu4] --once drained 0 checkpoint(s); exiting.
[collector wcpu4] --once drained 0 checkpoint(s); exiting.
[collector wcpu4] --once drained 0 checkpoint(s); exiting.
error    libmamba Could not set lock (Resource temporarily unavailable)
warning  libmamba Cannot lock '/home/r.dinnage/.cache/mamba/proc'
    Waiting for other mamba process to finish
[collector wcpu4] --once drained 0 checkpoint(s); exiting.
error    libmamba Could not set lock (Resource temporarily unavailable)
warning  libmamba Cannot lock '/home/r.dinnage/.cache/mamba/proc'
    Waiting for other mamba process to finish
[collector wcpu4] --once drained 0 checkpoint(s); exiting.
[collector wcpu4] --once drained 0 checkpoint(s); exiting.
error    libmamba Could not set lock (Resource temporarily unavailable)
warning  libmamba Cannot lock '/home/r.dinnage/.cache/mamba/proc'
    Waiting for other mamba process to finish
[collector wcpu4] --once drained 0 checkpoint(s); exiting.
error    libmamba Could not set lock (Resource temporarily unavailable)
warning  libmamba Cannot lock '/home/r.dinnage/.cache/mamba/proc'
    Waiting for other mamba process to finish
[collector wcpu4] --once drained 0 checkpoint(s); exiting.
[collector wcpu4] --once drained 0 checkpoint(s); exiting.
[collector wcpu4] --once drained 0 checkpoint(s); exiting.
error    libmamba Could not set lock (Resource temporarily unavailable)
warning  libmamba Cannot lock '/home/r.dinnage/.cache/mamba/proc'
    Waiting for other mamba process to finish
[collector wcpu4] --once drained 0 checkpoint(s); exiting.
[collector wcpu4] --once drained 0 checkpoint(s); exiting.
[collector wcpu4] --once drained 0 checkpoint(s); exiting.
[collector wcpu4] --once drained 0 checkpoint(s); exiting.
[collector wcpu4] --once drained 0 checkpoint(s); exiting.
[collector wcpu4] --once drained 0 checkpoint(s); exiting.
error    libmamba Could not set lock (Resource temporarily unavailable)
warning  libmamba Cannot lock '/home/r.dinnage/.cache/mamba/proc'
    Waiting for other mamba process to finish
[collector wcpu4] --once drained 0 checkpoint(s); exiting.
error    libmamba Could not set lock (Resource temporarily unavailable)
warning  libmamba Cannot lock '/home/r.dinnage/.cache/mamba/proc'
    Waiting for other mamba process to finish
[collector wcpu4] --once drained 0 checkpoint(s); exiting.
[collector wcpu4] --once drained 0 checkpoint(s); exiting.
[collector wcpu4] --once drained 0 checkpoint(s); exiting.
error    libmamba Could not set lock (Resource temporarily unavailable)
warning  libmamba Cannot lock '/home/r.dinnage/.cache/mamba/proc'
    Waiting for other mamba process to finish
[collector wcpu4] no probe/val CSV (probe_csv=None, val_csv=None); forward/backward blocks skipped for run_id=plantclef__stable_evo__s42.
[Extractor] block_set='cpu': CPU-only block set ['block_optim', 'block_weights', 'block_trajectory', 'block_circuits'] needs no model forward — skipping probe/Hessian build (no CSV/dataloaders, lower host RAM).
[extract] step=1400 heavy=TRUE total=58.11s | block_optim=0.00 block_weights=45.88 block_trajectory=0.90 block_circuits=5.19
[collector wcpu4] cpu-pass DONE run_id=plantclef__stable_evo__s42 step=0 blocks_ok=4 t=58.114s (all_passes_complete=False)
[collector wcpu4] --once drained 1 checkpoint(s); exiting.
[cwcpu4] drained 1 checkpoint(s); looping.
[collector wcpu4] --once drained 0 checkpoint(s); exiting.
[collector wcpu4] --once drained 0 checkpoint(s); exiting.
[collector wcpu4] --once drained 0 checkpoint(s); exiting.
[collector wcpu4] --once drained 0 checkpoint(s); exiting.
[collector wcpu4] --once drained 0 checkpoint(s); exiting.
[collector wcpu4] --once drained 0 checkpoint(s); exiting.
[collector wcpu4] --once drained 0 checkpoint(s); exiting.
[collector wcpu4] --once drained 0 checkpoint(s); exiting.
[collector wcpu4] --once drained 0 checkpoint(s); exiting.
[collector wcpu4] --once drained 0 checkpoint(s); exiting.
[collector wcpu4] --once drained 0 checkpoint(s); exiting.
[collector wcpu4] --once drained 0 checkpoint(s); exiting.
[collector wcpu4] --once drained 0 checkpoint(s); exiting.
[collector wcpu4] --once drained 0 checkpoint(s); exiting.
[collector wcpu4] --once drained 0 checkpoint(s); exiting.
[collector wcpu4] --once drained 0 checkpoint(s); exiting.
[collector wcpu4] --once drained 0 checkpoint(s); exiting.
[collector wcpu4] --once drained 0 checkpoint(s); exiting.
[collector wcpu4] --once drained 0 checkpoint(s); exiting.
[collector wcpu4] --once drained 0 checkpoint(s); exiting.
[collector wcpu4] --once drained 0 checkpoint(s); exiting.
[collector wcpu4] --once drained 0 checkpoint(s); exiting.
[collector wcpu4] --once drained 0 checkpoint(s); exiting.
error    libmamba Could not set lock (Resource temporarily unavailable)
warning  libmamba Cannot lock '/home/r.dinnage/.cache/mamba/proc'
    Waiting for other mamba process to finish
[collector wcpu4] --once drained 0 checkpoint(s); exiting.
error    libmamba Could not set lock (Resource temporarily unavailable)
warning  libmamba Cannot lock '/home/r.dinnage/.cache/mamba/proc'
    Waiting for other mamba process to finish
[collector wcpu4] --once drained 0 checkpoint(s); exiting.
[collector wcpu4] --once drained 0 checkpoint(s); exiting.
[collector wcpu4] --once drained 0 checkpoint(s); exiting.
[collector wcpu4] --once drained 0 checkpoint(s); exiting.
[collector wcpu4] --once drained 0 checkpoint(s); exiting.
[collector wcpu4] --once drained 0 checkpoint(s); exiting.
[collector wcpu4] --once drained 0 checkpoint(s); exiting.
[collector wcpu4] --once drained 0 checkpoint(s); exiting.
error    libmamba Could not set lock (Resource temporarily unavailable)
warning  libmamba Cannot lock '/home/r.dinnage/.cache/mamba/proc'
    Waiting for other mamba process to finish
[collector wcpu4] --once drained 0 checkpoint(s); exiting.
[collector wcpu4] --once drained 0 checkpoint(s); exiting.
[collector wcpu4] --once drained 0 checkpoint(s); exiting.
[collector wcpu4] --once drained 0 checkpoint(s); exiting.
[collector wcpu4] --once drained 0 checkpoint(s); exiting.
[collector wcpu4] --once drained 0 checkpoint(s); exiting.
[collector wcpu4] --once drained 0 checkpoint(s); exiting.
[collector wcpu4] --once drained 0 checkpoint(s); exiting.
[collector wcpu4] --once drained 0 checkpoint(s); exiting.
error    libmamba Could not set lock (Resource temporarily unavailable)
warning  libmamba Cannot lock '/home/r.dinnage/.cache/mamba/proc'
    Waiting for other mamba process to finish
[collector wcpu4] --once drained 0 checkpoint(s); exiting.
[collector wcpu4] --once drained 0 checkpoint(s); exiting.
error    libmamba Could not set lock (Resource temporarily unavailable)
warning  libmamba Cannot lock '/home/r.dinnage/.cache/mamba/proc'
    Waiting for other mamba process to finish
[collector wcpu4] --once drained 0 checkpoint(s); exiting.
[collector wcpu4] --once drained 0 checkpoint(s); exiting.
[collector wcpu4] --once drained 0 checkpoint(s); exiting.
[collector wcpu4] --once drained 0 checkpoint(s); exiting.
[collector wcpu4] --once drained 0 checkpoint(s); exiting.
error    libmamba Could not set lock (Resource temporarily unavailable)
warning  libmamba Cannot lock '/home/r.dinnage/.cache/mamba/proc'
    Waiting for other mamba process to finish
[collector wcpu4] --once drained 0 checkpoint(s); exiting.
[collector wcpu4] --once drained 0 checkpoint(s); exiting.
[collector wcpu4] --once drained 0 checkpoint(s); exiting.
[collector wcpu4] --once drained 0 checkpoint(s); exiting.
[collector wcpu4] --once drained 0 checkpoint(s); exiting.
[collector wcpu4] --once drained 0 checkpoint(s); exiting.
[collector wcpu4] --once drained 0 checkpoint(s); exiting.
[collector wcpu4] --once drained 0 checkpoint(s); exiting.
[collector wcpu4] --once drained 0 checkpoint(s); exiting.
[collector wcpu4] --once drained 0 checkpoint(s); exiting.
[collector wcpu4] --once drained 0 checkpoint(s); exiting.
[collector wcpu4] --once drained 0 checkpoint(s); exiting.
[collector wcpu4] --once drained 0 checkpoint(s); exiting.
error    libmamba Could not set lock (Resource temporarily unavailable)
warning  libmamba Cannot lock '/home/r.dinnage/.cache/mamba/proc'
    Waiting for other mamba process to finish
[collector wcpu4] --once drained 0 checkpoint(s); exiting.
[collector wcpu4] --once drained 0 checkpoint(s); exiting.
[collector wcpu4] --once drained 0 checkpoint(s); exiting.
error    libmamba Could not set lock (Resource temporarily unavailable)
warning  libmamba Cannot lock '/home/r.dinnage/.cache/mamba/proc'
    Waiting for other mamba process to finish
[collector wcpu4] --once drained 0 checkpoint(s); exiting.
[collector wcpu4] --once drained 0 checkpoint(s); exiting.
[collector wcpu4] --once drained 0 checkpoint(s); exiting.
[collector wcpu4] --once drained 0 checkpoint(s); exiting.
error    libmamba Could not set lock (Resource temporarily unavailable)
warning  libmamba Cannot lock '/home/r.dinnage/.cache/mamba/proc'
    Waiting for other mamba process to finish
[collector wcpu4] --once drained 0 checkpoint(s); exiting.
[collector wcpu4] --once drained 0 checkpoint(s); exiting.
[collector wcpu4] --once drained 0 checkpoint(s); exiting.
[collector wcpu4] --once drained 0 checkpoint(s); exiting.
error    libmamba Could not set lock (Resource temporarily unavailable)
warning  libmamba Cannot lock '/home/r.dinnage/.cache/mamba/proc'
    Waiting for other mamba process to finish
[collector wcpu4] --once drained 0 checkpoint(s); exiting.
[collector wcpu4] --once drained 0 checkpoint(s); exiting.
[collector wcpu4] --once drained 0 checkpoint(s); exiting.
error    libmamba Could not set lock (Resource temporarily unavailable)
warning  libmamba Cannot lock '/home/r.dinnage/.cache/mamba/proc'
    Waiting for other mamba process to finish
[collector wcpu4] --once drained 0 checkpoint(s); exiting.
[collector wcpu4] --once drained 0 checkpoint(s); exiting.
[collector wcpu4] --once drained 0 checkpoint(s); exiting.
[collector wcpu4] --once drained 0 checkpoint(s); exiting.
[collector wcpu4] --once drained 0 checkpoint(s); exiting.
[collector wcpu4] --once drained 0 checkpoint(s); exiting.
[collector wcpu4] --once drained 0 checkpoint(s); exiting.
[collector wcpu4] --once drained 0 checkpoint(s); exiting.
[collector wcpu4] --once drained 0 checkpoint(s); exiting.
[collector wcpu4] --once drained 0 checkpoint(s); exiting.
[collector wcpu4] --once drained 0 checkpoint(s); exiting.
error    libmamba Could not set lock (Resource temporarily unavailable)
warning  libmamba Cannot lock '/home/r.dinnage/.cache/mamba/proc'
    Waiting for other mamba process to finish
[collector wcpu4] --once drained 0 checkpoint(s); exiting.
[collector wcpu4] --once drained 0 checkpoint(s); exiting.
[collector wcpu4] --once drained 0 checkpoint(s); exiting.
error    libmamba Could not set lock (Resource temporarily unavailable)
warning  libmamba Cannot lock '/home/r.dinnage/.cache/mamba/proc'
    Waiting for other mamba process to finish
[collector wcpu4] --once drained 0 checkpoint(s); exiting.
[collector wcpu4] no probe/val CSV (probe_csv=None, val_csv=None); forward/backward blocks skipped for run_id=plantclef__stable_evo__s42.
[Extractor] block_set='cpu': CPU-only block set ['block_optim', 'block_weights', 'block_trajectory', 'block_circuits'] needs no model forward — skipping probe/Hessian build (no CSV/dataloaders, lower host RAM).
[extract] step=1624 SKIP heavy block block_circuits (ordinal=324 basis=step_fallback heavy_every=8)
[extract] step=1624 heavy=FALSE total=186.09s | block_optim=140.34 block_weights=33.51 block_trajectory=0.76
[collector wcpu4] cpu-pass DONE run_id=plantclef__stable_evo__s42 step=1624 blocks_ok=3 t=186.085s (all_passes_complete=False)
[collector wcpu4] --once drained 1 checkpoint(s); exiting.
[cwcpu4] drained 1 checkpoint(s); looping.
[collector wcpu4] --once drained 0 checkpoint(s); exiting.
[collector wcpu4] --once drained 0 checkpoint(s); exiting.
[collector wcpu4] --once drained 0 checkpoint(s); exiting.
[collector wcpu4] --once drained 0 checkpoint(s); exiting.
[collector wcpu4] --once drained 0 checkpoint(s); exiting.
[collector wcpu4] --once drained 0 checkpoint(s); exiting.
[collector wcpu4] --once drained 0 checkpoint(s); exiting.
[collector wcpu4] no probe/val CSV (probe_csv=None, val_csv=None); forward/backward blocks skipped for run_id=plantclef__stable_evo__s42.
[Extractor] block_set='cpu': CPU-only block set ['block_optim', 'block_weights', 'block_trajectory', 'block_circuits'] needs no model forward — skipping probe/Hessian build (no CSV/dataloaders, lower host RAM).
[extract] step=1660 SKIP heavy block block_circuits (ordinal=332 basis=step_fallback heavy_every=8)
[extract] step=1660 heavy=FALSE total=186.70s | block_optim=141.14 block_weights=33.06 block_trajectory=0.77
[collector wcpu4] cpu-pass DONE run_id=plantclef__stable_evo__s42 step=1660 blocks_ok=3 t=186.695s (all_passes_complete=False)
[collector wcpu4] --once drained 1 checkpoint(s); exiting.
[cwcpu4] drained 1 checkpoint(s); looping.
[collector wcpu4] --once drained 0 checkpoint(s); exiting.
[collector wcpu4] --once drained 0 checkpoint(s); exiting.
error    libmamba Could not set lock (Resource temporarily unavailable)
warning  libmamba Cannot lock '/home/r.dinnage/.cache/mamba/proc'
    Waiting for other mamba process to finish
[collector wcpu4] --once drained 0 checkpoint(s); exiting.
[collector wcpu4] --once drained 0 checkpoint(s); exiting.
error    libmamba Could not set lock (Resource temporarily unavailable)
warning  libmamba Cannot lock '/home/r.dinnage/.cache/mamba/proc'
    Waiting for other mamba process to finish
[collector wcpu4] --once drained 0 checkpoint(s); exiting.
[collector wcpu4] --once drained 0 checkpoint(s); exiting.
[collector wcpu4] --once drained 0 checkpoint(s); exiting.
[collector wcpu4] --once drained 0 checkpoint(s); exiting.
error    libmamba Could not set lock (Resource temporarily unavailable)
warning  libmamba Cannot lock '/home/r.dinnage/.cache/mamba/proc'
    Waiting for other mamba process to finish
[collector wcpu4] --once drained 0 checkpoint(s); exiting.
[collector wcpu4] --once drained 0 checkpoint(s); exiting.
[collector wcpu4] --once drained 0 checkpoint(s); exiting.
[collector wcpu4] --once drained 0 checkpoint(s); exiting.
error    libmamba Could not set lock (Resource temporarily unavailable)
warning  libmamba Cannot lock '/home/r.dinnage/.cache/mamba/proc'
    Waiting for other mamba process to finish
[collector wcpu4] --once drained 0 checkpoint(s); exiting.
[collector wcpu4] --once drained 0 checkpoint(s); exiting.
[collector wcpu4] --once drained 0 checkpoint(s); exiting.
[collector wcpu4] --once drained 0 checkpoint(s); exiting.
error    libmamba Could not set lock (Resource temporarily unavailable)
warning  libmamba Cannot lock '/home/r.dinnage/.cache/mamba/proc'
    Waiting for other mamba process to finish
[collector wcpu4] --once drained 0 checkpoint(s); exiting.
error    libmamba Could not set lock (Resource temporarily unavailable)
warning  libmamba Cannot lock '/home/r.dinnage/.cache/mamba/proc'
    Waiting for other mamba process to finish
[collector wcpu4] --once drained 0 checkpoint(s); exiting.
[collector wcpu4] --once drained 0 checkpoint(s); exiting.
[collector wcpu4] --once drained 0 checkpoint(s); exiting.
error    libmamba Could not set lock (Resource temporarily unavailable)
warning  libmamba Cannot lock '/home/r.dinnage/.cache/mamba/proc'
    Waiting for other mamba process to finish
[collector wcpu4] --once drained 0 checkpoint(s); exiting.
error    libmamba Could not set lock (Resource temporarily unavailable)
warning  libmamba Cannot lock '/home/r.dinnage/.cache/mamba/proc'
    Waiting for other mamba process to finish
[collector wcpu4] --once drained 0 checkpoint(s); exiting.
error    libmamba Could not set lock (Resource temporarily unavailable)
warning  libmamba Cannot lock '/home/r.dinnage/.cache/mamba/proc'
    Waiting for other mamba process to finish
[collector wcpu4] --once drained 0 checkpoint(s); exiting.
error    libmamba Could not set lock (Resource temporarily unavailable)
warning  libmamba Cannot lock '/home/r.dinnage/.cache/mamba/proc'
    Waiting for other mamba process to finish
[collector wcpu4] --once drained 0 checkpoint(s); exiting.
error    libmamba Could not set lock (Resource temporarily unavailable)
warning  libmamba Cannot lock '/home/r.dinnage/.cache/mamba/proc'
    Waiting for other mamba process to finish
[collector wcpu4] --once drained 0 checkpoint(s); exiting.
[collector wcpu4] --once drained 0 checkpoint(s); exiting.
[collector wcpu4] --once drained 0 checkpoint(s); exiting.
[collector wcpu4] --once drained 0 checkpoint(s); exiting.
error    libmamba Could not set lock (Resource temporarily unavailable)
warning  libmamba Cannot lock '/home/r.dinnage/.cache/mamba/proc'
    Waiting for other mamba process to finish
[collector wcpu4] --once drained 0 checkpoint(s); exiting.
[collector wcpu4] --once drained 0 checkpoint(s); exiting.
[collector wcpu4] --once drained 0 checkpoint(s); exiting.
[collector wcpu4] --once drained 0 checkpoint(s); exiting.
error    libmamba Could not set lock (Resource temporarily unavailable)
warning  libmamba Cannot lock '/home/r.dinnage/.cache/mamba/proc'
    Waiting for other mamba process to finish
[collector wcpu4] --once drained 0 checkpoint(s); exiting.
[collector wcpu4] --once drained 0 checkpoint(s); exiting.
error    libmamba Could not set lock (Resource temporarily unavailable)
warning  libmamba Cannot lock '/home/r.dinnage/.cache/mamba/proc'
    Waiting for other mamba process to finish
[collector wcpu4] no probe/val CSV (probe_csv=None, val_csv=None); forward/backward blocks skipped for run_id=plantclef__stable_evo__s42.
[Extractor] block_set='cpu': CPU-only block set ['block_optim', 'block_weights', 'block_trajectory', 'block_circuits'] needs no model forward — skipping probe/Hessian build (no CSV/dataloaders, lower host RAM).
[extract] step=1762 heavy=TRUE total=222.44s | block_optim=169.02 block_weights=33.64 block_trajectory=0.96 block_circuits=4.68
[collector wcpu4] cpu-pass DONE run_id=plantclef__stable_evo__s42 step=1762 blocks_ok=4 t=222.438s (all_passes_complete=False)
[collector wcpu4] --once drained 1 checkpoint(s); exiting.
error    libmamba Could not set lock (Resource temporarily unavailable)
warning  libmamba Cannot lock '/home/r.dinnage/.cache/mamba/proc'
    Waiting for other mamba process to finish
[cwcpu4] drained 1 checkpoint(s); looping.
[collector wcpu4] --once drained 0 checkpoint(s); exiting.
[collector wcpu4] --once drained 0 checkpoint(s); exiting.
error    libmamba Could not set lock (Resource temporarily unavailable)
warning  libmamba Cannot lock '/home/r.dinnage/.cache/mamba/proc'
    Waiting for other mamba process to finish
[collector wcpu4] --once drained 0 checkpoint(s); exiting.
[collector wcpu4] --once drained 0 checkpoint(s); exiting.
[collector wcpu4] --once drained 0 checkpoint(s); exiting.
[collector wcpu4] --once drained 0 checkpoint(s); exiting.
[collector wcpu4] --once drained 0 checkpoint(s); exiting.
[collector wcpu4] --once drained 0 checkpoint(s); exiting.
[collector wcpu4] --once drained 0 checkpoint(s); exiting.
[collector wcpu4] --once drained 0 checkpoint(s); exiting.
[collector wcpu4] --once drained 0 checkpoint(s); exiting.
[collector wcpu4] --once drained 0 checkpoint(s); exiting.
error    libmamba Could not set lock (Resource temporarily unavailable)
warning  libmamba Cannot lock '/home/r.dinnage/.cache/mamba/proc'
    Waiting for other mamba process to finish
[collector wcpu4] --once drained 0 checkpoint(s); exiting.
[collector wcpu4] --once drained 0 checkpoint(s); exiting.
[collector wcpu4] --once drained 0 checkpoint(s); exiting.
[collector wcpu4] --once drained 0 checkpoint(s); exiting.
[collector wcpu4] --once drained 0 checkpoint(s); exiting.
error    libmamba Could not set lock (Resource temporarily unavailable)
warning  libmamba Cannot lock '/home/r.dinnage/.cache/mamba/proc'
    Waiting for other mamba process to finish
[collector wcpu4] --once drained 0 checkpoint(s); exiting.
[collector wcpu4] --once drained 0 checkpoint(s); exiting.
error    libmamba Could not set lock (Resource temporarily unavailable)
warning  libmamba Cannot lock '/home/r.dinnage/.cache/mamba/proc'
    Waiting for other mamba process to finish
[collector wcpu4] --once drained 0 checkpoint(s); exiting.
error    libmamba Could not set lock (Resource temporarily unavailable)
warning  libmamba Cannot lock '/home/r.dinnage/.cache/mamba/proc'
    Waiting for other mamba process to finish
[collector wcpu4] --once drained 0 checkpoint(s); exiting.
error    libmamba Could not set lock (Resource temporarily unavailable)
warning  libmamba Cannot lock '/home/r.dinnage/.cache/mamba/proc'
    Waiting for other mamba process to finish
[collector wcpu4] --once drained 0 checkpoint(s); exiting.
[collector wcpu4] --once drained 0 checkpoint(s); exiting.
[collector wcpu4] --once drained 0 checkpoint(s); exiting.
error    libmamba Could not set lock (Resource temporarily unavailable)
warning  libmamba Cannot lock '/home/r.dinnage/.cache/mamba/proc'
    Waiting for other mamba process to finish
[collector wcpu4] --once drained 0 checkpoint(s); exiting.
error    libmamba Could not set lock (Resource temporarily unavailable)
warning  libmamba Cannot lock '/home/r.dinnage/.cache/mamba/proc'
    Waiting for other mamba process to finish
[collector wcpu4] --once drained 0 checkpoint(s); exiting.
error    libmamba Could not set lock (Resource temporarily unavailable)
warning  libmamba Cannot lock '/home/r.dinnage/.cache/mamba/proc'
    Waiting for other mamba process to finish
[collector wcpu4] --once drained 0 checkpoint(s); exiting.
error    libmamba Could not set lock (Resource temporarily unavailable)
warning  libmamba Cannot lock '/home/r.dinnage/.cache/mamba/proc'
    Waiting for other mamba process to finish
[collector wcpu4] --once drained 0 checkpoint(s); exiting.
error    libmamba Could not set lock (Resource temporarily unavailable)
warning  libmamba Cannot lock '/home/r.dinnage/.cache/mamba/proc'
    Waiting for other mamba process to finish
error    libmamba Could not set lock (Resource temporarily unavailable)
warning  libmamba Cannot lock '/home/r.dinnage/.cache/mamba/proc'
    Waiting for other mamba process to finish
[collector wcpu4] --once drained 0 checkpoint(s); exiting.
[collector wcpu4] --once drained 0 checkpoint(s); exiting.
[collector wcpu4] --once drained 0 checkpoint(s); exiting.
error    libmamba Could not set lock (Resource temporarily unavailable)
warning  libmamba Cannot lock '/home/r.dinnage/.cache/mamba/proc'
    Waiting for other mamba process to finish
[collector wcpu4] --once drained 0 checkpoint(s); exiting.
[collector wcpu4] --once drained 0 checkpoint(s); exiting.
error    libmamba Could not set lock (Resource temporarily unavailable)
warning  libmamba Cannot lock '/home/r.dinnage/.cache/mamba/proc'
    Waiting for other mamba process to finish
[collector wcpu4] --once drained 0 checkpoint(s); exiting.
error    libmamba Could not set lock (Resource temporarily unavailable)
warning  libmamba Cannot lock '/home/r.dinnage/.cache/mamba/proc'
    Waiting for other mamba process to finish
[collector wcpu4] --once drained 0 checkpoint(s); exiting.
error    libmamba Could not set lock (Resource temporarily unavailable)
warning  libmamba Cannot lock '/home/r.dinnage/.cache/mamba/proc'
    Waiting for other mamba process to finish
[collector wcpu4] --once drained 0 checkpoint(s); exiting.
error    libmamba Could not set lock (Resource temporarily unavailable)
warning  libmamba Cannot lock '/home/r.dinnage/.cache/mamba/proc'
    Waiting for other mamba process to finish
[collector wcpu4] --once drained 0 checkpoint(s); exiting.
[collector wcpu4] --once drained 0 checkpoint(s); exiting.
[collector wcpu4] no probe/val CSV (probe_csv=None, val_csv=None); forward/backward blocks skipped for run_id=plantclef__stable_evo__s42.
[Extractor] block_set='cpu': CPU-only block set ['block_optim', 'block_weights', 'block_trajectory', 'block_circuits'] needs no model forward — skipping probe/Hessian build (no CSV/dataloaders, lower host RAM).
[extract] step=1906 SKIP heavy block block_circuits (ordinal=381 basis=step_fallback heavy_every=8)
[extract] step=1906 heavy=FALSE total=200.77s | block_optim=152.76 block_weights=36.17 block_trajectory=0.83
[collector wcpu4] cpu-pass DONE run_id=plantclef__stable_evo__s42 step=1906 blocks_ok=3 t=200.769s (all_passes_complete=False)
[collector wcpu4] --once drained 1 checkpoint(s); exiting.
[cwcpu4] drained 1 checkpoint(s); looping.
[collector wcpu4] --once drained 0 checkpoint(s); exiting.
[collector wcpu4] --once drained 0 checkpoint(s); exiting.
[collector wcpu4] --once drained 0 checkpoint(s); exiting.
[collector wcpu4] --once drained 0 checkpoint(s); exiting.
[collector wcpu4] --once drained 0 checkpoint(s); exiting.
[collector wcpu4] --once drained 0 checkpoint(s); exiting.
[collector wcpu4] --once drained 0 checkpoint(s); exiting.
[collector wcpu4] --once drained 0 checkpoint(s); exiting.
[collector wcpu4] --once drained 0 checkpoint(s); exiting.
[collector wcpu4] --once drained 0 checkpoint(s); exiting.
[collector wcpu4] --once drained 0 checkpoint(s); exiting.
[collector wcpu4] --once drained 0 checkpoint(s); exiting.
[collector wcpu4] --once drained 0 checkpoint(s); exiting.
[collector wcpu4] --once drained 0 checkpoint(s); exiting.
[collector wcpu4] --once drained 0 checkpoint(s); exiting.
[collector wcpu4] --once drained 0 checkpoint(s); exiting.
[collector wcpu4] --once drained 0 checkpoint(s); exiting.
error    libmamba Could not set lock (Resource temporarily unavailable)
warning  libmamba Cannot lock '/home/r.dinnage/.cache/mamba/proc'
    Waiting for other mamba process to finish
[collector wcpu4] --once drained 0 checkpoint(s); exiting.
error    libmamba Could not set lock (Resource temporarily unavailable)
warning  libmamba Cannot lock '/home/r.dinnage/.cache/mamba/proc'
    Waiting for other mamba process to finish
[collector wcpu4] --once drained 0 checkpoint(s); exiting.
[collector wcpu4] --once drained 0 checkpoint(s); exiting.
[collector wcpu4] --once drained 0 checkpoint(s); exiting.
[collector wcpu4] --once drained 0 checkpoint(s); exiting.
[collector wcpu4] --once drained 0 checkpoint(s); exiting.
[collector wcpu4] --once drained 0 checkpoint(s); exiting.
[collector wcpu4] --once drained 0 checkpoint(s); exiting.
[collector wcpu4] --once drained 0 checkpoint(s); exiting.
[collector wcpu4] --once drained 0 checkpoint(s); exiting.
[collector wcpu4] --once drained 0 checkpoint(s); exiting.
[collector wcpu4] --once drained 0 checkpoint(s); exiting.
[collector wcpu4] --once drained 0 checkpoint(s); exiting.
[collector wcpu4] --once drained 0 checkpoint(s); exiting.
[collector wcpu4] --once drained 0 checkpoint(s); exiting.
error    libmamba Could not set lock (Resource temporarily unavailable)
warning  libmamba Cannot lock '/home/r.dinnage/.cache/mamba/proc'
    Waiting for other mamba process to finish
[collector wcpu4] --once drained 0 checkpoint(s); exiting.
[collector wcpu4] --once drained 0 checkpoint(s); exiting.
[collector wcpu4] --once drained 0 checkpoint(s); exiting.
[collector wcpu4] --once drained 0 checkpoint(s); exiting.
[collector wcpu4] --once drained 0 checkpoint(s); exiting.
[collector wcpu4] --once drained 0 checkpoint(s); exiting.
[collector wcpu4] --once drained 0 checkpoint(s); exiting.
[collector wcpu4] --once drained 0 checkpoint(s); exiting.
[collector wcpu4] --once drained 0 checkpoint(s); exiting.
[collector wcpu4] --once drained 0 checkpoint(s); exiting.
[collector wcpu4] --once drained 0 checkpoint(s); exiting.
error    libmamba Could not set lock (Resource temporarily unavailable)
warning  libmamba Cannot lock '/home/r.dinnage/.cache/mamba/proc'
    Waiting for other mamba process to finish
[collector wcpu4] --once drained 0 checkpoint(s); exiting.
[collector wcpu4] --once drained 0 checkpoint(s); exiting.
error    libmamba Could not set lock (Resource temporarily unavailable)
warning  libmamba Cannot lock '/home/r.dinnage/.cache/mamba/proc'
    Waiting for other mamba process to finish
[collector wcpu4] --once drained 0 checkpoint(s); exiting.
error    libmamba Could not set lock (Resource temporarily unavailable)
warning  libmamba Cannot lock '/home/r.dinnage/.cache/mamba/proc'
    Waiting for other mamba process to finish
[collector wcpu4] --once drained 0 checkpoint(s); exiting.
error    libmamba Could not set lock (Resource temporarily unavailable)
warning  libmamba Cannot lock '/home/r.dinnage/.cache/mamba/proc'
    Waiting for other mamba process to finish
[collector wcpu4] --once drained 0 checkpoint(s); exiting.
error    libmamba Could not set lock (Resource temporarily unavailable)
warning  libmamba Cannot lock '/home/r.dinnage/.cache/mamba/proc'
    Waiting for other mamba process to finish
[collector wcpu4] --once drained 0 checkpoint(s); exiting.
error    libmamba Could not set lock (Resource temporarily unavailable)
warning  libmamba Cannot lock '/home/r.dinnage/.cache/mamba/proc'
    Waiting for other mamba process to finish
[collector wcpu4] --once drained 0 checkpoint(s); exiting.
[collector wcpu4] --once drained 0 checkpoint(s); exiting.
[collector wcpu4] --once drained 0 checkpoint(s); exiting.
[collector wcpu4] --once drained 0 checkpoint(s); exiting.
[collector wcpu4] --once drained 0 checkpoint(s); exiting.
[collector wcpu4] --once drained 0 checkpoint(s); exiting.
[collector wcpu4] --once drained 0 checkpoint(s); exiting.
[collector wcpu4] --once drained 0 checkpoint(s); exiting.
[collector wcpu4] --once drained 0 checkpoint(s); exiting.
[collector wcpu4] --once drained 0 checkpoint(s); exiting.
[collector wcpu4] --once drained 0 checkpoint(s); exiting.
[collector wcpu4] --once drained 0 checkpoint(s); exiting.
error    libmamba Could not set lock (Resource temporarily unavailable)
warning  libmamba Cannot lock '/home/r.dinnage/.cache/mamba/proc'
    Waiting for other mamba process to finish
[collector wcpu4] --once drained 0 checkpoint(s); exiting.
[collector wcpu4] --once drained 0 checkpoint(s); exiting.
[collector wcpu4] --once drained 0 checkpoint(s); exiting.
[collector wcpu4] --once drained 0 checkpoint(s); exiting.
error    libmamba Could not set lock (Resource temporarily unavailable)
warning  libmamba Cannot lock '/home/r.dinnage/.cache/mamba/proc'
    Waiting for other mamba process to finish
[collector wcpu4] --once drained 0 checkpoint(s); exiting.
[collector wcpu4] --once drained 0 checkpoint(s); exiting.
error    libmamba Could not set lock (Resource temporarily unavailable)
warning  libmamba Cannot lock '/home/r.dinnage/.cache/mamba/proc'
    Waiting for other mamba process to finish
[collector wcpu4] --once drained 0 checkpoint(s); exiting.
[collector wcpu4] --once drained 0 checkpoint(s); exiting.
[collector wcpu4] --once drained 0 checkpoint(s); exiting.
[collector wcpu4] --once drained 0 checkpoint(s); exiting.
[collector wcpu4] --once drained 0 checkpoint(s); exiting.
[collector wcpu4] --once drained 0 checkpoint(s); exiting.
[collector wcpu4] --once drained 0 checkpoint(s); exiting.
[collector wcpu4] --once drained 0 checkpoint(s); exiting.
[collector wcpu4] --once drained 0 checkpoint(s); exiting.
[collector wcpu4] --once drained 0 checkpoint(s); exiting.
[collector wcpu4] --once drained 0 checkpoint(s); exiting.
error    libmamba Could not set lock (Resource temporarily unavailable)
warning  libmamba Cannot lock '/home/r.dinnage/.cache/mamba/proc'
    Waiting for other mamba process to finish
[collector wcpu4] --once drained 0 checkpoint(s); exiting.
[collector wcpu4] --once drained 0 checkpoint(s); exiting.
[collector wcpu4] --once drained 0 checkpoint(s); exiting.
[collector wcpu4] --once drained 0 checkpoint(s); exiting.
[collector wcpu4] --once drained 0 checkpoint(s); exiting.
[collector wcpu4] --once drained 0 checkpoint(s); exiting.
[collector wcpu4] --once drained 0 checkpoint(s); exiting.
error    libmamba Could not set lock (Resource temporarily unavailable)
warning  libmamba Cannot lock '/home/r.dinnage/.cache/mamba/proc'
    Waiting for other mamba process to finish
error    libmamba Could not set lock (Resource temporarily unavailable)
warning  libmamba Cannot lock '/home/r.dinnage/.cache/mamba/proc'
    Waiting for other mamba process to finish
[collector wcpu4] --once drained 0 checkpoint(s); exiting.
[collector wcpu4] --once drained 0 checkpoint(s); exiting.
[collector wcpu4] --once drained 0 checkpoint(s); exiting.
[collector wcpu4] --once drained 0 checkpoint(s); exiting.
[collector wcpu4] --once drained 0 checkpoint(s); exiting.
error    libmamba Could not set lock (Resource temporarily unavailable)
warning  libmamba Cannot lock '/home/r.dinnage/.cache/mamba/proc'
    Waiting for other mamba process to finish
[collector wcpu4] --once drained 0 checkpoint(s); exiting.
[collector wcpu4] --once drained 0 checkpoint(s); exiting.
[collector wcpu4] --once drained 0 checkpoint(s); exiting.
[collector wcpu4] --once drained 0 checkpoint(s); exiting.
[collector wcpu4] --once drained 0 checkpoint(s); exiting.
error    libmamba Could not set lock (Resource temporarily unavailable)
warning  libmamba Cannot lock '/home/r.dinnage/.cache/mamba/proc'
    Waiting for other mamba process to finish
[collector wcpu4] --once drained 0 checkpoint(s); exiting.
error    libmamba Could not set lock (Resource temporarily unavailable)
warning  libmamba Cannot lock '/home/r.dinnage/.cache/mamba/proc'
    Waiting for other mamba process to finish
[collector wcpu4] --once drained 0 checkpoint(s); exiting.
[collector wcpu4] --once drained 0 checkpoint(s); exiting.
[collector wcpu4] --once drained 0 checkpoint(s); exiting.
[collector wcpu4] --once drained 0 checkpoint(s); exiting.
[collector wcpu4] --once drained 0 checkpoint(s); exiting.
[collector wcpu4] --once drained 0 checkpoint(s); exiting.
[collector wcpu4] --once drained 0 checkpoint(s); exiting.
[collector wcpu4] --once drained 0 checkpoint(s); exiting.
[collector wcpu4] --once drained 0 checkpoint(s); exiting.
error    libmamba Could not set lock (Resource temporarily unavailable)
warning  libmamba Cannot lock '/home/r.dinnage/.cache/mamba/proc'
    Waiting for other mamba process to finish
[collector wcpu4] --once drained 0 checkpoint(s); exiting.
[collector wcpu4] --once drained 0 checkpoint(s); exiting.
error    libmamba Could not set lock (Resource temporarily unavailable)
warning  libmamba Cannot lock '/home/r.dinnage/.cache/mamba/proc'
    Waiting for other mamba process to finish
[collector wcpu4] --once drained 0 checkpoint(s); exiting.
[collector wcpu4] --once drained 0 checkpoint(s); exiting.
[collector wcpu4] --once drained 0 checkpoint(s); exiting.
[collector wcpu4] --once drained 0 checkpoint(s); exiting.
[collector wcpu4] --once drained 0 checkpoint(s); exiting.
[collector wcpu4] --once drained 0 checkpoint(s); exiting.
[collector wcpu4] --once drained 0 checkpoint(s); exiting.
[collector wcpu4] --once drained 0 checkpoint(s); exiting.
[collector wcpu4] --once drained 0 checkpoint(s); exiting.
[collector wcpu4] --once drained 0 checkpoint(s); exiting.
[collector wcpu4] --once drained 0 checkpoint(s); exiting.
error    libmamba Could not set lock (Resource temporarily unavailable)
warning  libmamba Cannot lock '/home/r.dinnage/.cache/mamba/proc'
    Waiting for other mamba process to finish
[collector wcpu4] --once drained 0 checkpoint(s); exiting.
[collector wcpu4] --once drained 0 checkpoint(s); exiting.
[collector wcpu4] --once drained 0 checkpoint(s); exiting.
[collector wcpu4] --once drained 0 checkpoint(s); exiting.
[collector wcpu4] --once drained 0 checkpoint(s); exiting.
[collector wcpu4] --once drained 0 checkpoint(s); exiting.
[collector wcpu4] --once drained 0 checkpoint(s); exiting.
[collector wcpu4] --once drained 0 checkpoint(s); exiting.
[collector wcpu4] --once drained 0 checkpoint(s); exiting.
[collector wcpu4] --once drained 0 checkpoint(s); exiting.
[collector wcpu4] --once drained 0 checkpoint(s); exiting.
[collector wcpu4] --once drained 0 checkpoint(s); exiting.
[collector wcpu4] --once drained 0 checkpoint(s); exiting.
[collector wcpu4] --once drained 0 checkpoint(s); exiting.
[collector wcpu4] --once drained 0 checkpoint(s); exiting.
[collector wcpu4] --once drained 0 checkpoint(s); exiting.
error    libmamba Could not set lock (Resource temporarily unavailable)
warning  libmamba Cannot lock '/home/r.dinnage/.cache/mamba/proc'
    Waiting for other mamba process to finish
[collector wcpu4] --once drained 0 checkpoint(s); exiting.
[collector wcpu4] --once drained 0 checkpoint(s); exiting.
[collector wcpu4] --once drained 0 checkpoint(s); exiting.
[collector wcpu4] --once drained 0 checkpoint(s); exiting.
[collector wcpu4] --once drained 0 checkpoint(s); exiting.
[collector wcpu4] --once drained 0 checkpoint(s); exiting.
[collector wcpu4] --once drained 0 checkpoint(s); exiting.
[collector wcpu4] --once drained 0 checkpoint(s); exiting.
[collector wcpu4] --once drained 0 checkpoint(s); exiting.
[collector wcpu4] --once drained 0 checkpoint(s); exiting.
[collector wcpu4] --once drained 0 checkpoint(s); exiting.
[collector wcpu4] --once drained 0 checkpoint(s); exiting.
[collector wcpu4] --once drained 0 checkpoint(s); exiting.
[collector wcpu4] --once drained 0 checkpoint(s); exiting.
[collector wcpu4] --once drained 0 checkpoint(s); exiting.
[collector wcpu4] --once drained 0 checkpoint(s); exiting.
[collector wcpu4] --once drained 0 checkpoint(s); exiting.
[collector wcpu4] --once drained 0 checkpoint(s); exiting.
[collector wcpu4] --once drained 0 checkpoint(s); exiting.
[collector wcpu4] --once drained 0 checkpoint(s); exiting.
[collector wcpu4] --once drained 0 checkpoint(s); exiting.
[collector wcpu4] --once drained 0 checkpoint(s); exiting.
error    libmamba Could not set lock (Resource temporarily unavailable)
warning  libmamba Cannot lock '/home/r.dinnage/.cache/mamba/proc'
    Waiting for other mamba process to finish
[collector wcpu4] --once drained 0 checkpoint(s); exiting.
[collector wcpu4] --once drained 0 checkpoint(s); exiting.
[collector wcpu4] --once drained 0 checkpoint(s); exiting.
[collector wcpu4] --once drained 0 checkpoint(s); exiting.
[collector wcpu4] --once drained 0 checkpoint(s); exiting.
[collector wcpu4] --once drained 0 checkpoint(s); exiting.
[collector wcpu4] --once drained 0 checkpoint(s); exiting.
[collector wcpu4] --once drained 0 checkpoint(s); exiting.
[collector wcpu4] --once drained 0 checkpoint(s); exiting.
[collector wcpu4] --once drained 0 checkpoint(s); exiting.
[collector wcpu4] --once drained 0 checkpoint(s); exiting.
[collector wcpu4] --once drained 0 checkpoint(s); exiting.
error    libmamba Could not set lock (Resource temporarily unavailable)
warning  libmamba Cannot lock '/home/r.dinnage/.cache/mamba/proc'
    Waiting for other mamba process to finish
[collector wcpu4] --once drained 0 checkpoint(s); exiting.
[collector wcpu4] --once drained 0 checkpoint(s); exiting.
[collector wcpu4] --once drained 0 checkpoint(s); exiting.
error    libmamba Could not set lock (Resource temporarily unavailable)
warning  libmamba Cannot lock '/home/r.dinnage/.cache/mamba/proc'
    Waiting for other mamba process to finish
[collector wcpu4] --once drained 0 checkpoint(s); exiting.
[collector wcpu4] --once drained 0 checkpoint(s); exiting.
[collector wcpu4] --once drained 0 checkpoint(s); exiting.
[collector wcpu4] --once drained 0 checkpoint(s); exiting.
[collector wcpu4] --once drained 0 checkpoint(s); exiting.
[collector wcpu4] --once drained 0 checkpoint(s); exiting.
[collector wcpu4] no probe/val CSV (probe_csv=None, val_csv=None); forward/backward blocks skipped for run_id=plantclef__stable_evo__s42.
[Extractor] block_set='cpu': CPU-only block set ['block_optim', 'block_weights', 'block_trajectory', 'block_circuits'] needs no model forward — skipping probe/Hessian build (no CSV/dataloaders, lower host RAM).
[extract] step=2354 SKIP heavy block block_circuits (ordinal=470 basis=step_fallback heavy_every=8)
[extract] step=2354 heavy=FALSE total=218.19s | block_optim=165.77 block_weights=38.81 block_trajectory=1.02
[collector wcpu4] cpu-pass DONE run_id=plantclef__stable_evo__s42 step=2354 blocks_ok=3 t=218.186s (all_passes_complete=False)
[collector wcpu4] --once drained 1 checkpoint(s); exiting.
[cwcpu4] drained 1 checkpoint(s); looping.
[collector wcpu4] --once drained 0 checkpoint(s); exiting.
[collector wcpu4] --once drained 0 checkpoint(s); exiting.
[collector wcpu4] --once drained 0 checkpoint(s); exiting.
[collector wcpu4] --once drained 0 checkpoint(s); exiting.
[collector wcpu4] --once drained 0 checkpoint(s); exiting.
[collector wcpu4] --once drained 0 checkpoint(s); exiting.
[collector wcpu4] --once drained 0 checkpoint(s); exiting.
[collector wcpu4] --once drained 0 checkpoint(s); exiting.
[collector wcpu4] --once drained 0 checkpoint(s); exiting.
error    libmamba Could not set lock (Resource temporarily unavailable)
warning  libmamba Cannot lock '/home/r.dinnage/.cache/mamba/proc'
    Waiting for other mamba process to finish
[collector wcpu4] --once drained 0 checkpoint(s); exiting.
[collector wcpu4] --once drained 0 checkpoint(s); exiting.
[collector wcpu4] --once drained 0 checkpoint(s); exiting.
error    libmamba Could not set lock (Resource temporarily unavailable)
warning  libmamba Cannot lock '/home/r.dinnage/.cache/mamba/proc'
    Waiting for other mamba process to finish
[collector wcpu4] --once drained 0 checkpoint(s); exiting.
[collector wcpu4] --once drained 0 checkpoint(s); exiting.
[collector wcpu4] --once drained 0 checkpoint(s); exiting.
[collector wcpu4] --once drained 0 checkpoint(s); exiting.
[collector wcpu4] --once drained 0 checkpoint(s); exiting.
[collector wcpu4] --once drained 0 checkpoint(s); exiting.
[collector wcpu4] --once drained 0 checkpoint(s); exiting.
[collector wcpu4] --once drained 0 checkpoint(s); exiting.
[collector wcpu4] --once drained 0 checkpoint(s); exiting.
[collector wcpu4] --once drained 0 checkpoint(s); exiting.
[collector wcpu4] --once drained 0 checkpoint(s); exiting.
[collector wcpu4] --once drained 0 checkpoint(s); exiting.
[collector wcpu4] --once drained 0 checkpoint(s); exiting.
[collector wcpu4] --once drained 0 checkpoint(s); exiting.
[collector wcpu4] --once drained 0 checkpoint(s); exiting.
[collector wcpu4] --once drained 0 checkpoint(s); exiting.
error    libmamba Could not set lock (Resource temporarily unavailable)
warning  libmamba Cannot lock '/home/r.dinnage/.cache/mamba/proc'
    Waiting for other mamba process to finish
[collector wcpu4] --once drained 0 checkpoint(s); exiting.
[collector wcpu4] --once drained 0 checkpoint(s); exiting.
[collector wcpu4] --once drained 0 checkpoint(s); exiting.
[collector wcpu4] --once drained 0 checkpoint(s); exiting.
[collector wcpu4] --once drained 0 checkpoint(s); exiting.
[collector wcpu4] --once drained 0 checkpoint(s); exiting.
[collector wcpu4] --once drained 0 checkpoint(s); exiting.
[collector wcpu4] --once drained 0 checkpoint(s); exiting.
error    libmamba Could not set lock (Resource temporarily unavailable)
warning  libmamba Cannot lock '/home/r.dinnage/.cache/mamba/proc'
    Waiting for other mamba process to finish
[collector wcpu4] --once drained 0 checkpoint(s); exiting.
[collector wcpu4] no probe/val CSV (probe_csv=None, val_csv=None); forward/backward blocks skipped for run_id=plantclef__stable_evo__s42.
[Extractor] block_set='cpu': CPU-only block set ['block_optim', 'block_weights', 'block_trajectory', 'block_circuits'] needs no model forward — skipping probe/Hessian build (no CSV/dataloaders, lower host RAM).
[extract] step=2462 SKIP heavy block block_circuits (ordinal=492 basis=step_fallback heavy_every=8)
[extract] step=2462 heavy=FALSE total=255.64s | block_optim=195.32 block_weights=44.76 block_trajectory=2.08
[collector wcpu4] cpu-pass DONE run_id=plantclef__stable_evo__s42 step=2462 blocks_ok=3 t=255.643s (all_passes_complete=False)
[extract] step=2486 SKIP heavy block block_circuits (ordinal=497 basis=step_fallback heavy_every=8)
[extract] step=2486 heavy=FALSE total=225.07s | block_optim=172.33 block_weights=38.66 block_trajectory=1.53
[collector wcpu4] cpu-pass DONE run_id=plantclef__stable_evo__s42 step=2486 blocks_ok=3 t=225.073s (all_passes_complete=False)
[collector wcpu4] --once drained 2 checkpoint(s); exiting.
[cwcpu4] drained 2 checkpoint(s); looping.
[collector wcpu4] --once drained 0 checkpoint(s); exiting.
[collector wcpu4] --once drained 0 checkpoint(s); exiting.
[collector wcpu4] --once drained 0 checkpoint(s); exiting.
[collector wcpu4] --once drained 0 checkpoint(s); exiting.
error    libmamba Could not set lock (Resource temporarily unavailable)
warning  libmamba Cannot lock '/home/r.dinnage/.cache/mamba/proc'
    Waiting for other mamba process to finish
[collector wcpu4] --once drained 0 checkpoint(s); exiting.
error    libmamba Could not set lock (Resource temporarily unavailable)
warning  libmamba Cannot lock '/home/r.dinnage/.cache/mamba/proc'
    Waiting for other mamba process to finish
[collector wcpu4] --once drained 0 checkpoint(s); exiting.
error    libmamba Could not set lock (Resource temporarily unavailable)
warning  libmamba Cannot lock '/home/r.dinnage/.cache/mamba/proc'
    Waiting for other mamba process to finish
[collector wcpu4] --once drained 0 checkpoint(s); exiting.
[collector wcpu4] --once drained 0 checkpoint(s); exiting.
[collector wcpu4] --once drained 0 checkpoint(s); exiting.
[collector wcpu4] --once drained 0 checkpoint(s); exiting.
[collector wcpu4] --once drained 0 checkpoint(s); exiting.
[collector wcpu4] --once drained 0 checkpoint(s); exiting.
[collector wcpu4] --once drained 0 checkpoint(s); exiting.
[collector wcpu4] --once drained 0 checkpoint(s); exiting.
[collector wcpu4] --once drained 0 checkpoint(s); exiting.
error    libmamba Could not set lock (Resource temporarily unavailable)
warning  libmamba Cannot lock '/home/r.dinnage/.cache/mamba/proc'
    Waiting for other mamba process to finish
[collector wcpu4] --once drained 0 checkpoint(s); exiting.
[collector wcpu4] --once drained 0 checkpoint(s); exiting.
[collector wcpu4] --once drained 0 checkpoint(s); exiting.
[collector wcpu4] --once drained 0 checkpoint(s); exiting.
[collector wcpu4] --once drained 0 checkpoint(s); exiting.
[collector wcpu4] --once drained 0 checkpoint(s); exiting.
[collector wcpu4] --once drained 0 checkpoint(s); exiting.
[collector wcpu4] --once drained 0 checkpoint(s); exiting.
[collector wcpu4] --once drained 0 checkpoint(s); exiting.
[collector wcpu4] --once drained 0 checkpoint(s); exiting.
[collector wcpu4] --once drained 0 checkpoint(s); exiting.
[collector wcpu4] --once drained 0 checkpoint(s); exiting.
[collector wcpu4] --once drained 0 checkpoint(s); exiting.
[collector wcpu4] --once drained 0 checkpoint(s); exiting.
error    libmamba Could not set lock (Resource temporarily unavailable)
warning  libmamba Cannot lock '/home/r.dinnage/.cache/mamba/proc'
    Waiting for other mamba process to finish
[collector wcpu4] --once drained 0 checkpoint(s); exiting.
[collector wcpu4] --once drained 0 checkpoint(s); exiting.
error    libmamba Could not set lock (Resource temporarily unavailable)
warning  libmamba Cannot lock '/home/r.dinnage/.cache/mamba/proc'
    Waiting for other mamba process to finish
[collector wcpu4] --once drained 0 checkpoint(s); exiting.
[collector wcpu4] --once drained 0 checkpoint(s); exiting.
error    libmamba Could not set lock (Resource temporarily unavailable)
warning  libmamba Cannot lock '/home/r.dinnage/.cache/mamba/proc'
    Waiting for other mamba process to finish
[collector wcpu4] --once drained 0 checkpoint(s); exiting.
[collector wcpu4] --once drained 0 checkpoint(s); exiting.
[collector wcpu4] --once drained 0 checkpoint(s); exiting.
error    libmamba Could not set lock (Resource temporarily unavailable)
warning  libmamba Cannot lock '/home/r.dinnage/.cache/mamba/proc'
    Waiting for other mamba process to finish
[collector wcpu4] --once drained 0 checkpoint(s); exiting.
[collector wcpu4] --once drained 0 checkpoint(s); exiting.
[collector wcpu4] --once drained 0 checkpoint(s); exiting.
[collector wcpu4] --once drained 0 checkpoint(s); exiting.
[collector wcpu4] --once drained 0 checkpoint(s); exiting.
[collector wcpu4] --once drained 0 checkpoint(s); exiting.
[collector wcpu4] --once drained 0 checkpoint(s); exiting.
[collector wcpu4] --once drained 0 checkpoint(s); exiting.
[collector wcpu4] --once drained 0 checkpoint(s); exiting.
[collector wcpu4] --once drained 0 checkpoint(s); exiting.
error    libmamba Could not set lock (Resource temporarily unavailable)
warning  libmamba Cannot lock '/home/r.dinnage/.cache/mamba/proc'
    Waiting for other mamba process to finish
[collector wcpu4] --once drained 0 checkpoint(s); exiting.
[collector wcpu4] --once drained 0 checkpoint(s); exiting.
[collector wcpu4] --once drained 0 checkpoint(s); exiting.
[collector wcpu4] --once drained 0 checkpoint(s); exiting.
[collector wcpu4] no probe/val CSV (probe_csv=None, val_csv=None); forward/backward blocks skipped for run_id=plantclef__stable_evo__s42.
[Extractor] block_set='cpu': CPU-only block set ['block_optim', 'block_weights', 'block_trajectory', 'block_circuits'] needs no model forward — skipping probe/Hessian build (no CSV/dataloaders, lower host RAM).
[extract] step=2620 SKIP heavy block block_circuits (ordinal=524 basis=step_fallback heavy_every=8)
[extract] step=2620 heavy=FALSE total=218.94s | block_optim=164.13 block_weights=39.16 block_trajectory=0.78
[collector wcpu4] cpu-pass DONE run_id=plantclef__stable_evo__s42 step=2620 blocks_ok=3 t=218.936s (all_passes_complete=False)
[collector wcpu4] --once drained 1 checkpoint(s); exiting.
[cwcpu4] drained 1 checkpoint(s); looping.
[collector wcpu4] --once drained 0 checkpoint(s); exiting.
[collector wcpu4] --once drained 0 checkpoint(s); exiting.
[collector wcpu4] --once drained 0 checkpoint(s); exiting.
[collector wcpu4] --once drained 0 checkpoint(s); exiting.
[collector wcpu4] --once drained 0 checkpoint(s); exiting.
[collector wcpu4] --once drained 0 checkpoint(s); exiting.
[collector wcpu4] --once drained 0 checkpoint(s); exiting.
error    libmamba Could not set lock (Resource temporarily unavailable)
warning  libmamba Cannot lock '/home/r.dinnage/.cache/mamba/proc'
    Waiting for other mamba process to finish
[collector wcpu4] --once drained 0 checkpoint(s); exiting.
[collector wcpu4] --once drained 0 checkpoint(s); exiting.
error    libmamba Could not set lock (Resource temporarily unavailable)
warning  libmamba Cannot lock '/home/r.dinnage/.cache/mamba/proc'
    Waiting for other mamba process to finish
[collector wcpu4] --once drained 0 checkpoint(s); exiting.
[collector wcpu4] --once drained 0 checkpoint(s); exiting.
[collector wcpu4] --once drained 0 checkpoint(s); exiting.
error    libmamba Could not set lock (Resource temporarily unavailable)
warning  libmamba Cannot lock '/home/r.dinnage/.cache/mamba/proc'
    Waiting for other mamba process to finish
[collector wcpu4] --once drained 0 checkpoint(s); exiting.
[collector wcpu4] --once drained 0 checkpoint(s); exiting.
error    libmamba Could not set lock (Resource temporarily unavailable)
warning  libmamba Cannot lock '/home/r.dinnage/.cache/mamba/proc'
    Waiting for other mamba process to finish
[collector wcpu4] --once drained 0 checkpoint(s); exiting.
[collector wcpu4] --once drained 0 checkpoint(s); exiting.
[collector wcpu4] --once drained 0 checkpoint(s); exiting.
[collector wcpu4] --once drained 0 checkpoint(s); exiting.
[collector wcpu4] --once drained 0 checkpoint(s); exiting.
[collector wcpu4] --once drained 0 checkpoint(s); exiting.
[collector wcpu4] --once drained 0 checkpoint(s); exiting.
[collector wcpu4] --once drained 0 checkpoint(s); exiting.
[collector wcpu4] --once drained 0 checkpoint(s); exiting.
[collector wcpu4] --once drained 0 checkpoint(s); exiting.
error    libmamba Could not set lock (Resource temporarily unavailable)
warning  libmamba Cannot lock '/home/r.dinnage/.cache/mamba/proc'
    Waiting for other mamba process to finish
[collector wcpu4] --once drained 0 checkpoint(s); exiting.
[collector wcpu4] --once drained 0 checkpoint(s); exiting.
[collector wcpu4] --once drained 0 checkpoint(s); exiting.
error    libmamba Could not set lock (Resource temporarily unavailable)
warning  libmamba Cannot lock '/home/r.dinnage/.cache/mamba/proc'
    Waiting for other mamba process to finish
[collector wcpu4] no probe/val CSV (probe_csv=None, val_csv=None); forward/backward blocks skipped for run_id=plantclef__stable_evo__s42.
[Extractor] block_set='cpu': CPU-only block set ['block_optim', 'block_weights', 'block_trajectory', 'block_circuits'] needs no model forward — skipping probe/Hessian build (no CSV/dataloaders, lower host RAM).
[extract] step=2704 SKIP heavy block block_circuits (ordinal=540 basis=step_fallback heavy_every=8)
[extract] step=2704 heavy=FALSE total=229.18s | block_optim=174.71 block_weights=40.74 block_trajectory=0.98
[collector wcpu4] cpu-pass DONE run_id=plantclef__stable_evo__s42 step=2704 blocks_ok=3 t=229.184s (all_passes_complete=False)
[collector wcpu4] --once drained 1 checkpoint(s); exiting.
[cwcpu4] drained 1 checkpoint(s); looping.
[collector wcpu4] --once drained 0 checkpoint(s); exiting.
error    libmamba Could not set lock (Resource temporarily unavailable)
warning  libmamba Cannot lock '/home/r.dinnage/.cache/mamba/proc'
    Waiting for other mamba process to finish
[collector wcpu4] --once drained 0 checkpoint(s); exiting.
[collector wcpu4] --once drained 0 checkpoint(s); exiting.
[collector wcpu4] --once drained 0 checkpoint(s); exiting.
[collector wcpu4] --once drained 0 checkpoint(s); exiting.
[collector wcpu4] --once drained 0 checkpoint(s); exiting.
[collector wcpu4] --once drained 0 checkpoint(s); exiting.
[collector wcpu4] --once drained 0 checkpoint(s); exiting.
[collector wcpu4] --once drained 0 checkpoint(s); exiting.
[collector wcpu4] --once drained 0 checkpoint(s); exiting.
[collector wcpu4] --once drained 0 checkpoint(s); exiting.
[collector wcpu4] --once drained 0 checkpoint(s); exiting.
[collector wcpu4] --once drained 0 checkpoint(s); exiting.
[collector wcpu4] --once drained 0 checkpoint(s); exiting.
[collector wcpu4] --once drained 0 checkpoint(s); exiting.
[collector wcpu4] no probe/val CSV (probe_csv=None, val_csv=None); forward/backward blocks skipped for run_id=plantclef__stable_evo__s42.
[Extractor] block_set='cpu': CPU-only block set ['block_optim', 'block_weights', 'block_trajectory', 'block_circuits'] needs no model forward — skipping probe/Hessian build (no CSV/dataloaders, lower host RAM).
[extract] step=2764 heavy=TRUE total=231.31s | block_optim=170.11 block_weights=41.69 block_trajectory=1.02 block_circuits=5.78
[collector wcpu4] cpu-pass DONE run_id=plantclef__stable_evo__s42 step=2764 blocks_ok=4 t=231.308s (all_passes_complete=False)
[collector wcpu4] --once drained 1 checkpoint(s); exiting.
[cwcpu4] drained 1 checkpoint(s); looping.
[collector wcpu4] --once drained 0 checkpoint(s); exiting.
[collector wcpu4] --once drained 0 checkpoint(s); exiting.
[collector wcpu4] --once drained 0 checkpoint(s); exiting.
[collector wcpu4] --once drained 0 checkpoint(s); exiting.
[collector wcpu4] --once drained 0 checkpoint(s); exiting.
[collector wcpu4] --once drained 0 checkpoint(s); exiting.
[collector wcpu4] --once drained 0 checkpoint(s); exiting.
[collector wcpu4] --once drained 0 checkpoint(s); exiting.
[collector wcpu4] --once drained 0 checkpoint(s); exiting.
[collector wcpu4] --once drained 0 checkpoint(s); exiting.
[collector wcpu4] --once drained 0 checkpoint(s); exiting.
[collector wcpu4] --once drained 0 checkpoint(s); exiting.
[collector wcpu4] --once drained 0 checkpoint(s); exiting.
error    libmamba Could not set lock (Resource temporarily unavailable)
warning  libmamba Cannot lock '/home/r.dinnage/.cache/mamba/proc'
    Waiting for other mamba process to finish
[collector wcpu4] no probe/val CSV (probe_csv=None, val_csv=None); forward/backward blocks skipped for run_id=plantclef__stable_evo__s42.
[Extractor] block_set='cpu': CPU-only block set ['block_optim', 'block_weights', 'block_trajectory', 'block_circuits'] needs no model forward — skipping probe/Hessian build (no CSV/dataloaders, lower host RAM).
[extract] step=2814 SKIP heavy block block_circuits (ordinal=562 basis=step_fallback heavy_every=8)
[extract] step=2814 heavy=FALSE total=242.19s | block_optim=182.58 block_weights=44.68 block_trajectory=1.14
[collector wcpu4] cpu-pass DONE run_id=plantclef__stable_evo__s42 step=2814 blocks_ok=3 t=242.194s (all_passes_complete=False)
[collector wcpu4] --once drained 1 checkpoint(s); exiting.
[cwcpu4] drained 1 checkpoint(s); looping.
[collector wcpu4] no probe/val CSV (probe_csv=None, val_csv=None); forward/backward blocks skipped for run_id=plantclef__stable_evo__s42.
[Extractor] block_set='cpu': CPU-only block set ['block_optim', 'block_weights', 'block_trajectory', 'block_circuits'] needs no model forward — skipping probe/Hessian build (no CSV/dataloaders, lower host RAM).
[extract] step=2838 SKIP heavy block block_circuits (ordinal=567 basis=step_fallback heavy_every=8)
[extract] step=2838 heavy=FALSE total=220.30s | block_optim=162.51 block_weights=40.93 block_trajectory=0.87
[collector wcpu4] cpu-pass DONE run_id=plantclef__stable_evo__s42 step=2838 blocks_ok=3 t=220.301s (all_passes_complete=False)
[collector wcpu4] --once drained 1 checkpoint(s); exiting.
[cwcpu4] drained 1 checkpoint(s); looping.
[collector wcpu4] --once drained 0 checkpoint(s); exiting.
[collector wcpu4] --once drained 0 checkpoint(s); exiting.
[collector wcpu4] --once drained 0 checkpoint(s); exiting.
[collector wcpu4] --once drained 0 checkpoint(s); exiting.
[collector wcpu4] --once drained 0 checkpoint(s); exiting.
[collector wcpu4] --once drained 0 checkpoint(s); exiting.
[collector wcpu4] --once drained 0 checkpoint(s); exiting.
[collector wcpu4] --once drained 0 checkpoint(s); exiting.
error    libmamba Could not set lock (Resource temporarily unavailable)
warning  libmamba Cannot lock '/home/r.dinnage/.cache/mamba/proc'
    Waiting for other mamba process to finish
[collector wcpu4] --once drained 0 checkpoint(s); exiting.
[collector wcpu4] --once drained 0 checkpoint(s); exiting.
[collector wcpu4] --once drained 0 checkpoint(s); exiting.
error    libmamba Could not set lock (Resource temporarily unavailable)
warning  libmamba Cannot lock '/home/r.dinnage/.cache/mamba/proc'
    Waiting for other mamba process to finish
[collector wcpu4] --once drained 0 checkpoint(s); exiting.
error    libmamba Could not set lock (Resource temporarily unavailable)
warning  libmamba Cannot lock '/home/r.dinnage/.cache/mamba/proc'
    Waiting for other mamba process to finish
[collector wcpu4] --once drained 0 checkpoint(s); exiting.
[collector wcpu4] --once drained 0 checkpoint(s); exiting.
[collector wcpu4] --once drained 0 checkpoint(s); exiting.
[collector wcpu4] --once drained 0 checkpoint(s); exiting.
error    libmamba Could not set lock (Resource temporarily unavailable)
warning  libmamba Cannot lock '/home/r.dinnage/.cache/mamba/proc'
    Waiting for other mamba process to finish
[collector wcpu4] --once drained 0 checkpoint(s); exiting.
[collector wcpu4] --once drained 0 checkpoint(s); exiting.
[collector wcpu4] --once drained 0 checkpoint(s); exiting.
[collector wcpu4] --once drained 0 checkpoint(s); exiting.
[collector wcpu4] --once drained 0 checkpoint(s); exiting.
[collector wcpu4] --once drained 0 checkpoint(s); exiting.
error    libmamba Could not set lock (Resource temporarily unavailable)
warning  libmamba Cannot lock '/home/r.dinnage/.cache/mamba/proc'
    Waiting for other mamba process to finish
[collector wcpu4] --once drained 0 checkpoint(s); exiting.
[collector wcpu4] --once drained 0 checkpoint(s); exiting.
error    libmamba Could not set lock (Resource temporarily unavailable)
warning  libmamba Cannot lock '/home/r.dinnage/.cache/mamba/proc'
    Waiting for other mamba process to finish
[collector wcpu4] --once drained 0 checkpoint(s); exiting.
[collector wcpu4] --once drained 0 checkpoint(s); exiting.
[collector wcpu4] --once drained 0 checkpoint(s); exiting.
[collector wcpu4] --once drained 0 checkpoint(s); exiting.
[collector wcpu4] --once drained 0 checkpoint(s); exiting.
[collector wcpu4] --once drained 0 checkpoint(s); exiting.
[collector wcpu4] --once drained 0 checkpoint(s); exiting.
[collector wcpu4] --once drained 0 checkpoint(s); exiting.
[collector wcpu4] --once drained 0 checkpoint(s); exiting.
[collector wcpu4] --once drained 0 checkpoint(s); exiting.
error    libmamba Could not set lock (Resource temporarily unavailable)
warning  libmamba Cannot lock '/home/r.dinnage/.cache/mamba/proc'
    Waiting for other mamba process to finish
[collector wcpu4] --once drained 0 checkpoint(s); exiting.
[collector wcpu4] --once drained 0 checkpoint(s); exiting.
[collector wcpu4] --once drained 0 checkpoint(s); exiting.
[collector wcpu4] --once drained 0 checkpoint(s); exiting.
error    libmamba Could not set lock (Resource temporarily unavailable)
warning  libmamba Cannot lock '/home/r.dinnage/.cache/mamba/proc'
    Waiting for other mamba process to finish
[collector wcpu4] --once drained 0 checkpoint(s); exiting.
[collector wcpu4] --once drained 0 checkpoint(s); exiting.
[collector wcpu4] --once drained 0 checkpoint(s); exiting.
error    libmamba Could not set lock (Resource temporarily unavailable)
warning  libmamba Cannot lock '/home/r.dinnage/.cache/mamba/proc'
    Waiting for other mamba process to finish
[collector wcpu4] --once drained 0 checkpoint(s); exiting.
error    libmamba Could not set lock (Resource temporarily unavailable)
warning  libmamba Cannot lock '/home/r.dinnage/.cache/mamba/proc'
    Waiting for other mamba process to finish
[collector wcpu4] no probe/val CSV (probe_csv=None, val_csv=None); forward/backward blocks skipped for run_id=plantclef__stable_evo__s42.
[Extractor] block_set='cpu': CPU-only block set ['block_optim', 'block_weights', 'block_trajectory', 'block_circuits'] needs no model forward — skipping probe/Hessian build (no CSV/dataloaders, lower host RAM).
/blue/guralnick/share/r.dinnage/Projects/phenovision/xAI/py/extractor/block_optim.py:258: RuntimeWarning: overflow encountered in cast
  scalars = np.array([lam_max, lam_floor, trace, sum_log, pr, eff_rank, cond, aniso,
[extract] step=2958 SKIP heavy block block_circuits (ordinal=591 basis=step_fallback heavy_every=8)
[extract] step=2958 heavy=FALSE total=216.56s | block_optim=166.27 block_weights=37.87 block_trajectory=0.81
[collector wcpu4] cpu-pass DONE run_id=plantclef__stable_evo__s42 step=2958 blocks_ok=3 t=216.56s (all_passes_complete=False)
[collector wcpu4] --once drained 1 checkpoint(s); exiting.
[cwcpu4] drained 1 checkpoint(s); looping.
[collector wcpu4] --once drained 0 checkpoint(s); exiting.
[collector wcpu4] --once drained 0 checkpoint(s); exiting.
[collector wcpu4] --once drained 0 checkpoint(s); exiting.
[collector wcpu4] --once drained 0 checkpoint(s); exiting.
[collector wcpu4] --once drained 0 checkpoint(s); exiting.
[collector wcpu4] --once drained 0 checkpoint(s); exiting.
[collector wcpu4] --once drained 0 checkpoint(s); exiting.
[collector wcpu4] --once drained 0 checkpoint(s); exiting.
[collector wcpu4] --once drained 0 checkpoint(s); exiting.
[collector wcpu4] --once drained 0 checkpoint(s); exiting.
[collector wcpu4] --once drained 0 checkpoint(s); exiting.
[collector wcpu4] --once drained 0 checkpoint(s); exiting.
[collector wcpu4] --once drained 0 checkpoint(s); exiting.
[collector wcpu4] --once drained 0 checkpoint(s); exiting.
[collector wcpu4] --once drained 0 checkpoint(s); exiting.
error    libmamba Could not set lock (Resource temporarily unavailable)
warning  libmamba Cannot lock '/home/r.dinnage/.cache/mamba/proc'
    Waiting for other mamba process to finish
[collector wcpu4] --once drained 0 checkpoint(s); exiting.
[collector wcpu4] --once drained 0 checkpoint(s); exiting.
[collector wcpu4] --once drained 0 checkpoint(s); exiting.
[collector wcpu4] --once drained 0 checkpoint(s); exiting.
[collector wcpu4] --once drained 0 checkpoint(s); exiting.
[collector wcpu4] --once drained 0 checkpoint(s); exiting.
[collector wcpu4] --once drained 0 checkpoint(s); exiting.
error    libmamba Could not set lock (Resource temporarily unavailable)
warning  libmamba Cannot lock '/home/r.dinnage/.cache/mamba/proc'
    Waiting for other mamba process to finish
[collector wcpu4] --once drained 0 checkpoint(s); exiting.
[collector wcpu4] --once drained 0 checkpoint(s); exiting.
[collector wcpu4] --once drained 0 checkpoint(s); exiting.
[collector wcpu4] --once drained 0 checkpoint(s); exiting.
[collector wcpu4] --once drained 0 checkpoint(s); exiting.
[collector wcpu4] no probe/val CSV (probe_csv=None, val_csv=None); forward/backward blocks skipped for run_id=plantclef__stable_evo__s42.
[Extractor] block_set='cpu': CPU-only block set ['block_optim', 'block_weights', 'block_trajectory', 'block_circuits'] needs no model forward — skipping probe/Hessian build (no CSV/dataloaders, lower host RAM).
/blue/guralnick/share/r.dinnage/Projects/phenovision/xAI/py/extractor/block_optim.py:258: RuntimeWarning: overflow encountered in cast
  scalars = np.array([lam_max, lam_floor, trace, sum_log, pr, eff_rank, cond, aniso,
[extract] step=3042 heavy=TRUE total=226.77s | block_optim=168.10 block_weights=38.40 block_trajectory=1.26 block_circuits=5.02
[collector wcpu4] cpu-pass DONE run_id=plantclef__stable_evo__s42 step=3042 blocks_ok=4 t=226.77s (all_passes_complete=False)
[collector wcpu4] --once drained 1 checkpoint(s); exiting.
[cwcpu4] drained 1 checkpoint(s); looping.
[collector wcpu4] --once drained 0 checkpoint(s); exiting.
[collector wcpu4] --once drained 0 checkpoint(s); exiting.
error    libmamba Could not set lock (Resource temporarily unavailable)
warning  libmamba Cannot lock '/home/r.dinnage/.cache/mamba/proc'
    Waiting for other mamba process to finish
[collector wcpu4] --once drained 0 checkpoint(s); exiting.
[collector wcpu4] --once drained 0 checkpoint(s); exiting.
[collector wcpu4] --once drained 0 checkpoint(s); exiting.
[collector wcpu4] --once drained 0 checkpoint(s); exiting.
[collector wcpu4] --once drained 0 checkpoint(s); exiting.
[collector wcpu4] --once drained 0 checkpoint(s); exiting.
error    libmamba Could not set lock (Resource temporarily unavailable)
warning  libmamba Cannot lock '/home/r.dinnage/.cache/mamba/proc'
    Waiting for other mamba process to finish
[collector wcpu4] --once drained 0 checkpoint(s); exiting.
[collector wcpu4] --once drained 0 checkpoint(s); exiting.
[collector wcpu4] --once drained 0 checkpoint(s); exiting.
[collector wcpu4] --once drained 0 checkpoint(s); exiting.
error    libmamba Could not set lock (Resource temporarily unavailable)
warning  libmamba Cannot lock '/home/r.dinnage/.cache/mamba/proc'
    Waiting for other mamba process to finish
[collector wcpu4] --once drained 0 checkpoint(s); exiting.
[collector wcpu4] --once drained 0 checkpoint(s); exiting.
[collector wcpu4] --once drained 0 checkpoint(s); exiting.
[collector wcpu4] --once drained 0 checkpoint(s); exiting.
[collector wcpu4] --once drained 0 checkpoint(s); exiting.
error    libmamba Could not set lock (Resource temporarily unavailable)
warning  libmamba Cannot lock '/home/r.dinnage/.cache/mamba/proc'
    Waiting for other mamba process to finish
[collector wcpu4] --once drained 0 checkpoint(s); exiting.
[collector wcpu4] --once drained 0 checkpoint(s); exiting.
error    libmamba Could not set lock (Resource temporarily unavailable)
warning  libmamba Cannot lock '/home/r.dinnage/.cache/mamba/proc'
    Waiting for other mamba process to finish
[collector wcpu4] --once drained 0 checkpoint(s); exiting.
[collector wcpu4] --once drained 0 checkpoint(s); exiting.
[collector wcpu4] --once drained 0 checkpoint(s); exiting.
[collector wcpu4] --once drained 0 checkpoint(s); exiting.
[collector wcpu4] --once drained 0 checkpoint(s); exiting.
[collector wcpu4] --once drained 0 checkpoint(s); exiting.
error    libmamba Could not set lock (Resource temporarily unavailable)
warning  libmamba Cannot lock '/home/r.dinnage/.cache/mamba/proc'
    Waiting for other mamba process to finish
[collector wcpu4] --once drained 0 checkpoint(s); exiting.
[collector wcpu4] --once drained 0 checkpoint(s); exiting.
[collector wcpu4] --once drained 0 checkpoint(s); exiting.
[collector wcpu4] --once drained 0 checkpoint(s); exiting.
[collector wcpu4] --once drained 0 checkpoint(s); exiting.
[collector wcpu4] --once drained 0 checkpoint(s); exiting.
[collector wcpu4] --once drained 0 checkpoint(s); exiting.
[collector wcpu4] --once drained 0 checkpoint(s); exiting.
[collector wcpu4] --once drained 0 checkpoint(s); exiting.
error    libmamba Could not set lock (Resource temporarily unavailable)
warning  libmamba Cannot lock '/home/r.dinnage/.cache/mamba/proc'
    Waiting for other mamba process to finish
[collector wcpu4] --once drained 0 checkpoint(s); exiting.
[collector wcpu4] --once drained 0 checkpoint(s); exiting.
error    libmamba Could not set lock (Resource temporarily unavailable)
warning  libmamba Cannot lock '/home/r.dinnage/.cache/mamba/proc'
    Waiting for other mamba process to finish
[collector wcpu4] --once drained 0 checkpoint(s); exiting.
[collector wcpu4] --once drained 0 checkpoint(s); exiting.
error    libmamba Could not set lock (Resource temporarily unavailable)
warning  libmamba Cannot lock '/home/r.dinnage/.cache/mamba/proc'
    Waiting for other mamba process to finish
[collector wcpu4] --once drained 0 checkpoint(s); exiting.
[collector wcpu4] --once drained 0 checkpoint(s); exiting.
[collector wcpu4] --once drained 0 checkpoint(s); exiting.
[collector wcpu4] --once drained 0 checkpoint(s); exiting.
error    libmamba Could not set lock (Resource temporarily unavailable)
warning  libmamba Cannot lock '/home/r.dinnage/.cache/mamba/proc'
    Waiting for other mamba process to finish
[collector wcpu4] --once drained 0 checkpoint(s); exiting.
error    libmamba Could not set lock (Resource temporarily unavailable)
warning  libmamba Cannot lock '/home/r.dinnage/.cache/mamba/proc'
    Waiting for other mamba process to finish
[collector wcpu4] --once drained 0 checkpoint(s); exiting.
[collector wcpu4] --once drained 0 checkpoint(s); exiting.
[collector wcpu4] --once drained 0 checkpoint(s); exiting.
[collector wcpu4] --once drained 0 checkpoint(s); exiting.
[collector wcpu4] --once drained 0 checkpoint(s); exiting.
[collector wcpu4] no probe/val CSV (probe_csv=None, val_csv=None); forward/backward blocks skipped for run_id=plantclef__stable_evo__s42.
[Extractor] block_set='cpu': CPU-only block set ['block_optim', 'block_weights', 'block_trajectory', 'block_circuits'] needs no model forward — skipping probe/Hessian build (no CSV/dataloaders, lower host RAM).
/blue/guralnick/share/r.dinnage/Projects/phenovision/xAI/py/extractor/block_optim.py:258: RuntimeWarning: overflow encountered in cast
  scalars = np.array([lam_max, lam_floor, trace, sum_log, pr, eff_rank, cond, aniso,
[extract] step=3176 SKIP heavy block block_circuits (ordinal=635 basis=step_fallback heavy_every=8)
[extract] step=3176 heavy=FALSE total=235.79s | block_optim=177.72 block_weights=42.71 block_trajectory=1.65
[collector wcpu4] cpu-pass DONE run_id=plantclef__stable_evo__s42 step=3176 blocks_ok=3 t=235.787s (all_passes_complete=False)
[collector wcpu4] --once drained 1 checkpoint(s); exiting.
[cwcpu4] drained 1 checkpoint(s); looping.
[collector wcpu4] no probe/val CSV (probe_csv=None, val_csv=None); forward/backward blocks skipped for run_id=plantclef__stable_evo__s42.
[Extractor] block_set='cpu': CPU-only block set ['block_optim', 'block_weights', 'block_trajectory', 'block_circuits'] needs no model forward — skipping probe/Hessian build (no CSV/dataloaders, lower host RAM).
/blue/guralnick/share/r.dinnage/Projects/phenovision/xAI/py/extractor/block_optim.py:258: RuntimeWarning: overflow encountered in cast
  scalars = np.array([lam_max, lam_floor, trace, sum_log, pr, eff_rank, cond, aniso,
[extract] step=3200 heavy=TRUE total=220.91s | block_optim=164.03 block_weights=39.15 block_trajectory=0.90 block_circuits=5.20
[collector wcpu4] cpu-pass DONE run_id=plantclef__stable_evo__s42 step=3200 blocks_ok=4 t=220.914s (all_passes_complete=False)
[collector wcpu4] --once drained 1 checkpoint(s); exiting.
[cwcpu4] drained 1 checkpoint(s); looping.
[collector wcpu4] --once drained 0 checkpoint(s); exiting.
[collector wcpu4] --once drained 0 checkpoint(s); exiting.
[collector wcpu4] --once drained 0 checkpoint(s); exiting.
[collector wcpu4] --once drained 0 checkpoint(s); exiting.
[collector wcpu4] --once drained 0 checkpoint(s); exiting.
[collector wcpu4] --once drained 0 checkpoint(s); exiting.
[collector wcpu4] --once drained 0 checkpoint(s); exiting.
[collector wcpu4] --once drained 0 checkpoint(s); exiting.
[collector wcpu4] --once drained 0 checkpoint(s); exiting.
[collector wcpu4] --once drained 0 checkpoint(s); exiting.
[collector wcpu4] --once drained 0 checkpoint(s); exiting.
[collector wcpu4] --once drained 0 checkpoint(s); exiting.
[collector wcpu4] --once drained 0 checkpoint(s); exiting.
error    libmamba Could not set lock (Resource temporarily unavailable)
warning  libmamba Cannot lock '/home/r.dinnage/.cache/mamba/proc'
    Waiting for other mamba process to finish
[collector wcpu4] --once drained 0 checkpoint(s); exiting.
[collector wcpu4] --once drained 0 checkpoint(s); exiting.
[collector wcpu4] --once drained 0 checkpoint(s); exiting.
[collector wcpu4] --once drained 0 checkpoint(s); exiting.
error    libmamba Could not set lock (Resource temporarily unavailable)
warning  libmamba Cannot lock '/home/r.dinnage/.cache/mamba/proc'
    Waiting for other mamba process to finish
[collector wcpu4] --once drained 0 checkpoint(s); exiting.
[collector wcpu4] --once drained 0 checkpoint(s); exiting.
[collector wcpu4] --once drained 0 checkpoint(s); exiting.
[collector wcpu4] --once drained 0 checkpoint(s); exiting.
[collector wcpu4] --once drained 0 checkpoint(s); exiting.
[collector wcpu4] --once drained 0 checkpoint(s); exiting.
[collector wcpu4] --once drained 0 checkpoint(s); exiting.
[collector wcpu4] --once drained 0 checkpoint(s); exiting.
[collector wcpu4] --once drained 0 checkpoint(s); exiting.
[collector wcpu4] --once drained 0 checkpoint(s); exiting.
[collector wcpu4] --once drained 0 checkpoint(s); exiting.
error    libmamba Could not set lock (Resource temporarily unavailable)
warning  libmamba Cannot lock '/home/r.dinnage/.cache/mamba/proc'
    Waiting for other mamba process to finish
[collector wcpu4] --once drained 0 checkpoint(s); exiting.
[collector wcpu4] --once drained 0 checkpoint(s); exiting.
[collector wcpu4] --once drained 0 checkpoint(s); exiting.
[collector wcpu4] --once drained 0 checkpoint(s); exiting.
[collector wcpu4] no probe/val CSV (probe_csv=None, val_csv=None); forward/backward blocks skipped for run_id=plantclef__stable_evo__s42.
[Extractor] block_set='cpu': CPU-only block set ['block_optim', 'block_weights', 'block_trajectory', 'block_circuits'] needs no model forward — skipping probe/Hessian build (no CSV/dataloaders, lower host RAM).
/blue/guralnick/share/r.dinnage/Projects/phenovision/xAI/py/extractor/block_optim.py:258: RuntimeWarning: overflow encountered in cast
  scalars = np.array([lam_max, lam_floor, trace, sum_log, pr, eff_rank, cond, aniso,
[extract] step=3296 SKIP heavy block block_circuits (ordinal=659 basis=step_fallback heavy_every=8)
[extract] step=3296 heavy=FALSE total=240.93s | block_optim=186.57 block_weights=39.68 block_trajectory=1.37
[collector wcpu4] cpu-pass DONE run_id=plantclef__stable_evo__s42 step=3296 blocks_ok=3 t=240.935s (all_passes_complete=False)
[collector wcpu4] --once drained 1 checkpoint(s); exiting.
[cwcpu4] drained 1 checkpoint(s); looping.
[collector wcpu4] --once drained 0 checkpoint(s); exiting.
[collector wcpu4] --once drained 0 checkpoint(s); exiting.
[collector wcpu4] no probe/val CSV (probe_csv=None, val_csv=None); forward/backward blocks skipped for run_id=plantclef__stable_evo__s42.
[Extractor] block_set='cpu': CPU-only block set ['block_optim', 'block_weights', 'block_trajectory', 'block_circuits'] needs no model forward — skipping probe/Hessian build (no CSV/dataloaders, lower host RAM).
/blue/guralnick/share/r.dinnage/Projects/phenovision/xAI/py/extractor/block_optim.py:258: RuntimeWarning: overflow encountered in cast
  scalars = np.array([lam_max, lam_floor, trace, sum_log, pr, eff_rank, cond, aniso,
[extract] step=3320 heavy=TRUE total=221.77s | block_optim=158.62 block_weights=43.47 block_trajectory=0.94 block_circuits=6.03
[collector wcpu4] cpu-pass DONE run_id=plantclef__stable_evo__s42 step=3320 blocks_ok=4 t=221.77s (all_passes_complete=False)
[collector wcpu4] --once drained 1 checkpoint(s); exiting.
[cwcpu4] drained 1 checkpoint(s); looping.
[collector wcpu4] --once drained 0 checkpoint(s); exiting.
[collector wcpu4] --once drained 0 checkpoint(s); exiting.
[collector wcpu4] --once drained 0 checkpoint(s); exiting.
[collector wcpu4] --once drained 0 checkpoint(s); exiting.
error    libmamba Could not set lock (Resource temporarily unavailable)
warning  libmamba Cannot lock '/home/r.dinnage/.cache/mamba/proc'
    Waiting for other mamba process to finish
[collector wcpu4] --once drained 0 checkpoint(s); exiting.
[collector wcpu4] --once drained 0 checkpoint(s); exiting.
[collector wcpu4] --once drained 0 checkpoint(s); exiting.
[collector wcpu4] no probe/val CSV (probe_csv=None, val_csv=None); forward/backward blocks skipped for run_id=plantclef__stable_evo__s42.
[Extractor] block_set='cpu': CPU-only block set ['block_optim', 'block_weights', 'block_trajectory', 'block_circuits'] needs no model forward — skipping probe/Hessian build (no CSV/dataloaders, lower host RAM).
/blue/guralnick/share/r.dinnage/Projects/phenovision/xAI/py/extractor/block_optim.py:258: RuntimeWarning: overflow encountered in cast
  scalars = np.array([lam_max, lam_floor, trace, sum_log, pr, eff_rank, cond, aniso,
[extract] step=3358 SKIP heavy block block_circuits (ordinal=671 basis=step_fallback heavy_every=8)
[extract] step=3358 heavy=FALSE total=249.47s | block_optim=182.07 block_weights=51.76 block_trajectory=2.66
[collector wcpu4] cpu-pass DONE run_id=plantclef__stable_evo__s42 step=3358 blocks_ok=3 t=249.466s (all_passes_complete=False)
/blue/guralnick/share/r.dinnage/Projects/phenovision/xAI/py/extractor/block_optim.py:258: RuntimeWarning: overflow encountered in cast
  scalars = np.array([lam_max, lam_floor, trace, sum_log, pr, eff_rank, cond, aniso,
[extract] step=3382 SKIP heavy block block_circuits (ordinal=676 basis=step_fallback heavy_every=8)
[extract] step=3382 heavy=FALSE total=235.94s | block_optim=184.67 block_weights=38.37 block_trajectory=1.00
[collector wcpu4] cpu-pass DONE run_id=plantclef__stable_evo__s42 step=3382 blocks_ok=3 t=235.936s (all_passes_complete=False)
[collector wcpu4] --once drained 2 checkpoint(s); exiting.
[cwcpu4] drained 2 checkpoint(s); looping.
[collector wcpu4] --once drained 0 checkpoint(s); exiting.
[collector wcpu4] --once drained 0 checkpoint(s); exiting.
[collector wcpu4] no probe/val CSV (probe_csv=None, val_csv=None); forward/backward blocks skipped for run_id=plantclef__stable_evo__s42.
[Extractor] block_set='cpu': CPU-only block set ['block_optim', 'block_weights', 'block_trajectory', 'block_circuits'] needs no model forward — skipping probe/Hessian build (no CSV/dataloaders, lower host RAM).
/blue/guralnick/share/r.dinnage/Projects/phenovision/xAI/py/extractor/block_optim.py:258: RuntimeWarning: overflow encountered in cast
  scalars = np.array([lam_max, lam_floor, trace, sum_log, pr, eff_rank, cond, aniso,
[extract] step=3406 SKIP heavy block block_circuits (ordinal=681 basis=step_fallback heavy_every=8)
[extract] step=3406 heavy=FALSE total=212.77s | block_optim=157.82 block_weights=41.42 block_trajectory=1.07
[collector wcpu4] cpu-pass DONE run_id=plantclef__stable_evo__s42 step=3406 blocks_ok=3 t=212.767s (all_passes_complete=False)
[collector wcpu4] --once drained 1 checkpoint(s); exiting.
[cwcpu4] drained 1 checkpoint(s); looping.
[collector wcpu4] --once drained 0 checkpoint(s); exiting.
[collector wcpu4] no probe/val CSV (probe_csv=None, val_csv=None); forward/backward blocks skipped for run_id=plantclef__stable_evo__s42.
[Extractor] block_set='cpu': CPU-only block set ['block_optim', 'block_weights', 'block_trajectory', 'block_circuits'] needs no model forward — skipping probe/Hessian build (no CSV/dataloaders, lower host RAM).
/blue/guralnick/share/r.dinnage/Projects/phenovision/xAI/py/extractor/block_optim.py:258: RuntimeWarning: overflow encountered in cast
  scalars = np.array([lam_max, lam_floor, trace, sum_log, pr, eff_rank, cond, aniso,
[extract] step=3430 SKIP heavy block block_circuits (ordinal=686 basis=step_fallback heavy_every=8)
[extract] step=3430 heavy=FALSE total=244.31s | block_optim=187.26 block_weights=42.52 block_trajectory=1.17
[collector wcpu4] cpu-pass DONE run_id=plantclef__stable_evo__s42 step=3430 blocks_ok=3 t=244.306s (all_passes_complete=False)
[collector wcpu4] --once drained 1 checkpoint(s); exiting.
[cwcpu4] drained 1 checkpoint(s); looping.
[collector wcpu4] --once drained 0 checkpoint(s); exiting.
[collector wcpu4] --once drained 0 checkpoint(s); exiting.
[collector wcpu4] --once drained 0 checkpoint(s); exiting.
[collector wcpu4] --once drained 0 checkpoint(s); exiting.
[collector wcpu4] --once drained 0 checkpoint(s); exiting.
[collector wcpu4] --once drained 0 checkpoint(s); exiting.
error    libmamba Could not set lock (Resource temporarily unavailable)
warning  libmamba Cannot lock '/home/r.dinnage/.cache/mamba/proc'
    Waiting for other mamba process to finish
[collector wcpu4] --once drained 0 checkpoint(s); exiting.
error    libmamba Could not set lock (Resource temporarily unavailable)
warning  libmamba Cannot lock '/home/r.dinnage/.cache/mamba/proc'
    Waiting for other mamba process to finish
[collector wcpu4] --once drained 0 checkpoint(s); exiting.
[collector wcpu4] --once drained 0 checkpoint(s); exiting.
[collector wcpu4] --once drained 0 checkpoint(s); exiting.
[collector wcpu4] --once drained 0 checkpoint(s); exiting.
[collector wcpu4] --once drained 0 checkpoint(s); exiting.
[collector wcpu4] --once drained 0 checkpoint(s); exiting.
[collector wcpu4] --once drained 0 checkpoint(s); exiting.
[collector wcpu4] --once drained 0 checkpoint(s); exiting.
error    libmamba Could not set lock (Resource temporarily unavailable)
warning  libmamba Cannot lock '/home/r.dinnage/.cache/mamba/proc'
    Waiting for other mamba process to finish
[collector wcpu4] --once drained 0 checkpoint(s); exiting.
[collector wcpu4] --once drained 0 checkpoint(s); exiting.
[collector wcpu4] --once drained 0 checkpoint(s); exiting.
[collector wcpu4] --once drained 0 checkpoint(s); exiting.
[collector wcpu4] --once drained 0 checkpoint(s); exiting.
[collector wcpu4] --once drained 0 checkpoint(s); exiting.
[collector wcpu4] --once drained 0 checkpoint(s); exiting.
[collector wcpu4] --once drained 0 checkpoint(s); exiting.
[collector wcpu4] --once drained 0 checkpoint(s); exiting.
[collector wcpu4] --once drained 0 checkpoint(s); exiting.
[collector wcpu4] --once drained 0 checkpoint(s); exiting.
[collector wcpu4] --once drained 0 checkpoint(s); exiting.
[collector wcpu4] --once drained 0 checkpoint(s); exiting.
error    libmamba Could not set lock (Resource temporarily unavailable)
warning  libmamba Cannot lock '/home/r.dinnage/.cache/mamba/proc'
    Waiting for other mamba process to finish
[collector wcpu4] --once drained 0 checkpoint(s); exiting.
[collector wcpu4] --once drained 0 checkpoint(s); exiting.
[collector wcpu4] --once drained 0 checkpoint(s); exiting.
[collector wcpu4] --once drained 0 checkpoint(s); exiting.
[collector wcpu4] --once drained 0 checkpoint(s); exiting.
error    libmamba Could not set lock (Resource temporarily unavailable)
warning  libmamba Cannot lock '/home/r.dinnage/.cache/mamba/proc'
    Waiting for other mamba process to finish
[collector wcpu4] --once drained 0 checkpoint(s); exiting.
[collector wcpu4] --once drained 0 checkpoint(s); exiting.
[collector wcpu4] --once drained 0 checkpoint(s); exiting.
[collector wcpu4] --once drained 0 checkpoint(s); exiting.
[collector wcpu4] --once drained 0 checkpoint(s); exiting.
[collector wcpu4] --once drained 0 checkpoint(s); exiting.
error    libmamba Could not set lock (Resource temporarily unavailable)
warning  libmamba Cannot lock '/home/r.dinnage/.cache/mamba/proc'
    Waiting for other mamba process to finish
[collector wcpu4] --once drained 0 checkpoint(s); exiting.
[collector wcpu4] --once drained 0 checkpoint(s); exiting.
[collector wcpu4] --once drained 0 checkpoint(s); exiting.
[collector wcpu4] --once drained 0 checkpoint(s); exiting.
[collector wcpu4] --once drained 0 checkpoint(s); exiting.
[collector wcpu4] --once drained 0 checkpoint(s); exiting.
[collector wcpu4] --once drained 0 checkpoint(s); exiting.
[collector wcpu4] --once drained 0 checkpoint(s); exiting.
[collector wcpu4] --once drained 0 checkpoint(s); exiting.
[collector wcpu4] --once drained 0 checkpoint(s); exiting.
[collector wcpu4] --once drained 0 checkpoint(s); exiting.
[collector wcpu4] --once drained 0 checkpoint(s); exiting.
[collector wcpu4] no probe/val CSV (probe_csv=None, val_csv=None); forward/backward blocks skipped for run_id=plantclef__stable_evo__s42.
[Extractor] block_set='cpu': CPU-only block set ['block_optim', 'block_weights', 'block_trajectory', 'block_circuits'] needs no model forward — skipping probe/Hessian build (no CSV/dataloaders, lower host RAM).
/blue/guralnick/share/r.dinnage/Projects/phenovision/xAI/py/extractor/block_optim.py:258: RuntimeWarning: overflow encountered in cast
  scalars = np.array([lam_max, lam_floor, trace, sum_log, pr, eff_rank, cond, aniso,
[extract] step=3574 SKIP heavy block block_circuits (ordinal=714 basis=step_fallback heavy_every=8)
[extract] step=3574 heavy=FALSE total=230.34s | block_optim=166.31 block_weights=48.91 block_trajectory=1.43
[collector wcpu4] cpu-pass DONE run_id=plantclef__stable_evo__s42 step=3574 blocks_ok=3 t=230.34s (all_passes_complete=False)
[collector wcpu4] --once drained 1 checkpoint(s); exiting.
[cwcpu4] drained 1 checkpoint(s); looping.
[collector wcpu4] no probe/val CSV (probe_csv=None, val_csv=None); forward/backward blocks skipped for run_id=plantclef__stable_evo__s42.
[Extractor] block_set='cpu': CPU-only block set ['block_optim', 'block_weights', 'block_trajectory', 'block_circuits'] needs no model forward — skipping probe/Hessian build (no CSV/dataloaders, lower host RAM).
/blue/guralnick/share/r.dinnage/Projects/phenovision/xAI/py/extractor/block_optim.py:258: RuntimeWarning: overflow encountered in cast
  scalars = np.array([lam_max, lam_floor, trace, sum_log, pr, eff_rank, cond, aniso,
[extract] step=3598 SKIP heavy block block_circuits (ordinal=719 basis=step_fallback heavy_every=8)
[extract] step=3598 heavy=FALSE total=222.69s | block_optim=165.27 block_weights=40.45 block_trajectory=1.17
[collector wcpu4] cpu-pass DONE run_id=plantclef__stable_evo__s42 step=3598 blocks_ok=3 t=222.686s (all_passes_complete=False)
[collector wcpu4] --once drained 1 checkpoint(s); exiting.
[cwcpu4] drained 1 checkpoint(s); looping.
[collector wcpu4] --once drained 0 checkpoint(s); exiting.
[collector wcpu4] --once drained 0 checkpoint(s); exiting.
error    libmamba Could not set lock (Resource temporarily unavailable)
warning  libmamba Cannot lock '/home/r.dinnage/.cache/mamba/proc'
    Waiting for other mamba process to finish
[collector wcpu4] --once drained 0 checkpoint(s); exiting.
[collector wcpu4] --once drained 0 checkpoint(s); exiting.
[collector wcpu4] no probe/val CSV (probe_csv=None, val_csv=None); forward/backward blocks skipped for run_id=plantclef__stable_evo__s42.
[Extractor] block_set='cpu': CPU-only block set ['block_optim', 'block_weights', 'block_trajectory', 'block_circuits'] needs no model forward — skipping probe/Hessian build (no CSV/dataloaders, lower host RAM).
/blue/guralnick/share/r.dinnage/Projects/phenovision/xAI/py/extractor/block_optim.py:258: RuntimeWarning: overflow encountered in cast
  scalars = np.array([lam_max, lam_floor, trace, sum_log, pr, eff_rank, cond, aniso,
[extract] step=3624 SKIP heavy block block_circuits (ordinal=724 basis=step_fallback heavy_every=8)
[extract] step=3624 heavy=FALSE total=251.78s | block_optim=184.63 block_weights=50.88 block_trajectory=2.11
[collector wcpu4] cpu-pass DONE run_id=plantclef__stable_evo__s42 step=3624 blocks_ok=3 t=251.782s (all_passes_complete=False)
/blue/guralnick/share/r.dinnage/Projects/phenovision/xAI/py/extractor/block_optim.py:258: RuntimeWarning: overflow encountered in cast
  scalars = np.array([lam_max, lam_floor, trace, sum_log, pr, eff_rank, cond, aniso,
[extract] step=3648 SKIP heavy block block_circuits (ordinal=729 basis=step_fallback heavy_every=8)
[extract] step=3648 heavy=FALSE total=245.71s | block_optim=190.26 block_weights=41.47 block_trajectory=1.17
[collector wcpu4] cpu-pass DONE run_id=plantclef__stable_evo__s42 step=3648 blocks_ok=3 t=245.709s (all_passes_complete=False)
[collector wcpu4] --once drained 2 checkpoint(s); exiting.
[cwcpu4] drained 2 checkpoint(s); looping.
[collector wcpu4] --once drained 0 checkpoint(s); exiting.
[collector wcpu4] --once drained 0 checkpoint(s); exiting.
[collector wcpu4] --once drained 0 checkpoint(s); exiting.
[collector wcpu4] --once drained 0 checkpoint(s); exiting.
[collector wcpu4] --once drained 0 checkpoint(s); exiting.
[collector wcpu4] no probe/val CSV (probe_csv=None, val_csv=None); forward/backward blocks skipped for run_id=plantclef__stable_evo__s42.
[Extractor] block_set='cpu': CPU-only block set ['block_optim', 'block_weights', 'block_trajectory', 'block_circuits'] needs no model forward — skipping probe/Hessian build (no CSV/dataloaders, lower host RAM).
/blue/guralnick/share/r.dinnage/Projects/phenovision/xAI/py/extractor/block_optim.py:258: RuntimeWarning: overflow encountered in cast
  scalars = np.array([lam_max, lam_floor, trace, sum_log, pr, eff_rank, cond, aniso,
[extract] step=3684 heavy=TRUE total=213.02s | block_optim=160.67 block_weights=33.52 block_trajectory=1.03 block_circuits=5.66
[collector wcpu4] cpu-pass DONE run_id=plantclef__stable_evo__s42 step=3684 blocks_ok=4 t=213.018s (all_passes_complete=False)
[collector wcpu4] --once drained 1 checkpoint(s); exiting.
[cwcpu4] drained 1 checkpoint(s); looping.
[collector wcpu4] --once drained 0 checkpoint(s); exiting.
[collector wcpu4] --once drained 0 checkpoint(s); exiting.
error    libmamba Could not set lock (Resource temporarily unavailable)
warning  libmamba Cannot lock '/home/r.dinnage/.cache/mamba/proc'
    Waiting for other mamba process to finish
[collector wcpu4] --once drained 0 checkpoint(s); exiting.
[collector wcpu4] no probe/val CSV (probe_csv=None, val_csv=None); forward/backward blocks skipped for run_id=plantclef__stable_evo__s42.
[Extractor] block_set='cpu': CPU-only block set ['block_optim', 'block_weights', 'block_trajectory', 'block_circuits'] needs no model forward — skipping probe/Hessian build (no CSV/dataloaders, lower host RAM).
/blue/guralnick/share/r.dinnage/Projects/phenovision/xAI/py/extractor/block_optim.py:258: RuntimeWarning: overflow encountered in cast
  scalars = np.array([lam_max, lam_floor, trace, sum_log, pr, eff_rank, cond, aniso,
[extract] step=3708 SKIP heavy block block_circuits (ordinal=741 basis=step_fallback heavy_every=8)
[extract] step=3708 heavy=FALSE total=195.25s | block_optim=146.70 block_weights=35.61 block_trajectory=1.06
[collector wcpu4] cpu-pass DONE run_id=plantclef__stable_evo__s42 step=3708 blocks_ok=3 t=195.246s (all_passes_complete=False)
[collector wcpu4] --once drained 1 checkpoint(s); exiting.
error    libmamba Could not set lock (Resource temporarily unavailable)
warning  libmamba Cannot lock '/home/r.dinnage/.cache/mamba/proc'
    Waiting for other mamba process to finish
[cwcpu4] drained 1 checkpoint(s); looping.
[collector wcpu4] --once drained 0 checkpoint(s); exiting.
[collector wcpu4] --once drained 0 checkpoint(s); exiting.
[collector wcpu4] --once drained 0 checkpoint(s); exiting.
error    libmamba Could not set lock (Resource temporarily unavailable)
warning  libmamba Cannot lock '/home/r.dinnage/.cache/mamba/proc'
    Waiting for other mamba process to finish
[collector wcpu4] --once drained 0 checkpoint(s); exiting.
[collector wcpu4] --once drained 0 checkpoint(s); exiting.
[collector wcpu4] --once drained 0 checkpoint(s); exiting.
[collector wcpu4] --once drained 0 checkpoint(s); exiting.
[collector wcpu4] --once drained 0 checkpoint(s); exiting.
[collector wcpu4] --once drained 0 checkpoint(s); exiting.
[collector wcpu4] --once drained 0 checkpoint(s); exiting.
[collector wcpu4] --once drained 0 checkpoint(s); exiting.
[collector wcpu4] --once drained 0 checkpoint(s); exiting.
[collector wcpu4] --once drained 0 checkpoint(s); exiting.
[collector wcpu4] --once drained 0 checkpoint(s); exiting.
[collector wcpu4] --once drained 0 checkpoint(s); exiting.
[collector wcpu4] --once drained 0 checkpoint(s); exiting.
[collector wcpu4] --once drained 0 checkpoint(s); exiting.
[collector wcpu4] --once drained 0 checkpoint(s); exiting.
[collector wcpu4] --once drained 0 checkpoint(s); exiting.
[collector wcpu4] --once drained 0 checkpoint(s); exiting.
[collector wcpu4] --once drained 0 checkpoint(s); exiting.
[collector wcpu4] --once drained 0 checkpoint(s); exiting.
[collector wcpu4] --once drained 0 checkpoint(s); exiting.
[collector wcpu4] --once drained 0 checkpoint(s); exiting.
[collector wcpu4] --once drained 0 checkpoint(s); exiting.
[collector wcpu4] --once drained 0 checkpoint(s); exiting.
[collector wcpu4] --once drained 0 checkpoint(s); exiting.
[collector wcpu4] --once drained 0 checkpoint(s); exiting.
[collector wcpu4] --once drained 0 checkpoint(s); exiting.
[collector wcpu4] --once drained 0 checkpoint(s); exiting.
[collector wcpu4] --once drained 0 checkpoint(s); exiting.
[collector wcpu4] --once drained 0 checkpoint(s); exiting.
[collector wcpu4] --once drained 0 checkpoint(s); exiting.
[collector wcpu4] --once drained 0 checkpoint(s); exiting.
[collector wcpu4] --once drained 0 checkpoint(s); exiting.
[collector wcpu4] --once drained 0 checkpoint(s); exiting.
[collector wcpu4] --once drained 0 checkpoint(s); exiting.
[collector wcpu4] --once drained 0 checkpoint(s); exiting.
error    libmamba Could not set lock (Resource temporarily unavailable)
warning  libmamba Cannot lock '/home/r.dinnage/.cache/mamba/proc'
    Waiting for other mamba process to finish
[collector wcpu4] --once drained 0 checkpoint(s); exiting.
[collector wcpu4] --once drained 0 checkpoint(s); exiting.
error    libmamba Could not set lock (Resource temporarily unavailable)
warning  libmamba Cannot lock '/home/r.dinnage/.cache/mamba/proc'
    Waiting for other mamba process to finish
[collector wcpu4] --once drained 0 checkpoint(s); exiting.
[collector wcpu4] --once drained 0 checkpoint(s); exiting.
[collector wcpu4] --once drained 0 checkpoint(s); exiting.
[collector wcpu4] --once drained 0 checkpoint(s); exiting.
[collector wcpu4] --once drained 0 checkpoint(s); exiting.
error    libmamba Could not set lock (Resource temporarily unavailable)
warning  libmamba Cannot lock '/home/r.dinnage/.cache/mamba/proc'
    Waiting for other mamba process to finish
[collector wcpu4] --once drained 0 checkpoint(s); exiting.
[collector wcpu4] --once drained 0 checkpoint(s); exiting.
[collector wcpu4] --once drained 0 checkpoint(s); exiting.
[collector wcpu4] --once drained 0 checkpoint(s); exiting.
error    libmamba Could not set lock (Resource temporarily unavailable)
warning  libmamba Cannot lock '/home/r.dinnage/.cache/mamba/proc'
    Waiting for other mamba process to finish
[collector wcpu4] --once drained 0 checkpoint(s); exiting.
[collector wcpu4] --once drained 0 checkpoint(s); exiting.
error    libmamba Could not set lock (Resource temporarily unavailable)
warning  libmamba Cannot lock '/home/r.dinnage/.cache/mamba/proc'
    Waiting for other mamba process to finish
[collector wcpu4] --once drained 0 checkpoint(s); exiting.
error    libmamba Could not set lock (Resource temporarily unavailable)
warning  libmamba Cannot lock '/home/r.dinnage/.cache/mamba/proc'
    Waiting for other mamba process to finish
[collector wcpu4] no probe/val CSV (probe_csv=None, val_csv=None); forward/backward blocks skipped for run_id=plantclef__stable_evo__s42.
[Extractor] block_set='cpu': CPU-only block set ['block_optim', 'block_weights', 'block_trajectory', 'block_circuits'] needs no model forward — skipping probe/Hessian build (no CSV/dataloaders, lower host RAM).
/blue/guralnick/share/r.dinnage/Projects/phenovision/xAI/py/extractor/block_optim.py:258: RuntimeWarning: overflow encountered in cast
  scalars = np.array([lam_max, lam_floor, trace, sum_log, pr, eff_rank, cond, aniso,
[extract] step=3852 SKIP heavy block block_circuits (ordinal=770 basis=step_fallback heavy_every=8)
[extract] step=3852 heavy=FALSE total=207.30s | block_optim=161.40 block_weights=32.22 block_trajectory=0.94
[collector wcpu4] cpu-pass DONE run_id=plantclef__stable_evo__s42 step=3852 blocks_ok=3 t=207.304s (all_passes_complete=False)
[collector wcpu4] --once drained 1 checkpoint(s); exiting.
error    libmamba Could not set lock (Resource temporarily unavailable)
warning  libmamba Cannot lock '/home/r.dinnage/.cache/mamba/proc'
    Waiting for other mamba process to finish
[cwcpu4] drained 1 checkpoint(s); looping.
[collector wcpu4] --once drained 0 checkpoint(s); exiting.
error    libmamba Could not set lock (Resource temporarily unavailable)
warning  libmamba Cannot lock '/home/r.dinnage/.cache/mamba/proc'
    Waiting for other mamba process to finish
[collector wcpu4] --once drained 0 checkpoint(s); exiting.
error    libmamba Could not set lock (Resource temporarily unavailable)
warning  libmamba Cannot lock '/home/r.dinnage/.cache/mamba/proc'
    Waiting for other mamba process to finish
[collector wcpu4] --once drained 0 checkpoint(s); exiting.
[collector wcpu4] --once drained 0 checkpoint(s); exiting.
[collector wcpu4] --once drained 0 checkpoint(s); exiting.
[collector wcpu4] --once drained 0 checkpoint(s); exiting.
[collector wcpu4] --once drained 0 checkpoint(s); exiting.
[collector wcpu4] --once drained 0 checkpoint(s); exiting.
[collector wcpu4] --once drained 0 checkpoint(s); exiting.
error    libmamba Could not set lock (Resource temporarily unavailable)
warning  libmamba Cannot lock '/home/r.dinnage/.cache/mamba/proc'
    Waiting for other mamba process to finish
[collector wcpu4] --once drained 0 checkpoint(s); exiting.
[collector wcpu4] --once drained 0 checkpoint(s); exiting.
[collector wcpu4] --once drained 0 checkpoint(s); exiting.
[collector wcpu4] --once drained 0 checkpoint(s); exiting.
[collector wcpu4] --once drained 0 checkpoint(s); exiting.
[collector wcpu4] --once drained 0 checkpoint(s); exiting.
error    libmamba Could not set lock (Resource temporarily unavailable)
warning  libmamba Cannot lock '/home/r.dinnage/.cache/mamba/proc'
    Waiting for other mamba process to finish
[collector wcpu4] --once drained 0 checkpoint(s); exiting.
[collector wcpu4] --once drained 0 checkpoint(s); exiting.
[collector wcpu4] --once drained 0 checkpoint(s); exiting.
[collector wcpu4] --once drained 0 checkpoint(s); exiting.
error    libmamba Could not set lock (Resource temporarily unavailable)
warning  libmamba Cannot lock '/home/r.dinnage/.cache/mamba/proc'
    Waiting for other mamba process to finish
[collector wcpu4] --once drained 0 checkpoint(s); exiting.
[collector wcpu4] --once drained 0 checkpoint(s); exiting.
[collector wcpu4] --once drained 0 checkpoint(s); exiting.
[collector wcpu4] --once drained 0 checkpoint(s); exiting.
[collector wcpu4] --once drained 0 checkpoint(s); exiting.
[collector wcpu4] --once drained 0 checkpoint(s); exiting.
[collector wcpu4] --once drained 0 checkpoint(s); exiting.
[collector wcpu4] --once drained 0 checkpoint(s); exiting.
[collector wcpu4] --once drained 0 checkpoint(s); exiting.
[collector wcpu4] --once drained 0 checkpoint(s); exiting.
[collector wcpu4] --once drained 0 checkpoint(s); exiting.
[collector wcpu4] --once drained 0 checkpoint(s); exiting.
[collector wcpu4] --once drained 0 checkpoint(s); exiting.
[collector wcpu4] --once drained 0 checkpoint(s); exiting.
[collector wcpu4] --once drained 0 checkpoint(s); exiting.
[collector wcpu4] --once drained 0 checkpoint(s); exiting.
[collector wcpu4] --once drained 0 checkpoint(s); exiting.
[collector wcpu4] --once drained 0 checkpoint(s); exiting.
error    libmamba Could not set lock (Resource temporarily unavailable)
warning  libmamba Cannot lock '/home/r.dinnage/.cache/mamba/proc'
    Waiting for other mamba process to finish
[collector wcpu4] --once drained 0 checkpoint(s); exiting.
[collector wcpu4] --once drained 0 checkpoint(s); exiting.
[collector wcpu4] --once drained 0 checkpoint(s); exiting.
[collector wcpu4] --once drained 0 checkpoint(s); exiting.
[collector wcpu4] --once drained 0 checkpoint(s); exiting.
[collector wcpu4] --once drained 0 checkpoint(s); exiting.
error    libmamba Could not set lock (Resource temporarily unavailable)
warning  libmamba Cannot lock '/home/r.dinnage/.cache/mamba/proc'
    Waiting for other mamba process to finish
[collector wcpu4] --once drained 0 checkpoint(s); exiting.
[collector wcpu4] --once drained 0 checkpoint(s); exiting.
[collector wcpu4] --once drained 0 checkpoint(s); exiting.
[collector wcpu4] --once drained 0 checkpoint(s); exiting.
[collector wcpu4] --once drained 0 checkpoint(s); exiting.
[collector wcpu4] --once drained 0 checkpoint(s); exiting.
error    libmamba Could not set lock (Resource temporarily unavailable)
warning  libmamba Cannot lock '/home/r.dinnage/.cache/mamba/proc'
    Waiting for other mamba process to finish
[collector wcpu4] --once drained 0 checkpoint(s); exiting.
[collector wcpu4] --once drained 0 checkpoint(s); exiting.
[collector wcpu4] --once drained 0 checkpoint(s); exiting.
error    libmamba Could not set lock (Resource temporarily unavailable)
warning  libmamba Cannot lock '/home/r.dinnage/.cache/mamba/proc'
    Waiting for other mamba process to finish
[collector wcpu4] no probe/val CSV (probe_csv=None, val_csv=None); forward/backward blocks skipped for run_id=plantclef__stable_evo__s42.
[Extractor] block_set='cpu': CPU-only block set ['block_optim', 'block_weights', 'block_trajectory', 'block_circuits'] needs no model forward — skipping probe/Hessian build (no CSV/dataloaders, lower host RAM).
/blue/guralnick/share/r.dinnage/Projects/phenovision/xAI/py/extractor/block_optim.py:258: RuntimeWarning: overflow encountered in cast
  scalars = np.array([lam_max, lam_floor, trace, sum_log, pr, eff_rank, cond, aniso,
[extract] step=3998 SKIP heavy block block_circuits (ordinal=799 basis=step_fallback heavy_every=8)
[extract] step=3998 heavy=FALSE total=246.97s | block_optim=192.09 block_weights=39.14 block_trajectory=1.41
[collector wcpu4] cpu-pass DONE run_id=plantclef__stable_evo__s42 step=3998 blocks_ok=3 t=246.969s (all_passes_complete=False)
[collector wcpu4] --once drained 1 checkpoint(s); exiting.
[cwcpu4] drained 1 checkpoint(s); looping.
[collector wcpu4] --once drained 0 checkpoint(s); exiting.
[collector wcpu4] --once drained 0 checkpoint(s); exiting.
[collector wcpu4] --once drained 0 checkpoint(s); exiting.
error    libmamba Could not set lock (Resource temporarily unavailable)
warning  libmamba Cannot lock '/home/r.dinnage/.cache/mamba/proc'
    Waiting for other mamba process to finish
[collector wcpu4] --once drained 0 checkpoint(s); exiting.
[collector wcpu4] --once drained 0 checkpoint(s); exiting.
error    libmamba Could not set lock (Resource temporarily unavailable)
warning  libmamba Cannot lock '/home/r.dinnage/.cache/mamba/proc'
    Waiting for other mamba process to finish
[collector wcpu4] --once drained 0 checkpoint(s); exiting.
[collector wcpu4] no probe/val CSV (probe_csv=None, val_csv=None); forward/backward blocks skipped for run_id=plantclef__stable_evo__s42.
[Extractor] block_set='cpu': CPU-only block set ['block_optim', 'block_weights', 'block_trajectory', 'block_circuits'] needs no model forward — skipping probe/Hessian build (no CSV/dataloaders, lower host RAM).
/blue/guralnick/share/r.dinnage/Projects/phenovision/xAI/py/extractor/block_optim.py:258: RuntimeWarning: overflow encountered in cast
  scalars = np.array([lam_max, lam_floor, trace, sum_log, pr, eff_rank, cond, aniso,
[extract] step=4034 SKIP heavy block block_circuits (ordinal=806 basis=step_fallback heavy_every=8)
[extract] step=4034 heavy=FALSE total=226.53s | block_optim=172.62 block_weights=38.54 block_trajectory=1.06
[collector wcpu4] cpu-pass DONE run_id=plantclef__stable_evo__s42 step=4034 blocks_ok=3 t=226.527s (all_passes_complete=False)
[collector wcpu4] --once drained 1 checkpoint(s); exiting.
[cwcpu4] drained 1 checkpoint(s); looping.
[collector wcpu4] --once drained 0 checkpoint(s); exiting.
[collector wcpu4] --once drained 0 checkpoint(s); exiting.
[collector wcpu4] --once drained 0 checkpoint(s); exiting.
[collector wcpu4] --once drained 0 checkpoint(s); exiting.
[collector wcpu4] --once drained 0 checkpoint(s); exiting.
[collector wcpu4] --once drained 0 checkpoint(s); exiting.
[collector wcpu4] --once drained 0 checkpoint(s); exiting.
[collector wcpu4] --once drained 0 checkpoint(s); exiting.
[collector wcpu4] --once drained 0 checkpoint(s); exiting.
[collector wcpu4] --once drained 0 checkpoint(s); exiting.
error    libmamba Could not set lock (Resource temporarily unavailable)
warning  libmamba Cannot lock '/home/r.dinnage/.cache/mamba/proc'
    Waiting for other mamba process to finish
[collector wcpu4] --once drained 0 checkpoint(s); exiting.
[collector wcpu4] --once drained 0 checkpoint(s); exiting.
[collector wcpu4] --once drained 0 checkpoint(s); exiting.
error    libmamba Could not set lock (Resource temporarily unavailable)
warning  libmamba Cannot lock '/home/r.dinnage/.cache/mamba/proc'
    Waiting for other mamba process to finish
[collector wcpu4] --once drained 0 checkpoint(s); exiting.
[collector wcpu4] --once drained 0 checkpoint(s); exiting.
[collector wcpu4] --once drained 0 checkpoint(s); exiting.
[collector wcpu4] --once drained 0 checkpoint(s); exiting.
[collector wcpu4] --once drained 0 checkpoint(s); exiting.
[collector wcpu4] --once drained 0 checkpoint(s); exiting.
[collector wcpu4] --once drained 0 checkpoint(s); exiting.
[collector wcpu4] --once drained 0 checkpoint(s); exiting.
[collector wcpu4] --once drained 0 checkpoint(s); exiting.
[collector wcpu4] --once drained 0 checkpoint(s); exiting.
[collector wcpu4] --once drained 0 checkpoint(s); exiting.
[collector wcpu4] --once drained 0 checkpoint(s); exiting.
[collector wcpu4] --once drained 0 checkpoint(s); exiting.
[collector wcpu4] --once drained 0 checkpoint(s); exiting.
error    libmamba Could not set lock (Resource temporarily unavailable)
warning  libmamba Cannot lock '/home/r.dinnage/.cache/mamba/proc'
    Waiting for other mamba process to finish
[collector wcpu4] --once drained 0 checkpoint(s); exiting.
[collector wcpu4] --once drained 0 checkpoint(s); exiting.
[collector wcpu4] --once drained 0 checkpoint(s); exiting.
[collector wcpu4] --once drained 0 checkpoint(s); exiting.
[collector wcpu4] --once drained 0 checkpoint(s); exiting.
[collector wcpu4] --once drained 0 checkpoint(s); exiting.
[collector wcpu4] --once drained 0 checkpoint(s); exiting.
[collector wcpu4] --once drained 0 checkpoint(s); exiting.
[collector wcpu4] --once drained 0 checkpoint(s); exiting.
[collector wcpu4] --once drained 0 checkpoint(s); exiting.
[collector wcpu4] --once drained 0 checkpoint(s); exiting.
[collector wcpu4] --once drained 0 checkpoint(s); exiting.
[collector wcpu4] --once drained 0 checkpoint(s); exiting.
[collector wcpu4] --once drained 0 checkpoint(s); exiting.
[collector wcpu4] --once drained 0 checkpoint(s); exiting.
[collector wcpu4] --once drained 0 checkpoint(s); exiting.
error    libmamba Could not set lock (Resource temporarily unavailable)
warning  libmamba Cannot lock '/home/r.dinnage/.cache/mamba/proc'
    Waiting for other mamba process to finish
[collector wcpu4] --once drained 0 checkpoint(s); exiting.
error    libmamba Could not set lock (Resource temporarily unavailable)
warning  libmamba Cannot lock '/home/r.dinnage/.cache/mamba/proc'
    Waiting for other mamba process to finish
[collector wcpu4] --once drained 0 checkpoint(s); exiting.
[collector wcpu4] --once drained 0 checkpoint(s); exiting.
[collector wcpu4] --once drained 0 checkpoint(s); exiting.
[collector wcpu4] --once drained 0 checkpoint(s); exiting.
[collector wcpu4] --once drained 0 checkpoint(s); exiting.
[collector wcpu4] --once drained 0 checkpoint(s); exiting.
[collector wcpu4] --once drained 0 checkpoint(s); exiting.
[collector wcpu4] --once drained 0 checkpoint(s); exiting.
error    libmamba Could not set lock (Resource temporarily unavailable)
warning  libmamba Cannot lock '/home/r.dinnage/.cache/mamba/proc'
    Waiting for other mamba process to finish
[collector wcpu4] --once drained 0 checkpoint(s); exiting.
[collector wcpu4] --once drained 0 checkpoint(s); exiting.
[collector wcpu4] --once drained 0 checkpoint(s); exiting.
[collector wcpu4] --once drained 0 checkpoint(s); exiting.
[collector wcpu4] --once drained 0 checkpoint(s); exiting.
[collector wcpu4] --once drained 0 checkpoint(s); exiting.
[collector wcpu4] --once drained 0 checkpoint(s); exiting.
[collector wcpu4] --once drained 0 checkpoint(s); exiting.
[collector wcpu4] --once drained 0 checkpoint(s); exiting.
error    libmamba Could not set lock (Resource temporarily unavailable)
warning  libmamba Cannot lock '/home/r.dinnage/.cache/mamba/proc'
    Waiting for other mamba process to finish
[collector wcpu4] --once drained 0 checkpoint(s); exiting.
[collector wcpu4] --once drained 0 checkpoint(s); exiting.
[collector wcpu4] --once drained 0 checkpoint(s); exiting.
[collector wcpu4] --once drained 0 checkpoint(s); exiting.
[collector wcpu4] --once drained 0 checkpoint(s); exiting.
[collector wcpu4] --once drained 0 checkpoint(s); exiting.
[collector wcpu4] --once drained 0 checkpoint(s); exiting.
[collector wcpu4] --once drained 0 checkpoint(s); exiting.
[collector wcpu4] no probe/val CSV (probe_csv=None, val_csv=None); forward/backward blocks skipped for run_id=plantclef__stable_evo__s42.
[Extractor] block_set='cpu': CPU-only block set ['block_optim', 'block_weights', 'block_trajectory', 'block_circuits'] needs no model forward — skipping probe/Hessian build (no CSV/dataloaders, lower host RAM).
/blue/guralnick/share/r.dinnage/Projects/phenovision/xAI/py/extractor/block_optim.py:258: RuntimeWarning: overflow encountered in cast
  scalars = np.array([lam_max, lam_floor, trace, sum_log, pr, eff_rank, cond, aniso,
[extract] step=4216 SKIP heavy block block_circuits (ordinal=843 basis=step_fallback heavy_every=8)
[extract] step=4216 heavy=FALSE total=259.82s | block_optim=206.02 block_weights=40.29 block_trajectory=1.06
[collector wcpu4] cpu-pass DONE run_id=plantclef__stable_evo__s42 step=4216 blocks_ok=3 t=259.821s (all_passes_complete=False)
[collector wcpu4] --once drained 1 checkpoint(s); exiting.
[cwcpu4] drained 1 checkpoint(s); looping.
[collector wcpu4] --once drained 0 checkpoint(s); exiting.
[collector wcpu4] --once drained 0 checkpoint(s); exiting.
[collector wcpu4] --once drained 0 checkpoint(s); exiting.
[collector wcpu4] --once drained 0 checkpoint(s); exiting.
[collector wcpu4] no probe/val CSV (probe_csv=None, val_csv=None); forward/backward blocks skipped for run_id=plantclef__stable_evo__s42.
[Extractor] block_set='cpu': CPU-only block set ['block_optim', 'block_weights', 'block_trajectory', 'block_circuits'] needs no model forward — skipping probe/Hessian build (no CSV/dataloaders, lower host RAM).
/blue/guralnick/share/r.dinnage/Projects/phenovision/xAI/py/extractor/block_optim.py:258: RuntimeWarning: overflow encountered in cast
  scalars = np.array([lam_max, lam_floor, trace, sum_log, pr, eff_rank, cond, aniso,
[extract] step=4252 SKIP heavy block block_circuits (ordinal=850 basis=step_fallback heavy_every=8)
[extract] step=4252 heavy=FALSE total=245.21s | block_optim=187.19 block_weights=40.60 block_trajectory=2.43
[collector wcpu4] cpu-pass DONE run_id=plantclef__stable_evo__s42 step=4252 blocks_ok=3 t=245.213s (all_passes_complete=False)
[collector wcpu4] --once drained 1 checkpoint(s); exiting.
[cwcpu4] drained 1 checkpoint(s); looping.
[collector wcpu4] --once drained 0 checkpoint(s); exiting.
[collector wcpu4] --once drained 0 checkpoint(s); exiting.
[collector wcpu4] --once drained 0 checkpoint(s); exiting.
[collector wcpu4] --once drained 0 checkpoint(s); exiting.
error    libmamba Could not set lock (Resource temporarily unavailable)
warning  libmamba Cannot lock '/home/r.dinnage/.cache/mamba/proc'
    Waiting for other mamba process to finish
[collector wcpu4] --once drained 0 checkpoint(s); exiting.
[collector wcpu4] --once drained 0 checkpoint(s); exiting.
[collector wcpu4] --once drained 0 checkpoint(s); exiting.
[collector wcpu4] --once drained 0 checkpoint(s); exiting.
[collector wcpu4] --once drained 0 checkpoint(s); exiting.
[collector wcpu4] --once drained 0 checkpoint(s); exiting.
error    libmamba Could not set lock (Resource temporarily unavailable)
warning  libmamba Cannot lock '/home/r.dinnage/.cache/mamba/proc'
    Waiting for other mamba process to finish
[collector wcpu4] --once drained 0 checkpoint(s); exiting.
[collector wcpu4] --once drained 0 checkpoint(s); exiting.
[collector wcpu4] --once drained 0 checkpoint(s); exiting.
error    libmamba Could not set lock (Resource temporarily unavailable)
warning  libmamba Cannot lock '/home/r.dinnage/.cache/mamba/proc'
    Waiting for other mamba process to finish
[collector wcpu4] --once drained 0 checkpoint(s); exiting.
[collector wcpu4] --once drained 0 checkpoint(s); exiting.
[collector wcpu4] --once drained 0 checkpoint(s); exiting.
[collector wcpu4] --once drained 0 checkpoint(s); exiting.
[collector wcpu4] --once drained 0 checkpoint(s); exiting.
[collector wcpu4] --once drained 0 checkpoint(s); exiting.
error    libmamba Could not set lock (Resource temporarily unavailable)
warning  libmamba Cannot lock '/home/r.dinnage/.cache/mamba/proc'
    Waiting for other mamba process to finish
error    libmamba Could not set lock (Resource temporarily unavailable)
warning  libmamba Cannot lock '/home/r.dinnage/.cache/mamba/proc'
    Waiting for other mamba process to finish
[collector wcpu4] --once drained 0 checkpoint(s); exiting.
[collector wcpu4] --once drained 0 checkpoint(s); exiting.
error    libmamba Could not set lock (Resource temporarily unavailable)
warning  libmamba Cannot lock '/home/r.dinnage/.cache/mamba/proc'
    Waiting for other mamba process to finish
[collector wcpu4] --once drained 0 checkpoint(s); exiting.
[collector wcpu4] --once drained 0 checkpoint(s); exiting.
[collector wcpu4] --once drained 0 checkpoint(s); exiting.
[collector wcpu4] --once drained 0 checkpoint(s); exiting.
[collector wcpu4] no probe/val CSV (probe_csv=None, val_csv=None); forward/backward blocks skipped for run_id=plantclef__stable_evo__s42.
[Extractor] block_set='cpu': CPU-only block set ['block_optim', 'block_weights', 'block_trajectory', 'block_circuits'] needs no model forward — skipping probe/Hessian build (no CSV/dataloaders, lower host RAM).
/blue/guralnick/share/r.dinnage/Projects/phenovision/xAI/py/extractor/block_optim.py:258: RuntimeWarning: overflow encountered in cast
  scalars = np.array([lam_max, lam_floor, trace, sum_log, pr, eff_rank, cond, aniso,
[extract] step=4336 SKIP heavy block block_circuits (ordinal=867 basis=step_fallback heavy_every=8)
[extract] step=4336 heavy=FALSE total=273.79s | block_optim=211.45 block_weights=41.88 block_trajectory=1.67
[collector wcpu4] cpu-pass DONE run_id=plantclef__stable_evo__s42 step=4336 blocks_ok=3 t=273.789s (all_passes_complete=False)
[collector wcpu4] --once drained 1 checkpoint(s); exiting.
[cwcpu4] drained 1 checkpoint(s); looping.
[collector wcpu4] --once drained 0 checkpoint(s); exiting.
error    libmamba Could not set lock (Resource temporarily unavailable)
warning  libmamba Cannot lock '/home/r.dinnage/.cache/mamba/proc'
    Waiting for other mamba process to finish
[collector wcpu4] --once drained 0 checkpoint(s); exiting.
[collector wcpu4] --once drained 0 checkpoint(s); exiting.
[collector wcpu4] --once drained 0 checkpoint(s); exiting.
[collector wcpu4] --once drained 0 checkpoint(s); exiting.
[collector wcpu4] --once drained 0 checkpoint(s); exiting.
[collector wcpu4] --once drained 0 checkpoint(s); exiting.
[collector wcpu4] --once drained 0 checkpoint(s); exiting.
[collector wcpu4] --once drained 0 checkpoint(s); exiting.
error    libmamba Could not set lock (Resource temporarily unavailable)
warning  libmamba Cannot lock '/home/r.dinnage/.cache/mamba/proc'
    Waiting for other mamba process to finish
[collector wcpu4] --once drained 0 checkpoint(s); exiting.
[collector wcpu4] --once drained 0 checkpoint(s); exiting.
[collector wcpu4] --once drained 0 checkpoint(s); exiting.
[collector wcpu4] --once drained 0 checkpoint(s); exiting.
[collector wcpu4] --once drained 0 checkpoint(s); exiting.
[collector wcpu4] --once drained 0 checkpoint(s); exiting.
[collector wcpu4] --once drained 0 checkpoint(s); exiting.
[collector wcpu4] --once drained 0 checkpoint(s); exiting.
[collector wcpu4] --once drained 0 checkpoint(s); exiting.
error    libmamba Could not set lock (Resource temporarily unavailable)
warning  libmamba Cannot lock '/home/r.dinnage/.cache/mamba/proc'
    Waiting for other mamba process to finish
[collector wcpu4] --once drained 0 checkpoint(s); exiting.
error    libmamba Could not set lock (Resource temporarily unavailable)
warning  libmamba Cannot lock '/home/r.dinnage/.cache/mamba/proc'
    Waiting for other mamba process to finish
[collector wcpu4] --once drained 0 checkpoint(s); exiting.
[collector wcpu4] --once drained 0 checkpoint(s); exiting.
[collector wcpu4] --once drained 0 checkpoint(s); exiting.
[collector wcpu4] --once drained 0 checkpoint(s); exiting.
error    libmamba Could not set lock (Resource temporarily unavailable)
warning  libmamba Cannot lock '/home/r.dinnage/.cache/mamba/proc'
    Waiting for other mamba process to finish
[collector wcpu4] --once drained 0 checkpoint(s); exiting.
[collector wcpu4] --once drained 0 checkpoint(s); exiting.
[collector wcpu4] --once drained 0 checkpoint(s); exiting.
[collector wcpu4] --once drained 0 checkpoint(s); exiting.
[collector wcpu4] --once drained 0 checkpoint(s); exiting.
[collector wcpu4] --once drained 0 checkpoint(s); exiting.
[collector wcpu4] --once drained 0 checkpoint(s); exiting.
[collector wcpu4] --once drained 0 checkpoint(s); exiting.
[collector wcpu4] --once drained 0 checkpoint(s); exiting.
[collector wcpu4] --once drained 0 checkpoint(s); exiting.
[collector wcpu4] --once drained 0 checkpoint(s); exiting.
[collector wcpu4] --once drained 0 checkpoint(s); exiting.
[collector wcpu4] --once drained 0 checkpoint(s); exiting.
[collector wcpu4] --once drained 0 checkpoint(s); exiting.
[collector wcpu4] --once drained 0 checkpoint(s); exiting.
[collector wcpu4] --once drained 0 checkpoint(s); exiting.
[collector wcpu4] --once drained 0 checkpoint(s); exiting.
[collector wcpu4] --once drained 0 checkpoint(s); exiting.
error    libmamba Could not set lock (Resource temporarily unavailable)
warning  libmamba Cannot lock '/home/r.dinnage/.cache/mamba/proc'
    Waiting for other mamba process to finish
[collector wcpu4] --once drained 0 checkpoint(s); exiting.
[collector wcpu4] --once drained 0 checkpoint(s); exiting.
error    libmamba Could not set lock (Resource temporarily unavailable)
warning  libmamba Cannot lock '/home/r.dinnage/.cache/mamba/proc'
    Waiting for other mamba process to finish
[collector wcpu4] --once drained 0 checkpoint(s); exiting.
[collector wcpu4] --once drained 0 checkpoint(s); exiting.
[collector wcpu4] --once drained 0 checkpoint(s); exiting.
error    libmamba Could not set lock (Resource temporarily unavailable)
warning  libmamba Cannot lock '/home/r.dinnage/.cache/mamba/proc'
    Waiting for other mamba process to finish
[collector wcpu4] --once drained 0 checkpoint(s); exiting.
[collector wcpu4] --once drained 0 checkpoint(s); exiting.
[collector wcpu4] --once drained 0 checkpoint(s); exiting.
[collector wcpu4] --once drained 0 checkpoint(s); exiting.
[collector wcpu4] --once drained 0 checkpoint(s); exiting.
[collector wcpu4] --once drained 0 checkpoint(s); exiting.
[collector wcpu4] --once drained 0 checkpoint(s); exiting.
[collector wcpu4] --once drained 0 checkpoint(s); exiting.
[collector wcpu4] --once drained 0 checkpoint(s); exiting.
[collector wcpu4] --once drained 0 checkpoint(s); exiting.
[collector wcpu4] --once drained 0 checkpoint(s); exiting.
error    libmamba Could not set lock (Resource temporarily unavailable)
warning  libmamba Cannot lock '/home/r.dinnage/.cache/mamba/proc'
    Waiting for other mamba process to finish
[collector wcpu4] --once drained 0 checkpoint(s); exiting.
[collector wcpu4] --once drained 0 checkpoint(s); exiting.
[collector wcpu4] --once drained 0 checkpoint(s); exiting.
[collector wcpu4] --once drained 0 checkpoint(s); exiting.
[collector wcpu4] --once drained 0 checkpoint(s); exiting.
[collector wcpu4] --once drained 0 checkpoint(s); exiting.
[collector wcpu4] --once drained 0 checkpoint(s); exiting.
[collector wcpu4] --once drained 0 checkpoint(s); exiting.
[collector wcpu4] --once drained 0 checkpoint(s); exiting.
[collector wcpu4] no probe/val CSV (probe_csv=None, val_csv=None); forward/backward blocks skipped for run_id=plantclef__stable_evo__s42.
[Extractor] block_set='cpu': CPU-only block set ['block_optim', 'block_weights', 'block_trajectory', 'block_circuits'] needs no model forward — skipping probe/Hessian build (no CSV/dataloaders, lower host RAM).
/blue/guralnick/share/r.dinnage/Projects/phenovision/xAI/py/extractor/block_optim.py:258: RuntimeWarning: overflow encountered in cast
  scalars = np.array([lam_max, lam_floor, trace, sum_log, pr, eff_rank, cond, aniso,
[extract] step=4518 SKIP heavy block block_circuits (ordinal=903 basis=step_fallback heavy_every=8)
[extract] step=4518 heavy=FALSE total=236.66s | block_optim=185.55 block_weights=36.72 block_trajectory=1.54
[collector wcpu4] cpu-pass DONE run_id=plantclef__stable_evo__s42 step=4518 blocks_ok=3 t=236.658s (all_passes_complete=False)
[collector wcpu4] --once drained 1 checkpoint(s); exiting.
[cwcpu4] drained 1 checkpoint(s); looping.
[collector wcpu4] --once drained 0 checkpoint(s); exiting.
error    libmamba Could not set lock (Resource temporarily unavailable)
warning  libmamba Cannot lock '/home/r.dinnage/.cache/mamba/proc'
    Waiting for other mamba process to finish
[collector wcpu4] --once drained 0 checkpoint(s); exiting.
[collector wcpu4] --once drained 0 checkpoint(s); exiting.
error    libmamba Could not set lock (Resource temporarily unavailable)
warning  libmamba Cannot lock '/home/r.dinnage/.cache/mamba/proc'
    Waiting for other mamba process to finish
[collector wcpu4] --once drained 0 checkpoint(s); exiting.
[collector wcpu4] --once drained 0 checkpoint(s); exiting.
[collector wcpu4] --once drained 0 checkpoint(s); exiting.
[collector wcpu4] --once drained 0 checkpoint(s); exiting.
[collector wcpu4] --once drained 0 checkpoint(s); exiting.
[collector wcpu4] --once drained 0 checkpoint(s); exiting.
error    libmamba Could not set lock (Resource temporarily unavailable)
warning  libmamba Cannot lock '/home/r.dinnage/.cache/mamba/proc'
    Waiting for other mamba process to finish
[collector wcpu4] --once drained 0 checkpoint(s); exiting.
[collector wcpu4] no probe/val CSV (probe_csv=None, val_csv=None); forward/backward blocks skipped for run_id=plantclef__stable_evo__s42.
[Extractor] block_set='cpu': CPU-only block set ['block_optim', 'block_weights', 'block_trajectory', 'block_circuits'] needs no model forward — skipping probe/Hessian build (no CSV/dataloaders, lower host RAM).
/blue/guralnick/share/r.dinnage/Projects/phenovision/xAI/py/extractor/block_optim.py:258: RuntimeWarning: overflow encountered in cast
  scalars = np.array([lam_max, lam_floor, trace, sum_log, pr, eff_rank, cond, aniso,
[extract] step=4566 SKIP heavy block block_circuits (ordinal=913 basis=step_fallback heavy_every=8)
[extract] step=4566 heavy=FALSE total=242.51s | block_optim=190.73 block_weights=34.45 block_trajectory=1.05
[collector wcpu4] cpu-pass DONE run_id=plantclef__stable_evo__s42 step=4566 blocks_ok=3 t=242.509s (all_passes_complete=False)
[collector wcpu4] --once drained 1 checkpoint(s); exiting.
[cwcpu4] drained 1 checkpoint(s); looping.
[collector wcpu4] no probe/val CSV (probe_csv=None, val_csv=None); forward/backward blocks skipped for run_id=plantclef__stable_evo__s42.
[Extractor] block_set='cpu': CPU-only block set ['block_optim', 'block_weights', 'block_trajectory', 'block_circuits'] needs no model forward — skipping probe/Hessian build (no CSV/dataloaders, lower host RAM).
/blue/guralnick/share/r.dinnage/Projects/phenovision/xAI/py/extractor/block_optim.py:258: RuntimeWarning: overflow encountered in cast
  scalars = np.array([lam_max, lam_floor, trace, sum_log, pr, eff_rank, cond, aniso,
[extract] step=4590 SKIP heavy block block_circuits (ordinal=918 basis=step_fallback heavy_every=8)
[extract] step=4590 heavy=FALSE total=215.42s | block_optim=165.00 block_weights=36.43 block_trajectory=1.11
[collector wcpu4] cpu-pass DONE run_id=plantclef__stable_evo__s42 step=4590 blocks_ok=3 t=215.422s (all_passes_complete=False)
[collector wcpu4] --once drained 1 checkpoint(s); exiting.
[cwcpu4] drained 1 checkpoint(s); looping.
[collector wcpu4] --once drained 0 checkpoint(s); exiting.
error    libmamba Could not set lock (Resource temporarily unavailable)
warning  libmamba Cannot lock '/home/r.dinnage/.cache/mamba/proc'
    Waiting for other mamba process to finish
[collector wcpu4] --once drained 0 checkpoint(s); exiting.
[collector wcpu4] --once drained 0 checkpoint(s); exiting.
[collector wcpu4] --once drained 0 checkpoint(s); exiting.
[collector wcpu4] --once drained 0 checkpoint(s); exiting.
error    libmamba Could not set lock (Resource temporarily unavailable)
warning  libmamba Cannot lock '/home/r.dinnage/.cache/mamba/proc'
    Waiting for other mamba process to finish
[collector wcpu4] --once drained 0 checkpoint(s); exiting.
error    libmamba Could not set lock (Resource temporarily unavailable)
warning  libmamba Cannot lock '/home/r.dinnage/.cache/mamba/proc'
    Waiting for other mamba process to finish
[collector wcpu4] --once drained 0 checkpoint(s); exiting.
[collector wcpu4] --once drained 0 checkpoint(s); exiting.
error    libmamba Could not set lock (Resource temporarily unavailable)
warning  libmamba Cannot lock '/home/r.dinnage/.cache/mamba/proc'
    Waiting for other mamba process to finish
[collector wcpu4] --once drained 0 checkpoint(s); exiting.
error    libmamba Could not set lock (Resource temporarily unavailable)
warning  libmamba Cannot lock '/home/r.dinnage/.cache/mamba/proc'
    Waiting for other mamba process to finish
[collector wcpu4] --once drained 0 checkpoint(s); exiting.
error    libmamba Could not set lock (Resource temporarily unavailable)
warning  libmamba Cannot lock '/home/r.dinnage/.cache/mamba/proc'
    Waiting for other mamba process to finish
[collector wcpu4] --once drained 0 checkpoint(s); exiting.
[collector wcpu4] --once drained 0 checkpoint(s); exiting.
error    libmamba Could not set lock (Resource temporarily unavailable)
warning  libmamba Cannot lock '/home/r.dinnage/.cache/mamba/proc'
    Waiting for other mamba process to finish
[collector wcpu4] --once drained 0 checkpoint(s); exiting.
[collector wcpu4] --once drained 0 checkpoint(s); exiting.
[collector wcpu4] --once drained 0 checkpoint(s); exiting.
[collector wcpu4] --once drained 0 checkpoint(s); exiting.
[collector wcpu4] --once drained 0 checkpoint(s); exiting.
error    libmamba Could not set lock (Resource temporarily unavailable)
warning  libmamba Cannot lock '/home/r.dinnage/.cache/mamba/proc'
    Waiting for other mamba process to finish
[collector wcpu4] --once drained 0 checkpoint(s); exiting.
[collector wcpu4] --once drained 0 checkpoint(s); exiting.
[collector wcpu4] --once drained 0 checkpoint(s); exiting.
[collector wcpu4] --once drained 0 checkpoint(s); exiting.
[collector wcpu4] --once drained 0 checkpoint(s); exiting.
[collector wcpu4] --once drained 0 checkpoint(s); exiting.
[collector wcpu4] --once drained 0 checkpoint(s); exiting.
[collector wcpu4] --once drained 0 checkpoint(s); exiting.
error    libmamba Could not set lock (Resource temporarily unavailable)
warning  libmamba Cannot lock '/home/r.dinnage/.cache/mamba/proc'
    Waiting for other mamba process to finish
[collector wcpu4] --once drained 0 checkpoint(s); exiting.
[collector wcpu4] --once drained 0 checkpoint(s); exiting.
[collector wcpu4] --once drained 0 checkpoint(s); exiting.
[collector wcpu4] --once drained 0 checkpoint(s); exiting.
[collector wcpu4] --once drained 0 checkpoint(s); exiting.
[collector wcpu4] --once drained 0 checkpoint(s); exiting.
[collector wcpu4] --once drained 0 checkpoint(s); exiting.
[collector wcpu4] --once drained 0 checkpoint(s); exiting.
[collector wcpu4] --once drained 0 checkpoint(s); exiting.
[collector wcpu4] --once drained 0 checkpoint(s); exiting.
[collector wcpu4] --once drained 0 checkpoint(s); exiting.
[collector wcpu4] --once drained 0 checkpoint(s); exiting.
[collector wcpu4] no probe/val CSV (probe_csv=None, val_csv=None); forward/backward blocks skipped for run_id=plantclef__stable_evo__s42.
[Extractor] block_set='cpu': CPU-only block set ['block_optim', 'block_weights', 'block_trajectory', 'block_circuits'] needs no model forward — skipping probe/Hessian build (no CSV/dataloaders, lower host RAM).
/blue/guralnick/share/r.dinnage/Projects/phenovision/xAI/py/extractor/block_optim.py:258: RuntimeWarning: overflow encountered in cast
  scalars = np.array([lam_max, lam_floor, trace, sum_log, pr, eff_rank, cond, aniso,
[extract] step=4710 SKIP heavy block block_circuits (ordinal=942 basis=step_fallback heavy_every=8)
[extract] step=4710 heavy=FALSE total=224.02s | block_optim=173.33 block_weights=37.35 block_trajectory=0.86
[collector wcpu4] cpu-pass DONE run_id=plantclef__stable_evo__s42 step=4710 blocks_ok=3 t=224.019s (all_passes_complete=False)
[collector wcpu4] --once drained 1 checkpoint(s); exiting.
[cwcpu4] drained 1 checkpoint(s); looping.
[collector wcpu4] --once drained 0 checkpoint(s); exiting.
[collector wcpu4] --once drained 0 checkpoint(s); exiting.
[collector wcpu4] --once drained 0 checkpoint(s); exiting.
[collector wcpu4] --once drained 0 checkpoint(s); exiting.
[collector wcpu4] --once drained 0 checkpoint(s); exiting.
[collector wcpu4] --once drained 0 checkpoint(s); exiting.
[collector wcpu4] --once drained 0 checkpoint(s); exiting.
[collector wcpu4] --once drained 0 checkpoint(s); exiting.
[collector wcpu4] --once drained 0 checkpoint(s); exiting.
[collector wcpu4] --once drained 0 checkpoint(s); exiting.
[collector wcpu4] --once drained 0 checkpoint(s); exiting.
[collector wcpu4] --once drained 0 checkpoint(s); exiting.
[collector wcpu4] --once drained 0 checkpoint(s); exiting.
[collector wcpu4] --once drained 0 checkpoint(s); exiting.
[collector wcpu4] --once drained 0 checkpoint(s); exiting.
[collector wcpu4] --once drained 0 checkpoint(s); exiting.
[collector wcpu4] --once drained 0 checkpoint(s); exiting.
[collector wcpu4] --once drained 0 checkpoint(s); exiting.
[collector wcpu4] --once drained 0 checkpoint(s); exiting.
[collector wcpu4] --once drained 0 checkpoint(s); exiting.
[collector wcpu4] --once drained 0 checkpoint(s); exiting.
[collector wcpu4] --once drained 0 checkpoint(s); exiting.
[collector wcpu4] --once drained 0 checkpoint(s); exiting.
[collector wcpu4] --once drained 0 checkpoint(s); exiting.
[collector wcpu4] --once drained 0 checkpoint(s); exiting.
[collector wcpu4] --once drained 0 checkpoint(s); exiting.
[collector wcpu4] no probe/val CSV (probe_csv=None, val_csv=None); forward/backward blocks skipped for run_id=plantclef__stable_evo__s42.
[Extractor] block_set='cpu': CPU-only block set ['block_optim', 'block_weights', 'block_trajectory', 'block_circuits'] needs no model forward — skipping probe/Hessian build (no CSV/dataloaders, lower host RAM).
/blue/guralnick/share/r.dinnage/Projects/phenovision/xAI/py/extractor/block_optim.py:258: RuntimeWarning: overflow encountered in cast
  scalars = np.array([lam_max, lam_floor, trace, sum_log, pr, eff_rank, cond, aniso,
[extract] step=4796 SKIP heavy block block_circuits (ordinal=959 basis=step_fallback heavy_every=8)
[extract] step=4796 heavy=FALSE total=231.29s | block_optim=173.78 block_weights=42.22 block_trajectory=0.97
[collector wcpu4] cpu-pass DONE run_id=plantclef__stable_evo__s42 step=4796 blocks_ok=3 t=231.291s (all_passes_complete=False)
[collector wcpu4] --once drained 1 checkpoint(s); exiting.
[cwcpu4] drained 1 checkpoint(s); looping.
[collector wcpu4] --once drained 0 checkpoint(s); exiting.
[cwcpu4] all RUN_COMPLETE sentinels present; performing FINAL drain...
[cwcpu4] final drain found nothing new and aggregate queue depth=0 -> all runs collected. Exiting.
Done: Fri Jun 19 05:48:19 PM EDT 2026
