Fri Jun 19 06:02:59 AM EDT 2026
host=c0703a-s9.ufhpc
pwd=/blue/guralnick/share/r.dinnage/Projects/phenovision
=== preadapt CPU collector worker 2 ===
run_dirs=xAI/output/preadapt_v2/plantclef__stable_evo__s42
watch_dirs=xAI/output/preadapt_v2/plantclef__stable_evo__s42/checkpoints
sentinels=xAI/output/preadapt_v2/plantclef__stable_evo__s42/RUN_COMPLETE
out_store=xAI/output/preadapt_v2/_extract_store
nthreads=8
poll=15s heavy_every=8 retention_latest_keep=2 keep_full_latest=2
train_jids=35120233
[collector wcpu2] --once drained 0 checkpoint(s); exiting.
error    libmamba Could not set lock (Resource temporarily unavailable)
warning  libmamba Cannot lock '/home/r.dinnage/.cache/mamba/proc'
    Waiting for other mamba process to finish
[collector wcpu2] --once drained 0 checkpoint(s); exiting.
[collector wcpu2] --once drained 0 checkpoint(s); exiting.
[collector wcpu2] --once drained 0 checkpoint(s); exiting.
[collector wcpu2] --once drained 0 checkpoint(s); exiting.
error    libmamba Could not set lock (Resource temporarily unavailable)
warning  libmamba Cannot lock '/home/r.dinnage/.cache/mamba/proc'
    Waiting for other mamba process to finish
[collector wcpu2] --once drained 0 checkpoint(s); exiting.
[collector wcpu2] --once drained 0 checkpoint(s); exiting.
error    libmamba Could not set lock (Resource temporarily unavailable)
warning  libmamba Cannot lock '/home/r.dinnage/.cache/mamba/proc'
    Waiting for other mamba process to finish
[collector wcpu2] --once drained 0 checkpoint(s); exiting.
[collector wcpu2] --once drained 0 checkpoint(s); exiting.
[collector wcpu2] --once drained 0 checkpoint(s); exiting.
[collector wcpu2] --once drained 0 checkpoint(s); exiting.
[collector wcpu2] --once drained 0 checkpoint(s); exiting.
[collector wcpu2] --once drained 0 checkpoint(s); exiting.
[collector wcpu2] --once drained 0 checkpoint(s); exiting.
[collector wcpu2] --once drained 0 checkpoint(s); exiting.
[collector wcpu2] --once drained 0 checkpoint(s); exiting.
[collector wcpu2] --once drained 0 checkpoint(s); exiting.
error    libmamba Could not set lock (Resource temporarily unavailable)
warning  libmamba Cannot lock '/home/r.dinnage/.cache/mamba/proc'
    Waiting for other mamba process to finish
[collector wcpu2] --once drained 0 checkpoint(s); exiting.
[collector wcpu2] --once drained 0 checkpoint(s); exiting.
[collector wcpu2] --once drained 0 checkpoint(s); exiting.
[collector wcpu2] --once drained 0 checkpoint(s); exiting.
[collector wcpu2] --once drained 0 checkpoint(s); exiting.
[collector wcpu2] --once drained 0 checkpoint(s); exiting.
[collector wcpu2] --once drained 0 checkpoint(s); exiting.
[collector wcpu2] --once drained 0 checkpoint(s); exiting.
[collector wcpu2] --once drained 0 checkpoint(s); exiting.
[collector wcpu2] --once drained 0 checkpoint(s); exiting.
[collector wcpu2] --once drained 0 checkpoint(s); exiting.
[collector wcpu2] --once drained 0 checkpoint(s); exiting.
[collector wcpu2] --once drained 0 checkpoint(s); exiting.
[collector wcpu2] --once drained 0 checkpoint(s); exiting.
[collector wcpu2] --once drained 0 checkpoint(s); exiting.
error    libmamba Could not set lock (Resource temporarily unavailable)
warning  libmamba Cannot lock '/home/r.dinnage/.cache/mamba/proc'
    Waiting for other mamba process to finish
[collector wcpu2] --once drained 0 checkpoint(s); exiting.
[collector wcpu2] --once drained 0 checkpoint(s); exiting.
[collector wcpu2] --once drained 0 checkpoint(s); exiting.
error    libmamba Could not set lock (Resource temporarily unavailable)
warning  libmamba Cannot lock '/home/r.dinnage/.cache/mamba/proc'
    Waiting for other mamba process to finish
[collector wcpu2] --once drained 0 checkpoint(s); exiting.
[collector wcpu2] --once drained 0 checkpoint(s); exiting.
[collector wcpu2] --once drained 0 checkpoint(s); exiting.
[collector wcpu2] --once drained 0 checkpoint(s); exiting.
[collector wcpu2] --once drained 0 checkpoint(s); exiting.
[collector wcpu2] --once drained 0 checkpoint(s); exiting.
[collector wcpu2] --once drained 0 checkpoint(s); exiting.
[collector wcpu2] --once drained 0 checkpoint(s); exiting.
[collector wcpu2] --once drained 0 checkpoint(s); exiting.
error    libmamba Could not set lock (Resource temporarily unavailable)
warning  libmamba Cannot lock '/home/r.dinnage/.cache/mamba/proc'
    Waiting for other mamba process to finish
[collector wcpu2] --once drained 0 checkpoint(s); exiting.
[collector wcpu2] --once drained 0 checkpoint(s); exiting.
error    libmamba Could not set lock (Resource temporarily unavailable)
warning  libmamba Cannot lock '/home/r.dinnage/.cache/mamba/proc'
    Waiting for other mamba process to finish
[collector wcpu2] --once drained 0 checkpoint(s); exiting.
error    libmamba Could not set lock (Resource temporarily unavailable)
warning  libmamba Cannot lock '/home/r.dinnage/.cache/mamba/proc'
    Waiting for other mamba process to finish
[collector wcpu2] --once drained 0 checkpoint(s); exiting.
error    libmamba Could not set lock (Resource temporarily unavailable)
warning  libmamba Cannot lock '/home/r.dinnage/.cache/mamba/proc'
    Waiting for other mamba process to finish
[collector wcpu2] --once drained 0 checkpoint(s); exiting.
[collector wcpu2] --once drained 0 checkpoint(s); exiting.
[collector wcpu2] --once drained 0 checkpoint(s); exiting.
[collector wcpu2] --once drained 0 checkpoint(s); exiting.
[collector wcpu2] --once drained 0 checkpoint(s); exiting.
error    libmamba Could not set lock (Resource temporarily unavailable)
warning  libmamba Cannot lock '/home/r.dinnage/.cache/mamba/proc'
    Waiting for other mamba process to finish
[collector wcpu2] --once drained 0 checkpoint(s); exiting.
[collector wcpu2] --once drained 0 checkpoint(s); exiting.
[collector wcpu2] --once drained 0 checkpoint(s); exiting.
[collector wcpu2] --once drained 0 checkpoint(s); exiting.
[collector wcpu2] --once drained 0 checkpoint(s); exiting.
[collector wcpu2] --once drained 0 checkpoint(s); exiting.
error    libmamba Could not set lock (Resource temporarily unavailable)
warning  libmamba Cannot lock '/home/r.dinnage/.cache/mamba/proc'
    Waiting for other mamba process to finish
[collector wcpu2] --once drained 0 checkpoint(s); exiting.
[collector wcpu2] --once drained 0 checkpoint(s); exiting.
[collector wcpu2] --once drained 0 checkpoint(s); exiting.
[collector wcpu2] --once drained 0 checkpoint(s); exiting.
[collector wcpu2] --once drained 0 checkpoint(s); exiting.
[collector wcpu2] --once drained 0 checkpoint(s); exiting.
[collector wcpu2] --once drained 0 checkpoint(s); exiting.
error    libmamba Could not set lock (Resource temporarily unavailable)
warning  libmamba Cannot lock '/home/r.dinnage/.cache/mamba/proc'
    Waiting for other mamba process to finish
[collector wcpu2] --once drained 0 checkpoint(s); exiting.
[collector wcpu2] --once drained 0 checkpoint(s); exiting.
[collector wcpu2] --once drained 0 checkpoint(s); exiting.
[collector wcpu2] --once drained 0 checkpoint(s); exiting.
[collector wcpu2] --once drained 0 checkpoint(s); exiting.
error    libmamba Could not set lock (Resource temporarily unavailable)
warning  libmamba Cannot lock '/home/r.dinnage/.cache/mamba/proc'
    Waiting for other mamba process to finish
[collector wcpu2] --once drained 0 checkpoint(s); exiting.
[collector wcpu2] --once drained 0 checkpoint(s); exiting.
[collector wcpu2] --once drained 0 checkpoint(s); exiting.
[collector wcpu2] --once drained 0 checkpoint(s); exiting.
[collector wcpu2] --once drained 0 checkpoint(s); exiting.
[collector wcpu2] --once drained 0 checkpoint(s); exiting.
error    libmamba Could not set lock (Resource temporarily unavailable)
warning  libmamba Cannot lock '/home/r.dinnage/.cache/mamba/proc'
    Waiting for other mamba process to finish
[collector wcpu2] --once drained 0 checkpoint(s); exiting.
[collector wcpu2] --once drained 0 checkpoint(s); exiting.
[collector wcpu2] --once drained 0 checkpoint(s); exiting.
[collector wcpu2] --once drained 0 checkpoint(s); exiting.
[collector wcpu2] --once drained 0 checkpoint(s); exiting.
[collector wcpu2] --once drained 0 checkpoint(s); exiting.
[collector wcpu2] --once drained 0 checkpoint(s); exiting.
[collector wcpu2] --once drained 0 checkpoint(s); exiting.
error    libmamba Could not set lock (Resource temporarily unavailable)
warning  libmamba Cannot lock '/home/r.dinnage/.cache/mamba/proc'
    Waiting for other mamba process to finish
[collector wcpu2] --once drained 0 checkpoint(s); exiting.
[collector wcpu2] --once drained 0 checkpoint(s); exiting.
error    libmamba Could not set lock (Resource temporarily unavailable)
warning  libmamba Cannot lock '/home/r.dinnage/.cache/mamba/proc'
    Waiting for other mamba process to finish
[collector wcpu2] --once drained 0 checkpoint(s); exiting.
[collector wcpu2] --once drained 0 checkpoint(s); exiting.
error    libmamba Could not set lock (Resource temporarily unavailable)
warning  libmamba Cannot lock '/home/r.dinnage/.cache/mamba/proc'
    Waiting for other mamba process to finish
[collector wcpu2] --once drained 0 checkpoint(s); exiting.
[collector wcpu2] --once drained 0 checkpoint(s); exiting.
[collector wcpu2] --once drained 0 checkpoint(s); exiting.
[collector wcpu2] --once drained 0 checkpoint(s); exiting.
[collector wcpu2] --once drained 0 checkpoint(s); exiting.
[collector wcpu2] --once drained 0 checkpoint(s); exiting.
[collector wcpu2] --once drained 0 checkpoint(s); exiting.
[collector wcpu2] --once drained 0 checkpoint(s); exiting.
[collector wcpu2] --once drained 0 checkpoint(s); exiting.
error    libmamba Could not set lock (Resource temporarily unavailable)
warning  libmamba Cannot lock '/home/r.dinnage/.cache/mamba/proc'
    Waiting for other mamba process to finish
[collector wcpu2] --once drained 0 checkpoint(s); exiting.
[collector wcpu2] --once drained 0 checkpoint(s); exiting.
[collector wcpu2] --once drained 0 checkpoint(s); exiting.
[collector wcpu2] --once drained 0 checkpoint(s); exiting.
[collector wcpu2] --once drained 0 checkpoint(s); exiting.
[collector wcpu2] --once drained 0 checkpoint(s); exiting.
[collector wcpu2] --once drained 0 checkpoint(s); exiting.
[collector wcpu2] --once drained 0 checkpoint(s); exiting.
[collector wcpu2] --once drained 0 checkpoint(s); exiting.
[collector wcpu2] --once drained 0 checkpoint(s); exiting.
[collector wcpu2] --once drained 0 checkpoint(s); exiting.
[collector wcpu2] --once drained 0 checkpoint(s); exiting.
error    libmamba Could not set lock (Resource temporarily unavailable)
warning  libmamba Cannot lock '/home/r.dinnage/.cache/mamba/proc'
    Waiting for other mamba process to finish
[collector wcpu2] --once drained 0 checkpoint(s); exiting.
[collector wcpu2] --once drained 0 checkpoint(s); exiting.
error    libmamba Could not set lock (Resource temporarily unavailable)
warning  libmamba Cannot lock '/home/r.dinnage/.cache/mamba/proc'
    Waiting for other mamba process to finish
[collector wcpu2] --once drained 0 checkpoint(s); exiting.
[collector wcpu2] --once drained 0 checkpoint(s); exiting.
[collector wcpu2] --once drained 0 checkpoint(s); exiting.
[collector wcpu2] --once drained 0 checkpoint(s); exiting.
[collector wcpu2] --once drained 0 checkpoint(s); exiting.
[collector wcpu2] --once drained 0 checkpoint(s); exiting.
[collector wcpu2] --once drained 0 checkpoint(s); exiting.
[collector wcpu2] --once drained 0 checkpoint(s); exiting.
[collector wcpu2] --once drained 0 checkpoint(s); exiting.
[collector wcpu2] --once drained 0 checkpoint(s); exiting.
error    libmamba Could not set lock (Resource temporarily unavailable)
warning  libmamba Cannot lock '/home/r.dinnage/.cache/mamba/proc'
    Waiting for other mamba process to finish
[collector wcpu2] --once drained 0 checkpoint(s); exiting.
[collector wcpu2] --once drained 0 checkpoint(s); exiting.
[collector wcpu2] --once drained 0 checkpoint(s); exiting.
[collector wcpu2] --once drained 0 checkpoint(s); exiting.
error    libmamba Could not set lock (Resource temporarily unavailable)
warning  libmamba Cannot lock '/home/r.dinnage/.cache/mamba/proc'
    Waiting for other mamba process to finish
[collector wcpu2] --once drained 0 checkpoint(s); exiting.
[collector wcpu2] --once drained 0 checkpoint(s); exiting.
[collector wcpu2] --once drained 0 checkpoint(s); exiting.
[collector wcpu2] --once drained 0 checkpoint(s); exiting.
[collector wcpu2] --once drained 0 checkpoint(s); exiting.
[collector wcpu2] --once drained 0 checkpoint(s); exiting.
error    libmamba Could not set lock (Resource temporarily unavailable)
warning  libmamba Cannot lock '/home/r.dinnage/.cache/mamba/proc'
    Waiting for other mamba process to finish
[collector wcpu2] --once drained 0 checkpoint(s); exiting.
error    libmamba Could not set lock (Resource temporarily unavailable)
warning  libmamba Cannot lock '/home/r.dinnage/.cache/mamba/proc'
    Waiting for other mamba process to finish
[collector wcpu2] --once drained 0 checkpoint(s); exiting.
[collector wcpu2] --once drained 0 checkpoint(s); exiting.
[collector wcpu2] --once drained 0 checkpoint(s); exiting.
[collector wcpu2] --once drained 0 checkpoint(s); exiting.
[collector wcpu2] --once drained 0 checkpoint(s); exiting.
[collector wcpu2] --once drained 0 checkpoint(s); exiting.
[collector wcpu2] --once drained 0 checkpoint(s); exiting.
[collector wcpu2] --once drained 0 checkpoint(s); exiting.
[collector wcpu2] --once drained 0 checkpoint(s); exiting.
error    libmamba Could not set lock (Resource temporarily unavailable)
warning  libmamba Cannot lock '/home/r.dinnage/.cache/mamba/proc'
    Waiting for other mamba process to finish
[collector wcpu2] --once drained 0 checkpoint(s); exiting.
[collector wcpu2] --once drained 0 checkpoint(s); exiting.
[collector wcpu2] --once drained 0 checkpoint(s); exiting.
[collector wcpu2] --once drained 0 checkpoint(s); exiting.
[collector wcpu2] --once drained 0 checkpoint(s); exiting.
[collector wcpu2] --once drained 0 checkpoint(s); exiting.
[collector wcpu2] --once drained 0 checkpoint(s); exiting.
[collector wcpu2] --once drained 0 checkpoint(s); exiting.
[collector wcpu2] --once drained 0 checkpoint(s); exiting.
[collector wcpu2] --once drained 0 checkpoint(s); exiting.
[collector wcpu2] --once drained 0 checkpoint(s); exiting.
[collector wcpu2] --once drained 0 checkpoint(s); exiting.
[collector wcpu2] --once drained 0 checkpoint(s); exiting.
[collector wcpu2] --once drained 0 checkpoint(s); exiting.
[collector wcpu2] --once drained 0 checkpoint(s); exiting.
[collector wcpu2] --once drained 0 checkpoint(s); exiting.
[collector wcpu2] --once drained 0 checkpoint(s); exiting.
[collector wcpu2] --once drained 0 checkpoint(s); exiting.
[collector wcpu2] --once drained 0 checkpoint(s); exiting.
[collector wcpu2] --once drained 0 checkpoint(s); exiting.
error    libmamba Could not set lock (Resource temporarily unavailable)
warning  libmamba Cannot lock '/home/r.dinnage/.cache/mamba/proc'
    Waiting for other mamba process to finish
[collector wcpu2] --once drained 0 checkpoint(s); exiting.
[collector wcpu2] --once drained 0 checkpoint(s); exiting.
[collector wcpu2] --once drained 0 checkpoint(s); exiting.
[collector wcpu2] --once drained 0 checkpoint(s); exiting.
[collector wcpu2] --once drained 0 checkpoint(s); exiting.
[collector wcpu2] --once drained 0 checkpoint(s); exiting.
[collector wcpu2] --once drained 0 checkpoint(s); exiting.
[collector wcpu2] --once drained 0 checkpoint(s); exiting.
[collector wcpu2] --once drained 0 checkpoint(s); exiting.
[collector wcpu2] --once drained 0 checkpoint(s); exiting.
[collector wcpu2] --once drained 0 checkpoint(s); exiting.
error    libmamba Could not set lock (Resource temporarily unavailable)
warning  libmamba Cannot lock '/home/r.dinnage/.cache/mamba/proc'
    Waiting for other mamba process to finish
[collector wcpu2] --once drained 0 checkpoint(s); exiting.
[collector wcpu2] --once drained 0 checkpoint(s); exiting.
[collector wcpu2] --once drained 0 checkpoint(s); exiting.
[collector wcpu2] --once drained 0 checkpoint(s); exiting.
[collector wcpu2] --once drained 0 checkpoint(s); exiting.
[collector wcpu2] --once drained 0 checkpoint(s); exiting.
[collector wcpu2] --once drained 0 checkpoint(s); exiting.
[collector wcpu2] --once drained 0 checkpoint(s); exiting.
[collector wcpu2] --once drained 0 checkpoint(s); exiting.
[collector wcpu2] --once drained 0 checkpoint(s); exiting.
[collector wcpu2] --once drained 0 checkpoint(s); exiting.
[collector wcpu2] --once drained 0 checkpoint(s); exiting.
error    libmamba Could not set lock (Resource temporarily unavailable)
warning  libmamba Cannot lock '/home/r.dinnage/.cache/mamba/proc'
    Waiting for other mamba process to finish
[collector wcpu2] --once drained 0 checkpoint(s); exiting.
[collector wcpu2] --once drained 0 checkpoint(s); exiting.
[collector wcpu2] --once drained 0 checkpoint(s); exiting.
[collector wcpu2] --once drained 0 checkpoint(s); exiting.
[collector wcpu2] --once drained 0 checkpoint(s); exiting.
[collector wcpu2] --once drained 0 checkpoint(s); exiting.
[collector wcpu2] --once drained 0 checkpoint(s); exiting.
[collector wcpu2] --once drained 0 checkpoint(s); exiting.
[collector wcpu2] --once drained 0 checkpoint(s); exiting.
[collector wcpu2] --once drained 0 checkpoint(s); exiting.
error    libmamba Could not set lock (Resource temporarily unavailable)
warning  libmamba Cannot lock '/home/r.dinnage/.cache/mamba/proc'
    Waiting for other mamba process to finish
[collector wcpu2] --once drained 0 checkpoint(s); exiting.
error    libmamba Could not set lock (Resource temporarily unavailable)
warning  libmamba Cannot lock '/home/r.dinnage/.cache/mamba/proc'
    Waiting for other mamba process to finish
[collector wcpu2] --once drained 0 checkpoint(s); exiting.
[collector wcpu2] --once drained 0 checkpoint(s); exiting.
[collector wcpu2] --once drained 0 checkpoint(s); exiting.
[collector wcpu2] --once drained 0 checkpoint(s); exiting.
[collector wcpu2] --once drained 0 checkpoint(s); exiting.
error    libmamba Could not set lock (Resource temporarily unavailable)
warning  libmamba Cannot lock '/home/r.dinnage/.cache/mamba/proc'
    Waiting for other mamba process to finish
[collector wcpu2] --once drained 0 checkpoint(s); exiting.
error    libmamba Could not set lock (Resource temporarily unavailable)
warning  libmamba Cannot lock '/home/r.dinnage/.cache/mamba/proc'
    Waiting for other mamba process to finish
[collector wcpu2] --once drained 0 checkpoint(s); exiting.
[collector wcpu2] --once drained 0 checkpoint(s); exiting.
[collector wcpu2] --once drained 0 checkpoint(s); exiting.
error    libmamba Could not set lock (Resource temporarily unavailable)
warning  libmamba Cannot lock '/home/r.dinnage/.cache/mamba/proc'
    Waiting for other mamba process to finish
[collector wcpu2] --once drained 0 checkpoint(s); exiting.
[collector wcpu2] --once drained 0 checkpoint(s); exiting.
[collector wcpu2] --once drained 0 checkpoint(s); exiting.
[collector wcpu2] --once drained 0 checkpoint(s); exiting.
[collector wcpu2] --once drained 0 checkpoint(s); exiting.
[collector wcpu2] --once drained 0 checkpoint(s); exiting.
[collector wcpu2] --once drained 0 checkpoint(s); exiting.
[collector wcpu2] --once drained 0 checkpoint(s); exiting.
[collector wcpu2] --once drained 0 checkpoint(s); exiting.
[collector wcpu2] --once drained 0 checkpoint(s); exiting.
[collector wcpu2] --once drained 0 checkpoint(s); exiting.
[collector wcpu2] --once drained 0 checkpoint(s); exiting.
[collector wcpu2] --once drained 0 checkpoint(s); exiting.
[collector wcpu2] --once drained 0 checkpoint(s); exiting.
[collector wcpu2] --once drained 0 checkpoint(s); exiting.
[collector wcpu2] --once drained 0 checkpoint(s); exiting.
[collector wcpu2] --once drained 0 checkpoint(s); exiting.
[collector wcpu2] --once drained 0 checkpoint(s); exiting.
[collector wcpu2] --once drained 0 checkpoint(s); exiting.
error    libmamba Could not set lock (Resource temporarily unavailable)
warning  libmamba Cannot lock '/home/r.dinnage/.cache/mamba/proc'
    Waiting for other mamba process to finish
[collector wcpu2] --once drained 0 checkpoint(s); exiting.
[collector wcpu2] --once drained 0 checkpoint(s); exiting.
[collector wcpu2] --once drained 0 checkpoint(s); exiting.
[collector wcpu2] --once drained 0 checkpoint(s); exiting.
[collector wcpu2] --once drained 0 checkpoint(s); exiting.
[collector wcpu2] --once drained 0 checkpoint(s); exiting.
[collector wcpu2] --once drained 0 checkpoint(s); exiting.
error    libmamba Could not set lock (Resource temporarily unavailable)
warning  libmamba Cannot lock '/home/r.dinnage/.cache/mamba/proc'
    Waiting for other mamba process to finish
[collector wcpu2] --once drained 0 checkpoint(s); exiting.
[collector wcpu2] --once drained 0 checkpoint(s); exiting.
[collector wcpu2] --once drained 0 checkpoint(s); exiting.
[collector wcpu2] --once drained 0 checkpoint(s); exiting.
[collector wcpu2] --once drained 0 checkpoint(s); exiting.
[collector wcpu2] --once drained 0 checkpoint(s); exiting.
[collector wcpu2] --once drained 0 checkpoint(s); exiting.
[collector wcpu2] --once drained 0 checkpoint(s); exiting.
[collector wcpu2] --once drained 0 checkpoint(s); exiting.
[collector wcpu2] --once drained 0 checkpoint(s); exiting.
[collector wcpu2] --once drained 0 checkpoint(s); exiting.
[collector wcpu2] --once drained 0 checkpoint(s); exiting.
[collector wcpu2] --once drained 0 checkpoint(s); exiting.
[collector wcpu2] --once drained 0 checkpoint(s); exiting.
[collector wcpu2] --once drained 0 checkpoint(s); exiting.
[collector wcpu2] --once drained 0 checkpoint(s); exiting.
[collector wcpu2] --once drained 0 checkpoint(s); exiting.
[collector wcpu2] --once drained 0 checkpoint(s); exiting.
[collector wcpu2] --once drained 0 checkpoint(s); exiting.
[collector wcpu2] --once drained 0 checkpoint(s); exiting.
[collector wcpu2] --once drained 0 checkpoint(s); exiting.
[collector wcpu2] --once drained 0 checkpoint(s); exiting.
[collector wcpu2] --once drained 0 checkpoint(s); exiting.
[collector wcpu2] --once drained 0 checkpoint(s); exiting.
[collector wcpu2] --once drained 0 checkpoint(s); exiting.
error    libmamba Could not set lock (Resource temporarily unavailable)
warning  libmamba Cannot lock '/home/r.dinnage/.cache/mamba/proc'
    Waiting for other mamba process to finish
[collector wcpu2] --once drained 0 checkpoint(s); exiting.
[collector wcpu2] --once drained 0 checkpoint(s); exiting.
error    libmamba Could not set lock (Resource temporarily unavailable)
warning  libmamba Cannot lock '/home/r.dinnage/.cache/mamba/proc'
    Waiting for other mamba process to finish
[collector wcpu2] --once drained 0 checkpoint(s); exiting.
[collector wcpu2] --once drained 0 checkpoint(s); exiting.
[collector wcpu2] --once drained 0 checkpoint(s); exiting.
[collector wcpu2] --once drained 0 checkpoint(s); exiting.
[collector wcpu2] --once drained 0 checkpoint(s); exiting.
[collector wcpu2] --once drained 0 checkpoint(s); exiting.
[collector wcpu2] --once drained 0 checkpoint(s); exiting.
[collector wcpu2] --once drained 0 checkpoint(s); exiting.
[collector wcpu2] --once drained 0 checkpoint(s); exiting.
[collector wcpu2] --once drained 0 checkpoint(s); exiting.
[collector wcpu2] --once drained 0 checkpoint(s); exiting.
[collector wcpu2] --once drained 0 checkpoint(s); exiting.
error    libmamba Could not set lock (Resource temporarily unavailable)
warning  libmamba Cannot lock '/home/r.dinnage/.cache/mamba/proc'
    Waiting for other mamba process to finish
[collector wcpu2] --once drained 0 checkpoint(s); exiting.
[collector wcpu2] --once drained 0 checkpoint(s); exiting.
[collector wcpu2] --once drained 0 checkpoint(s); exiting.
[collector wcpu2] --once drained 0 checkpoint(s); exiting.
[collector wcpu2] --once drained 0 checkpoint(s); exiting.
[collector wcpu2] --once drained 0 checkpoint(s); exiting.
[collector wcpu2] --once drained 0 checkpoint(s); exiting.
[collector wcpu2] --once drained 0 checkpoint(s); exiting.
[collector wcpu2] --once drained 0 checkpoint(s); exiting.
error    libmamba Could not set lock (Resource temporarily unavailable)
warning  libmamba Cannot lock '/home/r.dinnage/.cache/mamba/proc'
    Waiting for other mamba process to finish
[collector wcpu2] --once drained 0 checkpoint(s); exiting.
[collector wcpu2] --once drained 0 checkpoint(s); exiting.
[collector wcpu2] --once drained 0 checkpoint(s); exiting.
[collector wcpu2] --once drained 0 checkpoint(s); exiting.
[collector wcpu2] --once drained 0 checkpoint(s); exiting.
error    libmamba Could not set lock (Resource temporarily unavailable)
warning  libmamba Cannot lock '/home/r.dinnage/.cache/mamba/proc'
    Waiting for other mamba process to finish
[collector wcpu2] --once drained 0 checkpoint(s); exiting.
error    libmamba Could not set lock (Resource temporarily unavailable)
warning  libmamba Cannot lock '/home/r.dinnage/.cache/mamba/proc'
    Waiting for other mamba process to finish
[collector wcpu2] --once drained 0 checkpoint(s); exiting.
[collector wcpu2] --once drained 0 checkpoint(s); exiting.
[collector wcpu2] --once drained 0 checkpoint(s); exiting.
[collector wcpu2] --once drained 0 checkpoint(s); exiting.
[collector wcpu2] --once drained 0 checkpoint(s); exiting.
error    libmamba Could not set lock (Resource temporarily unavailable)
warning  libmamba Cannot lock '/home/r.dinnage/.cache/mamba/proc'
    Waiting for other mamba process to finish
[collector wcpu2] --once drained 0 checkpoint(s); exiting.
[collector wcpu2] --once drained 0 checkpoint(s); exiting.
[collector wcpu2] --once drained 0 checkpoint(s); exiting.
[collector wcpu2] --once drained 0 checkpoint(s); exiting.
[collector wcpu2] --once drained 0 checkpoint(s); exiting.
error    libmamba Could not set lock (Resource temporarily unavailable)
warning  libmamba Cannot lock '/home/r.dinnage/.cache/mamba/proc'
    Waiting for other mamba process to finish
[collector wcpu2] --once drained 0 checkpoint(s); exiting.
[collector wcpu2] --once drained 0 checkpoint(s); exiting.
[collector wcpu2] --once drained 0 checkpoint(s); exiting.
error    libmamba Could not set lock (Resource temporarily unavailable)
warning  libmamba Cannot lock '/home/r.dinnage/.cache/mamba/proc'
    Waiting for other mamba process to finish
[collector wcpu2] --once drained 0 checkpoint(s); exiting.
error    libmamba Could not set lock (Resource temporarily unavailable)
warning  libmamba Cannot lock '/home/r.dinnage/.cache/mamba/proc'
    Waiting for other mamba process to finish
[collector wcpu2] --once drained 0 checkpoint(s); exiting.
error    libmamba Could not set lock (Resource temporarily unavailable)
warning  libmamba Cannot lock '/home/r.dinnage/.cache/mamba/proc'
    Waiting for other mamba process to finish
[collector wcpu2] --once drained 0 checkpoint(s); exiting.
[collector wcpu2] --once drained 0 checkpoint(s); exiting.
[collector wcpu2] --once drained 0 checkpoint(s); exiting.
error    libmamba Could not set lock (Resource temporarily unavailable)
warning  libmamba Cannot lock '/home/r.dinnage/.cache/mamba/proc'
    Waiting for other mamba process to finish
[collector wcpu2] --once drained 0 checkpoint(s); exiting.
[collector wcpu2] --once drained 0 checkpoint(s); exiting.
[collector wcpu2] --once drained 0 checkpoint(s); exiting.
[collector wcpu2] --once drained 0 checkpoint(s); exiting.
[collector wcpu2] --once drained 0 checkpoint(s); exiting.
error    libmamba Could not set lock (Resource temporarily unavailable)
warning  libmamba Cannot lock '/home/r.dinnage/.cache/mamba/proc'
    Waiting for other mamba process to finish
[collector wcpu2] --once drained 0 checkpoint(s); exiting.
error    libmamba Could not set lock (Resource temporarily unavailable)
warning  libmamba Cannot lock '/home/r.dinnage/.cache/mamba/proc'
    Waiting for other mamba process to finish
[collector wcpu2] --once drained 0 checkpoint(s); exiting.
[collector wcpu2] --once drained 0 checkpoint(s); exiting.
[collector wcpu2] --once drained 0 checkpoint(s); exiting.
[collector wcpu2] --once drained 0 checkpoint(s); exiting.
[collector wcpu2] --once drained 0 checkpoint(s); exiting.
[collector wcpu2] --once drained 0 checkpoint(s); exiting.
[collector wcpu2] --once drained 0 checkpoint(s); exiting.
[collector wcpu2] --once drained 0 checkpoint(s); exiting.
[collector wcpu2] --once drained 0 checkpoint(s); exiting.
[collector wcpu2] --once drained 0 checkpoint(s); exiting.
[collector wcpu2] --once drained 0 checkpoint(s); exiting.
[collector wcpu2] --once drained 0 checkpoint(s); exiting.
[collector wcpu2] --once drained 0 checkpoint(s); exiting.
[collector wcpu2] --once drained 0 checkpoint(s); exiting.
error    libmamba Could not set lock (Resource temporarily unavailable)
warning  libmamba Cannot lock '/home/r.dinnage/.cache/mamba/proc'
    Waiting for other mamba process to finish
[collector wcpu2] --once drained 0 checkpoint(s); exiting.
[collector wcpu2] --once drained 0 checkpoint(s); exiting.
[collector wcpu2] --once drained 0 checkpoint(s); exiting.
[collector wcpu2] --once drained 0 checkpoint(s); exiting.
error    libmamba Could not set lock (Resource temporarily unavailable)
warning  libmamba Cannot lock '/home/r.dinnage/.cache/mamba/proc'
    Waiting for other mamba process to finish
[collector wcpu2] --once drained 0 checkpoint(s); exiting.
[collector wcpu2] --once drained 0 checkpoint(s); exiting.
[collector wcpu2] --once drained 0 checkpoint(s); exiting.
[collector wcpu2] --once drained 0 checkpoint(s); exiting.
[collector wcpu2] --once drained 0 checkpoint(s); exiting.
[collector wcpu2] --once drained 0 checkpoint(s); exiting.
[collector wcpu2] --once drained 0 checkpoint(s); exiting.
[collector wcpu2] --once drained 0 checkpoint(s); exiting.
[collector wcpu2] --once drained 0 checkpoint(s); exiting.
[collector wcpu2] --once drained 0 checkpoint(s); exiting.
[collector wcpu2] --once drained 0 checkpoint(s); exiting.
[collector wcpu2] --once drained 0 checkpoint(s); exiting.
[collector wcpu2] --once drained 0 checkpoint(s); exiting.
[collector wcpu2] --once drained 0 checkpoint(s); exiting.
[collector wcpu2] --once drained 0 checkpoint(s); exiting.
[collector wcpu2] --once drained 0 checkpoint(s); exiting.
error    libmamba Could not set lock (Resource temporarily unavailable)
warning  libmamba Cannot lock '/home/r.dinnage/.cache/mamba/proc'
    Waiting for other mamba process to finish
[collector wcpu2] --once drained 0 checkpoint(s); exiting.
[collector wcpu2] --once drained 0 checkpoint(s); exiting.
[collector wcpu2] --once drained 0 checkpoint(s); exiting.
[collector wcpu2] --once drained 0 checkpoint(s); exiting.
[collector wcpu2] --once drained 0 checkpoint(s); exiting.
[collector wcpu2] --once drained 0 checkpoint(s); exiting.
[collector wcpu2] --once drained 0 checkpoint(s); exiting.
[collector wcpu2] --once drained 0 checkpoint(s); exiting.
[collector wcpu2] --once drained 0 checkpoint(s); exiting.
[collector wcpu2] --once drained 0 checkpoint(s); exiting.
[collector wcpu2] --once drained 0 checkpoint(s); exiting.
[collector wcpu2] --once drained 0 checkpoint(s); exiting.
[collector wcpu2] --once drained 0 checkpoint(s); exiting.
[collector wcpu2] --once drained 0 checkpoint(s); exiting.
[collector wcpu2] --once drained 0 checkpoint(s); exiting.
[collector wcpu2] --once drained 0 checkpoint(s); exiting.
[collector wcpu2] --once drained 0 checkpoint(s); exiting.
[collector wcpu2] no probe/val CSV (probe_csv=None, val_csv=None); forward/backward blocks skipped for run_id=plantclef__stable_evo__s42.
[Extractor] block_set='cpu': CPU-only block set ['block_optim', 'block_weights', 'block_trajectory', 'block_circuits'] needs no model forward — skipping probe/Hessian build (no CSV/dataloaders, lower host RAM).
[extract] step=1714 SKIP heavy block block_circuits (ordinal=342 basis=step_fallback heavy_every=8)
[extract] step=1714 heavy=FALSE total=273.31s | block_optim=203.14 block_weights=33.93 block_trajectory=1.98
[collector wcpu2] cpu-pass DONE run_id=plantclef__stable_evo__s42 step=1714 blocks_ok=3 t=273.308s (all_passes_complete=False)
[collector wcpu2] --once drained 1 checkpoint(s); exiting.
[cwcpu2] drained 1 checkpoint(s); looping.
[collector wcpu2] --once drained 0 checkpoint(s); exiting.
error    libmamba Could not set lock (Resource temporarily unavailable)
warning  libmamba Cannot lock '/home/r.dinnage/.cache/mamba/proc'
    Waiting for other mamba process to finish
[collector wcpu2] --once drained 0 checkpoint(s); exiting.
[collector wcpu2] --once drained 0 checkpoint(s); exiting.
[collector wcpu2] --once drained 0 checkpoint(s); exiting.
[collector wcpu2] no probe/val CSV (probe_csv=None, val_csv=None); forward/backward blocks skipped for run_id=plantclef__stable_evo__s42.
[Extractor] block_set='cpu': CPU-only block set ['block_optim', 'block_weights', 'block_trajectory', 'block_circuits'] needs no model forward — skipping probe/Hessian build (no CSV/dataloaders, lower host RAM).
[extract] step=1750 SKIP heavy block block_circuits (ordinal=350 basis=step_fallback heavy_every=8)
[extract] step=1750 heavy=FALSE total=191.52s | block_optim=146.36 block_weights=32.36 block_trajectory=1.19
[collector wcpu2] cpu-pass DONE run_id=plantclef__stable_evo__s42 step=1750 blocks_ok=3 t=191.518s (all_passes_complete=False)
[collector wcpu2] --once drained 1 checkpoint(s); exiting.
[cwcpu2] drained 1 checkpoint(s); looping.
[collector wcpu2] --once drained 0 checkpoint(s); exiting.
[collector wcpu2] --once drained 0 checkpoint(s); exiting.
[collector wcpu2] --once drained 0 checkpoint(s); exiting.
[collector wcpu2] --once drained 0 checkpoint(s); exiting.
[collector wcpu2] --once drained 0 checkpoint(s); exiting.
[collector wcpu2] --once drained 0 checkpoint(s); exiting.
[collector wcpu2] --once drained 0 checkpoint(s); exiting.
[collector wcpu2] --once drained 0 checkpoint(s); exiting.
[collector wcpu2] --once drained 0 checkpoint(s); exiting.
[collector wcpu2] --once drained 0 checkpoint(s); exiting.
[collector wcpu2] --once drained 0 checkpoint(s); exiting.
error    libmamba Could not set lock (Resource temporarily unavailable)
warning  libmamba Cannot lock '/home/r.dinnage/.cache/mamba/proc'
    Waiting for other mamba process to finish
[collector wcpu2] --once drained 0 checkpoint(s); exiting.
[collector wcpu2] --once drained 0 checkpoint(s); exiting.
[collector wcpu2] no probe/val CSV (probe_csv=None, val_csv=None); forward/backward blocks skipped for run_id=plantclef__stable_evo__s42.
[Extractor] block_set='cpu': CPU-only block set ['block_optim', 'block_weights', 'block_trajectory', 'block_circuits'] needs no model forward — skipping probe/Hessian build (no CSV/dataloaders, lower host RAM).
[extract] step=1798 SKIP heavy block block_circuits (ordinal=359 basis=step_fallback heavy_every=8)
[extract] step=1798 heavy=FALSE total=202.17s | block_optim=141.23 block_weights=46.81 block_trajectory=1.41
[collector wcpu2] cpu-pass DONE run_id=plantclef__stable_evo__s42 step=1798 blocks_ok=3 t=202.17s (all_passes_complete=False)
[collector wcpu2] --once drained 1 checkpoint(s); exiting.
[cwcpu2] drained 1 checkpoint(s); looping.
[collector wcpu2] --once drained 0 checkpoint(s); exiting.
error    libmamba Could not set lock (Resource temporarily unavailable)
warning  libmamba Cannot lock '/home/r.dinnage/.cache/mamba/proc'
    Waiting for other mamba process to finish
[collector wcpu2] --once drained 0 checkpoint(s); exiting.
error    libmamba Could not set lock (Resource temporarily unavailable)
warning  libmamba Cannot lock '/home/r.dinnage/.cache/mamba/proc'
    Waiting for other mamba process to finish
[collector wcpu2] --once drained 0 checkpoint(s); exiting.
[collector wcpu2] --once drained 0 checkpoint(s); exiting.
[collector wcpu2] --once drained 0 checkpoint(s); exiting.
[collector wcpu2] no probe/val CSV (probe_csv=None, val_csv=None); forward/backward blocks skipped for run_id=plantclef__stable_evo__s42.
[Extractor] block_set='cpu': CPU-only block set ['block_optim', 'block_weights', 'block_trajectory', 'block_circuits'] needs no model forward — skipping probe/Hessian build (no CSV/dataloaders, lower host RAM).
[extract] step=1834 SKIP heavy block block_circuits (ordinal=366 basis=step_fallback heavy_every=8)
[extract] step=1834 heavy=FALSE total=352.24s | block_optim=237.72 block_weights=82.77 block_trajectory=0.84
[collector wcpu2] cpu-pass DONE run_id=plantclef__stable_evo__s42 step=1834 blocks_ok=3 t=352.235s (all_passes_complete=False)
[collector wcpu2] --once drained 1 checkpoint(s); exiting.
[cwcpu2] drained 1 checkpoint(s); looping.
[collector wcpu2] no probe/val CSV (probe_csv=None, val_csv=None); forward/backward blocks skipped for run_id=plantclef__stable_evo__s42.
[Extractor] block_set='cpu': CPU-only block set ['block_optim', 'block_weights', 'block_trajectory', 'block_circuits'] needs no model forward — skipping probe/Hessian build (no CSV/dataloaders, lower host RAM).
[extract] step=1870 SKIP heavy block block_circuits (ordinal=374 basis=step_fallback heavy_every=8)
[extract] step=1870 heavy=FALSE total=321.81s | block_optim=233.98 block_weights=57.55 block_trajectory=1.04
[collector wcpu2] cpu-pass DONE run_id=plantclef__stable_evo__s42 step=1870 blocks_ok=3 t=321.81s (all_passes_complete=False)
[collector wcpu2] --once drained 1 checkpoint(s); exiting.
[cwcpu2] drained 1 checkpoint(s); looping.
[collector wcpu2] --once drained 0 checkpoint(s); exiting.
[collector wcpu2] --once drained 0 checkpoint(s); exiting.
[collector wcpu2] --once drained 0 checkpoint(s); exiting.
[collector wcpu2] --once drained 0 checkpoint(s); exiting.
error    libmamba Could not set lock (Resource temporarily unavailable)
warning  libmamba Cannot lock '/home/r.dinnage/.cache/mamba/proc'
    Waiting for other mamba process to finish
[collector wcpu2] --once drained 0 checkpoint(s); exiting.
[collector wcpu2] --once drained 0 checkpoint(s); exiting.
[collector wcpu2] --once drained 0 checkpoint(s); exiting.
[collector wcpu2] --once drained 0 checkpoint(s); exiting.
error    libmamba Could not set lock (Resource temporarily unavailable)
warning  libmamba Cannot lock '/home/r.dinnage/.cache/mamba/proc'
    Waiting for other mamba process to finish
[collector wcpu2] --once drained 0 checkpoint(s); exiting.
[collector wcpu2] --once drained 0 checkpoint(s); exiting.
[collector wcpu2] --once drained 0 checkpoint(s); exiting.
[collector wcpu2] --once drained 0 checkpoint(s); exiting.
[collector wcpu2] --once drained 0 checkpoint(s); exiting.
[collector wcpu2] --once drained 0 checkpoint(s); exiting.
[collector wcpu2] --once drained 0 checkpoint(s); exiting.
[collector wcpu2] --once drained 0 checkpoint(s); exiting.
error    libmamba Could not set lock (Resource temporarily unavailable)
warning  libmamba Cannot lock '/home/r.dinnage/.cache/mamba/proc'
    Waiting for other mamba process to finish
[collector wcpu2] --once drained 0 checkpoint(s); exiting.
[collector wcpu2] --once drained 0 checkpoint(s); exiting.
[collector wcpu2] --once drained 0 checkpoint(s); exiting.
[collector wcpu2] --once drained 0 checkpoint(s); exiting.
error    libmamba Could not set lock (Resource temporarily unavailable)
warning  libmamba Cannot lock '/home/r.dinnage/.cache/mamba/proc'
    Waiting for other mamba process to finish
[collector wcpu2] --once drained 0 checkpoint(s); exiting.
error    libmamba Could not set lock (Resource temporarily unavailable)
warning  libmamba Cannot lock '/home/r.dinnage/.cache/mamba/proc'
    Waiting for other mamba process to finish
[collector wcpu2] --once drained 0 checkpoint(s); exiting.
[collector wcpu2] --once drained 0 checkpoint(s); exiting.
error    libmamba Could not set lock (Resource temporarily unavailable)
warning  libmamba Cannot lock '/home/r.dinnage/.cache/mamba/proc'
    Waiting for other mamba process to finish
[collector wcpu2] --once drained 0 checkpoint(s); exiting.
[collector wcpu2] --once drained 0 checkpoint(s); exiting.
[collector wcpu2] --once drained 0 checkpoint(s); exiting.
[collector wcpu2] --once drained 0 checkpoint(s); exiting.
[collector wcpu2] --once drained 0 checkpoint(s); exiting.
[collector wcpu2] no probe/val CSV (probe_csv=None, val_csv=None); forward/backward blocks skipped for run_id=plantclef__stable_evo__s42.
[Extractor] block_set='cpu': CPU-only block set ['block_optim', 'block_weights', 'block_trajectory', 'block_circuits'] needs no model forward — skipping probe/Hessian build (no CSV/dataloaders, lower host RAM).
[extract] step=1956 SKIP heavy block block_circuits (ordinal=391 basis=step_fallback heavy_every=8)
[extract] step=1956 heavy=FALSE total=195.33s | block_optim=145.92 block_weights=34.96 block_trajectory=1.95
[collector wcpu2] cpu-pass DONE run_id=plantclef__stable_evo__s42 step=1956 blocks_ok=3 t=195.334s (all_passes_complete=False)
[collector wcpu2] --once drained 1 checkpoint(s); exiting.
[cwcpu2] drained 1 checkpoint(s); looping.
[collector wcpu2] --once drained 0 checkpoint(s); exiting.
[collector wcpu2] --once drained 0 checkpoint(s); exiting.
[collector wcpu2] --once drained 0 checkpoint(s); exiting.
[collector wcpu2] --once drained 0 checkpoint(s); exiting.
[collector wcpu2] --once drained 0 checkpoint(s); exiting.
[collector wcpu2] --once drained 0 checkpoint(s); exiting.
[collector wcpu2] --once drained 0 checkpoint(s); exiting.
[collector wcpu2] --once drained 0 checkpoint(s); exiting.
[collector wcpu2] --once drained 0 checkpoint(s); exiting.
[collector wcpu2] --once drained 0 checkpoint(s); exiting.
[collector wcpu2] --once drained 0 checkpoint(s); exiting.
[collector wcpu2] --once drained 0 checkpoint(s); exiting.
[collector wcpu2] --once drained 0 checkpoint(s); exiting.
[collector wcpu2] --once drained 0 checkpoint(s); exiting.
[collector wcpu2] --once drained 0 checkpoint(s); exiting.
[collector wcpu2] --once drained 0 checkpoint(s); exiting.
[collector wcpu2] --once drained 0 checkpoint(s); exiting.
[collector wcpu2] --once drained 0 checkpoint(s); exiting.
[collector wcpu2] --once drained 0 checkpoint(s); exiting.
[collector wcpu2] --once drained 0 checkpoint(s); exiting.
[collector wcpu2] --once drained 0 checkpoint(s); exiting.
[collector wcpu2] --once drained 0 checkpoint(s); exiting.
[collector wcpu2] --once drained 0 checkpoint(s); exiting.
[collector wcpu2] --once drained 0 checkpoint(s); exiting.
[collector wcpu2] --once drained 0 checkpoint(s); exiting.
error    libmamba Could not set lock (Resource temporarily unavailable)
warning  libmamba Cannot lock '/home/r.dinnage/.cache/mamba/proc'
    Waiting for other mamba process to finish
[collector wcpu2] --once drained 0 checkpoint(s); exiting.
[collector wcpu2] --once drained 0 checkpoint(s); exiting.
[collector wcpu2] --once drained 0 checkpoint(s); exiting.
[collector wcpu2] --once drained 0 checkpoint(s); exiting.
[collector wcpu2] --once drained 0 checkpoint(s); exiting.
error    libmamba Could not set lock (Resource temporarily unavailable)
warning  libmamba Cannot lock '/home/r.dinnage/.cache/mamba/proc'
    Waiting for other mamba process to finish
[collector wcpu2] --once drained 0 checkpoint(s); exiting.
[collector wcpu2] --once drained 0 checkpoint(s); exiting.
[collector wcpu2] no probe/val CSV (probe_csv=None, val_csv=None); forward/backward blocks skipped for run_id=plantclef__stable_evo__s42.
[Extractor] block_set='cpu': CPU-only block set ['block_optim', 'block_weights', 'block_trajectory', 'block_circuits'] needs no model forward — skipping probe/Hessian build (no CSV/dataloaders, lower host RAM).
[extract] step=2064 SKIP heavy block block_circuits (ordinal=412 basis=step_fallback heavy_every=8)
[extract] step=2064 heavy=FALSE total=181.70s | block_optim=137.71 block_weights=31.27 block_trajectory=0.96
[collector wcpu2] cpu-pass DONE run_id=plantclef__stable_evo__s42 step=2064 blocks_ok=3 t=181.703s (all_passes_complete=False)
[collector wcpu2] --once drained 1 checkpoint(s); exiting.
[cwcpu2] drained 1 checkpoint(s); looping.
[collector wcpu2] --once drained 0 checkpoint(s); exiting.
[collector wcpu2] --once drained 0 checkpoint(s); exiting.
[collector wcpu2] --once drained 0 checkpoint(s); exiting.
[collector wcpu2] --once drained 0 checkpoint(s); exiting.
[collector wcpu2] --once drained 0 checkpoint(s); exiting.
[collector wcpu2] --once drained 0 checkpoint(s); exiting.
[collector wcpu2] --once drained 0 checkpoint(s); exiting.
[collector wcpu2] --once drained 0 checkpoint(s); exiting.
[collector wcpu2] --once drained 0 checkpoint(s); exiting.
[collector wcpu2] --once drained 0 checkpoint(s); exiting.
error    libmamba Could not set lock (Resource temporarily unavailable)
warning  libmamba Cannot lock '/home/r.dinnage/.cache/mamba/proc'
    Waiting for other mamba process to finish
[collector wcpu2] --once drained 0 checkpoint(s); exiting.
error    libmamba Could not set lock (Resource temporarily unavailable)
warning  libmamba Cannot lock '/home/r.dinnage/.cache/mamba/proc'
    Waiting for other mamba process to finish
[collector wcpu2] --once drained 0 checkpoint(s); exiting.
[collector wcpu2] --once drained 0 checkpoint(s); exiting.
[collector wcpu2] --once drained 0 checkpoint(s); exiting.
[collector wcpu2] --once drained 0 checkpoint(s); exiting.
[collector wcpu2] --once drained 0 checkpoint(s); exiting.
[collector wcpu2] no probe/val CSV (probe_csv=None, val_csv=None); forward/backward blocks skipped for run_id=plantclef__stable_evo__s42.
[Extractor] block_set='cpu': CPU-only block set ['block_optim', 'block_weights', 'block_trajectory', 'block_circuits'] needs no model forward — skipping probe/Hessian build (no CSV/dataloaders, lower host RAM).
[extract] step=2112 SKIP heavy block block_circuits (ordinal=422 basis=step_fallback heavy_every=8)
[extract] step=2112 heavy=FALSE total=179.23s | block_optim=134.81 block_weights=31.48 block_trajectory=0.99
[collector wcpu2] cpu-pass DONE run_id=plantclef__stable_evo__s42 step=2112 blocks_ok=3 t=179.228s (all_passes_complete=False)
[collector wcpu2] --once drained 1 checkpoint(s); exiting.
[cwcpu2] drained 1 checkpoint(s); looping.
[collector wcpu2] --once drained 0 checkpoint(s); exiting.
[collector wcpu2] --once drained 0 checkpoint(s); exiting.
[collector wcpu2] --once drained 0 checkpoint(s); exiting.
error    libmamba Could not set lock (Resource temporarily unavailable)
warning  libmamba Cannot lock '/home/r.dinnage/.cache/mamba/proc'
    Waiting for other mamba process to finish
[collector wcpu2] --once drained 0 checkpoint(s); exiting.
[collector wcpu2] --once drained 0 checkpoint(s); exiting.
[collector wcpu2] --once drained 0 checkpoint(s); exiting.
[collector wcpu2] --once drained 0 checkpoint(s); exiting.
[collector wcpu2] --once drained 0 checkpoint(s); exiting.
error    libmamba Could not set lock (Resource temporarily unavailable)
warning  libmamba Cannot lock '/home/r.dinnage/.cache/mamba/proc'
    Waiting for other mamba process to finish
[collector wcpu2] --once drained 0 checkpoint(s); exiting.
[collector wcpu2] --once drained 0 checkpoint(s); exiting.
[collector wcpu2] --once drained 0 checkpoint(s); exiting.
[collector wcpu2] --once drained 0 checkpoint(s); exiting.
[collector wcpu2] --once drained 0 checkpoint(s); exiting.
[collector wcpu2] --once drained 0 checkpoint(s); exiting.
error    libmamba Could not set lock (Resource temporarily unavailable)
warning  libmamba Cannot lock '/home/r.dinnage/.cache/mamba/proc'
    Waiting for other mamba process to finish
error    libmamba Could not set lock (Resource temporarily unavailable)
warning  libmamba Cannot lock '/home/r.dinnage/.cache/mamba/proc'
    Waiting for other mamba process to finish
[collector wcpu2] --once drained 0 checkpoint(s); exiting.
[collector wcpu2] --once drained 0 checkpoint(s); exiting.
[collector wcpu2] --once drained 0 checkpoint(s); exiting.
[collector wcpu2] --once drained 0 checkpoint(s); exiting.
error    libmamba Could not set lock (Resource temporarily unavailable)
warning  libmamba Cannot lock '/home/r.dinnage/.cache/mamba/proc'
    Waiting for other mamba process to finish
[collector wcpu2] --once drained 0 checkpoint(s); exiting.
[collector wcpu2] --once drained 0 checkpoint(s); exiting.
[collector wcpu2] no probe/val CSV (probe_csv=None, val_csv=None); forward/backward blocks skipped for run_id=plantclef__stable_evo__s42.
[Extractor] block_set='cpu': CPU-only block set ['block_optim', 'block_weights', 'block_trajectory', 'block_circuits'] needs no model forward — skipping probe/Hessian build (no CSV/dataloaders, lower host RAM).
[extract] step=2172 SKIP heavy block block_circuits (ordinal=434 basis=step_fallback heavy_every=8)
[extract] step=2172 heavy=FALSE total=195.70s | block_optim=145.90 block_weights=38.11 block_trajectory=0.99
[collector wcpu2] cpu-pass DONE run_id=plantclef__stable_evo__s42 step=2172 blocks_ok=3 t=195.701s (all_passes_complete=False)
[collector wcpu2] --once drained 1 checkpoint(s); exiting.
[cwcpu2] drained 1 checkpoint(s); looping.
[collector wcpu2] --once drained 0 checkpoint(s); exiting.
error    libmamba Could not set lock (Resource temporarily unavailable)
warning  libmamba Cannot lock '/home/r.dinnage/.cache/mamba/proc'
    Waiting for other mamba process to finish
[collector wcpu2] --once drained 0 checkpoint(s); exiting.
[collector wcpu2] --once drained 0 checkpoint(s); exiting.
[collector wcpu2] --once drained 0 checkpoint(s); exiting.
error    libmamba Could not set lock (Resource temporarily unavailable)
warning  libmamba Cannot lock '/home/r.dinnage/.cache/mamba/proc'
    Waiting for other mamba process to finish
[collector wcpu2] --once drained 0 checkpoint(s); exiting.
error    libmamba Could not set lock (Resource temporarily unavailable)
warning  libmamba Cannot lock '/home/r.dinnage/.cache/mamba/proc'
    Waiting for other mamba process to finish
[collector wcpu2] --once drained 0 checkpoint(s); exiting.
[collector wcpu2] --once drained 0 checkpoint(s); exiting.
[collector wcpu2] --once drained 0 checkpoint(s); exiting.
error    libmamba Could not set lock (Resource temporarily unavailable)
warning  libmamba Cannot lock '/home/r.dinnage/.cache/mamba/proc'
    Waiting for other mamba process to finish
[collector wcpu2] --once drained 0 checkpoint(s); exiting.
[collector wcpu2] --once drained 0 checkpoint(s); exiting.
[collector wcpu2] --once drained 0 checkpoint(s); exiting.
[collector wcpu2] --once drained 0 checkpoint(s); exiting.
[collector wcpu2] --once drained 0 checkpoint(s); exiting.
[collector wcpu2] --once drained 0 checkpoint(s); exiting.
[collector wcpu2] --once drained 0 checkpoint(s); exiting.
[collector wcpu2] --once drained 0 checkpoint(s); exiting.
[collector wcpu2] --once drained 0 checkpoint(s); exiting.
[collector wcpu2] --once drained 0 checkpoint(s); exiting.
[collector wcpu2] --once drained 0 checkpoint(s); exiting.
[collector wcpu2] --once drained 0 checkpoint(s); exiting.
[collector wcpu2] --once drained 0 checkpoint(s); exiting.
[collector wcpu2] no probe/val CSV (probe_csv=None, val_csv=None); forward/backward blocks skipped for run_id=plantclef__stable_evo__s42.
[Extractor] block_set='cpu': CPU-only block set ['block_optim', 'block_weights', 'block_trajectory', 'block_circuits'] needs no model forward — skipping probe/Hessian build (no CSV/dataloaders, lower host RAM).
[extract] step=2232 SKIP heavy block block_circuits (ordinal=446 basis=step_fallback heavy_every=8)
[extract] step=2232 heavy=FALSE total=189.17s | block_optim=144.54 block_weights=32.43 block_trajectory=0.93
[collector wcpu2] cpu-pass DONE run_id=plantclef__stable_evo__s42 step=2232 blocks_ok=3 t=189.168s (all_passes_complete=False)
[collector wcpu2] --once drained 1 checkpoint(s); exiting.
[cwcpu2] drained 1 checkpoint(s); looping.
[collector wcpu2] --once drained 0 checkpoint(s); exiting.
[collector wcpu2] --once drained 0 checkpoint(s); exiting.
[collector wcpu2] --once drained 0 checkpoint(s); exiting.
[collector wcpu2] --once drained 0 checkpoint(s); exiting.
[collector wcpu2] --once drained 0 checkpoint(s); exiting.
[collector wcpu2] --once drained 0 checkpoint(s); exiting.
[collector wcpu2] --once drained 0 checkpoint(s); exiting.
[collector wcpu2] --once drained 0 checkpoint(s); exiting.
[collector wcpu2] --once drained 0 checkpoint(s); exiting.
[collector wcpu2] --once drained 0 checkpoint(s); exiting.
[collector wcpu2] --once drained 0 checkpoint(s); exiting.
[collector wcpu2] --once drained 0 checkpoint(s); exiting.
[collector wcpu2] --once drained 0 checkpoint(s); exiting.
[collector wcpu2] --once drained 0 checkpoint(s); exiting.
[collector wcpu2] --once drained 0 checkpoint(s); exiting.
error    libmamba Could not set lock (Resource temporarily unavailable)
warning  libmamba Cannot lock '/home/r.dinnage/.cache/mamba/proc'
    Waiting for other mamba process to finish
[collector wcpu2] no probe/val CSV (probe_csv=None, val_csv=None); forward/backward blocks skipped for run_id=plantclef__stable_evo__s42.
[Extractor] block_set='cpu': CPU-only block set ['block_optim', 'block_weights', 'block_trajectory', 'block_circuits'] needs no model forward — skipping probe/Hessian build (no CSV/dataloaders, lower host RAM).
[extract] step=2282 heavy=TRUE total=193.19s | block_optim=145.20 block_weights=31.38 block_trajectory=1.08 block_circuits=4.25
[collector wcpu2] cpu-pass DONE run_id=plantclef__stable_evo__s42 step=2282 blocks_ok=4 t=193.192s (all_passes_complete=False)
[collector wcpu2] --once drained 1 checkpoint(s); exiting.
[cwcpu2] drained 1 checkpoint(s); looping.
[collector wcpu2] --once drained 0 checkpoint(s); exiting.
[collector wcpu2] --once drained 0 checkpoint(s); exiting.
[collector wcpu2] --once drained 0 checkpoint(s); exiting.
[collector wcpu2] --once drained 0 checkpoint(s); exiting.
[collector wcpu2] --once drained 0 checkpoint(s); exiting.
[collector wcpu2] --once drained 0 checkpoint(s); exiting.
error    libmamba Could not set lock (Resource temporarily unavailable)
warning  libmamba Cannot lock '/home/r.dinnage/.cache/mamba/proc'
    Waiting for other mamba process to finish
[collector wcpu2] --once drained 0 checkpoint(s); exiting.
[collector wcpu2] --once drained 0 checkpoint(s); exiting.
[collector wcpu2] --once drained 0 checkpoint(s); exiting.
[collector wcpu2] --once drained 0 checkpoint(s); exiting.
[collector wcpu2] --once drained 0 checkpoint(s); exiting.
[collector wcpu2] --once drained 0 checkpoint(s); exiting.
error    libmamba Could not set lock (Resource temporarily unavailable)
warning  libmamba Cannot lock '/home/r.dinnage/.cache/mamba/proc'
    Waiting for other mamba process to finish
[collector wcpu2] --once drained 0 checkpoint(s); exiting.
[collector wcpu2] --once drained 0 checkpoint(s); exiting.
[collector wcpu2] --once drained 0 checkpoint(s); exiting.
[collector wcpu2] --once drained 0 checkpoint(s); exiting.
[collector wcpu2] no probe/val CSV (probe_csv=None, val_csv=None); forward/backward blocks skipped for run_id=plantclef__stable_evo__s42.
[Extractor] block_set='cpu': CPU-only block set ['block_optim', 'block_weights', 'block_trajectory', 'block_circuits'] needs no model forward — skipping probe/Hessian build (no CSV/dataloaders, lower host RAM).
[extract] step=2330 SKIP heavy block block_circuits (ordinal=466 basis=step_fallback heavy_every=8)
[extract] step=2330 heavy=FALSE total=184.90s | block_optim=140.14 block_weights=33.14 block_trajectory=1.07
[collector wcpu2] cpu-pass DONE run_id=plantclef__stable_evo__s42 step=2330 blocks_ok=3 t=184.905s (all_passes_complete=False)
[collector wcpu2] --once drained 1 checkpoint(s); exiting.
[cwcpu2] drained 1 checkpoint(s); looping.
[collector wcpu2] --once drained 0 checkpoint(s); exiting.
error    libmamba Could not set lock (Resource temporarily unavailable)
warning  libmamba Cannot lock '/home/r.dinnage/.cache/mamba/proc'
    Waiting for other mamba process to finish
[collector wcpu2] --once drained 0 checkpoint(s); exiting.
[collector wcpu2] --once drained 0 checkpoint(s); exiting.
[collector wcpu2] --once drained 0 checkpoint(s); exiting.
[collector wcpu2] --once drained 0 checkpoint(s); exiting.
[collector wcpu2] --once drained 0 checkpoint(s); exiting.
[collector wcpu2] --once drained 0 checkpoint(s); exiting.
[collector wcpu2] --once drained 0 checkpoint(s); exiting.
[collector wcpu2] no probe/val CSV (probe_csv=None, val_csv=None); forward/backward blocks skipped for run_id=plantclef__stable_evo__s42.
[Extractor] block_set='cpu': CPU-only block set ['block_optim', 'block_weights', 'block_trajectory', 'block_circuits'] needs no model forward — skipping probe/Hessian build (no CSV/dataloaders, lower host RAM).
[extract] step=2366 SKIP heavy block block_circuits (ordinal=473 basis=step_fallback heavy_every=8)
[extract] step=2366 heavy=FALSE total=177.40s | block_optim=134.26 block_weights=31.34 block_trajectory=1.16
[collector wcpu2] cpu-pass DONE run_id=plantclef__stable_evo__s42 step=2366 blocks_ok=3 t=177.395s (all_passes_complete=False)
[collector wcpu2] --once drained 1 checkpoint(s); exiting.
[cwcpu2] drained 1 checkpoint(s); looping.
[collector wcpu2] --once drained 0 checkpoint(s); exiting.
error    libmamba Could not set lock (Resource temporarily unavailable)
warning  libmamba Cannot lock '/home/r.dinnage/.cache/mamba/proc'
    Waiting for other mamba process to finish
[collector wcpu2] --once drained 0 checkpoint(s); exiting.
[collector wcpu2] --once drained 0 checkpoint(s); exiting.
[collector wcpu2] no probe/val CSV (probe_csv=None, val_csv=None); forward/backward blocks skipped for run_id=plantclef__stable_evo__s42.
[Extractor] block_set='cpu': CPU-only block set ['block_optim', 'block_weights', 'block_trajectory', 'block_circuits'] needs no model forward — skipping probe/Hessian build (no CSV/dataloaders, lower host RAM).
[extract] step=2390 SKIP heavy block block_circuits (ordinal=478 basis=step_fallback heavy_every=8)
[extract] step=2390 heavy=FALSE total=183.04s | block_optim=138.69 block_weights=32.18 block_trajectory=0.75
[collector wcpu2] cpu-pass DONE run_id=plantclef__stable_evo__s42 step=2390 blocks_ok=3 t=183.043s (all_passes_complete=False)
[collector wcpu2] --once drained 1 checkpoint(s); exiting.
[cwcpu2] drained 1 checkpoint(s); looping.
[collector wcpu2] --once drained 0 checkpoint(s); exiting.
[collector wcpu2] --once drained 0 checkpoint(s); exiting.
[collector wcpu2] --once drained 0 checkpoint(s); exiting.
[collector wcpu2] --once drained 0 checkpoint(s); exiting.
[collector wcpu2] --once drained 0 checkpoint(s); exiting.
[collector wcpu2] --once drained 0 checkpoint(s); exiting.
[collector wcpu2] --once drained 0 checkpoint(s); exiting.
error    libmamba Could not set lock (Resource temporarily unavailable)
warning  libmamba Cannot lock '/home/r.dinnage/.cache/mamba/proc'
    Waiting for other mamba process to finish
[collector wcpu2] --once drained 0 checkpoint(s); exiting.
[collector wcpu2] --once drained 0 checkpoint(s); exiting.
[collector wcpu2] --once drained 0 checkpoint(s); exiting.
error    libmamba Could not set lock (Resource temporarily unavailable)
warning  libmamba Cannot lock '/home/r.dinnage/.cache/mamba/proc'
    Waiting for other mamba process to finish
[collector wcpu2] --once drained 0 checkpoint(s); exiting.
[collector wcpu2] --once drained 0 checkpoint(s); exiting.
[collector wcpu2] --once drained 0 checkpoint(s); exiting.
[collector wcpu2] --once drained 0 checkpoint(s); exiting.
[collector wcpu2] --once drained 0 checkpoint(s); exiting.
[collector wcpu2] --once drained 0 checkpoint(s); exiting.
[collector wcpu2] no probe/val CSV (probe_csv=None, val_csv=None); forward/backward blocks skipped for run_id=plantclef__stable_evo__s42.
[Extractor] block_set='cpu': CPU-only block set ['block_optim', 'block_weights', 'block_trajectory', 'block_circuits'] needs no model forward — skipping probe/Hessian build (no CSV/dataloaders, lower host RAM).
[extract] step=2438 SKIP heavy block block_circuits (ordinal=487 basis=step_fallback heavy_every=8)
[extract] step=2438 heavy=FALSE total=197.62s | block_optim=148.81 block_weights=34.81 block_trajectory=1.60
[collector wcpu2] cpu-pass DONE run_id=plantclef__stable_evo__s42 step=2438 blocks_ok=3 t=197.618s (all_passes_complete=False)
[collector wcpu2] --once drained 1 checkpoint(s); exiting.
[cwcpu2] drained 1 checkpoint(s); looping.
[collector wcpu2] --once drained 0 checkpoint(s); exiting.
error    libmamba Could not set lock (Resource temporarily unavailable)
warning  libmamba Cannot lock '/home/r.dinnage/.cache/mamba/proc'
    Waiting for other mamba process to finish
[collector wcpu2] --once drained 0 checkpoint(s); exiting.
[collector wcpu2] --once drained 0 checkpoint(s); exiting.
[collector wcpu2] --once drained 0 checkpoint(s); exiting.
[collector wcpu2] --once drained 0 checkpoint(s); exiting.
[collector wcpu2] --once drained 0 checkpoint(s); exiting.
[collector wcpu2] --once drained 0 checkpoint(s); exiting.
[collector wcpu2] --once drained 0 checkpoint(s); exiting.
[collector wcpu2] --once drained 0 checkpoint(s); exiting.
[collector wcpu2] --once drained 0 checkpoint(s); exiting.
[collector wcpu2] --once drained 0 checkpoint(s); exiting.
[collector wcpu2] --once drained 0 checkpoint(s); exiting.
[collector wcpu2] --once drained 0 checkpoint(s); exiting.
[collector wcpu2] --once drained 0 checkpoint(s); exiting.
[collector wcpu2] --once drained 0 checkpoint(s); exiting.
[collector wcpu2] --once drained 0 checkpoint(s); exiting.
[collector wcpu2] --once drained 0 checkpoint(s); exiting.
[collector wcpu2] --once drained 0 checkpoint(s); exiting.
[collector wcpu2] --once drained 0 checkpoint(s); exiting.
[collector wcpu2] --once drained 0 checkpoint(s); exiting.
[collector wcpu2] --once drained 0 checkpoint(s); exiting.
[collector wcpu2] --once drained 0 checkpoint(s); exiting.
[collector wcpu2] --once drained 0 checkpoint(s); exiting.
[collector wcpu2] --once drained 0 checkpoint(s); exiting.
[collector wcpu2] --once drained 0 checkpoint(s); exiting.
[collector wcpu2] --once drained 0 checkpoint(s); exiting.
[collector wcpu2] no probe/val CSV (probe_csv=None, val_csv=None); forward/backward blocks skipped for run_id=plantclef__stable_evo__s42.
[Extractor] block_set='cpu': CPU-only block set ['block_optim', 'block_weights', 'block_trajectory', 'block_circuits'] needs no model forward — skipping probe/Hessian build (no CSV/dataloaders, lower host RAM).
[extract] step=2510 SKIP heavy block block_circuits (ordinal=502 basis=step_fallback heavy_every=8)
[extract] step=2510 heavy=FALSE total=200.85s | block_optim=147.68 block_weights=39.71 block_trajectory=2.04
[collector wcpu2] cpu-pass DONE run_id=plantclef__stable_evo__s42 step=2510 blocks_ok=3 t=200.846s (all_passes_complete=False)
[collector wcpu2] --once drained 1 checkpoint(s); exiting.
[cwcpu2] drained 1 checkpoint(s); looping.
[collector wcpu2] --once drained 0 checkpoint(s); exiting.
[collector wcpu2] --once drained 0 checkpoint(s); exiting.
[collector wcpu2] --once drained 0 checkpoint(s); exiting.
[collector wcpu2] --once drained 0 checkpoint(s); exiting.
[collector wcpu2] --once drained 0 checkpoint(s); exiting.
[collector wcpu2] --once drained 0 checkpoint(s); exiting.
[collector wcpu2] --once drained 0 checkpoint(s); exiting.
[collector wcpu2] --once drained 0 checkpoint(s); exiting.
[collector wcpu2] --once drained 0 checkpoint(s); exiting.
error    libmamba Could not set lock (Resource temporarily unavailable)
warning  libmamba Cannot lock '/home/r.dinnage/.cache/mamba/proc'
    Waiting for other mamba process to finish
[collector wcpu2] --once drained 0 checkpoint(s); exiting.
[collector wcpu2] --once drained 0 checkpoint(s); exiting.
[collector wcpu2] --once drained 0 checkpoint(s); exiting.
[collector wcpu2] --once drained 0 checkpoint(s); exiting.
[collector wcpu2] --once drained 0 checkpoint(s); exiting.
[collector wcpu2] --once drained 0 checkpoint(s); exiting.
[collector wcpu2] --once drained 0 checkpoint(s); exiting.
[collector wcpu2] --once drained 0 checkpoint(s); exiting.
[collector wcpu2] --once drained 0 checkpoint(s); exiting.
[collector wcpu2] --once drained 0 checkpoint(s); exiting.
[collector wcpu2] --once drained 0 checkpoint(s); exiting.
[collector wcpu2] no probe/val CSV (probe_csv=None, val_csv=None); forward/backward blocks skipped for run_id=plantclef__stable_evo__s42.
[Extractor] block_set='cpu': CPU-only block set ['block_optim', 'block_weights', 'block_trajectory', 'block_circuits'] needs no model forward — skipping probe/Hessian build (no CSV/dataloaders, lower host RAM).
[extract] step=2572 SKIP heavy block block_circuits (ordinal=514 basis=step_fallback heavy_every=8)
[extract] step=2572 heavy=FALSE total=192.46s | block_optim=147.46 block_weights=32.01 block_trajectory=0.77
[collector wcpu2] cpu-pass DONE run_id=plantclef__stable_evo__s42 step=2572 blocks_ok=3 t=192.464s (all_passes_complete=False)
[collector wcpu2] --once drained 1 checkpoint(s); exiting.
[cwcpu2] drained 1 checkpoint(s); looping.
[collector wcpu2] --once drained 0 checkpoint(s); exiting.
[collector wcpu2] --once drained 0 checkpoint(s); exiting.
[collector wcpu2] --once drained 0 checkpoint(s); exiting.
[collector wcpu2] --once drained 0 checkpoint(s); exiting.
[collector wcpu2] --once drained 0 checkpoint(s); exiting.
[collector wcpu2] --once drained 0 checkpoint(s); exiting.
[collector wcpu2] --once drained 0 checkpoint(s); exiting.
error    libmamba Could not set lock (Resource temporarily unavailable)
warning  libmamba Cannot lock '/home/r.dinnage/.cache/mamba/proc'
    Waiting for other mamba process to finish
[collector wcpu2] --once drained 0 checkpoint(s); exiting.
[collector wcpu2] --once drained 0 checkpoint(s); exiting.
warning  libmamba failed to open /home/r.dinnage/.cache/mamba/proc/946780.json
[collector wcpu2] --once drained 0 checkpoint(s); exiting.
[collector wcpu2] --once drained 0 checkpoint(s); exiting.
[collector wcpu2] --once drained 0 checkpoint(s); exiting.
[collector wcpu2] --once drained 0 checkpoint(s); exiting.
[collector wcpu2] --once drained 0 checkpoint(s); exiting.
[collector wcpu2] --once drained 0 checkpoint(s); exiting.
[collector wcpu2] --once drained 0 checkpoint(s); exiting.
[collector wcpu2] --once drained 0 checkpoint(s); exiting.
[collector wcpu2] --once drained 0 checkpoint(s); exiting.
[collector wcpu2] --once drained 0 checkpoint(s); exiting.
[collector wcpu2] --once drained 0 checkpoint(s); exiting.
[collector wcpu2] --once drained 0 checkpoint(s); exiting.
[collector wcpu2] --once drained 0 checkpoint(s); exiting.
[collector wcpu2] --once drained 0 checkpoint(s); exiting.
[collector wcpu2] --once drained 0 checkpoint(s); exiting.
[collector wcpu2] --once drained 0 checkpoint(s); exiting.
[collector wcpu2] --once drained 0 checkpoint(s); exiting.
[collector wcpu2] --once drained 0 checkpoint(s); exiting.
[collector wcpu2] --once drained 0 checkpoint(s); exiting.
error    libmamba Could not set lock (Resource temporarily unavailable)
warning  libmamba Cannot lock '/home/r.dinnage/.cache/mamba/proc'
    Waiting for other mamba process to finish
[collector wcpu2] --once drained 0 checkpoint(s); exiting.
[collector wcpu2] --once drained 0 checkpoint(s); exiting.
[collector wcpu2] --once drained 0 checkpoint(s); exiting.
[collector wcpu2] --once drained 0 checkpoint(s); exiting.
[collector wcpu2] --once drained 0 checkpoint(s); exiting.
[collector wcpu2] --once drained 0 checkpoint(s); exiting.
[collector wcpu2] --once drained 0 checkpoint(s); exiting.
[collector wcpu2] --once drained 0 checkpoint(s); exiting.
[collector wcpu2] --once drained 0 checkpoint(s); exiting.
[collector wcpu2] --once drained 0 checkpoint(s); exiting.
[collector wcpu2] no probe/val CSV (probe_csv=None, val_csv=None); forward/backward blocks skipped for run_id=plantclef__stable_evo__s42.
[Extractor] block_set='cpu': CPU-only block set ['block_optim', 'block_weights', 'block_trajectory', 'block_circuits'] needs no model forward — skipping probe/Hessian build (no CSV/dataloaders, lower host RAM).
[extract] step=2668 SKIP heavy block block_circuits (ordinal=533 basis=step_fallback heavy_every=8)
[extract] step=2668 heavy=FALSE total=185.01s | block_optim=140.51 block_weights=32.70 block_trajectory=0.82
[collector wcpu2] cpu-pass DONE run_id=plantclef__stable_evo__s42 step=2668 blocks_ok=3 t=185.011s (all_passes_complete=False)
[collector wcpu2] --once drained 1 checkpoint(s); exiting.
[cwcpu2] drained 1 checkpoint(s); looping.
[collector wcpu2] --once drained 0 checkpoint(s); exiting.
[collector wcpu2] --once drained 0 checkpoint(s); exiting.
[collector wcpu2] no probe/val CSV (probe_csv=None, val_csv=None); forward/backward blocks skipped for run_id=plantclef__stable_evo__s42.
[Extractor] block_set='cpu': CPU-only block set ['block_optim', 'block_weights', 'block_trajectory', 'block_circuits'] needs no model forward — skipping probe/Hessian build (no CSV/dataloaders, lower host RAM).
[extract] step=2692 SKIP heavy block block_circuits (ordinal=538 basis=step_fallback heavy_every=8)
[extract] step=2692 heavy=FALSE total=184.40s | block_optim=139.16 block_weights=32.83 block_trajectory=0.96
[collector wcpu2] cpu-pass DONE run_id=plantclef__stable_evo__s42 step=2692 blocks_ok=3 t=184.404s (all_passes_complete=False)
[collector wcpu2] --once drained 1 checkpoint(s); exiting.
[cwcpu2] drained 1 checkpoint(s); looping.
[collector wcpu2] --once drained 0 checkpoint(s); exiting.
[collector wcpu2] --once drained 0 checkpoint(s); exiting.
[collector wcpu2] --once drained 0 checkpoint(s); exiting.
[collector wcpu2] --once drained 0 checkpoint(s); exiting.
[collector wcpu2] --once drained 0 checkpoint(s); exiting.
[collector wcpu2] no probe/val CSV (probe_csv=None, val_csv=None); forward/backward blocks skipped for run_id=plantclef__stable_evo__s42.
[Extractor] block_set='cpu': CPU-only block set ['block_optim', 'block_weights', 'block_trajectory', 'block_circuits'] needs no model forward — skipping probe/Hessian build (no CSV/dataloaders, lower host RAM).
[extract] step=2716 SKIP heavy block block_circuits (ordinal=543 basis=step_fallback heavy_every=8)
[extract] step=2716 heavy=FALSE total=185.68s | block_optim=141.01 block_weights=31.58 block_trajectory=0.78
[collector wcpu2] cpu-pass DONE run_id=plantclef__stable_evo__s42 step=2716 blocks_ok=3 t=185.681s (all_passes_complete=False)
[collector wcpu2] --once drained 1 checkpoint(s); exiting.
[cwcpu2] drained 1 checkpoint(s); looping.
[collector wcpu2] --once drained 0 checkpoint(s); exiting.
[collector wcpu2] --once drained 0 checkpoint(s); exiting.
[collector wcpu2] --once drained 0 checkpoint(s); exiting.
[collector wcpu2] --once drained 0 checkpoint(s); exiting.
[collector wcpu2] --once drained 0 checkpoint(s); exiting.
[collector wcpu2] --once drained 0 checkpoint(s); exiting.
[collector wcpu2] --once drained 0 checkpoint(s); exiting.
[collector wcpu2] --once drained 0 checkpoint(s); exiting.
[collector wcpu2] --once drained 0 checkpoint(s); exiting.
[collector wcpu2] --once drained 0 checkpoint(s); exiting.
error    libmamba Could not set lock (Resource temporarily unavailable)
warning  libmamba Cannot lock '/home/r.dinnage/.cache/mamba/proc'
    Waiting for other mamba process to finish
[collector wcpu2] --once drained 0 checkpoint(s); exiting.
[collector wcpu2] --once drained 0 checkpoint(s); exiting.
[collector wcpu2] --once drained 0 checkpoint(s); exiting.
[collector wcpu2] --once drained 0 checkpoint(s); exiting.
[collector wcpu2] --once drained 0 checkpoint(s); exiting.
[collector wcpu2] --once drained 0 checkpoint(s); exiting.
[collector wcpu2] --once drained 0 checkpoint(s); exiting.
[collector wcpu2] --once drained 0 checkpoint(s); exiting.
[collector wcpu2] --once drained 0 checkpoint(s); exiting.
[collector wcpu2] --once drained 0 checkpoint(s); exiting.
error    libmamba Could not set lock (Resource temporarily unavailable)
warning  libmamba Cannot lock '/home/r.dinnage/.cache/mamba/proc'
    Waiting for other mamba process to finish
[collector wcpu2] --once drained 0 checkpoint(s); exiting.
[collector wcpu2] --once drained 0 checkpoint(s); exiting.
[collector wcpu2] --once drained 0 checkpoint(s); exiting.
[collector wcpu2] --once drained 0 checkpoint(s); exiting.
[collector wcpu2] --once drained 0 checkpoint(s); exiting.
[collector wcpu2] --once drained 0 checkpoint(s); exiting.
[collector wcpu2] --once drained 0 checkpoint(s); exiting.
[collector wcpu2] --once drained 0 checkpoint(s); exiting.
[collector wcpu2] --once drained 0 checkpoint(s); exiting.
error    libmamba Could not set lock (Resource temporarily unavailable)
warning  libmamba Cannot lock '/home/r.dinnage/.cache/mamba/proc'
    Waiting for other mamba process to finish
[collector wcpu2] --once drained 0 checkpoint(s); exiting.
[collector wcpu2] --once drained 0 checkpoint(s); exiting.
[collector wcpu2] --once drained 0 checkpoint(s); exiting.
[collector wcpu2] --once drained 0 checkpoint(s); exiting.
[collector wcpu2] --once drained 0 checkpoint(s); exiting.
[collector wcpu2] no probe/val CSV (probe_csv=None, val_csv=None); forward/backward blocks skipped for run_id=plantclef__stable_evo__s42.
[Extractor] block_set='cpu': CPU-only block set ['block_optim', 'block_weights', 'block_trajectory', 'block_circuits'] needs no model forward — skipping probe/Hessian build (no CSV/dataloaders, lower host RAM).
[extract] step=2802 heavy=TRUE total=191.24s | block_optim=138.89 block_weights=31.22 block_trajectory=0.79 block_circuits=4.21
[collector wcpu2] cpu-pass DONE run_id=plantclef__stable_evo__s42 step=2802 blocks_ok=4 t=191.239s (all_passes_complete=False)
[collector wcpu2] --once drained 1 checkpoint(s); exiting.
[cwcpu2] drained 1 checkpoint(s); looping.
[collector wcpu2] --once drained 0 checkpoint(s); exiting.
[collector wcpu2] --once drained 0 checkpoint(s); exiting.
[collector wcpu2] no probe/val CSV (probe_csv=None, val_csv=None); forward/backward blocks skipped for run_id=plantclef__stable_evo__s42.
[Extractor] block_set='cpu': CPU-only block set ['block_optim', 'block_weights', 'block_trajectory', 'block_circuits'] needs no model forward — skipping probe/Hessian build (no CSV/dataloaders, lower host RAM).
[extract] step=2826 SKIP heavy block block_circuits (ordinal=565 basis=step_fallback heavy_every=8)
[extract] step=2826 heavy=FALSE total=192.80s | block_optim=148.80 block_weights=30.19 block_trajectory=0.76
[collector wcpu2] cpu-pass DONE run_id=plantclef__stable_evo__s42 step=2826 blocks_ok=3 t=192.804s (all_passes_complete=False)
[collector wcpu2] --once drained 1 checkpoint(s); exiting.
[cwcpu2] drained 1 checkpoint(s); looping.
[collector wcpu2] --once drained 0 checkpoint(s); exiting.
[collector wcpu2] --once drained 0 checkpoint(s); exiting.
[collector wcpu2] --once drained 0 checkpoint(s); exiting.
[collector wcpu2] --once drained 0 checkpoint(s); exiting.
[collector wcpu2] --once drained 0 checkpoint(s); exiting.
[collector wcpu2] --once drained 0 checkpoint(s); exiting.
[collector wcpu2] --once drained 0 checkpoint(s); exiting.
[collector wcpu2] --once drained 0 checkpoint(s); exiting.
[collector wcpu2] no probe/val CSV (probe_csv=None, val_csv=None); forward/backward blocks skipped for run_id=plantclef__stable_evo__s42.
[Extractor] block_set='cpu': CPU-only block set ['block_optim', 'block_weights', 'block_trajectory', 'block_circuits'] needs no model forward — skipping probe/Hessian build (no CSV/dataloaders, lower host RAM).
/blue/guralnick/share/r.dinnage/Projects/phenovision/xAI/py/extractor/block_optim.py:258: RuntimeWarning: overflow encountered in cast
  scalars = np.array([lam_max, lam_floor, trace, sum_log, pr, eff_rank, cond, aniso,
[extract] step=2862 SKIP heavy block block_circuits (ordinal=572 basis=step_fallback heavy_every=8)
[extract] step=2862 heavy=FALSE total=187.04s | block_optim=137.76 block_weights=37.26 block_trajectory=1.16
[collector wcpu2] cpu-pass DONE run_id=plantclef__stable_evo__s42 step=2862 blocks_ok=3 t=187.039s (all_passes_complete=False)
[collector wcpu2] --once drained 1 checkpoint(s); exiting.
[cwcpu2] drained 1 checkpoint(s); looping.
[collector wcpu2] --once drained 0 checkpoint(s); exiting.
[collector wcpu2] --once drained 0 checkpoint(s); exiting.
[collector wcpu2] --once drained 0 checkpoint(s); exiting.
[collector wcpu2] --once drained 0 checkpoint(s); exiting.
[collector wcpu2] --once drained 0 checkpoint(s); exiting.
[collector wcpu2] --once drained 0 checkpoint(s); exiting.
[collector wcpu2] --once drained 0 checkpoint(s); exiting.
[collector wcpu2] --once drained 0 checkpoint(s); exiting.
[collector wcpu2] no probe/val CSV (probe_csv=None, val_csv=None); forward/backward blocks skipped for run_id=plantclef__stable_evo__s42.
[Extractor] block_set='cpu': CPU-only block set ['block_optim', 'block_weights', 'block_trajectory', 'block_circuits'] needs no model forward — skipping probe/Hessian build (no CSV/dataloaders, lower host RAM).
/blue/guralnick/share/r.dinnage/Projects/phenovision/xAI/py/extractor/block_optim.py:258: RuntimeWarning: overflow encountered in cast
  scalars = np.array([lam_max, lam_floor, trace, sum_log, pr, eff_rank, cond, aniso,
[extract] step=2898 SKIP heavy block block_circuits (ordinal=579 basis=step_fallback heavy_every=8)
[extract] step=2898 heavy=FALSE total=191.53s | block_optim=145.46 block_weights=31.29 block_trajectory=1.41
[collector wcpu2] cpu-pass DONE run_id=plantclef__stable_evo__s42 step=2898 blocks_ok=3 t=191.525s (all_passes_complete=False)
[collector wcpu2] --once drained 1 checkpoint(s); exiting.
[cwcpu2] drained 1 checkpoint(s); looping.
[collector wcpu2] --once drained 0 checkpoint(s); exiting.
[collector wcpu2] --once drained 0 checkpoint(s); exiting.
[collector wcpu2] --once drained 0 checkpoint(s); exiting.
[collector wcpu2] --once drained 0 checkpoint(s); exiting.
[collector wcpu2] --once drained 0 checkpoint(s); exiting.
[collector wcpu2] --once drained 0 checkpoint(s); exiting.
error    libmamba Could not set lock (Resource temporarily unavailable)
warning  libmamba Cannot lock '/home/r.dinnage/.cache/mamba/proc'
    Waiting for other mamba process to finish
[collector wcpu2] --once drained 0 checkpoint(s); exiting.
[collector wcpu2] --once drained 0 checkpoint(s); exiting.
[collector wcpu2] --once drained 0 checkpoint(s); exiting.
[collector wcpu2] --once drained 0 checkpoint(s); exiting.
[collector wcpu2] no probe/val CSV (probe_csv=None, val_csv=None); forward/backward blocks skipped for run_id=plantclef__stable_evo__s42.
[Extractor] block_set='cpu': CPU-only block set ['block_optim', 'block_weights', 'block_trajectory', 'block_circuits'] needs no model forward — skipping probe/Hessian build (no CSV/dataloaders, lower host RAM).
/blue/guralnick/share/r.dinnage/Projects/phenovision/xAI/py/extractor/block_optim.py:258: RuntimeWarning: overflow encountered in cast
  scalars = np.array([lam_max, lam_floor, trace, sum_log, pr, eff_rank, cond, aniso,
[extract] step=2934 SKIP heavy block block_circuits (ordinal=586 basis=step_fallback heavy_every=8)
[extract] step=2934 heavy=FALSE total=209.15s | block_optim=152.78 block_weights=39.90 block_trajectory=3.17
[collector wcpu2] cpu-pass DONE run_id=plantclef__stable_evo__s42 step=2934 blocks_ok=3 t=209.153s (all_passes_complete=False)
[collector wcpu2] --once drained 1 checkpoint(s); exiting.
[cwcpu2] drained 1 checkpoint(s); looping.
[collector wcpu2] --once drained 0 checkpoint(s); exiting.
[collector wcpu2] --once drained 0 checkpoint(s); exiting.
[collector wcpu2] --once drained 0 checkpoint(s); exiting.
[collector wcpu2] --once drained 0 checkpoint(s); exiting.
[collector wcpu2] --once drained 0 checkpoint(s); exiting.
[collector wcpu2] --once drained 0 checkpoint(s); exiting.
[collector wcpu2] --once drained 0 checkpoint(s); exiting.
[collector wcpu2] --once drained 0 checkpoint(s); exiting.
[collector wcpu2] --once drained 0 checkpoint(s); exiting.
error    libmamba Could not set lock (Resource temporarily unavailable)
warning  libmamba Cannot lock '/home/r.dinnage/.cache/mamba/proc'
    Waiting for other mamba process to finish
[collector wcpu2] --once drained 0 checkpoint(s); exiting.
[collector wcpu2] --once drained 0 checkpoint(s); exiting.
[collector wcpu2] --once drained 0 checkpoint(s); exiting.
[collector wcpu2] --once drained 0 checkpoint(s); exiting.
[collector wcpu2] --once drained 0 checkpoint(s); exiting.
[collector wcpu2] --once drained 0 checkpoint(s); exiting.
[collector wcpu2] --once drained 0 checkpoint(s); exiting.
[collector wcpu2] --once drained 0 checkpoint(s); exiting.
[collector wcpu2] --once drained 0 checkpoint(s); exiting.
[collector wcpu2] --once drained 0 checkpoint(s); exiting.
[collector wcpu2] --once drained 0 checkpoint(s); exiting.
[collector wcpu2] --once drained 0 checkpoint(s); exiting.
[collector wcpu2] --once drained 0 checkpoint(s); exiting.
error    libmamba Could not set lock (Resource temporarily unavailable)
warning  libmamba Cannot lock '/home/r.dinnage/.cache/mamba/proc'
    Waiting for other mamba process to finish
[collector wcpu2] --once drained 0 checkpoint(s); exiting.
[collector wcpu2] --once drained 0 checkpoint(s); exiting.
[collector wcpu2] --once drained 0 checkpoint(s); exiting.
[collector wcpu2] --once drained 0 checkpoint(s); exiting.
[collector wcpu2] --once drained 0 checkpoint(s); exiting.
[collector wcpu2] --once drained 0 checkpoint(s); exiting.
[collector wcpu2] --once drained 0 checkpoint(s); exiting.
error    libmamba Could not set lock (Resource temporarily unavailable)
warning  libmamba Cannot lock '/home/r.dinnage/.cache/mamba/proc'
    Waiting for other mamba process to finish
[collector wcpu2] --once drained 0 checkpoint(s); exiting.
[collector wcpu2] --once drained 0 checkpoint(s); exiting.
[collector wcpu2] --once drained 0 checkpoint(s); exiting.
[collector wcpu2] --once drained 0 checkpoint(s); exiting.
[collector wcpu2] --once drained 0 checkpoint(s); exiting.
[collector wcpu2] --once drained 0 checkpoint(s); exiting.
[collector wcpu2] --once drained 0 checkpoint(s); exiting.
[collector wcpu2] --once drained 0 checkpoint(s); exiting.
[collector wcpu2] --once drained 0 checkpoint(s); exiting.
[collector wcpu2] --once drained 0 checkpoint(s); exiting.
[collector wcpu2] --once drained 0 checkpoint(s); exiting.
[collector wcpu2] --once drained 0 checkpoint(s); exiting.
[collector wcpu2] --once drained 0 checkpoint(s); exiting.
[collector wcpu2] --once drained 0 checkpoint(s); exiting.
[collector wcpu2] --once drained 0 checkpoint(s); exiting.
[collector wcpu2] --once drained 0 checkpoint(s); exiting.
[collector wcpu2] --once drained 0 checkpoint(s); exiting.
[collector wcpu2] --once drained 0 checkpoint(s); exiting.
[collector wcpu2] --once drained 0 checkpoint(s); exiting.
[collector wcpu2] --once drained 0 checkpoint(s); exiting.
[collector wcpu2] --once drained 0 checkpoint(s); exiting.
[collector wcpu2] --once drained 0 checkpoint(s); exiting.
[collector wcpu2] --once drained 0 checkpoint(s); exiting.
[collector wcpu2] --once drained 0 checkpoint(s); exiting.
[collector wcpu2] --once drained 0 checkpoint(s); exiting.
[collector wcpu2] no probe/val CSV (probe_csv=None, val_csv=None); forward/backward blocks skipped for run_id=plantclef__stable_evo__s42.
[Extractor] block_set='cpu': CPU-only block set ['block_optim', 'block_weights', 'block_trajectory', 'block_circuits'] needs no model forward — skipping probe/Hessian build (no CSV/dataloaders, lower host RAM).
/blue/guralnick/share/r.dinnage/Projects/phenovision/xAI/py/extractor/block_optim.py:258: RuntimeWarning: overflow encountered in cast
  scalars = np.array([lam_max, lam_floor, trace, sum_log, pr, eff_rank, cond, aniso,
[extract] step=3066 SKIP heavy block block_circuits (ordinal=613 basis=step_fallback heavy_every=8)
[extract] step=3066 heavy=FALSE total=184.59s | block_optim=136.18 block_weights=31.79 block_trajectory=0.78
[collector wcpu2] cpu-pass DONE run_id=plantclef__stable_evo__s42 step=3066 blocks_ok=3 t=184.591s (all_passes_complete=False)
[collector wcpu2] --once drained 1 checkpoint(s); exiting.
[cwcpu2] drained 1 checkpoint(s); looping.
[collector wcpu2] --once drained 0 checkpoint(s); exiting.
[collector wcpu2] --once drained 0 checkpoint(s); exiting.
error    libmamba Could not set lock (Resource temporarily unavailable)
warning  libmamba Cannot lock '/home/r.dinnage/.cache/mamba/proc'
    Waiting for other mamba process to finish
[collector wcpu2] --once drained 0 checkpoint(s); exiting.
[collector wcpu2] --once drained 0 checkpoint(s); exiting.
[collector wcpu2] no probe/val CSV (probe_csv=None, val_csv=None); forward/backward blocks skipped for run_id=plantclef__stable_evo__s42.
[Extractor] block_set='cpu': CPU-only block set ['block_optim', 'block_weights', 'block_trajectory', 'block_circuits'] needs no model forward — skipping probe/Hessian build (no CSV/dataloaders, lower host RAM).
/blue/guralnick/share/r.dinnage/Projects/phenovision/xAI/py/extractor/block_optim.py:258: RuntimeWarning: overflow encountered in cast
  scalars = np.array([lam_max, lam_floor, trace, sum_log, pr, eff_rank, cond, aniso,
[extract] step=3092 SKIP heavy block block_circuits (ordinal=618 basis=step_fallback heavy_every=8)
[extract] step=3092 heavy=FALSE total=192.21s | block_optim=144.39 block_weights=32.52 block_trajectory=1.12
[collector wcpu2] cpu-pass DONE run_id=plantclef__stable_evo__s42 step=3092 blocks_ok=3 t=192.21s (all_passes_complete=False)
[collector wcpu2] --once drained 1 checkpoint(s); exiting.
[cwcpu2] drained 1 checkpoint(s); looping.
[collector wcpu2] --once drained 0 checkpoint(s); exiting.
[collector wcpu2] --once drained 0 checkpoint(s); exiting.
[collector wcpu2] --once drained 0 checkpoint(s); exiting.
[collector wcpu2] --once drained 0 checkpoint(s); exiting.
[collector wcpu2] --once drained 0 checkpoint(s); exiting.
[collector wcpu2] no probe/val CSV (probe_csv=None, val_csv=None); forward/backward blocks skipped for run_id=plantclef__stable_evo__s42.
[Extractor] block_set='cpu': CPU-only block set ['block_optim', 'block_weights', 'block_trajectory', 'block_circuits'] needs no model forward — skipping probe/Hessian build (no CSV/dataloaders, lower host RAM).
/blue/guralnick/share/r.dinnage/Projects/phenovision/xAI/py/extractor/block_optim.py:258: RuntimeWarning: overflow encountered in cast
  scalars = np.array([lam_max, lam_floor, trace, sum_log, pr, eff_rank, cond, aniso,
[extract] step=3116 SKIP heavy block block_circuits (ordinal=623 basis=step_fallback heavy_every=8)
[extract] step=3116 heavy=FALSE total=190.85s | block_optim=144.65 block_weights=32.80 block_trajectory=2.71
[collector wcpu2] cpu-pass DONE run_id=plantclef__stable_evo__s42 step=3116 blocks_ok=3 t=190.846s (all_passes_complete=False)
[collector wcpu2] --once drained 1 checkpoint(s); exiting.
[cwcpu2] drained 1 checkpoint(s); looping.
[collector wcpu2] --once drained 0 checkpoint(s); exiting.
[collector wcpu2] --once drained 0 checkpoint(s); exiting.
[collector wcpu2] --once drained 0 checkpoint(s); exiting.
[collector wcpu2] --once drained 0 checkpoint(s); exiting.
[collector wcpu2] --once drained 0 checkpoint(s); exiting.
[collector wcpu2] --once drained 0 checkpoint(s); exiting.
[collector wcpu2] --once drained 0 checkpoint(s); exiting.
[collector wcpu2] --once drained 0 checkpoint(s); exiting.
[collector wcpu2] --once drained 0 checkpoint(s); exiting.
[collector wcpu2] --once drained 0 checkpoint(s); exiting.
[collector wcpu2] --once drained 0 checkpoint(s); exiting.
[collector wcpu2] --once drained 0 checkpoint(s); exiting.
[collector wcpu2] --once drained 0 checkpoint(s); exiting.
[collector wcpu2] --once drained 0 checkpoint(s); exiting.
[collector wcpu2] --once drained 0 checkpoint(s); exiting.
[collector wcpu2] --once drained 0 checkpoint(s); exiting.
[collector wcpu2] --once drained 0 checkpoint(s); exiting.
[collector wcpu2] --once drained 0 checkpoint(s); exiting.
[collector wcpu2] --once drained 0 checkpoint(s); exiting.
[collector wcpu2] --once drained 0 checkpoint(s); exiting.
[collector wcpu2] --once drained 0 checkpoint(s); exiting.
[collector wcpu2] --once drained 0 checkpoint(s); exiting.
[collector wcpu2] --once drained 0 checkpoint(s); exiting.
[collector wcpu2] --once drained 0 checkpoint(s); exiting.
[collector wcpu2] no probe/val CSV (probe_csv=None, val_csv=None); forward/backward blocks skipped for run_id=plantclef__stable_evo__s42.
[Extractor] block_set='cpu': CPU-only block set ['block_optim', 'block_weights', 'block_trajectory', 'block_circuits'] needs no model forward — skipping probe/Hessian build (no CSV/dataloaders, lower host RAM).
/blue/guralnick/share/r.dinnage/Projects/phenovision/xAI/py/extractor/block_optim.py:258: RuntimeWarning: overflow encountered in cast
  scalars = np.array([lam_max, lam_floor, trace, sum_log, pr, eff_rank, cond, aniso,
[extract] step=3188 SKIP heavy block block_circuits (ordinal=637 basis=step_fallback heavy_every=8)
[extract] step=3188 heavy=FALSE total=188.88s | block_optim=143.43 block_weights=30.72 block_trajectory=1.10
[collector wcpu2] cpu-pass DONE run_id=plantclef__stable_evo__s42 step=3188 blocks_ok=3 t=188.881s (all_passes_complete=False)
[collector wcpu2] --once drained 1 checkpoint(s); exiting.
error    libmamba Could not set lock (Resource temporarily unavailable)
warning  libmamba Cannot lock '/home/r.dinnage/.cache/mamba/proc'
    Waiting for other mamba process to finish
[cwcpu2] drained 1 checkpoint(s); looping.
[collector wcpu2] --once drained 0 checkpoint(s); exiting.
[collector wcpu2] --once drained 0 checkpoint(s); exiting.
[collector wcpu2] --once drained 0 checkpoint(s); exiting.
[collector wcpu2] --once drained 0 checkpoint(s); exiting.
error    libmamba Could not set lock (Resource temporarily unavailable)
warning  libmamba Cannot lock '/home/r.dinnage/.cache/mamba/proc'
    Waiting for other mamba process to finish
[collector wcpu2] --once drained 0 checkpoint(s); exiting.
[collector wcpu2] --once drained 0 checkpoint(s); exiting.
[collector wcpu2] --once drained 0 checkpoint(s); exiting.
[collector wcpu2] --once drained 0 checkpoint(s); exiting.
[collector wcpu2] --once drained 0 checkpoint(s); exiting.
[collector wcpu2] --once drained 0 checkpoint(s); exiting.
error    libmamba Could not set lock (Resource temporarily unavailable)
warning  libmamba Cannot lock '/home/r.dinnage/.cache/mamba/proc'
    Waiting for other mamba process to finish
[collector wcpu2] --once drained 0 checkpoint(s); exiting.
[collector wcpu2] --once drained 0 checkpoint(s); exiting.
[collector wcpu2] --once drained 0 checkpoint(s); exiting.
[collector wcpu2] --once drained 0 checkpoint(s); exiting.
error    libmamba Could not set lock (Resource temporarily unavailable)
warning  libmamba Cannot lock '/home/r.dinnage/.cache/mamba/proc'
    Waiting for other mamba process to finish
[collector wcpu2] --once drained 0 checkpoint(s); exiting.
error    libmamba Could not set lock (Resource temporarily unavailable)
warning  libmamba Cannot lock '/home/r.dinnage/.cache/mamba/proc'
    Waiting for other mamba process to finish
[collector wcpu2] --once drained 0 checkpoint(s); exiting.
[collector wcpu2] --once drained 0 checkpoint(s); exiting.
[collector wcpu2] --once drained 0 checkpoint(s); exiting.
[collector wcpu2] --once drained 0 checkpoint(s); exiting.
[collector wcpu2] --once drained 0 checkpoint(s); exiting.
[collector wcpu2] --once drained 0 checkpoint(s); exiting.
error    libmamba Could not set lock (Resource temporarily unavailable)
warning  libmamba Cannot lock '/home/r.dinnage/.cache/mamba/proc'
    Waiting for other mamba process to finish
[collector wcpu2] --once drained 0 checkpoint(s); exiting.
[collector wcpu2] --once drained 0 checkpoint(s); exiting.
[collector wcpu2] --once drained 0 checkpoint(s); exiting.
[collector wcpu2] --once drained 0 checkpoint(s); exiting.
[collector wcpu2] --once drained 0 checkpoint(s); exiting.
[collector wcpu2] --once drained 0 checkpoint(s); exiting.
[collector wcpu2] --once drained 0 checkpoint(s); exiting.
[collector wcpu2] --once drained 0 checkpoint(s); exiting.
[collector wcpu2] --once drained 0 checkpoint(s); exiting.
[collector wcpu2] --once drained 0 checkpoint(s); exiting.
error    libmamba Could not set lock (Resource temporarily unavailable)
warning  libmamba Cannot lock '/home/r.dinnage/.cache/mamba/proc'
    Waiting for other mamba process to finish
[collector wcpu2] --once drained 0 checkpoint(s); exiting.
[collector wcpu2] --once drained 0 checkpoint(s); exiting.
[collector wcpu2] --once drained 0 checkpoint(s); exiting.
[collector wcpu2] --once drained 0 checkpoint(s); exiting.
[collector wcpu2] --once drained 0 checkpoint(s); exiting.
[collector wcpu2] --once drained 0 checkpoint(s); exiting.
[collector wcpu2] --once drained 0 checkpoint(s); exiting.
[collector wcpu2] no probe/val CSV (probe_csv=None, val_csv=None); forward/backward blocks skipped for run_id=plantclef__stable_evo__s42.
[Extractor] block_set='cpu': CPU-only block set ['block_optim', 'block_weights', 'block_trajectory', 'block_circuits'] needs no model forward — skipping probe/Hessian build (no CSV/dataloaders, lower host RAM).
/blue/guralnick/share/r.dinnage/Projects/phenovision/xAI/py/extractor/block_optim.py:258: RuntimeWarning: overflow encountered in cast
  scalars = np.array([lam_max, lam_floor, trace, sum_log, pr, eff_rank, cond, aniso,
[extract] step=3284 heavy=TRUE total=202.67s | block_optim=153.14 block_weights=31.30 block_trajectory=1.44 block_circuits=4.60
[collector wcpu2] cpu-pass DONE run_id=plantclef__stable_evo__s42 step=3284 blocks_ok=4 t=202.67s (all_passes_complete=False)
[collector wcpu2] --once drained 1 checkpoint(s); exiting.
[cwcpu2] drained 1 checkpoint(s); looping.
[collector wcpu2] --once drained 0 checkpoint(s); exiting.
[collector wcpu2] --once drained 0 checkpoint(s); exiting.
error    libmamba Could not set lock (Resource temporarily unavailable)
warning  libmamba Cannot lock '/home/r.dinnage/.cache/mamba/proc'
    Waiting for other mamba process to finish
[collector wcpu2] --once drained 0 checkpoint(s); exiting.
[collector wcpu2] --once drained 0 checkpoint(s); exiting.
[collector wcpu2] no probe/val CSV (probe_csv=None, val_csv=None); forward/backward blocks skipped for run_id=plantclef__stable_evo__s42.
[Extractor] block_set='cpu': CPU-only block set ['block_optim', 'block_weights', 'block_trajectory', 'block_circuits'] needs no model forward — skipping probe/Hessian build (no CSV/dataloaders, lower host RAM).
/blue/guralnick/share/r.dinnage/Projects/phenovision/xAI/py/extractor/block_optim.py:258: RuntimeWarning: overflow encountered in cast
  scalars = np.array([lam_max, lam_floor, trace, sum_log, pr, eff_rank, cond, aniso,
[extract] step=3308 SKIP heavy block block_circuits (ordinal=661 basis=step_fallback heavy_every=8)
[extract] step=3308 heavy=FALSE total=201.75s | block_optim=154.88 block_weights=32.58 block_trajectory=1.08
[collector wcpu2] cpu-pass DONE run_id=plantclef__stable_evo__s42 step=3308 blocks_ok=3 t=201.753s (all_passes_complete=False)
[collector wcpu2] --once drained 1 checkpoint(s); exiting.
[cwcpu2] drained 1 checkpoint(s); looping.
[collector wcpu2] --once drained 0 checkpoint(s); exiting.
[collector wcpu2] --once drained 0 checkpoint(s); exiting.
error    libmamba Could not set lock (Resource temporarily unavailable)
warning  libmamba Cannot lock '/home/r.dinnage/.cache/mamba/proc'
    Waiting for other mamba process to finish
[collector wcpu2] --once drained 0 checkpoint(s); exiting.
[collector wcpu2] --once drained 0 checkpoint(s); exiting.
[collector wcpu2] --once drained 0 checkpoint(s); exiting.
[collector wcpu2] --once drained 0 checkpoint(s); exiting.
[collector wcpu2] --once drained 0 checkpoint(s); exiting.
[collector wcpu2] --once drained 0 checkpoint(s); exiting.
error    libmamba Could not set lock (Resource temporarily unavailable)
warning  libmamba Cannot lock '/home/r.dinnage/.cache/mamba/proc'
    Waiting for other mamba process to finish
[collector wcpu2] --once drained 0 checkpoint(s); exiting.
[collector wcpu2] no probe/val CSV (probe_csv=None, val_csv=None); forward/backward blocks skipped for run_id=plantclef__stable_evo__s42.
[Extractor] block_set='cpu': CPU-only block set ['block_optim', 'block_weights', 'block_trajectory', 'block_circuits'] needs no model forward — skipping probe/Hessian build (no CSV/dataloaders, lower host RAM).
/blue/guralnick/share/r.dinnage/Projects/phenovision/xAI/py/extractor/block_optim.py:258: RuntimeWarning: overflow encountered in cast
  scalars = np.array([lam_max, lam_floor, trace, sum_log, pr, eff_rank, cond, aniso,
[extract] step=3346 SKIP heavy block block_circuits (ordinal=669 basis=step_fallback heavy_every=8)
[extract] step=3346 heavy=FALSE total=178.34s | block_optim=136.88 block_weights=30.21 block_trajectory=0.77
[collector wcpu2] cpu-pass DONE run_id=plantclef__stable_evo__s42 step=3346 blocks_ok=3 t=178.341s (all_passes_complete=False)
[collector wcpu2] --once drained 1 checkpoint(s); exiting.
[cwcpu2] drained 1 checkpoint(s); looping.
[collector wcpu2] --once drained 0 checkpoint(s); exiting.
[collector wcpu2] --once drained 0 checkpoint(s); exiting.
[collector wcpu2] --once drained 0 checkpoint(s); exiting.
[collector wcpu2] --once drained 0 checkpoint(s); exiting.
error    libmamba Could not set lock (Resource temporarily unavailable)
warning  libmamba Cannot lock '/home/r.dinnage/.cache/mamba/proc'
    Waiting for other mamba process to finish
[collector wcpu2] --once drained 0 checkpoint(s); exiting.
[collector wcpu2] --once drained 0 checkpoint(s); exiting.
[collector wcpu2] --once drained 0 checkpoint(s); exiting.
[collector wcpu2] --once drained 0 checkpoint(s); exiting.
[collector wcpu2] --once drained 0 checkpoint(s); exiting.
[collector wcpu2] --once drained 0 checkpoint(s); exiting.
[collector wcpu2] --once drained 0 checkpoint(s); exiting.
[collector wcpu2] --once drained 0 checkpoint(s); exiting.
[collector wcpu2] --once drained 0 checkpoint(s); exiting.
error    libmamba Could not set lock (Resource temporarily unavailable)
warning  libmamba Cannot lock '/home/r.dinnage/.cache/mamba/proc'
    Waiting for other mamba process to finish
[collector wcpu2] --once drained 0 checkpoint(s); exiting.
[collector wcpu2] no probe/val CSV (probe_csv=None, val_csv=None); forward/backward blocks skipped for run_id=plantclef__stable_evo__s42.
[Extractor] block_set='cpu': CPU-only block set ['block_optim', 'block_weights', 'block_trajectory', 'block_circuits'] needs no model forward — skipping probe/Hessian build (no CSV/dataloaders, lower host RAM).
/blue/guralnick/share/r.dinnage/Projects/phenovision/xAI/py/extractor/block_optim.py:258: RuntimeWarning: overflow encountered in cast
  scalars = np.array([lam_max, lam_floor, trace, sum_log, pr, eff_rank, cond, aniso,
[extract] step=3394 SKIP heavy block block_circuits (ordinal=678 basis=step_fallback heavy_every=8)
[extract] step=3394 heavy=FALSE total=179.69s | block_optim=136.24 block_weights=31.30 block_trajectory=0.84
[collector wcpu2] cpu-pass DONE run_id=plantclef__stable_evo__s42 step=3394 blocks_ok=3 t=179.693s (all_passes_complete=False)
[collector wcpu2] --once drained 1 checkpoint(s); exiting.
error    libmamba Could not set lock (Resource temporarily unavailable)
warning  libmamba Cannot lock '/home/r.dinnage/.cache/mamba/proc'
    Waiting for other mamba process to finish
[cwcpu2] drained 1 checkpoint(s); looping.
[collector wcpu2] --once drained 0 checkpoint(s); exiting.
[collector wcpu2] --once drained 0 checkpoint(s); exiting.
error    libmamba Could not set lock (Resource temporarily unavailable)
warning  libmamba Cannot lock '/home/r.dinnage/.cache/mamba/proc'
    Waiting for other mamba process to finish
[collector wcpu2] --once drained 0 checkpoint(s); exiting.
[collector wcpu2] --once drained 0 checkpoint(s); exiting.
[collector wcpu2] --once drained 0 checkpoint(s); exiting.
[collector wcpu2] no probe/val CSV (probe_csv=None, val_csv=None); forward/backward blocks skipped for run_id=plantclef__stable_evo__s42.
[Extractor] block_set='cpu': CPU-only block set ['block_optim', 'block_weights', 'block_trajectory', 'block_circuits'] needs no model forward — skipping probe/Hessian build (no CSV/dataloaders, lower host RAM).
/blue/guralnick/share/r.dinnage/Projects/phenovision/xAI/py/extractor/block_optim.py:258: RuntimeWarning: overflow encountered in cast
  scalars = np.array([lam_max, lam_floor, trace, sum_log, pr, eff_rank, cond, aniso,
[extract] step=3418 SKIP heavy block block_circuits (ordinal=683 basis=step_fallback heavy_every=8)
[extract] step=3418 heavy=FALSE total=184.69s | block_optim=139.63 block_weights=30.42 block_trajectory=0.81
[collector wcpu2] cpu-pass DONE run_id=plantclef__stable_evo__s42 step=3418 blocks_ok=3 t=184.69s (all_passes_complete=False)
[collector wcpu2] --once drained 1 checkpoint(s); exiting.
[cwcpu2] drained 1 checkpoint(s); looping.
[collector wcpu2] --once drained 0 checkpoint(s); exiting.
[collector wcpu2] --once drained 0 checkpoint(s); exiting.
[collector wcpu2] --once drained 0 checkpoint(s); exiting.
[collector wcpu2] --once drained 0 checkpoint(s); exiting.
[collector wcpu2] --once drained 0 checkpoint(s); exiting.
[collector wcpu2] --once drained 0 checkpoint(s); exiting.
[collector wcpu2] --once drained 0 checkpoint(s); exiting.
[collector wcpu2] --once drained 0 checkpoint(s); exiting.
[collector wcpu2] --once drained 0 checkpoint(s); exiting.
[collector wcpu2] --once drained 0 checkpoint(s); exiting.
error    libmamba Could not set lock (Resource temporarily unavailable)
warning  libmamba Cannot lock '/home/r.dinnage/.cache/mamba/proc'
    Waiting for other mamba process to finish
[collector wcpu2] --once drained 0 checkpoint(s); exiting.
error    libmamba Could not set lock (Resource temporarily unavailable)
warning  libmamba Cannot lock '/home/r.dinnage/.cache/mamba/proc'
    Waiting for other mamba process to finish
[collector wcpu2] --once drained 0 checkpoint(s); exiting.
[collector wcpu2] --once drained 0 checkpoint(s); exiting.
[collector wcpu2] --once drained 0 checkpoint(s); exiting.
[collector wcpu2] no probe/val CSV (probe_csv=None, val_csv=None); forward/backward blocks skipped for run_id=plantclef__stable_evo__s42.
[Extractor] block_set='cpu': CPU-only block set ['block_optim', 'block_weights', 'block_trajectory', 'block_circuits'] needs no model forward — skipping probe/Hessian build (no CSV/dataloaders, lower host RAM).
/blue/guralnick/share/r.dinnage/Projects/phenovision/xAI/py/extractor/block_optim.py:258: RuntimeWarning: overflow encountered in cast
  scalars = np.array([lam_max, lam_floor, trace, sum_log, pr, eff_rank, cond, aniso,
[extract] step=3466 SKIP heavy block block_circuits (ordinal=693 basis=step_fallback heavy_every=8)
[extract] step=3466 heavy=FALSE total=180.73s | block_optim=136.65 block_weights=32.12 block_trajectory=0.77
[collector wcpu2] cpu-pass DONE run_id=plantclef__stable_evo__s42 step=3466 blocks_ok=3 t=180.731s (all_passes_complete=False)
[collector wcpu2] --once drained 1 checkpoint(s); exiting.
[cwcpu2] drained 1 checkpoint(s); looping.
[collector wcpu2] --once drained 0 checkpoint(s); exiting.
[collector wcpu2] --once drained 0 checkpoint(s); exiting.
[collector wcpu2] --once drained 0 checkpoint(s); exiting.
[collector wcpu2] --once drained 0 checkpoint(s); exiting.
[collector wcpu2] --once drained 0 checkpoint(s); exiting.
[collector wcpu2] --once drained 0 checkpoint(s); exiting.
error    libmamba Could not set lock (Resource temporarily unavailable)
warning  libmamba Cannot lock '/home/r.dinnage/.cache/mamba/proc'
    Waiting for other mamba process to finish
[collector wcpu2] --once drained 0 checkpoint(s); exiting.
[collector wcpu2] --once drained 0 checkpoint(s); exiting.
[collector wcpu2] --once drained 0 checkpoint(s); exiting.
[collector wcpu2] --once drained 0 checkpoint(s); exiting.
[collector wcpu2] --once drained 0 checkpoint(s); exiting.
[collector wcpu2] --once drained 0 checkpoint(s); exiting.
[collector wcpu2] --once drained 0 checkpoint(s); exiting.
[collector wcpu2] --once drained 0 checkpoint(s); exiting.
[collector wcpu2] --once drained 0 checkpoint(s); exiting.
[collector wcpu2] --once drained 0 checkpoint(s); exiting.
[collector wcpu2] no probe/val CSV (probe_csv=None, val_csv=None); forward/backward blocks skipped for run_id=plantclef__stable_evo__s42.
[Extractor] block_set='cpu': CPU-only block set ['block_optim', 'block_weights', 'block_trajectory', 'block_circuits'] needs no model forward — skipping probe/Hessian build (no CSV/dataloaders, lower host RAM).
/blue/guralnick/share/r.dinnage/Projects/phenovision/xAI/py/extractor/block_optim.py:258: RuntimeWarning: overflow encountered in cast
  scalars = np.array([lam_max, lam_floor, trace, sum_log, pr, eff_rank, cond, aniso,
[extract] step=3514 SKIP heavy block block_circuits (ordinal=702 basis=step_fallback heavy_every=8)
[extract] step=3514 heavy=FALSE total=199.37s | block_optim=148.84 block_weights=36.58 block_trajectory=1.77
[collector wcpu2] cpu-pass DONE run_id=plantclef__stable_evo__s42 step=3514 blocks_ok=3 t=199.37s (all_passes_complete=False)
[collector wcpu2] --once drained 1 checkpoint(s); exiting.
[cwcpu2] drained 1 checkpoint(s); looping.
[collector wcpu2] --once drained 0 checkpoint(s); exiting.
[collector wcpu2] --once drained 0 checkpoint(s); exiting.
[collector wcpu2] --once drained 0 checkpoint(s); exiting.
error    libmamba Could not set lock (Resource temporarily unavailable)
warning  libmamba Cannot lock '/home/r.dinnage/.cache/mamba/proc'
    Waiting for other mamba process to finish
[collector wcpu2] --once drained 0 checkpoint(s); exiting.
[collector wcpu2] --once drained 0 checkpoint(s); exiting.
[collector wcpu2] --once drained 0 checkpoint(s); exiting.
[collector wcpu2] --once drained 0 checkpoint(s); exiting.
error    libmamba Could not set lock (Resource temporarily unavailable)
warning  libmamba Cannot lock '/home/r.dinnage/.cache/mamba/proc'
    Waiting for other mamba process to finish
[collector wcpu2] --once drained 0 checkpoint(s); exiting.
[collector wcpu2] --once drained 0 checkpoint(s); exiting.
[collector wcpu2] --once drained 0 checkpoint(s); exiting.
error    libmamba Could not set lock (Resource temporarily unavailable)
warning  libmamba Cannot lock '/home/r.dinnage/.cache/mamba/proc'
    Waiting for other mamba process to finish
[collector wcpu2] --once drained 0 checkpoint(s); exiting.
[collector wcpu2] --once drained 0 checkpoint(s); exiting.
[collector wcpu2] --once drained 0 checkpoint(s); exiting.
[collector wcpu2] --once drained 0 checkpoint(s); exiting.
[collector wcpu2] --once drained 0 checkpoint(s); exiting.
[collector wcpu2] --once drained 0 checkpoint(s); exiting.
[collector wcpu2] --once drained 0 checkpoint(s); exiting.
[collector wcpu2] --once drained 0 checkpoint(s); exiting.
[collector wcpu2] --once drained 0 checkpoint(s); exiting.
[collector wcpu2] --once drained 0 checkpoint(s); exiting.
[collector wcpu2] --once drained 0 checkpoint(s); exiting.
[collector wcpu2] --once drained 0 checkpoint(s); exiting.
[collector wcpu2] --once drained 0 checkpoint(s); exiting.
[collector wcpu2] --once drained 0 checkpoint(s); exiting.
[collector wcpu2] no probe/val CSV (probe_csv=None, val_csv=None); forward/backward blocks skipped for run_id=plantclef__stable_evo__s42.
[Extractor] block_set='cpu': CPU-only block set ['block_optim', 'block_weights', 'block_trajectory', 'block_circuits'] needs no model forward — skipping probe/Hessian build (no CSV/dataloaders, lower host RAM).
/blue/guralnick/share/r.dinnage/Projects/phenovision/xAI/py/extractor/block_optim.py:258: RuntimeWarning: overflow encountered in cast
  scalars = np.array([lam_max, lam_floor, trace, sum_log, pr, eff_rank, cond, aniso,
[extract] step=3586 SKIP heavy block block_circuits (ordinal=717 basis=step_fallback heavy_every=8)
[extract] step=3586 heavy=FALSE total=189.80s | block_optim=143.31 block_weights=33.86 block_trajectory=0.76
[collector wcpu2] cpu-pass DONE run_id=plantclef__stable_evo__s42 step=3586 blocks_ok=3 t=189.801s (all_passes_complete=False)
[collector wcpu2] --once drained 1 checkpoint(s); exiting.
[cwcpu2] drained 1 checkpoint(s); looping.
[collector wcpu2] --once drained 0 checkpoint(s); exiting.
[collector wcpu2] --once drained 0 checkpoint(s); exiting.
[collector wcpu2] --once drained 0 checkpoint(s); exiting.
error    libmamba Could not set lock (Resource temporarily unavailable)
warning  libmamba Cannot lock '/home/r.dinnage/.cache/mamba/proc'
    Waiting for other mamba process to finish
[collector wcpu2] --once drained 0 checkpoint(s); exiting.
[collector wcpu2] --once drained 0 checkpoint(s); exiting.
[collector wcpu2] --once drained 0 checkpoint(s); exiting.
[collector wcpu2] --once drained 0 checkpoint(s); exiting.
[collector wcpu2] --once drained 0 checkpoint(s); exiting.
[collector wcpu2] --once drained 0 checkpoint(s); exiting.
[collector wcpu2] --once drained 0 checkpoint(s); exiting.
[collector wcpu2] no probe/val CSV (probe_csv=None, val_csv=None); forward/backward blocks skipped for run_id=plantclef__stable_evo__s42.
[Extractor] block_set='cpu': CPU-only block set ['block_optim', 'block_weights', 'block_trajectory', 'block_circuits'] needs no model forward — skipping probe/Hessian build (no CSV/dataloaders, lower host RAM).
/blue/guralnick/share/r.dinnage/Projects/phenovision/xAI/py/extractor/block_optim.py:258: RuntimeWarning: overflow encountered in cast
  scalars = np.array([lam_max, lam_floor, trace, sum_log, pr, eff_rank, cond, aniso,
[extract] step=3622 SKIP heavy block block_circuits (ordinal=724 basis=step_fallback heavy_every=8)
[extract] step=3622 heavy=FALSE total=213.77s | block_optim=154.57 block_weights=43.16 block_trajectory=2.13
[collector wcpu2] cpu-pass DONE run_id=plantclef__stable_evo__s42 step=3622 blocks_ok=3 t=213.77s (all_passes_complete=False)
[collector wcpu2] --once drained 1 checkpoint(s); exiting.
[cwcpu2] drained 1 checkpoint(s); looping.
[collector wcpu2] --once drained 0 checkpoint(s); exiting.
[collector wcpu2] --once drained 0 checkpoint(s); exiting.
[collector wcpu2] --once drained 0 checkpoint(s); exiting.
[collector wcpu2] --once drained 0 checkpoint(s); exiting.
[collector wcpu2] --once drained 0 checkpoint(s); exiting.
[collector wcpu2] --once drained 0 checkpoint(s); exiting.
[collector wcpu2] --once drained 0 checkpoint(s); exiting.
[collector wcpu2] --once drained 0 checkpoint(s); exiting.
[collector wcpu2] --once drained 0 checkpoint(s); exiting.
[collector wcpu2] --once drained 0 checkpoint(s); exiting.
[collector wcpu2] --once drained 0 checkpoint(s); exiting.
[collector wcpu2] --once drained 0 checkpoint(s); exiting.
[collector wcpu2] --once drained 0 checkpoint(s); exiting.
[collector wcpu2] --once drained 0 checkpoint(s); exiting.
error    libmamba Could not set lock (Resource temporarily unavailable)
warning  libmamba Cannot lock '/home/r.dinnage/.cache/mamba/proc'
    Waiting for other mamba process to finish
[collector wcpu2] --once drained 0 checkpoint(s); exiting.
[collector wcpu2] --once drained 0 checkpoint(s); exiting.
[collector wcpu2] --once drained 0 checkpoint(s); exiting.
[collector wcpu2] --once drained 0 checkpoint(s); exiting.
[collector wcpu2] --once drained 0 checkpoint(s); exiting.
[collector wcpu2] --once drained 0 checkpoint(s); exiting.
error    libmamba Could not set lock (Resource temporarily unavailable)
warning  libmamba Cannot lock '/home/r.dinnage/.cache/mamba/proc'
    Waiting for other mamba process to finish
[collector wcpu2] --once drained 0 checkpoint(s); exiting.
[collector wcpu2] --once drained 0 checkpoint(s); exiting.
[collector wcpu2] --once drained 0 checkpoint(s); exiting.
[collector wcpu2] --once drained 0 checkpoint(s); exiting.
error    libmamba Could not set lock (Resource temporarily unavailable)
warning  libmamba Cannot lock '/home/r.dinnage/.cache/mamba/proc'
    Waiting for other mamba process to finish
[collector wcpu2] --once drained 0 checkpoint(s); exiting.
error    libmamba Could not set lock (Resource temporarily unavailable)
warning  libmamba Cannot lock '/home/r.dinnage/.cache/mamba/proc'
    Waiting for other mamba process to finish
[collector wcpu2] --once drained 0 checkpoint(s); exiting.
error    libmamba Could not set lock (Resource temporarily unavailable)
warning  libmamba Cannot lock '/home/r.dinnage/.cache/mamba/proc'
    Waiting for other mamba process to finish
[collector wcpu2] --once drained 0 checkpoint(s); exiting.
[collector wcpu2] --once drained 0 checkpoint(s); exiting.
error    libmamba Could not set lock (Resource temporarily unavailable)
warning  libmamba Cannot lock '/home/r.dinnage/.cache/mamba/proc'
    Waiting for other mamba process to finish
[collector wcpu2] --once drained 0 checkpoint(s); exiting.
error    libmamba Could not set lock (Resource temporarily unavailable)
warning  libmamba Cannot lock '/home/r.dinnage/.cache/mamba/proc'
    Waiting for other mamba process to finish
[collector wcpu2] --once drained 0 checkpoint(s); exiting.
error    libmamba Could not set lock (Resource temporarily unavailable)
warning  libmamba Cannot lock '/home/r.dinnage/.cache/mamba/proc'
    Waiting for other mamba process to finish
[collector wcpu2] --once drained 0 checkpoint(s); exiting.
error    libmamba Could not set lock (Resource temporarily unavailable)
warning  libmamba Cannot lock '/home/r.dinnage/.cache/mamba/proc'
    Waiting for other mamba process to finish
[collector wcpu2] --once drained 0 checkpoint(s); exiting.
error    libmamba Could not set lock (Resource temporarily unavailable)
warning  libmamba Cannot lock '/home/r.dinnage/.cache/mamba/proc'
    Waiting for other mamba process to finish
[collector wcpu2] --once drained 0 checkpoint(s); exiting.
error    libmamba Could not set lock (Resource temporarily unavailable)
warning  libmamba Cannot lock '/home/r.dinnage/.cache/mamba/proc'
    Waiting for other mamba process to finish
[collector wcpu2] --once drained 0 checkpoint(s); exiting.
error    libmamba Could not set lock (Resource temporarily unavailable)
warning  libmamba Cannot lock '/home/r.dinnage/.cache/mamba/proc'
    Waiting for other mamba process to finish
[collector wcpu2] --once drained 0 checkpoint(s); exiting.
error    libmamba Could not set lock (Resource temporarily unavailable)
warning  libmamba Cannot lock '/home/r.dinnage/.cache/mamba/proc'
    Waiting for other mamba process to finish
[collector wcpu2] --once drained 0 checkpoint(s); exiting.
[collector wcpu2] --once drained 0 checkpoint(s); exiting.
[collector wcpu2] --once drained 0 checkpoint(s); exiting.
[collector wcpu2] --once drained 0 checkpoint(s); exiting.
[collector wcpu2] no probe/val CSV (probe_csv=None, val_csv=None); forward/backward blocks skipped for run_id=plantclef__stable_evo__s42.
[Extractor] block_set='cpu': CPU-only block set ['block_optim', 'block_weights', 'block_trajectory', 'block_circuits'] needs no model forward — skipping probe/Hessian build (no CSV/dataloaders, lower host RAM).
/blue/guralnick/share/r.dinnage/Projects/phenovision/xAI/py/extractor/block_optim.py:258: RuntimeWarning: overflow encountered in cast
  scalars = np.array([lam_max, lam_floor, trace, sum_log, pr, eff_rank, cond, aniso,
[extract] step=3720 heavy=TRUE total=181.37s | block_optim=130.33 block_weights=34.72 block_trajectory=1.26 block_circuits=4.27
[collector wcpu2] cpu-pass DONE run_id=plantclef__stable_evo__s42 step=3720 blocks_ok=4 t=181.368s (all_passes_complete=False)
[collector wcpu2] --once drained 1 checkpoint(s); exiting.
[cwcpu2] drained 1 checkpoint(s); looping.
[collector wcpu2] --once drained 0 checkpoint(s); exiting.
[collector wcpu2] --once drained 0 checkpoint(s); exiting.
[collector wcpu2] --once drained 0 checkpoint(s); exiting.
[collector wcpu2] --once drained 0 checkpoint(s); exiting.
[collector wcpu2] --once drained 0 checkpoint(s); exiting.
[collector wcpu2] --once drained 0 checkpoint(s); exiting.
[collector wcpu2] --once drained 0 checkpoint(s); exiting.
error    libmamba Could not set lock (Resource temporarily unavailable)
warning  libmamba Cannot lock '/home/r.dinnage/.cache/mamba/proc'
    Waiting for other mamba process to finish
[collector wcpu2] --once drained 0 checkpoint(s); exiting.
[collector wcpu2] --once drained 0 checkpoint(s); exiting.
error    libmamba Could not set lock (Resource temporarily unavailable)
warning  libmamba Cannot lock '/home/r.dinnage/.cache/mamba/proc'
    Waiting for other mamba process to finish
[collector wcpu2] --once drained 0 checkpoint(s); exiting.
[collector wcpu2] --once drained 0 checkpoint(s); exiting.
[collector wcpu2] --once drained 0 checkpoint(s); exiting.
[collector wcpu2] --once drained 0 checkpoint(s); exiting.
error    libmamba Could not set lock (Resource temporarily unavailable)
warning  libmamba Cannot lock '/home/r.dinnage/.cache/mamba/proc'
    Waiting for other mamba process to finish
[collector wcpu2] --once drained 0 checkpoint(s); exiting.
error    libmamba Could not set lock (Resource temporarily unavailable)
warning  libmamba Cannot lock '/home/r.dinnage/.cache/mamba/proc'
    Waiting for other mamba process to finish
[collector wcpu2] --once drained 0 checkpoint(s); exiting.
error    libmamba Could not set lock (Resource temporarily unavailable)
warning  libmamba Cannot lock '/home/r.dinnage/.cache/mamba/proc'
    Waiting for other mamba process to finish
[collector wcpu2] --once drained 0 checkpoint(s); exiting.
error    libmamba Could not set lock (Resource temporarily unavailable)
warning  libmamba Cannot lock '/home/r.dinnage/.cache/mamba/proc'
    Waiting for other mamba process to finish
[collector wcpu2] --once drained 0 checkpoint(s); exiting.
error    libmamba Could not set lock (Resource temporarily unavailable)
warning  libmamba Cannot lock '/home/r.dinnage/.cache/mamba/proc'
    Waiting for other mamba process to finish
[collector wcpu2] --once drained 0 checkpoint(s); exiting.
error    libmamba Could not set lock (Resource temporarily unavailable)
warning  libmamba Cannot lock '/home/r.dinnage/.cache/mamba/proc'
    Waiting for other mamba process to finish
[collector wcpu2] --once drained 0 checkpoint(s); exiting.
[collector wcpu2] --once drained 0 checkpoint(s); exiting.
[collector wcpu2] no probe/val CSV (probe_csv=None, val_csv=None); forward/backward blocks skipped for run_id=plantclef__stable_evo__s42.
[Extractor] block_set='cpu': CPU-only block set ['block_optim', 'block_weights', 'block_trajectory', 'block_circuits'] needs no model forward — skipping probe/Hessian build (no CSV/dataloaders, lower host RAM).
/blue/guralnick/share/r.dinnage/Projects/phenovision/xAI/py/extractor/block_optim.py:258: RuntimeWarning: overflow encountered in cast
  scalars = np.array([lam_max, lam_floor, trace, sum_log, pr, eff_rank, cond, aniso,
[extract] step=3780 SKIP heavy block block_circuits (ordinal=756 basis=step_fallback heavy_every=8)
[extract] step=3780 heavy=FALSE total=176.86s | block_optim=130.88 block_weights=33.62 block_trajectory=1.60
[collector wcpu2] cpu-pass DONE run_id=plantclef__stable_evo__s42 step=3780 blocks_ok=3 t=176.865s (all_passes_complete=False)
[collector wcpu2] --once drained 1 checkpoint(s); exiting.
[cwcpu2] drained 1 checkpoint(s); looping.
[collector wcpu2] --once drained 0 checkpoint(s); exiting.
[collector wcpu2] --once drained 0 checkpoint(s); exiting.
warning  libmamba failed to open /home/r.dinnage/.cache/mamba/proc/2457887.json
[collector wcpu2] --once drained 0 checkpoint(s); exiting.
[collector wcpu2] --once drained 0 checkpoint(s); exiting.
[collector wcpu2] --once drained 0 checkpoint(s); exiting.
[collector wcpu2] --once drained 0 checkpoint(s); exiting.
[collector wcpu2] --once drained 0 checkpoint(s); exiting.
[collector wcpu2] --once drained 0 checkpoint(s); exiting.
[collector wcpu2] --once drained 0 checkpoint(s); exiting.
[collector wcpu2] --once drained 0 checkpoint(s); exiting.
[collector wcpu2] --once drained 0 checkpoint(s); exiting.
[collector wcpu2] --once drained 0 checkpoint(s); exiting.
[collector wcpu2] --once drained 0 checkpoint(s); exiting.
[collector wcpu2] --once drained 0 checkpoint(s); exiting.
[collector wcpu2] --once drained 0 checkpoint(s); exiting.
[collector wcpu2] --once drained 0 checkpoint(s); exiting.
[collector wcpu2] no probe/val CSV (probe_csv=None, val_csv=None); forward/backward blocks skipped for run_id=plantclef__stable_evo__s42.
[Extractor] block_set='cpu': CPU-only block set ['block_optim', 'block_weights', 'block_trajectory', 'block_circuits'] needs no model forward — skipping probe/Hessian build (no CSV/dataloaders, lower host RAM).
/blue/guralnick/share/r.dinnage/Projects/phenovision/xAI/py/extractor/block_optim.py:258: RuntimeWarning: overflow encountered in cast
  scalars = np.array([lam_max, lam_floor, trace, sum_log, pr, eff_rank, cond, aniso,
[extract] step=3828 SKIP heavy block block_circuits (ordinal=765 basis=step_fallback heavy_every=8)
[extract] step=3828 heavy=FALSE total=244.46s | block_optim=173.21 block_weights=58.23 block_trajectory=1.03
[collector wcpu2] cpu-pass DONE run_id=plantclef__stable_evo__s42 step=3828 blocks_ok=3 t=244.461s (all_passes_complete=False)
[collector wcpu2] --once drained 1 checkpoint(s); exiting.
[cwcpu2] drained 1 checkpoint(s); looping.
[collector wcpu2] --once drained 0 checkpoint(s); exiting.
[collector wcpu2] --once drained 0 checkpoint(s); exiting.
[collector wcpu2] --once drained 0 checkpoint(s); exiting.
[collector wcpu2] --once drained 0 checkpoint(s); exiting.
[collector wcpu2] --once drained 0 checkpoint(s); exiting.
[collector wcpu2] --once drained 0 checkpoint(s); exiting.
[collector wcpu2] --once drained 0 checkpoint(s); exiting.
[collector wcpu2] --once drained 0 checkpoint(s); exiting.
[collector wcpu2] --once drained 0 checkpoint(s); exiting.
[collector wcpu2] --once drained 0 checkpoint(s); exiting.
[collector wcpu2] --once drained 0 checkpoint(s); exiting.
[collector wcpu2] --once drained 0 checkpoint(s); exiting.
[collector wcpu2] --once drained 0 checkpoint(s); exiting.
[collector wcpu2] --once drained 0 checkpoint(s); exiting.
[collector wcpu2] --once drained 0 checkpoint(s); exiting.
error    libmamba Could not set lock (Resource temporarily unavailable)
warning  libmamba Cannot lock '/home/r.dinnage/.cache/mamba/proc'
    Waiting for other mamba process to finish
[collector wcpu2] --once drained 0 checkpoint(s); exiting.
error    libmamba Could not set lock (Resource temporarily unavailable)
warning  libmamba Cannot lock '/home/r.dinnage/.cache/mamba/proc'
    Waiting for other mamba process to finish
[collector wcpu2] --once drained 0 checkpoint(s); exiting.
[collector wcpu2] --once drained 0 checkpoint(s); exiting.
[collector wcpu2] --once drained 0 checkpoint(s); exiting.
error    libmamba Could not set lock (Resource temporarily unavailable)
warning  libmamba Cannot lock '/home/r.dinnage/.cache/mamba/proc'
    Waiting for other mamba process to finish
error    libmamba Could not set lock (Resource temporarily unavailable)
warning  libmamba Cannot lock '/home/r.dinnage/.cache/mamba/proc'
    Waiting for other mamba process to finish
[collector wcpu2] --once drained 0 checkpoint(s); exiting.
error    libmamba Could not set lock (Resource temporarily unavailable)
warning  libmamba Cannot lock '/home/r.dinnage/.cache/mamba/proc'
    Waiting for other mamba process to finish
[collector wcpu2] --once drained 0 checkpoint(s); exiting.
[collector wcpu2] --once drained 0 checkpoint(s); exiting.
[collector wcpu2] --once drained 0 checkpoint(s); exiting.
[collector wcpu2] --once drained 0 checkpoint(s); exiting.
[collector wcpu2] --once drained 0 checkpoint(s); exiting.
[collector wcpu2] --once drained 0 checkpoint(s); exiting.
[collector wcpu2] no probe/val CSV (probe_csv=None, val_csv=None); forward/backward blocks skipped for run_id=plantclef__stable_evo__s42.
[Extractor] block_set='cpu': CPU-only block set ['block_optim', 'block_weights', 'block_trajectory', 'block_circuits'] needs no model forward — skipping probe/Hessian build (no CSV/dataloaders, lower host RAM).
/blue/guralnick/share/r.dinnage/Projects/phenovision/xAI/py/extractor/block_optim.py:258: RuntimeWarning: overflow encountered in cast
  scalars = np.array([lam_max, lam_floor, trace, sum_log, pr, eff_rank, cond, aniso,
[extract] step=3902 SKIP heavy block block_circuits (ordinal=780 basis=step_fallback heavy_every=8)
[extract] step=3902 heavy=FALSE total=215.68s | block_optim=152.88 block_weights=46.42 block_trajectory=1.80
[collector wcpu2] cpu-pass DONE run_id=plantclef__stable_evo__s42 step=3902 blocks_ok=3 t=215.677s (all_passes_complete=False)
[collector wcpu2] --once drained 1 checkpoint(s); exiting.
[cwcpu2] drained 1 checkpoint(s); looping.
[collector wcpu2] --once drained 0 checkpoint(s); exiting.
[collector wcpu2] --once drained 0 checkpoint(s); exiting.
[collector wcpu2] --once drained 0 checkpoint(s); exiting.
[collector wcpu2] --once drained 0 checkpoint(s); exiting.
[collector wcpu2] --once drained 0 checkpoint(s); exiting.
[collector wcpu2] --once drained 0 checkpoint(s); exiting.
[collector wcpu2] --once drained 0 checkpoint(s); exiting.
error    libmamba Could not set lock (Resource temporarily unavailable)
warning  libmamba Cannot lock '/home/r.dinnage/.cache/mamba/proc'
    Waiting for other mamba process to finish
[collector wcpu2] --once drained 0 checkpoint(s); exiting.
[collector wcpu2] --once drained 0 checkpoint(s); exiting.
[collector wcpu2] --once drained 0 checkpoint(s); exiting.
[collector wcpu2] --once drained 0 checkpoint(s); exiting.
[collector wcpu2] --once drained 0 checkpoint(s); exiting.
[collector wcpu2] --once drained 0 checkpoint(s); exiting.
[collector wcpu2] --once drained 0 checkpoint(s); exiting.
[collector wcpu2] --once drained 0 checkpoint(s); exiting.
[collector wcpu2] --once drained 0 checkpoint(s); exiting.
[collector wcpu2] --once drained 0 checkpoint(s); exiting.
[collector wcpu2] --once drained 0 checkpoint(s); exiting.
[collector wcpu2] --once drained 0 checkpoint(s); exiting.
[collector wcpu2] --once drained 0 checkpoint(s); exiting.
[collector wcpu2] --once drained 0 checkpoint(s); exiting.
error    libmamba Could not set lock (Resource temporarily unavailable)
warning  libmamba Cannot lock '/home/r.dinnage/.cache/mamba/proc'
    Waiting for other mamba process to finish
[collector wcpu2] --once drained 0 checkpoint(s); exiting.
[collector wcpu2] --once drained 0 checkpoint(s); exiting.
[collector wcpu2] --once drained 0 checkpoint(s); exiting.
[collector wcpu2] --once drained 0 checkpoint(s); exiting.
[collector wcpu2] --once drained 0 checkpoint(s); exiting.
[collector wcpu2] --once drained 0 checkpoint(s); exiting.
error    libmamba Could not set lock (Resource temporarily unavailable)
warning  libmamba Cannot lock '/home/r.dinnage/.cache/mamba/proc'
    Waiting for other mamba process to finish
[collector wcpu2] --once drained 0 checkpoint(s); exiting.
error    libmamba Could not set lock (Resource temporarily unavailable)
warning  libmamba Cannot lock '/home/r.dinnage/.cache/mamba/proc'
    Waiting for other mamba process to finish
[collector wcpu2] --once drained 0 checkpoint(s); exiting.
error    libmamba Could not set lock (Resource temporarily unavailable)
warning  libmamba Cannot lock '/home/r.dinnage/.cache/mamba/proc'
    Waiting for other mamba process to finish
[collector wcpu2] --once drained 0 checkpoint(s); exiting.
[collector wcpu2] --once drained 0 checkpoint(s); exiting.
[collector wcpu2] --once drained 0 checkpoint(s); exiting.
error    libmamba Could not set lock (Resource temporarily unavailable)
warning  libmamba Cannot lock '/home/r.dinnage/.cache/mamba/proc'
    Waiting for other mamba process to finish
[collector wcpu2] --once drained 0 checkpoint(s); exiting.
[collector wcpu2] --once drained 0 checkpoint(s); exiting.
[collector wcpu2] --once drained 0 checkpoint(s); exiting.
[collector wcpu2] --once drained 0 checkpoint(s); exiting.
error    libmamba Could not set lock (Resource temporarily unavailable)
warning  libmamba Cannot lock '/home/r.dinnage/.cache/mamba/proc'
    Waiting for other mamba process to finish
[collector wcpu2] --once drained 0 checkpoint(s); exiting.
error    libmamba Could not set lock (Resource temporarily unavailable)
warning  libmamba Cannot lock '/home/r.dinnage/.cache/mamba/proc'
    Waiting for other mamba process to finish
[collector wcpu2] --once drained 0 checkpoint(s); exiting.
[collector wcpu2] --once drained 0 checkpoint(s); exiting.
[collector wcpu2] --once drained 0 checkpoint(s); exiting.
[collector wcpu2] --once drained 0 checkpoint(s); exiting.
[collector wcpu2] --once drained 0 checkpoint(s); exiting.
[collector wcpu2] --once drained 0 checkpoint(s); exiting.
[collector wcpu2] --once drained 0 checkpoint(s); exiting.
[collector wcpu2] --once drained 0 checkpoint(s); exiting.
[collector wcpu2] --once drained 0 checkpoint(s); exiting.
[collector wcpu2] --once drained 0 checkpoint(s); exiting.
[collector wcpu2] no probe/val CSV (probe_csv=None, val_csv=None); forward/backward blocks skipped for run_id=plantclef__stable_evo__s42.
[Extractor] block_set='cpu': CPU-only block set ['block_optim', 'block_weights', 'block_trajectory', 'block_circuits'] needs no model forward — skipping probe/Hessian build (no CSV/dataloaders, lower host RAM).
/blue/guralnick/share/r.dinnage/Projects/phenovision/xAI/py/extractor/block_optim.py:258: RuntimeWarning: overflow encountered in cast
  scalars = np.array([lam_max, lam_floor, trace, sum_log, pr, eff_rank, cond, aniso,
[extract] step=4022 SKIP heavy block block_circuits (ordinal=804 basis=step_fallback heavy_every=8)
[extract] step=4022 heavy=FALSE total=196.52s | block_optim=149.24 block_weights=31.59 block_trajectory=1.16
[collector wcpu2] cpu-pass DONE run_id=plantclef__stable_evo__s42 step=4022 blocks_ok=3 t=196.525s (all_passes_complete=False)
[collector wcpu2] --once drained 1 checkpoint(s); exiting.
[cwcpu2] drained 1 checkpoint(s); looping.
[collector wcpu2] --once drained 0 checkpoint(s); exiting.
[collector wcpu2] --once drained 0 checkpoint(s); exiting.
[collector wcpu2] no probe/val CSV (probe_csv=None, val_csv=None); forward/backward blocks skipped for run_id=plantclef__stable_evo__s42.
[Extractor] block_set='cpu': CPU-only block set ['block_optim', 'block_weights', 'block_trajectory', 'block_circuits'] needs no model forward — skipping probe/Hessian build (no CSV/dataloaders, lower host RAM).
/blue/guralnick/share/r.dinnage/Projects/phenovision/xAI/py/extractor/block_optim.py:258: RuntimeWarning: overflow encountered in cast
  scalars = np.array([lam_max, lam_floor, trace, sum_log, pr, eff_rank, cond, aniso,
[extract] step=4046 SKIP heavy block block_circuits (ordinal=809 basis=step_fallback heavy_every=8)
[extract] step=4046 heavy=FALSE total=196.03s | block_optim=151.68 block_weights=29.98 block_trajectory=1.05
[collector wcpu2] cpu-pass DONE run_id=plantclef__stable_evo__s42 step=4046 blocks_ok=3 t=196.03s (all_passes_complete=False)
[collector wcpu2] --once drained 1 checkpoint(s); exiting.
[cwcpu2] drained 1 checkpoint(s); looping.
[collector wcpu2] --once drained 0 checkpoint(s); exiting.
[collector wcpu2] --once drained 0 checkpoint(s); exiting.
[collector wcpu2] --once drained 0 checkpoint(s); exiting.
[collector wcpu2] --once drained 0 checkpoint(s); exiting.
[collector wcpu2] --once drained 0 checkpoint(s); exiting.
[collector wcpu2] --once drained 0 checkpoint(s); exiting.
[collector wcpu2] --once drained 0 checkpoint(s); exiting.
[collector wcpu2] --once drained 0 checkpoint(s); exiting.
[collector wcpu2] no probe/val CSV (probe_csv=None, val_csv=None); forward/backward blocks skipped for run_id=plantclef__stable_evo__s42.
[Extractor] block_set='cpu': CPU-only block set ['block_optim', 'block_weights', 'block_trajectory', 'block_circuits'] needs no model forward — skipping probe/Hessian build (no CSV/dataloaders, lower host RAM).
/blue/guralnick/share/r.dinnage/Projects/phenovision/xAI/py/extractor/block_optim.py:258: RuntimeWarning: overflow encountered in cast
  scalars = np.array([lam_max, lam_floor, trace, sum_log, pr, eff_rank, cond, aniso,
[extract] step=4082 heavy=TRUE total=209.31s | block_optim=150.08 block_weights=35.18 block_trajectory=1.50 block_circuits=6.61
[collector wcpu2] cpu-pass DONE run_id=plantclef__stable_evo__s42 step=4082 blocks_ok=4 t=209.305s (all_passes_complete=False)
[collector wcpu2] --once drained 1 checkpoint(s); exiting.
[cwcpu2] drained 1 checkpoint(s); looping.
[collector wcpu2] --once drained 0 checkpoint(s); exiting.
[collector wcpu2] --once drained 0 checkpoint(s); exiting.
error    libmamba Could not set lock (Resource temporarily unavailable)
warning  libmamba Cannot lock '/home/r.dinnage/.cache/mamba/proc'
    Waiting for other mamba process to finish
[collector wcpu2] --once drained 0 checkpoint(s); exiting.
[collector wcpu2] --once drained 0 checkpoint(s); exiting.
[collector wcpu2] --once drained 0 checkpoint(s); exiting.
[collector wcpu2] --once drained 0 checkpoint(s); exiting.
[collector wcpu2] --once drained 0 checkpoint(s); exiting.
[collector wcpu2] --once drained 0 checkpoint(s); exiting.
[collector wcpu2] --once drained 0 checkpoint(s); exiting.
[collector wcpu2] no probe/val CSV (probe_csv=None, val_csv=None); forward/backward blocks skipped for run_id=plantclef__stable_evo__s42.
[Extractor] block_set='cpu': CPU-only block set ['block_optim', 'block_weights', 'block_trajectory', 'block_circuits'] needs no model forward — skipping probe/Hessian build (no CSV/dataloaders, lower host RAM).
/blue/guralnick/share/r.dinnage/Projects/phenovision/xAI/py/extractor/block_optim.py:258: RuntimeWarning: overflow encountered in cast
  scalars = np.array([lam_max, lam_floor, trace, sum_log, pr, eff_rank, cond, aniso,
[extract] step=4118 SKIP heavy block block_circuits (ordinal=823 basis=step_fallback heavy_every=8)
[extract] step=4118 heavy=FALSE total=183.04s | block_optim=137.21 block_weights=33.20 block_trajectory=1.07
[collector wcpu2] cpu-pass DONE run_id=plantclef__stable_evo__s42 step=4118 blocks_ok=3 t=183.038s (all_passes_complete=False)
[collector wcpu2] --once drained 1 checkpoint(s); exiting.
[cwcpu2] drained 1 checkpoint(s); looping.
[collector wcpu2] --once drained 0 checkpoint(s); exiting.
[collector wcpu2] --once drained 0 checkpoint(s); exiting.
[collector wcpu2] --once drained 0 checkpoint(s); exiting.
[collector wcpu2] --once drained 0 checkpoint(s); exiting.
[collector wcpu2] --once drained 0 checkpoint(s); exiting.
[collector wcpu2] --once drained 0 checkpoint(s); exiting.
[collector wcpu2] --once drained 0 checkpoint(s); exiting.
[collector wcpu2] --once drained 0 checkpoint(s); exiting.
[collector wcpu2] --once drained 0 checkpoint(s); exiting.
error    libmamba Could not set lock (Resource temporarily unavailable)
warning  libmamba Cannot lock '/home/r.dinnage/.cache/mamba/proc'
    Waiting for other mamba process to finish
[collector wcpu2] --once drained 0 checkpoint(s); exiting.
[collector wcpu2] --once drained 0 checkpoint(s); exiting.
[collector wcpu2] --once drained 0 checkpoint(s); exiting.
[collector wcpu2] --once drained 0 checkpoint(s); exiting.
error    libmamba Could not set lock (Resource temporarily unavailable)
warning  libmamba Cannot lock '/home/r.dinnage/.cache/mamba/proc'
    Waiting for other mamba process to finish
[collector wcpu2] --once drained 0 checkpoint(s); exiting.
[collector wcpu2] no probe/val CSV (probe_csv=None, val_csv=None); forward/backward blocks skipped for run_id=plantclef__stable_evo__s42.
[Extractor] block_set='cpu': CPU-only block set ['block_optim', 'block_weights', 'block_trajectory', 'block_circuits'] needs no model forward — skipping probe/Hessian build (no CSV/dataloaders, lower host RAM).
/blue/guralnick/share/r.dinnage/Projects/phenovision/xAI/py/extractor/block_optim.py:258: RuntimeWarning: overflow encountered in cast
  scalars = np.array([lam_max, lam_floor, trace, sum_log, pr, eff_rank, cond, aniso,
[extract] step=4166 SKIP heavy block block_circuits (ordinal=833 basis=step_fallback heavy_every=8)
[extract] step=4166 heavy=FALSE total=184.23s | block_optim=140.34 block_weights=31.05 block_trajectory=1.06
[collector wcpu2] cpu-pass DONE run_id=plantclef__stable_evo__s42 step=4166 blocks_ok=3 t=184.234s (all_passes_complete=False)
[collector wcpu2] --once drained 1 checkpoint(s); exiting.
[cwcpu2] drained 1 checkpoint(s); looping.
[collector wcpu2] --once drained 0 checkpoint(s); exiting.
error    libmamba Could not set lock (Resource temporarily unavailable)
warning  libmamba Cannot lock '/home/r.dinnage/.cache/mamba/proc'
    Waiting for other mamba process to finish
[collector wcpu2] --once drained 0 checkpoint(s); exiting.
[collector wcpu2] --once drained 0 checkpoint(s); exiting.
[collector wcpu2] --once drained 0 checkpoint(s); exiting.
[collector wcpu2] --once drained 0 checkpoint(s); exiting.
[collector wcpu2] --once drained 0 checkpoint(s); exiting.
[collector wcpu2] --once drained 0 checkpoint(s); exiting.
[collector wcpu2] --once drained 0 checkpoint(s); exiting.
[collector wcpu2] --once drained 0 checkpoint(s); exiting.
[collector wcpu2] --once drained 0 checkpoint(s); exiting.
[collector wcpu2] --once drained 0 checkpoint(s); exiting.
[collector wcpu2] --once drained 0 checkpoint(s); exiting.
[collector wcpu2] --once drained 0 checkpoint(s); exiting.
[collector wcpu2] --once drained 0 checkpoint(s); exiting.
[collector wcpu2] --once drained 0 checkpoint(s); exiting.
[collector wcpu2] --once drained 0 checkpoint(s); exiting.
error    libmamba Could not set lock (Resource temporarily unavailable)
warning  libmamba Cannot lock '/home/r.dinnage/.cache/mamba/proc'
    Waiting for other mamba process to finish
[collector wcpu2] --once drained 0 checkpoint(s); exiting.
error    libmamba Could not set lock (Resource temporarily unavailable)
warning  libmamba Cannot lock '/home/r.dinnage/.cache/mamba/proc'
    Waiting for other mamba process to finish
[collector wcpu2] --once drained 0 checkpoint(s); exiting.
[collector wcpu2] --once drained 0 checkpoint(s); exiting.
[collector wcpu2] --once drained 0 checkpoint(s); exiting.
[collector wcpu2] --once drained 0 checkpoint(s); exiting.
[collector wcpu2] --once drained 0 checkpoint(s); exiting.
[collector wcpu2] --once drained 0 checkpoint(s); exiting.
[collector wcpu2] --once drained 0 checkpoint(s); exiting.
[collector wcpu2] --once drained 0 checkpoint(s); exiting.
[collector wcpu2] --once drained 0 checkpoint(s); exiting.
[collector wcpu2] --once drained 0 checkpoint(s); exiting.
[collector wcpu2] --once drained 0 checkpoint(s); exiting.
[collector wcpu2] --once drained 0 checkpoint(s); exiting.
[collector wcpu2] --once drained 0 checkpoint(s); exiting.
[collector wcpu2] --once drained 0 checkpoint(s); exiting.
[collector wcpu2] --once drained 0 checkpoint(s); exiting.
[collector wcpu2] --once drained 0 checkpoint(s); exiting.
[collector wcpu2] --once drained 0 checkpoint(s); exiting.
[collector wcpu2] --once drained 0 checkpoint(s); exiting.
[collector wcpu2] --once drained 0 checkpoint(s); exiting.
[collector wcpu2] --once drained 0 checkpoint(s); exiting.
[collector wcpu2] --once drained 0 checkpoint(s); exiting.
[collector wcpu2] --once drained 0 checkpoint(s); exiting.
[collector wcpu2] --once drained 0 checkpoint(s); exiting.
[collector wcpu2] --once drained 0 checkpoint(s); exiting.
[collector wcpu2] --once drained 0 checkpoint(s); exiting.
[collector wcpu2] --once drained 0 checkpoint(s); exiting.
[collector wcpu2] --once drained 0 checkpoint(s); exiting.
[collector wcpu2] --once drained 0 checkpoint(s); exiting.
[collector wcpu2] --once drained 0 checkpoint(s); exiting.
error    libmamba Could not set lock (Resource temporarily unavailable)
warning  libmamba Cannot lock '/home/r.dinnage/.cache/mamba/proc'
    Waiting for other mamba process to finish
[collector wcpu2] --once drained 0 checkpoint(s); exiting.
[collector wcpu2] --once drained 0 checkpoint(s); exiting.
[collector wcpu2] --once drained 0 checkpoint(s); exiting.
[collector wcpu2] --once drained 0 checkpoint(s); exiting.
error    libmamba Could not set lock (Resource temporarily unavailable)
warning  libmamba Cannot lock '/home/r.dinnage/.cache/mamba/proc'
    Waiting for other mamba process to finish
[collector wcpu2] --once drained 0 checkpoint(s); exiting.
[collector wcpu2] --once drained 0 checkpoint(s); exiting.
[collector wcpu2] --once drained 0 checkpoint(s); exiting.
[collector wcpu2] --once drained 0 checkpoint(s); exiting.
error    libmamba Could not set lock (Resource temporarily unavailable)
warning  libmamba Cannot lock '/home/r.dinnage/.cache/mamba/proc'
    Waiting for other mamba process to finish
[collector wcpu2] --once drained 0 checkpoint(s); exiting.
error    libmamba Could not set lock (Resource temporarily unavailable)
warning  libmamba Cannot lock '/home/r.dinnage/.cache/mamba/proc'
    Waiting for other mamba process to finish
[collector wcpu2] --once drained 0 checkpoint(s); exiting.
error    libmamba Could not set lock (Resource temporarily unavailable)
warning  libmamba Cannot lock '/home/r.dinnage/.cache/mamba/proc'
    Waiting for other mamba process to finish
[collector wcpu2] --once drained 0 checkpoint(s); exiting.
[collector wcpu2] --once drained 0 checkpoint(s); exiting.
[collector wcpu2] --once drained 0 checkpoint(s); exiting.
error    libmamba Could not set lock (Resource temporarily unavailable)
warning  libmamba Cannot lock '/home/r.dinnage/.cache/mamba/proc'
    Waiting for other mamba process to finish
[collector wcpu2] --once drained 0 checkpoint(s); exiting.
[collector wcpu2] --once drained 0 checkpoint(s); exiting.
[collector wcpu2] --once drained 0 checkpoint(s); exiting.
[collector wcpu2] --once drained 0 checkpoint(s); exiting.
error    libmamba Could not set lock (Resource temporarily unavailable)
warning  libmamba Cannot lock '/home/r.dinnage/.cache/mamba/proc'
    Waiting for other mamba process to finish
[collector wcpu2] --once drained 0 checkpoint(s); exiting.
[collector wcpu2] --once drained 0 checkpoint(s); exiting.
[collector wcpu2] --once drained 0 checkpoint(s); exiting.
[collector wcpu2] --once drained 0 checkpoint(s); exiting.
[collector wcpu2] --once drained 0 checkpoint(s); exiting.
[collector wcpu2] --once drained 0 checkpoint(s); exiting.
[collector wcpu2] no probe/val CSV (probe_csv=None, val_csv=None); forward/backward blocks skipped for run_id=plantclef__stable_evo__s42.
[Extractor] block_set='cpu': CPU-only block set ['block_optim', 'block_weights', 'block_trajectory', 'block_circuits'] needs no model forward — skipping probe/Hessian build (no CSV/dataloaders, lower host RAM).
/blue/guralnick/share/r.dinnage/Projects/phenovision/xAI/py/extractor/block_optim.py:258: RuntimeWarning: overflow encountered in cast
  scalars = np.array([lam_max, lam_floor, trace, sum_log, pr, eff_rank, cond, aniso,
[extract] step=4324 heavy=TRUE total=214.97s | block_optim=149.86 block_weights=49.48 block_trajectory=0.76 block_circuits=4.63
[collector wcpu2] cpu-pass DONE run_id=plantclef__stable_evo__s42 step=4324 blocks_ok=4 t=214.967s (all_passes_complete=False)
[collector wcpu2] --once drained 1 checkpoint(s); exiting.
error    libmamba Could not set lock (Resource temporarily unavailable)
warning  libmamba Cannot lock '/home/r.dinnage/.cache/mamba/proc'
    Waiting for other mamba process to finish
[cwcpu2] drained 1 checkpoint(s); looping.
[collector wcpu2] --once drained 0 checkpoint(s); exiting.
[collector wcpu2] --once drained 0 checkpoint(s); exiting.
[collector wcpu2] --once drained 0 checkpoint(s); exiting.
[collector wcpu2] --once drained 0 checkpoint(s); exiting.
[collector wcpu2] --once drained 0 checkpoint(s); exiting.
[collector wcpu2] --once drained 0 checkpoint(s); exiting.
[collector wcpu2] no probe/val CSV (probe_csv=None, val_csv=None); forward/backward blocks skipped for run_id=plantclef__stable_evo__s42.
[Extractor] block_set='cpu': CPU-only block set ['block_optim', 'block_weights', 'block_trajectory', 'block_circuits'] needs no model forward — skipping probe/Hessian build (no CSV/dataloaders, lower host RAM).
/blue/guralnick/share/r.dinnage/Projects/phenovision/xAI/py/extractor/block_optim.py:258: RuntimeWarning: overflow encountered in cast
  scalars = np.array([lam_max, lam_floor, trace, sum_log, pr, eff_rank, cond, aniso,
[extract] step=4360 heavy=TRUE total=195.80s | block_optim=144.00 block_weights=32.16 block_trajectory=1.01 block_circuits=5.36
[collector wcpu2] cpu-pass DONE run_id=plantclef__stable_evo__s42 step=4360 blocks_ok=4 t=195.803s (all_passes_complete=False)
[collector wcpu2] --once drained 1 checkpoint(s); exiting.
[cwcpu2] drained 1 checkpoint(s); looping.
[collector wcpu2] --once drained 0 checkpoint(s); exiting.
error    libmamba Could not set lock (Resource temporarily unavailable)
warning  libmamba Cannot lock '/home/r.dinnage/.cache/mamba/proc'
    Waiting for other mamba process to finish
[collector wcpu2] --once drained 0 checkpoint(s); exiting.
[collector wcpu2] --once drained 0 checkpoint(s); exiting.
[collector wcpu2] --once drained 0 checkpoint(s); exiting.
[collector wcpu2] --once drained 0 checkpoint(s); exiting.
[collector wcpu2] --once drained 0 checkpoint(s); exiting.
[collector wcpu2] --once drained 0 checkpoint(s); exiting.
[collector wcpu2] --once drained 0 checkpoint(s); exiting.
[collector wcpu2] --once drained 0 checkpoint(s); exiting.
[collector wcpu2] --once drained 0 checkpoint(s); exiting.
[collector wcpu2] --once drained 0 checkpoint(s); exiting.
[collector wcpu2] --once drained 0 checkpoint(s); exiting.
[collector wcpu2] --once drained 0 checkpoint(s); exiting.
[collector wcpu2] --once drained 0 checkpoint(s); exiting.
[collector wcpu2] --once drained 0 checkpoint(s); exiting.
[collector wcpu2] --once drained 0 checkpoint(s); exiting.
[collector wcpu2] --once drained 0 checkpoint(s); exiting.
[collector wcpu2] --once drained 0 checkpoint(s); exiting.
[collector wcpu2] --once drained 0 checkpoint(s); exiting.
error    libmamba Could not set lock (Resource temporarily unavailable)
warning  libmamba Cannot lock '/home/r.dinnage/.cache/mamba/proc'
    Waiting for other mamba process to finish
error    libmamba Could not set lock (Resource temporarily unavailable)
warning  libmamba Cannot lock '/home/r.dinnage/.cache/mamba/proc'
    Waiting for other mamba process to finish
[collector wcpu2] --once drained 0 checkpoint(s); exiting.
error    libmamba Could not set lock (Resource temporarily unavailable)
warning  libmamba Cannot lock '/home/r.dinnage/.cache/mamba/proc'
    Waiting for other mamba process to finish
[collector wcpu2] --once drained 0 checkpoint(s); exiting.
[collector wcpu2] --once drained 0 checkpoint(s); exiting.
error    libmamba Could not set lock (Resource temporarily unavailable)
warning  libmamba Cannot lock '/home/r.dinnage/.cache/mamba/proc'
    Waiting for other mamba process to finish
[collector wcpu2] --once drained 0 checkpoint(s); exiting.
error    libmamba Could not set lock (Resource temporarily unavailable)
warning  libmamba Cannot lock '/home/r.dinnage/.cache/mamba/proc'
    Waiting for other mamba process to finish
[collector wcpu2] --once drained 0 checkpoint(s); exiting.
[collector wcpu2] --once drained 0 checkpoint(s); exiting.
[collector wcpu2] no probe/val CSV (probe_csv=None, val_csv=None); forward/backward blocks skipped for run_id=plantclef__stable_evo__s42.
[Extractor] block_set='cpu': CPU-only block set ['block_optim', 'block_weights', 'block_trajectory', 'block_circuits'] needs no model forward — skipping probe/Hessian build (no CSV/dataloaders, lower host RAM).
/blue/guralnick/share/r.dinnage/Projects/phenovision/xAI/py/extractor/block_optim.py:258: RuntimeWarning: overflow encountered in cast
  scalars = np.array([lam_max, lam_floor, trace, sum_log, pr, eff_rank, cond, aniso,
[extract] step=4432 SKIP heavy block block_circuits (ordinal=886 basis=step_fallback heavy_every=8)
[extract] step=4432 heavy=FALSE total=196.86s | block_optim=148.53 block_weights=30.87 block_trajectory=1.47
[collector wcpu2] cpu-pass DONE run_id=plantclef__stable_evo__s42 step=4432 blocks_ok=3 t=196.86s (all_passes_complete=False)
[collector wcpu2] --once drained 1 checkpoint(s); exiting.
[cwcpu2] drained 1 checkpoint(s); looping.
[collector wcpu2] --once drained 0 checkpoint(s); exiting.
[collector wcpu2] --once drained 0 checkpoint(s); exiting.
[collector wcpu2] no probe/val CSV (probe_csv=None, val_csv=None); forward/backward blocks skipped for run_id=plantclef__stable_evo__s42.
[Extractor] block_set='cpu': CPU-only block set ['block_optim', 'block_weights', 'block_trajectory', 'block_circuits'] needs no model forward — skipping probe/Hessian build (no CSV/dataloaders, lower host RAM).
/blue/guralnick/share/r.dinnage/Projects/phenovision/xAI/py/extractor/block_optim.py:258: RuntimeWarning: overflow encountered in cast
  scalars = np.array([lam_max, lam_floor, trace, sum_log, pr, eff_rank, cond, aniso,
[extract] step=4456 SKIP heavy block block_circuits (ordinal=891 basis=step_fallback heavy_every=8)
[extract] step=4456 heavy=FALSE total=207.31s | block_optim=161.28 block_weights=31.45 block_trajectory=1.43
[collector wcpu2] cpu-pass DONE run_id=plantclef__stable_evo__s42 step=4456 blocks_ok=3 t=207.314s (all_passes_complete=False)
[collector wcpu2] --once drained 1 checkpoint(s); exiting.
[cwcpu2] drained 1 checkpoint(s); looping.
[collector wcpu2] --once drained 0 checkpoint(s); exiting.
[collector wcpu2] --once drained 0 checkpoint(s); exiting.
error    libmamba Could not set lock (Resource temporarily unavailable)
warning  libmamba Cannot lock '/home/r.dinnage/.cache/mamba/proc'
    Waiting for other mamba process to finish
[collector wcpu2] --once drained 0 checkpoint(s); exiting.
[collector wcpu2] --once drained 0 checkpoint(s); exiting.
[collector wcpu2] --once drained 0 checkpoint(s); exiting.
[collector wcpu2] --once drained 0 checkpoint(s); exiting.
[collector wcpu2] --once drained 0 checkpoint(s); exiting.
[collector wcpu2] --once drained 0 checkpoint(s); exiting.
[collector wcpu2] --once drained 0 checkpoint(s); exiting.
[collector wcpu2] --once drained 0 checkpoint(s); exiting.
[collector wcpu2] --once drained 0 checkpoint(s); exiting.
error    libmamba Could not set lock (Resource temporarily unavailable)
warning  libmamba Cannot lock '/home/r.dinnage/.cache/mamba/proc'
    Waiting for other mamba process to finish
[collector wcpu2] --once drained 0 checkpoint(s); exiting.
[collector wcpu2] --once drained 0 checkpoint(s); exiting.
[collector wcpu2] --once drained 0 checkpoint(s); exiting.
[collector wcpu2] --once drained 0 checkpoint(s); exiting.
[collector wcpu2] --once drained 0 checkpoint(s); exiting.
[collector wcpu2] --once drained 0 checkpoint(s); exiting.
[collector wcpu2] --once drained 0 checkpoint(s); exiting.
[collector wcpu2] --once drained 0 checkpoint(s); exiting.
[collector wcpu2] --once drained 0 checkpoint(s); exiting.
[collector wcpu2] --once drained 0 checkpoint(s); exiting.
error    libmamba Could not set lock (Resource temporarily unavailable)
warning  libmamba Cannot lock '/home/r.dinnage/.cache/mamba/proc'
    Waiting for other mamba process to finish
[collector wcpu2] --once drained 0 checkpoint(s); exiting.
[collector wcpu2] --once drained 0 checkpoint(s); exiting.
[collector wcpu2] --once drained 0 checkpoint(s); exiting.
error    libmamba Could not set lock (Resource temporarily unavailable)
warning  libmamba Cannot lock '/home/r.dinnage/.cache/mamba/proc'
    Waiting for other mamba process to finish
[collector wcpu2] --once drained 0 checkpoint(s); exiting.
[collector wcpu2] --once drained 0 checkpoint(s); exiting.
error    libmamba Could not set lock (Resource temporarily unavailable)
warning  libmamba Cannot lock '/home/r.dinnage/.cache/mamba/proc'
    Waiting for other mamba process to finish
[collector wcpu2] --once drained 0 checkpoint(s); exiting.
[collector wcpu2] no probe/val CSV (probe_csv=None, val_csv=None); forward/backward blocks skipped for run_id=plantclef__stable_evo__s42.
[Extractor] block_set='cpu': CPU-only block set ['block_optim', 'block_weights', 'block_trajectory', 'block_circuits'] needs no model forward — skipping probe/Hessian build (no CSV/dataloaders, lower host RAM).
/blue/guralnick/share/r.dinnage/Projects/phenovision/xAI/py/extractor/block_optim.py:258: RuntimeWarning: overflow encountered in cast
  scalars = np.array([lam_max, lam_floor, trace, sum_log, pr, eff_rank, cond, aniso,
[extract] step=4530 SKIP heavy block block_circuits (ordinal=906 basis=step_fallback heavy_every=8)
[extract] step=4530 heavy=FALSE total=167.95s | block_optim=130.51 block_weights=26.39 block_trajectory=0.78
[collector wcpu2] cpu-pass DONE run_id=plantclef__stable_evo__s42 step=4530 blocks_ok=3 t=167.947s (all_passes_complete=False)
[collector wcpu2] --once drained 1 checkpoint(s); exiting.
[cwcpu2] drained 1 checkpoint(s); looping.
[collector wcpu2] --once drained 0 checkpoint(s); exiting.
[collector wcpu2] --once drained 0 checkpoint(s); exiting.
[collector wcpu2] --once drained 0 checkpoint(s); exiting.
[collector wcpu2] --once drained 0 checkpoint(s); exiting.
[collector wcpu2] --once drained 0 checkpoint(s); exiting.
[collector wcpu2] --once drained 0 checkpoint(s); exiting.
[collector wcpu2] --once drained 0 checkpoint(s); exiting.
error    libmamba Could not set lock (Resource temporarily unavailable)
warning  libmamba Cannot lock '/home/r.dinnage/.cache/mamba/proc'
    Waiting for other mamba process to finish
[collector wcpu2] --once drained 0 checkpoint(s); exiting.
[collector wcpu2] --once drained 0 checkpoint(s); exiting.
[collector wcpu2] --once drained 0 checkpoint(s); exiting.
[collector wcpu2] --once drained 0 checkpoint(s); exiting.
[collector wcpu2] --once drained 0 checkpoint(s); exiting.
[collector wcpu2] --once drained 0 checkpoint(s); exiting.
[collector wcpu2] --once drained 0 checkpoint(s); exiting.
[collector wcpu2] --once drained 0 checkpoint(s); exiting.
[collector wcpu2] --once drained 0 checkpoint(s); exiting.
[collector wcpu2] --once drained 0 checkpoint(s); exiting.
[collector wcpu2] --once drained 0 checkpoint(s); exiting.
[collector wcpu2] --once drained 0 checkpoint(s); exiting.
[collector wcpu2] --once drained 0 checkpoint(s); exiting.
[collector wcpu2] --once drained 0 checkpoint(s); exiting.
error    libmamba Could not set lock (Resource temporarily unavailable)
warning  libmamba Cannot lock '/home/r.dinnage/.cache/mamba/proc'
    Waiting for other mamba process to finish
[collector wcpu2] --once drained 0 checkpoint(s); exiting.
[collector wcpu2] --once drained 0 checkpoint(s); exiting.
[collector wcpu2] --once drained 0 checkpoint(s); exiting.
[collector wcpu2] --once drained 0 checkpoint(s); exiting.
[collector wcpu2] --once drained 0 checkpoint(s); exiting.
[collector wcpu2] --once drained 0 checkpoint(s); exiting.
[collector wcpu2] --once drained 0 checkpoint(s); exiting.
[collector wcpu2] --once drained 0 checkpoint(s); exiting.
[collector wcpu2] --once drained 0 checkpoint(s); exiting.
[collector wcpu2] --once drained 0 checkpoint(s); exiting.
[collector wcpu2] --once drained 0 checkpoint(s); exiting.
[collector wcpu2] --once drained 0 checkpoint(s); exiting.
[collector wcpu2] --once drained 0 checkpoint(s); exiting.
[collector wcpu2] --once drained 0 checkpoint(s); exiting.
[collector wcpu2] --once drained 0 checkpoint(s); exiting.
[collector wcpu2] --once drained 0 checkpoint(s); exiting.
[collector wcpu2] --once drained 0 checkpoint(s); exiting.
[collector wcpu2] --once drained 0 checkpoint(s); exiting.
error    libmamba Could not set lock (Resource temporarily unavailable)
warning  libmamba Cannot lock '/home/r.dinnage/.cache/mamba/proc'
    Waiting for other mamba process to finish
[collector wcpu2] --once drained 0 checkpoint(s); exiting.
[collector wcpu2] --once drained 0 checkpoint(s); exiting.
[collector wcpu2] --once drained 0 checkpoint(s); exiting.
error    libmamba Could not set lock (Resource temporarily unavailable)
warning  libmamba Cannot lock '/home/r.dinnage/.cache/mamba/proc'
    Waiting for other mamba process to finish
[collector wcpu2] --once drained 0 checkpoint(s); exiting.
[collector wcpu2] --once drained 0 checkpoint(s); exiting.
error    libmamba Could not set lock (Resource temporarily unavailable)
warning  libmamba Cannot lock '/home/r.dinnage/.cache/mamba/proc'
    Waiting for other mamba process to finish
[collector wcpu2] --once drained 0 checkpoint(s); exiting.
[collector wcpu2] --once drained 0 checkpoint(s); exiting.
[collector wcpu2] --once drained 0 checkpoint(s); exiting.
[collector wcpu2] --once drained 0 checkpoint(s); exiting.
[collector wcpu2] --once drained 0 checkpoint(s); exiting.
[collector wcpu2] --once drained 0 checkpoint(s); exiting.
[collector wcpu2] --once drained 0 checkpoint(s); exiting.
[collector wcpu2] --once drained 0 checkpoint(s); exiting.
error    libmamba Could not set lock (Resource temporarily unavailable)
warning  libmamba Cannot lock '/home/r.dinnage/.cache/mamba/proc'
    Waiting for other mamba process to finish
[collector wcpu2] --once drained 0 checkpoint(s); exiting.
error    libmamba Could not set lock (Resource temporarily unavailable)
warning  libmamba Cannot lock '/home/r.dinnage/.cache/mamba/proc'
    Waiting for other mamba process to finish
[collector wcpu2] --once drained 0 checkpoint(s); exiting.
[collector wcpu2] --once drained 0 checkpoint(s); exiting.
[collector wcpu2] --once drained 0 checkpoint(s); exiting.
[collector wcpu2] --once drained 0 checkpoint(s); exiting.
[collector wcpu2] --once drained 0 checkpoint(s); exiting.
[collector wcpu2] --once drained 0 checkpoint(s); exiting.
[collector wcpu2] --once drained 0 checkpoint(s); exiting.
error    libmamba Could not set lock (Resource temporarily unavailable)
warning  libmamba Cannot lock '/home/r.dinnage/.cache/mamba/proc'
    Waiting for other mamba process to finish
[collector wcpu2] --once drained 0 checkpoint(s); exiting.
[collector wcpu2] --once drained 0 checkpoint(s); exiting.
[collector wcpu2] --once drained 0 checkpoint(s); exiting.
[collector wcpu2] no probe/val CSV (probe_csv=None, val_csv=None); forward/backward blocks skipped for run_id=plantclef__stable_evo__s42.
[Extractor] block_set='cpu': CPU-only block set ['block_optim', 'block_weights', 'block_trajectory', 'block_circuits'] needs no model forward — skipping probe/Hessian build (no CSV/dataloaders, lower host RAM).
/blue/guralnick/share/r.dinnage/Projects/phenovision/xAI/py/extractor/block_optim.py:258: RuntimeWarning: overflow encountered in cast
  scalars = np.array([lam_max, lam_floor, trace, sum_log, pr, eff_rank, cond, aniso,
[extract] step=4698 SKIP heavy block block_circuits (ordinal=939 basis=step_fallback heavy_every=8)
[extract] step=4698 heavy=FALSE total=218.49s | block_optim=162.66 block_weights=39.64 block_trajectory=2.52
[collector wcpu2] cpu-pass DONE run_id=plantclef__stable_evo__s42 step=4698 blocks_ok=3 t=218.488s (all_passes_complete=False)
[collector wcpu2] --once drained 1 checkpoint(s); exiting.
[cwcpu2] drained 1 checkpoint(s); looping.
[collector wcpu2] --once drained 0 checkpoint(s); exiting.
[collector wcpu2] --once drained 0 checkpoint(s); exiting.
[collector wcpu2] --once drained 0 checkpoint(s); exiting.
error    libmamba Could not set lock (Resource temporarily unavailable)
warning  libmamba Cannot lock '/home/r.dinnage/.cache/mamba/proc'
    Waiting for other mamba process to finish
[collector wcpu2] --once drained 0 checkpoint(s); exiting.
[collector wcpu2] --once drained 0 checkpoint(s); exiting.
[collector wcpu2] --once drained 0 checkpoint(s); exiting.
[collector wcpu2] --once drained 0 checkpoint(s); exiting.
[collector wcpu2] --once drained 0 checkpoint(s); exiting.
[collector wcpu2] --once drained 0 checkpoint(s); exiting.
[collector wcpu2] no probe/val CSV (probe_csv=None, val_csv=None); forward/backward blocks skipped for run_id=plantclef__stable_evo__s42.
[Extractor] block_set='cpu': CPU-only block set ['block_optim', 'block_weights', 'block_trajectory', 'block_circuits'] needs no model forward — skipping probe/Hessian build (no CSV/dataloaders, lower host RAM).
/blue/guralnick/share/r.dinnage/Projects/phenovision/xAI/py/extractor/block_optim.py:258: RuntimeWarning: overflow encountered in cast
  scalars = np.array([lam_max, lam_floor, trace, sum_log, pr, eff_rank, cond, aniso,
[extract] step=4734 SKIP heavy block block_circuits (ordinal=946 basis=step_fallback heavy_every=8)
[extract] step=4734 heavy=FALSE total=218.81s | block_optim=170.86 block_weights=32.60 block_trajectory=1.60
[collector wcpu2] cpu-pass DONE run_id=plantclef__stable_evo__s42 step=4734 blocks_ok=3 t=218.807s (all_passes_complete=False)
[collector wcpu2] --once drained 1 checkpoint(s); exiting.
error    libmamba Could not set lock (Resource temporarily unavailable)
warning  libmamba Cannot lock '/home/r.dinnage/.cache/mamba/proc'
    Waiting for other mamba process to finish
[cwcpu2] drained 1 checkpoint(s); looping.
[collector wcpu2] --once drained 0 checkpoint(s); exiting.
[collector wcpu2] --once drained 0 checkpoint(s); exiting.
[collector wcpu2] --once drained 0 checkpoint(s); exiting.
[collector wcpu2] --once drained 0 checkpoint(s); exiting.
[collector wcpu2] --once drained 0 checkpoint(s); exiting.
[collector wcpu2] --once drained 0 checkpoint(s); exiting.
[collector wcpu2] --once drained 0 checkpoint(s); exiting.
[collector wcpu2] --once drained 0 checkpoint(s); exiting.
[collector wcpu2] --once drained 0 checkpoint(s); exiting.
[collector wcpu2] --once drained 0 checkpoint(s); exiting.
[collector wcpu2] --once drained 0 checkpoint(s); exiting.
[collector wcpu2] --once drained 0 checkpoint(s); exiting.
[collector wcpu2] --once drained 0 checkpoint(s); exiting.
error    libmamba Could not set lock (Resource temporarily unavailable)
warning  libmamba Cannot lock '/home/r.dinnage/.cache/mamba/proc'
    Waiting for other mamba process to finish
[collector wcpu2] --once drained 0 checkpoint(s); exiting.
[collector wcpu2] --once drained 0 checkpoint(s); exiting.
[collector wcpu2] --once drained 0 checkpoint(s); exiting.
[collector wcpu2] --once drained 0 checkpoint(s); exiting.
[collector wcpu2] --once drained 0 checkpoint(s); exiting.
[collector wcpu2] --once drained 0 checkpoint(s); exiting.
error    libmamba Could not set lock (Resource temporarily unavailable)
warning  libmamba Cannot lock '/home/r.dinnage/.cache/mamba/proc'
    Waiting for other mamba process to finish
[collector wcpu2] --once drained 0 checkpoint(s); exiting.
[collector wcpu2] --once drained 0 checkpoint(s); exiting.
[collector wcpu2] --once drained 0 checkpoint(s); exiting.
[collector wcpu2] --once drained 0 checkpoint(s); exiting.
error    libmamba Could not set lock (Resource temporarily unavailable)
warning  libmamba Cannot lock '/home/r.dinnage/.cache/mamba/proc'
    Waiting for other mamba process to finish
[collector wcpu2] --once drained 0 checkpoint(s); exiting.
error    libmamba Could not set lock (Resource temporarily unavailable)
warning  libmamba Cannot lock '/home/r.dinnage/.cache/mamba/proc'
    Waiting for other mamba process to finish
[collector wcpu2] --once drained 0 checkpoint(s); exiting.
error    libmamba Could not set lock (Resource temporarily unavailable)
warning  libmamba Cannot lock '/home/r.dinnage/.cache/mamba/proc'
    Waiting for other mamba process to finish
[cwcpu2] all RUN_COMPLETE sentinels present; performing FINAL drain...
[cwcpu2] final drain still had work (drained=0 depth=1); a GPU worker may still be emitting/claiming. Looping.
[collector wcpu2] --once drained 0 checkpoint(s); exiting.
[cwcpu2] all RUN_COMPLETE sentinels present; performing FINAL drain...
[cwcpu2] final drain still had work (drained=0 depth=1); a GPU worker may still be emitting/claiming. Looping.
[collector wcpu2] --once drained 0 checkpoint(s); exiting.
[cwcpu2] all RUN_COMPLETE sentinels present; performing FINAL drain...
[cwcpu2] final drain still had work (drained=0 depth=1); a GPU worker may still be emitting/claiming. Looping.
[collector wcpu2] --once drained 0 checkpoint(s); exiting.
error    libmamba Could not set lock (Resource temporarily unavailable)
warning  libmamba Cannot lock '/home/r.dinnage/.cache/mamba/proc'
    Waiting for other mamba process to finish
[cwcpu2] all RUN_COMPLETE sentinels present; performing FINAL drain...
[cwcpu2] final drain still had work (drained=0 depth=1); a GPU worker may still be emitting/claiming. Looping.
[collector wcpu2] --once drained 0 checkpoint(s); exiting.
[cwcpu2] all RUN_COMPLETE sentinels present; performing FINAL drain...
[cwcpu2] final drain still had work (drained=0 depth=1); a GPU worker may still be emitting/claiming. Looping.
[collector wcpu2] --once drained 0 checkpoint(s); exiting.
[cwcpu2] all RUN_COMPLETE sentinels present; performing FINAL drain...
[cwcpu2] final drain still had work (drained=0 depth=1); a GPU worker may still be emitting/claiming. Looping.
[collector wcpu2] --once drained 0 checkpoint(s); exiting.
[cwcpu2] all RUN_COMPLETE sentinels present; performing FINAL drain...
[cwcpu2] final drain found nothing new and aggregate queue depth=0 -> all runs collected. Exiting.
Done: Fri Jun 19 05:47:38 PM EDT 2026
