Thu Jun 18 05:28:21 PM EDT 2026
host=c0700a-s27.ufhpc
pwd=/blue/guralnick/share/r.dinnage/Projects/phenovision
=== preadapt CPU collector worker 1 ===
run_dirs=xAI/output/preadapt_v2/naive__stable_evo__s42
watch_dirs=xAI/output/preadapt_v2/naive__stable_evo__s42/checkpoints
sentinels=xAI/output/preadapt_v2/naive__stable_evo__s42/RUN_COMPLETE
out_store=xAI/output/preadapt_v2/_extract_store
nthreads=8
poll=15s heavy_every=8 retention_latest_keep=2 keep_full_latest=2
train_jids=35115945
[collector wcpu1] --once drained 0 checkpoint(s); exiting.
[collector wcpu1] --once drained 0 checkpoint(s); exiting.
error    libmamba Could not set lock (Resource temporarily unavailable)
warning  libmamba Cannot lock '/home/r.dinnage/.cache/mamba/proc'
    Waiting for other mamba process to finish
[collector wcpu1] --once drained 0 checkpoint(s); exiting.
error    libmamba Could not set lock (Resource temporarily unavailable)
warning  libmamba Cannot lock '/home/r.dinnage/.cache/mamba/proc'
    Waiting for other mamba process to finish
error    libmamba Could not set lock (Resource temporarily unavailable)
warning  libmamba Cannot lock '/home/r.dinnage/.cache/mamba/proc'
    Waiting for other mamba process to finish
[collector wcpu1] --once drained 0 checkpoint(s); exiting.
[collector wcpu1] --once drained 0 checkpoint(s); exiting.
[collector wcpu1] --once drained 0 checkpoint(s); exiting.
error    libmamba Could not set lock (Resource temporarily unavailable)
warning  libmamba Cannot lock '/home/r.dinnage/.cache/mamba/proc'
    Waiting for other mamba process to finish
[collector wcpu1] --once drained 0 checkpoint(s); exiting.
[collector wcpu1] --once drained 0 checkpoint(s); exiting.
[collector wcpu1] --once drained 0 checkpoint(s); exiting.
error    libmamba Could not set lock (Resource temporarily unavailable)
warning  libmamba Cannot lock '/home/r.dinnage/.cache/mamba/proc'
    Waiting for other mamba process to finish
[collector wcpu1] --once drained 0 checkpoint(s); exiting.
[collector wcpu1] --once drained 0 checkpoint(s); exiting.
error    libmamba Could not set lock (Resource temporarily unavailable)
warning  libmamba Cannot lock '/home/r.dinnage/.cache/mamba/proc'
    Waiting for other mamba process to finish
[collector wcpu1] --once drained 0 checkpoint(s); exiting.
[collector wcpu1] --once drained 0 checkpoint(s); exiting.
[collector wcpu1] --once drained 0 checkpoint(s); exiting.
[collector wcpu1] --once drained 0 checkpoint(s); exiting.
error    libmamba Could not set lock (Resource temporarily unavailable)
warning  libmamba Cannot lock '/home/r.dinnage/.cache/mamba/proc'
    Waiting for other mamba process to finish
[collector wcpu1] --once drained 0 checkpoint(s); exiting.
[collector wcpu1] --once drained 0 checkpoint(s); exiting.
[collector wcpu1] --once drained 0 checkpoint(s); exiting.
error    libmamba Could not set lock (Resource temporarily unavailable)
warning  libmamba Cannot lock '/home/r.dinnage/.cache/mamba/proc'
    Waiting for other mamba process to finish
[collector wcpu1] --once drained 0 checkpoint(s); exiting.
[collector wcpu1] --once drained 0 checkpoint(s); exiting.
[collector wcpu1] --once drained 0 checkpoint(s); exiting.
[collector wcpu1] --once drained 0 checkpoint(s); exiting.
[collector wcpu1] --once drained 0 checkpoint(s); exiting.
error    libmamba Could not set lock (Resource temporarily unavailable)
warning  libmamba Cannot lock '/home/r.dinnage/.cache/mamba/proc'
    Waiting for other mamba process to finish
[collector wcpu1] --once drained 0 checkpoint(s); exiting.
[collector wcpu1] --once drained 0 checkpoint(s); exiting.
[collector wcpu1] --once drained 0 checkpoint(s); exiting.
[collector wcpu1] --once drained 0 checkpoint(s); exiting.
[collector wcpu1] --once drained 0 checkpoint(s); exiting.
[collector wcpu1] --once drained 0 checkpoint(s); exiting.
[collector wcpu1] --once drained 0 checkpoint(s); exiting.
[collector wcpu1] --once drained 0 checkpoint(s); exiting.
[collector wcpu1] --once drained 0 checkpoint(s); exiting.
[collector wcpu1] --once drained 0 checkpoint(s); exiting.
[collector wcpu1] --once drained 0 checkpoint(s); exiting.
[collector wcpu1] --once drained 0 checkpoint(s); exiting.
[collector wcpu1] --once drained 0 checkpoint(s); exiting.
[collector wcpu1] --once drained 0 checkpoint(s); exiting.
error    libmamba Could not set lock (Resource temporarily unavailable)
warning  libmamba Cannot lock '/home/r.dinnage/.cache/mamba/proc'
    Waiting for other mamba process to finish
[collector wcpu1] --once drained 0 checkpoint(s); exiting.
[collector wcpu1] --once drained 0 checkpoint(s); exiting.
[collector wcpu1] --once drained 0 checkpoint(s); exiting.
[collector wcpu1] --once drained 0 checkpoint(s); exiting.
[collector wcpu1] --once drained 0 checkpoint(s); exiting.
[collector wcpu1] --once drained 0 checkpoint(s); exiting.
error    libmamba Could not set lock (Resource temporarily unavailable)
warning  libmamba Cannot lock '/home/r.dinnage/.cache/mamba/proc'
    Waiting for other mamba process to finish
[collector wcpu1] --once drained 0 checkpoint(s); exiting.
[collector wcpu1] --once drained 0 checkpoint(s); exiting.
[collector wcpu1] --once drained 0 checkpoint(s); exiting.
[collector wcpu1] --once drained 0 checkpoint(s); exiting.
[collector wcpu1] --once drained 0 checkpoint(s); exiting.
[collector wcpu1] --once drained 0 checkpoint(s); exiting.
[collector wcpu1] --once drained 0 checkpoint(s); exiting.
[collector wcpu1] --once drained 0 checkpoint(s); exiting.
[collector wcpu1] --once drained 0 checkpoint(s); exiting.
[collector wcpu1] --once drained 0 checkpoint(s); exiting.
[collector wcpu1] --once drained 0 checkpoint(s); exiting.
error    libmamba Could not set lock (Resource temporarily unavailable)
warning  libmamba Cannot lock '/home/r.dinnage/.cache/mamba/proc'
    Waiting for other mamba process to finish
[collector wcpu1] --once drained 0 checkpoint(s); exiting.
[collector wcpu1] --once drained 0 checkpoint(s); exiting.
[collector wcpu1] --once drained 0 checkpoint(s); exiting.
[collector wcpu1] --once drained 0 checkpoint(s); exiting.
[collector wcpu1] --once drained 0 checkpoint(s); exiting.
[collector wcpu1] --once drained 0 checkpoint(s); exiting.
error    libmamba Could not set lock (Resource temporarily unavailable)
warning  libmamba Cannot lock '/home/r.dinnage/.cache/mamba/proc'
    Waiting for other mamba process to finish
[collector wcpu1] --once drained 0 checkpoint(s); exiting.
[collector wcpu1] --once drained 0 checkpoint(s); exiting.
[collector wcpu1] --once drained 0 checkpoint(s); exiting.
[collector wcpu1] --once drained 0 checkpoint(s); exiting.
[collector wcpu1] --once drained 0 checkpoint(s); exiting.
[collector wcpu1] --once drained 0 checkpoint(s); exiting.
error    libmamba Could not set lock (Resource temporarily unavailable)
warning  libmamba Cannot lock '/home/r.dinnage/.cache/mamba/proc'
    Waiting for other mamba process to finish
[collector wcpu1] --once drained 0 checkpoint(s); exiting.
[collector wcpu1] --once drained 0 checkpoint(s); exiting.
[collector wcpu1] --once drained 0 checkpoint(s); exiting.
[collector wcpu1] --once drained 0 checkpoint(s); exiting.
[collector wcpu1] --once drained 0 checkpoint(s); exiting.
error    libmamba Could not set lock (Resource temporarily unavailable)
warning  libmamba Cannot lock '/home/r.dinnage/.cache/mamba/proc'
    Waiting for other mamba process to finish
[collector wcpu1] --once drained 0 checkpoint(s); exiting.
error    libmamba Could not set lock (Resource temporarily unavailable)
warning  libmamba Cannot lock '/home/r.dinnage/.cache/mamba/proc'
    Waiting for other mamba process to finish
[collector wcpu1] --once drained 0 checkpoint(s); exiting.
[collector wcpu1] --once drained 0 checkpoint(s); exiting.
[collector wcpu1] --once drained 0 checkpoint(s); exiting.
error    libmamba Could not set lock (Resource temporarily unavailable)
warning  libmamba Cannot lock '/home/r.dinnage/.cache/mamba/proc'
    Waiting for other mamba process to finish
[collector wcpu1] --once drained 0 checkpoint(s); exiting.
[collector wcpu1] --once drained 0 checkpoint(s); exiting.
[collector wcpu1] --once drained 0 checkpoint(s); exiting.
[collector wcpu1] --once drained 0 checkpoint(s); exiting.
[collector wcpu1] --once drained 0 checkpoint(s); exiting.
[collector wcpu1] --once drained 0 checkpoint(s); exiting.
[collector wcpu1] --once drained 0 checkpoint(s); exiting.
[collector wcpu1] --once drained 0 checkpoint(s); exiting.
[collector wcpu1] --once drained 0 checkpoint(s); exiting.
error    libmamba Could not set lock (Resource temporarily unavailable)
warning  libmamba Cannot lock '/home/r.dinnage/.cache/mamba/proc'
    Waiting for other mamba process to finish
[collector wcpu1] --once drained 0 checkpoint(s); exiting.
[collector wcpu1] --once drained 0 checkpoint(s); exiting.
[collector wcpu1] --once drained 0 checkpoint(s); exiting.
[collector wcpu1] --once drained 0 checkpoint(s); exiting.
[collector wcpu1] --once drained 0 checkpoint(s); exiting.
error    libmamba Could not set lock (Resource temporarily unavailable)
warning  libmamba Cannot lock '/home/r.dinnage/.cache/mamba/proc'
    Waiting for other mamba process to finish
[collector wcpu1] --once drained 0 checkpoint(s); exiting.
error    libmamba Could not set lock (Resource temporarily unavailable)
warning  libmamba Cannot lock '/home/r.dinnage/.cache/mamba/proc'
    Waiting for other mamba process to finish
[collector wcpu1] --once drained 0 checkpoint(s); exiting.
[collector wcpu1] --once drained 0 checkpoint(s); exiting.
[collector wcpu1] --once drained 0 checkpoint(s); exiting.
[collector wcpu1] --once drained 0 checkpoint(s); exiting.
error    libmamba Could not set lock (Resource temporarily unavailable)
warning  libmamba Cannot lock '/home/r.dinnage/.cache/mamba/proc'
    Waiting for other mamba process to finish
[collector wcpu1] --once drained 0 checkpoint(s); exiting.
error    libmamba Could not set lock (Resource temporarily unavailable)
warning  libmamba Cannot lock '/home/r.dinnage/.cache/mamba/proc'
    Waiting for other mamba process to finish
[collector wcpu1] --once drained 0 checkpoint(s); exiting.
error    libmamba Could not set lock (Resource temporarily unavailable)
warning  libmamba Cannot lock '/home/r.dinnage/.cache/mamba/proc'
    Waiting for other mamba process to finish
[collector wcpu1] --once drained 0 checkpoint(s); exiting.
error    libmamba Could not set lock (Resource temporarily unavailable)
warning  libmamba Cannot lock '/home/r.dinnage/.cache/mamba/proc'
    Waiting for other mamba process to finish
[collector wcpu1] --once drained 0 checkpoint(s); exiting.
error    libmamba Could not set lock (Resource temporarily unavailable)
warning  libmamba Cannot lock '/home/r.dinnage/.cache/mamba/proc'
    Waiting for other mamba process to finish
[collector wcpu1] --once drained 0 checkpoint(s); exiting.
[collector wcpu1] --once drained 0 checkpoint(s); exiting.
error    libmamba Could not set lock (Resource temporarily unavailable)
warning  libmamba Cannot lock '/home/r.dinnage/.cache/mamba/proc'
    Waiting for other mamba process to finish
[collector wcpu1] --once drained 0 checkpoint(s); exiting.
[collector wcpu1] --once drained 0 checkpoint(s); exiting.
[collector wcpu1] --once drained 0 checkpoint(s); exiting.
[collector wcpu1] --once drained 0 checkpoint(s); exiting.
[collector wcpu1] --once drained 0 checkpoint(s); exiting.
[collector wcpu1] --once drained 0 checkpoint(s); exiting.
[collector wcpu1] --once drained 0 checkpoint(s); exiting.
[collector wcpu1] --once drained 0 checkpoint(s); exiting.
[collector wcpu1] --once drained 0 checkpoint(s); exiting.
[collector wcpu1] --once drained 0 checkpoint(s); exiting.
error    libmamba Could not set lock (Resource temporarily unavailable)
warning  libmamba Cannot lock '/home/r.dinnage/.cache/mamba/proc'
    Waiting for other mamba process to finish
[collector wcpu1] --once drained 0 checkpoint(s); exiting.
[collector wcpu1] --once drained 0 checkpoint(s); exiting.
[collector wcpu1] --once drained 0 checkpoint(s); exiting.
[collector wcpu1] --once drained 0 checkpoint(s); exiting.
[collector wcpu1] --once drained 0 checkpoint(s); exiting.
[collector wcpu1] --once drained 0 checkpoint(s); exiting.
[collector wcpu1] --once drained 0 checkpoint(s); exiting.
error    libmamba Could not set lock (Resource temporarily unavailable)
warning  libmamba Cannot lock '/home/r.dinnage/.cache/mamba/proc'
    Waiting for other mamba process to finish
[collector wcpu1] --once drained 0 checkpoint(s); exiting.
[collector wcpu1] --once drained 0 checkpoint(s); exiting.
error    libmamba Could not set lock (Resource temporarily unavailable)
warning  libmamba Cannot lock '/home/r.dinnage/.cache/mamba/proc'
    Waiting for other mamba process to finish
[collector wcpu1] --once drained 0 checkpoint(s); exiting.
error    libmamba Could not set lock (Resource temporarily unavailable)
warning  libmamba Cannot lock '/home/r.dinnage/.cache/mamba/proc'
    Waiting for other mamba process to finish
[collector wcpu1] --once drained 0 checkpoint(s); exiting.
[collector wcpu1] --once drained 0 checkpoint(s); exiting.
[collector wcpu1] --once drained 0 checkpoint(s); exiting.
[collector wcpu1] --once drained 0 checkpoint(s); exiting.
error    libmamba Could not set lock (Resource temporarily unavailable)
warning  libmamba Cannot lock '/home/r.dinnage/.cache/mamba/proc'
    Waiting for other mamba process to finish
[collector wcpu1] --once drained 0 checkpoint(s); exiting.
[collector wcpu1] --once drained 0 checkpoint(s); exiting.
[collector wcpu1] --once drained 0 checkpoint(s); exiting.
[collector wcpu1] --once drained 0 checkpoint(s); exiting.
[collector wcpu1] --once drained 0 checkpoint(s); exiting.
[collector wcpu1] --once drained 0 checkpoint(s); exiting.
[collector wcpu1] --once drained 0 checkpoint(s); exiting.
[collector wcpu1] --once drained 0 checkpoint(s); exiting.
[collector wcpu1] --once drained 0 checkpoint(s); exiting.
[collector wcpu1] --once drained 0 checkpoint(s); exiting.
[collector wcpu1] --once drained 0 checkpoint(s); exiting.
[collector wcpu1] --once drained 0 checkpoint(s); exiting.
[collector wcpu1] --once drained 0 checkpoint(s); exiting.
[collector wcpu1] --once drained 0 checkpoint(s); exiting.
[collector wcpu1] --once drained 0 checkpoint(s); exiting.
[collector wcpu1] --once drained 0 checkpoint(s); exiting.
[collector wcpu1] --once drained 0 checkpoint(s); exiting.
[collector wcpu1] --once drained 0 checkpoint(s); exiting.
[collector wcpu1] --once drained 0 checkpoint(s); exiting.
error    libmamba Could not set lock (Resource temporarily unavailable)
warning  libmamba Cannot lock '/home/r.dinnage/.cache/mamba/proc'
    Waiting for other mamba process to finish
[collector wcpu1] --once drained 0 checkpoint(s); exiting.
[collector wcpu1] --once drained 0 checkpoint(s); exiting.
error    libmamba Could not set lock (Resource temporarily unavailable)
warning  libmamba Cannot lock '/home/r.dinnage/.cache/mamba/proc'
    Waiting for other mamba process to finish
[collector wcpu1] --once drained 0 checkpoint(s); exiting.
[collector wcpu1] --once drained 0 checkpoint(s); exiting.
error    libmamba Could not set lock (Resource temporarily unavailable)
warning  libmamba Cannot lock '/home/r.dinnage/.cache/mamba/proc'
    Waiting for other mamba process to finish
[collector wcpu1] --once drained 0 checkpoint(s); exiting.
error    libmamba Could not set lock (Resource temporarily unavailable)
warning  libmamba Cannot lock '/home/r.dinnage/.cache/mamba/proc'
    Waiting for other mamba process to finish
[collector wcpu1] --once drained 0 checkpoint(s); exiting.
[collector wcpu1] --once drained 0 checkpoint(s); exiting.
[collector wcpu1] --once drained 0 checkpoint(s); exiting.
[collector wcpu1] --once drained 0 checkpoint(s); exiting.
[collector wcpu1] --once drained 0 checkpoint(s); exiting.
[collector wcpu1] --once drained 0 checkpoint(s); exiting.
[collector wcpu1] --once drained 0 checkpoint(s); exiting.
[collector wcpu1] --once drained 0 checkpoint(s); exiting.
[collector wcpu1] --once drained 0 checkpoint(s); exiting.
[collector wcpu1] --once drained 0 checkpoint(s); exiting.
[collector wcpu1] --once drained 0 checkpoint(s); exiting.
error    libmamba Could not set lock (Resource temporarily unavailable)
warning  libmamba Cannot lock '/home/r.dinnage/.cache/mamba/proc'
    Waiting for other mamba process to finish
[collector wcpu1] --once drained 0 checkpoint(s); exiting.
[collector wcpu1] --once drained 0 checkpoint(s); exiting.
[collector wcpu1] --once drained 0 checkpoint(s); exiting.
[collector wcpu1] --once drained 0 checkpoint(s); exiting.
[collector wcpu1] --once drained 0 checkpoint(s); exiting.
[collector wcpu1] --once drained 0 checkpoint(s); exiting.
[collector wcpu1] no probe/val CSV (probe_csv=None, val_csv=None); forward/backward blocks skipped for run_id=naive__stable_evo__s42.
[Extractor] block_set='cpu': CPU-only block set ['block_optim', 'block_weights', 'block_trajectory', 'block_circuits'] needs no model forward — skipping probe/Hessian build (no CSV/dataloaders, lower host RAM).
[extract] step=1112 SKIP heavy block block_circuits (ordinal=222 basis=step_fallback heavy_every=8)
[extract] step=1112 heavy=FALSE total=174.19s | block_optim=130.47 block_weights=31.10 block_trajectory=0.67
[collector wcpu1] cpu-pass DONE run_id=naive__stable_evo__s42 step=1112 blocks_ok=3 t=174.195s (all_passes_complete=False)
[collector wcpu1] --once drained 1 checkpoint(s); exiting.
[cwcpu1] drained 1 checkpoint(s); looping.
[collector wcpu1] --once drained 0 checkpoint(s); exiting.
[collector wcpu1] --once drained 0 checkpoint(s); exiting.
[collector wcpu1] --once drained 0 checkpoint(s); exiting.
[collector wcpu1] --once drained 0 checkpoint(s); exiting.
[collector wcpu1] --once drained 0 checkpoint(s); exiting.
[collector wcpu1] --once drained 0 checkpoint(s); exiting.
[collector wcpu1] --once drained 0 checkpoint(s); exiting.
[collector wcpu1] --once drained 0 checkpoint(s); exiting.
[collector wcpu1] --once drained 0 checkpoint(s); exiting.
[collector wcpu1] --once drained 0 checkpoint(s); exiting.
[collector wcpu1] --once drained 0 checkpoint(s); exiting.
[collector wcpu1] --once drained 0 checkpoint(s); exiting.
[collector wcpu1] --once drained 0 checkpoint(s); exiting.
[collector wcpu1] --once drained 0 checkpoint(s); exiting.
[collector wcpu1] --once drained 0 checkpoint(s); exiting.
[collector wcpu1] --once drained 0 checkpoint(s); exiting.
[collector wcpu1] --once drained 0 checkpoint(s); exiting.
error    libmamba Could not set lock (Resource temporarily unavailable)
warning  libmamba Cannot lock '/home/r.dinnage/.cache/mamba/proc'
    Waiting for other mamba process to finish
[collector wcpu1] --once drained 0 checkpoint(s); exiting.
[collector wcpu1] --once drained 0 checkpoint(s); exiting.
[collector wcpu1] --once drained 0 checkpoint(s); exiting.
[collector wcpu1] --once drained 0 checkpoint(s); exiting.
[collector wcpu1] --once drained 0 checkpoint(s); exiting.
[collector wcpu1] --once drained 0 checkpoint(s); exiting.
[collector wcpu1] --once drained 0 checkpoint(s); exiting.
error    libmamba Could not set lock (Resource temporarily unavailable)
warning  libmamba Cannot lock '/home/r.dinnage/.cache/mamba/proc'
    Waiting for other mamba process to finish
[collector wcpu1] --once drained 0 checkpoint(s); exiting.
[collector wcpu1] --once drained 0 checkpoint(s); exiting.
error    libmamba Could not set lock (Resource temporarily unavailable)
warning  libmamba Cannot lock '/home/r.dinnage/.cache/mamba/proc'
    Waiting for other mamba process to finish
[collector wcpu1] --once drained 0 checkpoint(s); exiting.
[collector wcpu1] --once drained 0 checkpoint(s); exiting.
[collector wcpu1] --once drained 0 checkpoint(s); exiting.
[collector wcpu1] --once drained 0 checkpoint(s); exiting.
[collector wcpu1] --once drained 0 checkpoint(s); exiting.
[collector wcpu1] --once drained 0 checkpoint(s); exiting.
[collector wcpu1] --once drained 0 checkpoint(s); exiting.
[collector wcpu1] --once drained 0 checkpoint(s); exiting.
[collector wcpu1] --once drained 0 checkpoint(s); exiting.
error    libmamba Could not set lock (Resource temporarily unavailable)
warning  libmamba Cannot lock '/home/r.dinnage/.cache/mamba/proc'
    Waiting for other mamba process to finish
[collector wcpu1] no probe/val CSV (probe_csv=None, val_csv=None); forward/backward blocks skipped for run_id=naive__stable_evo__s42.
[Extractor] block_set='cpu': CPU-only block set ['block_optim', 'block_weights', 'block_trajectory', 'block_circuits'] needs no model forward — skipping probe/Hessian build (no CSV/dataloaders, lower host RAM).
[extract] step=1208 SKIP heavy block block_circuits (ordinal=241 basis=step_fallback heavy_every=8)
[extract] step=1208 heavy=FALSE total=178.74s | block_optim=133.92 block_weights=31.91 block_trajectory=0.74
[collector wcpu1] cpu-pass DONE run_id=naive__stable_evo__s42 step=1208 blocks_ok=3 t=178.738s (all_passes_complete=False)
[collector wcpu1] --once drained 1 checkpoint(s); exiting.
[cwcpu1] drained 1 checkpoint(s); looping.
[collector wcpu1] --once drained 0 checkpoint(s); exiting.
[collector wcpu1] --once drained 0 checkpoint(s); exiting.
error    libmamba Could not set lock (Resource temporarily unavailable)
warning  libmamba Cannot lock '/home/r.dinnage/.cache/mamba/proc'
    Waiting for other mamba process to finish
[collector wcpu1] no probe/val CSV (probe_csv=None, val_csv=None); forward/backward blocks skipped for run_id=naive__stable_evo__s42.
[Extractor] block_set='cpu': CPU-only block set ['block_optim', 'block_weights', 'block_trajectory', 'block_circuits'] needs no model forward — skipping probe/Hessian build (no CSV/dataloaders, lower host RAM).
[extract] step=1232 SKIP heavy block block_circuits (ordinal=246 basis=step_fallback heavy_every=8)
[extract] step=1232 heavy=FALSE total=170.97s | block_optim=127.83 block_weights=30.92 block_trajectory=0.71
[collector wcpu1] cpu-pass DONE run_id=naive__stable_evo__s42 step=1232 blocks_ok=3 t=170.973s (all_passes_complete=False)
[collector wcpu1] --once drained 1 checkpoint(s); exiting.
[cwcpu1] drained 1 checkpoint(s); looping.
[collector wcpu1] --once drained 0 checkpoint(s); exiting.
[collector wcpu1] --once drained 0 checkpoint(s); exiting.
[collector wcpu1] no probe/val CSV (probe_csv=None, val_csv=None); forward/backward blocks skipped for run_id=naive__stable_evo__s42.
[Extractor] block_set='cpu': CPU-only block set ['block_optim', 'block_weights', 'block_trajectory', 'block_circuits'] needs no model forward — skipping probe/Hessian build (no CSV/dataloaders, lower host RAM).
[extract] step=1256 SKIP heavy block block_circuits (ordinal=251 basis=step_fallback heavy_every=8)
[extract] step=1256 heavy=FALSE total=168.88s | block_optim=126.55 block_weights=30.29 block_trajectory=0.74
[collector wcpu1] cpu-pass DONE run_id=naive__stable_evo__s42 step=1256 blocks_ok=3 t=168.876s (all_passes_complete=False)
[collector wcpu1] --once drained 1 checkpoint(s); exiting.
error    libmamba Could not set lock (Resource temporarily unavailable)
warning  libmamba Cannot lock '/home/r.dinnage/.cache/mamba/proc'
    Waiting for other mamba process to finish
[cwcpu1] drained 1 checkpoint(s); looping.
[collector wcpu1] --once drained 0 checkpoint(s); exiting.
[collector wcpu1] --once drained 0 checkpoint(s); exiting.
[collector wcpu1] --once drained 0 checkpoint(s); exiting.
[collector wcpu1] --once drained 0 checkpoint(s); exiting.
[collector wcpu1] --once drained 0 checkpoint(s); exiting.
[collector wcpu1] --once drained 0 checkpoint(s); exiting.
[collector wcpu1] --once drained 0 checkpoint(s); exiting.
[collector wcpu1] --once drained 0 checkpoint(s); exiting.
error    libmamba Could not set lock (Resource temporarily unavailable)
warning  libmamba Cannot lock '/home/r.dinnage/.cache/mamba/proc'
    Waiting for other mamba process to finish
[collector wcpu1] --once drained 0 checkpoint(s); exiting.
error    libmamba Could not set lock (Resource temporarily unavailable)
warning  libmamba Cannot lock '/home/r.dinnage/.cache/mamba/proc'
    Waiting for other mamba process to finish
[collector wcpu1] --once drained 0 checkpoint(s); exiting.
[collector wcpu1] --once drained 0 checkpoint(s); exiting.
[collector wcpu1] --once drained 0 checkpoint(s); exiting.
[collector wcpu1] --once drained 0 checkpoint(s); exiting.
[collector wcpu1] --once drained 0 checkpoint(s); exiting.
[collector wcpu1] --once drained 0 checkpoint(s); exiting.
[collector wcpu1] no probe/val CSV (probe_csv=None, val_csv=None); forward/backward blocks skipped for run_id=naive__stable_evo__s42.
[Extractor] block_set='cpu': CPU-only block set ['block_optim', 'block_weights', 'block_trajectory', 'block_circuits'] needs no model forward — skipping probe/Hessian build (no CSV/dataloaders, lower host RAM).
[extract] step=1304 SKIP heavy block block_circuits (ordinal=260 basis=step_fallback heavy_every=8)
[extract] step=1304 heavy=FALSE total=171.72s | block_optim=127.62 block_weights=31.63 block_trajectory=0.75
[collector wcpu1] cpu-pass DONE run_id=naive__stable_evo__s42 step=1304 blocks_ok=3 t=171.715s (all_passes_complete=False)
[collector wcpu1] --once drained 1 checkpoint(s); exiting.
[cwcpu1] drained 1 checkpoint(s); looping.
[collector wcpu1] --once drained 0 checkpoint(s); exiting.
[collector wcpu1] --once drained 0 checkpoint(s); exiting.
[collector wcpu1] --once drained 0 checkpoint(s); exiting.
[collector wcpu1] --once drained 0 checkpoint(s); exiting.
[collector wcpu1] --once drained 0 checkpoint(s); exiting.
[collector wcpu1] --once drained 0 checkpoint(s); exiting.
error    libmamba Could not set lock (Resource temporarily unavailable)
warning  libmamba Cannot lock '/home/r.dinnage/.cache/mamba/proc'
    Waiting for other mamba process to finish
[collector wcpu1] --once drained 0 checkpoint(s); exiting.
[collector wcpu1] --once drained 0 checkpoint(s); exiting.
[collector wcpu1] --once drained 0 checkpoint(s); exiting.
[collector wcpu1] --once drained 0 checkpoint(s); exiting.
error    libmamba Could not set lock (Resource temporarily unavailable)
warning  libmamba Cannot lock '/home/r.dinnage/.cache/mamba/proc'
    Waiting for other mamba process to finish
[collector wcpu1] --once drained 0 checkpoint(s); exiting.
[collector wcpu1] --once drained 0 checkpoint(s); exiting.
[collector wcpu1] --once drained 0 checkpoint(s); exiting.
[collector wcpu1] --once drained 0 checkpoint(s); exiting.
[collector wcpu1] --once drained 0 checkpoint(s); exiting.
[collector wcpu1] --once drained 0 checkpoint(s); exiting.
[collector wcpu1] --once drained 0 checkpoint(s); exiting.
[collector wcpu1] --once drained 0 checkpoint(s); exiting.
error    libmamba Could not set lock (Resource temporarily unavailable)
warning  libmamba Cannot lock '/home/r.dinnage/.cache/mamba/proc'
    Waiting for other mamba process to finish
[collector wcpu1] --once drained 0 checkpoint(s); exiting.
[collector wcpu1] --once drained 0 checkpoint(s); exiting.
[collector wcpu1] --once drained 0 checkpoint(s); exiting.
[collector wcpu1] --once drained 0 checkpoint(s); exiting.
[collector wcpu1] --once drained 0 checkpoint(s); exiting.
error    libmamba Could not set lock (Resource temporarily unavailable)
warning  libmamba Cannot lock '/home/r.dinnage/.cache/mamba/proc'
    Waiting for other mamba process to finish
[collector wcpu1] no probe/val CSV (probe_csv=None, val_csv=None); forward/backward blocks skipped for run_id=naive__stable_evo__s42.
[Extractor] block_set='cpu': CPU-only block set ['block_optim', 'block_weights', 'block_trajectory', 'block_circuits'] needs no model forward — skipping probe/Hessian build (no CSV/dataloaders, lower host RAM).
[extract] step=1376 SKIP heavy block block_circuits (ordinal=275 basis=step_fallback heavy_every=8)
[extract] step=1376 heavy=FALSE total=170.07s | block_optim=126.79 block_weights=30.98 block_trajectory=0.75
[collector wcpu1] cpu-pass DONE run_id=naive__stable_evo__s42 step=1376 blocks_ok=3 t=170.069s (all_passes_complete=False)
[collector wcpu1] --once drained 1 checkpoint(s); exiting.
[cwcpu1] drained 1 checkpoint(s); looping.
[collector wcpu1] --once drained 0 checkpoint(s); exiting.
[collector wcpu1] --once drained 0 checkpoint(s); exiting.
error    libmamba Could not set lock (Resource temporarily unavailable)
warning  libmamba Cannot lock '/home/r.dinnage/.cache/mamba/proc'
    Waiting for other mamba process to finish
[collector wcpu1] --once drained 0 checkpoint(s); exiting.
[collector wcpu1] --once drained 0 checkpoint(s); exiting.
[collector wcpu1] --once drained 0 checkpoint(s); exiting.
[collector wcpu1] --once drained 0 checkpoint(s); exiting.
[collector wcpu1] --once drained 0 checkpoint(s); exiting.
error    libmamba Could not set lock (Resource temporarily unavailable)
warning  libmamba Cannot lock '/home/r.dinnage/.cache/mamba/proc'
    Waiting for other mamba process to finish
[collector wcpu1] --once drained 0 checkpoint(s); exiting.
error    libmamba Could not set lock (Resource temporarily unavailable)
warning  libmamba Cannot lock '/home/r.dinnage/.cache/mamba/proc'
    Waiting for other mamba process to finish
[collector wcpu1] --once drained 0 checkpoint(s); exiting.
[collector wcpu1] --once drained 0 checkpoint(s); exiting.
error    libmamba Could not set lock (Resource temporarily unavailable)
warning  libmamba Cannot lock '/home/r.dinnage/.cache/mamba/proc'
    Waiting for other mamba process to finish
[collector wcpu1] --once drained 0 checkpoint(s); exiting.
[collector wcpu1] no probe/val CSV (probe_csv=None, val_csv=None); forward/backward blocks skipped for run_id=naive__stable_evo__s42.
[Extractor] block_set='cpu': CPU-only block set ['block_optim', 'block_weights', 'block_trajectory', 'block_circuits'] needs no model forward — skipping probe/Hessian build (no CSV/dataloaders, lower host RAM).
[extract] step=1414 SKIP heavy block block_circuits (ordinal=282 basis=step_fallback heavy_every=8)
[extract] step=1414 heavy=FALSE total=173.09s | block_optim=127.96 block_weights=32.61 block_trajectory=0.76
[collector wcpu1] cpu-pass DONE run_id=naive__stable_evo__s42 step=1414 blocks_ok=3 t=173.091s (all_passes_complete=False)
[collector wcpu1] --once drained 1 checkpoint(s); exiting.
[cwcpu1] drained 1 checkpoint(s); looping.
[collector wcpu1] --once drained 0 checkpoint(s); exiting.
[collector wcpu1] --once drained 0 checkpoint(s); exiting.
error    libmamba Could not set lock (Resource temporarily unavailable)
warning  libmamba Cannot lock '/home/r.dinnage/.cache/mamba/proc'
    Waiting for other mamba process to finish
[collector wcpu1] no probe/val CSV (probe_csv=None, val_csv=None); forward/backward blocks skipped for run_id=naive__stable_evo__s42.
[Extractor] block_set='cpu': CPU-only block set ['block_optim', 'block_weights', 'block_trajectory', 'block_circuits'] needs no model forward — skipping probe/Hessian build (no CSV/dataloaders, lower host RAM).
[extract] step=1438 SKIP heavy block block_circuits (ordinal=287 basis=step_fallback heavy_every=8)
[extract] step=1438 heavy=FALSE total=178.35s | block_optim=133.74 block_weights=32.00 block_trajectory=0.75
[collector wcpu1] cpu-pass DONE run_id=naive__stable_evo__s42 step=1438 blocks_ok=3 t=178.354s (all_passes_complete=False)
[collector wcpu1] --once drained 1 checkpoint(s); exiting.
[cwcpu1] drained 1 checkpoint(s); looping.
[collector wcpu1] --once drained 0 checkpoint(s); exiting.
error    libmamba Could not set lock (Resource temporarily unavailable)
warning  libmamba Cannot lock '/home/r.dinnage/.cache/mamba/proc'
    Waiting for other mamba process to finish
[collector wcpu1] --once drained 0 checkpoint(s); exiting.
error    libmamba Could not set lock (Resource temporarily unavailable)
warning  libmamba Cannot lock '/home/r.dinnage/.cache/mamba/proc'
    Waiting for other mamba process to finish
[collector wcpu1] no probe/val CSV (probe_csv=None, val_csv=None); forward/backward blocks skipped for run_id=naive__stable_evo__s42.
[Extractor] block_set='cpu': CPU-only block set ['block_optim', 'block_weights', 'block_trajectory', 'block_circuits'] needs no model forward — skipping probe/Hessian build (no CSV/dataloaders, lower host RAM).
[extract] step=1462 SKIP heavy block block_circuits (ordinal=292 basis=step_fallback heavy_every=8)
[extract] step=1462 heavy=FALSE total=165.64s | block_optim=123.87 block_weights=30.71 block_trajectory=0.71
[collector wcpu1] cpu-pass DONE run_id=naive__stable_evo__s42 step=1462 blocks_ok=3 t=165.635s (all_passes_complete=False)
[collector wcpu1] --once drained 1 checkpoint(s); exiting.
[cwcpu1] drained 1 checkpoint(s); looping.
[collector wcpu1] --once drained 0 checkpoint(s); exiting.
[collector wcpu1] --once drained 0 checkpoint(s); exiting.
[collector wcpu1] --once drained 0 checkpoint(s); exiting.
[collector wcpu1] --once drained 0 checkpoint(s); exiting.
error    libmamba Could not set lock (Resource temporarily unavailable)
warning  libmamba Cannot lock '/home/r.dinnage/.cache/mamba/proc'
    Waiting for other mamba process to finish
[collector wcpu1] --once drained 0 checkpoint(s); exiting.
[collector wcpu1] --once drained 0 checkpoint(s); exiting.
error    libmamba Could not set lock (Resource temporarily unavailable)
warning  libmamba Cannot lock '/home/r.dinnage/.cache/mamba/proc'
    Waiting for other mamba process to finish
[collector wcpu1] --once drained 0 checkpoint(s); exiting.
[collector wcpu1] --once drained 0 checkpoint(s); exiting.
[collector wcpu1] --once drained 0 checkpoint(s); exiting.
[collector wcpu1] --once drained 0 checkpoint(s); exiting.
[collector wcpu1] --once drained 0 checkpoint(s); exiting.
[collector wcpu1] --once drained 0 checkpoint(s); exiting.
[collector wcpu1] --once drained 0 checkpoint(s); exiting.
[collector wcpu1] --once drained 0 checkpoint(s); exiting.
[collector wcpu1] --once drained 0 checkpoint(s); exiting.
[collector wcpu1] no probe/val CSV (probe_csv=None, val_csv=None); forward/backward blocks skipped for run_id=naive__stable_evo__s42.
[Extractor] block_set='cpu': CPU-only block set ['block_optim', 'block_weights', 'block_trajectory', 'block_circuits'] needs no model forward — skipping probe/Hessian build (no CSV/dataloaders, lower host RAM).
[extract] step=1510 SKIP heavy block block_circuits (ordinal=302 basis=step_fallback heavy_every=8)
[extract] step=1510 heavy=FALSE total=167.41s | block_optim=124.37 block_weights=31.06 block_trajectory=0.75
[collector wcpu1] cpu-pass DONE run_id=naive__stable_evo__s42 step=1510 blocks_ok=3 t=167.408s (all_passes_complete=False)
[collector wcpu1] --once drained 1 checkpoint(s); exiting.
[cwcpu1] drained 1 checkpoint(s); looping.
[collector wcpu1] --once drained 0 checkpoint(s); exiting.
[collector wcpu1] --once drained 0 checkpoint(s); exiting.
[collector wcpu1] --once drained 0 checkpoint(s); exiting.
[collector wcpu1] --once drained 0 checkpoint(s); exiting.
error    libmamba Could not set lock (Resource temporarily unavailable)
warning  libmamba Cannot lock '/home/r.dinnage/.cache/mamba/proc'
    Waiting for other mamba process to finish
[collector wcpu1] --once drained 0 checkpoint(s); exiting.
error    libmamba Could not set lock (Resource temporarily unavailable)
warning  libmamba Cannot lock '/home/r.dinnage/.cache/mamba/proc'
    Waiting for other mamba process to finish
[collector wcpu1] --once drained 0 checkpoint(s); exiting.
[collector wcpu1] --once drained 0 checkpoint(s); exiting.
[collector wcpu1] --once drained 0 checkpoint(s); exiting.
[collector wcpu1] no probe/val CSV (probe_csv=None, val_csv=None); forward/backward blocks skipped for run_id=naive__stable_evo__s42.
[Extractor] block_set='cpu': CPU-only block set ['block_optim', 'block_weights', 'block_trajectory', 'block_circuits'] needs no model forward — skipping probe/Hessian build (no CSV/dataloaders, lower host RAM).
[extract] step=1546 SKIP heavy block block_circuits (ordinal=309 basis=step_fallback heavy_every=8)
[extract] step=1546 heavy=FALSE total=166.23s | block_optim=124.36 block_weights=30.64 block_trajectory=0.72
[collector wcpu1] cpu-pass DONE run_id=naive__stable_evo__s42 step=1546 blocks_ok=3 t=166.228s (all_passes_complete=False)
[collector wcpu1] --once drained 1 checkpoint(s); exiting.
[cwcpu1] drained 1 checkpoint(s); looping.
[collector wcpu1] --once drained 0 checkpoint(s); exiting.
error    libmamba Could not set lock (Resource temporarily unavailable)
warning  libmamba Cannot lock '/home/r.dinnage/.cache/mamba/proc'
    Waiting for other mamba process to finish
[collector wcpu1] --once drained 0 checkpoint(s); exiting.
[collector wcpu1] --once drained 0 checkpoint(s); exiting.
[collector wcpu1] --once drained 0 checkpoint(s); exiting.
[collector wcpu1] --once drained 0 checkpoint(s); exiting.
error    libmamba Could not set lock (Resource temporarily unavailable)
warning  libmamba Cannot lock '/home/r.dinnage/.cache/mamba/proc'
    Waiting for other mamba process to finish
[collector wcpu1] --once drained 0 checkpoint(s); exiting.
[collector wcpu1] --once drained 0 checkpoint(s); exiting.
[collector wcpu1] --once drained 0 checkpoint(s); exiting.
[collector wcpu1] --once drained 0 checkpoint(s); exiting.
[collector wcpu1] --once drained 0 checkpoint(s); exiting.
[collector wcpu1] --once drained 0 checkpoint(s); exiting.
[collector wcpu1] --once drained 0 checkpoint(s); exiting.
[collector wcpu1] --once drained 0 checkpoint(s); exiting.
[collector wcpu1] --once drained 0 checkpoint(s); exiting.
[collector wcpu1] --once drained 0 checkpoint(s); exiting.
[collector wcpu1] --once drained 0 checkpoint(s); exiting.
[collector wcpu1] --once drained 0 checkpoint(s); exiting.
[collector wcpu1] --once drained 0 checkpoint(s); exiting.
[collector wcpu1] --once drained 0 checkpoint(s); exiting.
[collector wcpu1] --once drained 0 checkpoint(s); exiting.
[collector wcpu1] --once drained 0 checkpoint(s); exiting.
[collector wcpu1] --once drained 0 checkpoint(s); exiting.
[collector wcpu1] --once drained 0 checkpoint(s); exiting.
[collector wcpu1] --once drained 0 checkpoint(s); exiting.
[collector wcpu1] --once drained 0 checkpoint(s); exiting.
[collector wcpu1] --once drained 0 checkpoint(s); exiting.
[collector wcpu1] --once drained 0 checkpoint(s); exiting.
[collector wcpu1] --once drained 0 checkpoint(s); exiting.
[collector wcpu1] --once drained 0 checkpoint(s); exiting.
[collector wcpu1] --once drained 0 checkpoint(s); exiting.
[collector wcpu1] --once drained 0 checkpoint(s); exiting.
[collector wcpu1] --once drained 0 checkpoint(s); exiting.
[collector wcpu1] --once drained 0 checkpoint(s); exiting.
[collector wcpu1] --once drained 0 checkpoint(s); exiting.
[collector wcpu1] --once drained 0 checkpoint(s); exiting.
[collector wcpu1] --once drained 0 checkpoint(s); exiting.
[collector wcpu1] --once drained 0 checkpoint(s); exiting.
[collector wcpu1] --once drained 0 checkpoint(s); exiting.
[collector wcpu1] --once drained 0 checkpoint(s); exiting.
[collector wcpu1] --once drained 0 checkpoint(s); exiting.
[collector wcpu1] --once drained 0 checkpoint(s); exiting.
[collector wcpu1] --once drained 0 checkpoint(s); exiting.
[collector wcpu1] no probe/val CSV (probe_csv=None, val_csv=None); forward/backward blocks skipped for run_id=naive__stable_evo__s42.
[Extractor] block_set='cpu': CPU-only block set ['block_optim', 'block_weights', 'block_trajectory', 'block_circuits'] needs no model forward — skipping probe/Hessian build (no CSV/dataloaders, lower host RAM).
[extract] step=1656 SKIP heavy block block_circuits (ordinal=331 basis=step_fallback heavy_every=8)
[extract] step=1656 heavy=FALSE total=169.52s | block_optim=125.67 block_weights=31.24 block_trajectory=0.72
[collector wcpu1] cpu-pass DONE run_id=naive__stable_evo__s42 step=1656 blocks_ok=3 t=169.519s (all_passes_complete=False)
[collector wcpu1] --once drained 1 checkpoint(s); exiting.
[cwcpu1] drained 1 checkpoint(s); looping.
[collector wcpu1] --once drained 0 checkpoint(s); exiting.
[collector wcpu1] --once drained 0 checkpoint(s); exiting.
[collector wcpu1] --once drained 0 checkpoint(s); exiting.
[collector wcpu1] --once drained 0 checkpoint(s); exiting.
[collector wcpu1] --once drained 0 checkpoint(s); exiting.
[collector wcpu1] --once drained 0 checkpoint(s); exiting.
[collector wcpu1] --once drained 0 checkpoint(s); exiting.
[collector wcpu1] --once drained 0 checkpoint(s); exiting.
[collector wcpu1] --once drained 0 checkpoint(s); exiting.
[collector wcpu1] --once drained 0 checkpoint(s); exiting.
[collector wcpu1] --once drained 0 checkpoint(s); exiting.
[collector wcpu1] --once drained 0 checkpoint(s); exiting.
[collector wcpu1] --once drained 0 checkpoint(s); exiting.
error    libmamba Could not set lock (Resource temporarily unavailable)
warning  libmamba Cannot lock '/home/r.dinnage/.cache/mamba/proc'
    Waiting for other mamba process to finish
[collector wcpu1] --once drained 0 checkpoint(s); exiting.
error    libmamba Could not set lock (Resource temporarily unavailable)
warning  libmamba Cannot lock '/home/r.dinnage/.cache/mamba/proc'
    Waiting for other mamba process to finish
[collector wcpu1] --once drained 0 checkpoint(s); exiting.
[collector wcpu1] --once drained 0 checkpoint(s); exiting.
[collector wcpu1] --once drained 0 checkpoint(s); exiting.
[collector wcpu1] --once drained 0 checkpoint(s); exiting.
[collector wcpu1] --once drained 0 checkpoint(s); exiting.
[collector wcpu1] --once drained 0 checkpoint(s); exiting.
[collector wcpu1] --once drained 0 checkpoint(s); exiting.
error    libmamba Could not set lock (Resource temporarily unavailable)
warning  libmamba Cannot lock '/home/r.dinnage/.cache/mamba/proc'
    Waiting for other mamba process to finish
[collector wcpu1] --once drained 0 checkpoint(s); exiting.
[collector wcpu1] --once drained 0 checkpoint(s); exiting.
[collector wcpu1] --once drained 0 checkpoint(s); exiting.
[collector wcpu1] --once drained 0 checkpoint(s); exiting.
[collector wcpu1] --once drained 0 checkpoint(s); exiting.
[collector wcpu1] --once drained 0 checkpoint(s); exiting.
[collector wcpu1] --once drained 0 checkpoint(s); exiting.
[collector wcpu1] --once drained 0 checkpoint(s); exiting.
[collector wcpu1] --once drained 0 checkpoint(s); exiting.
[collector wcpu1] --once drained 0 checkpoint(s); exiting.
[collector wcpu1] --once drained 0 checkpoint(s); exiting.
[collector wcpu1] --once drained 0 checkpoint(s); exiting.
[collector wcpu1] --once drained 0 checkpoint(s); exiting.
[collector wcpu1] --once drained 0 checkpoint(s); exiting.
[collector wcpu1] --once drained 0 checkpoint(s); exiting.
[collector wcpu1] no probe/val CSV (probe_csv=None, val_csv=None); forward/backward blocks skipped for run_id=naive__stable_evo__s42.
[Extractor] block_set='cpu': CPU-only block set ['block_optim', 'block_weights', 'block_trajectory', 'block_circuits'] needs no model forward — skipping probe/Hessian build (no CSV/dataloaders, lower host RAM).
[extract] step=1752 SKIP heavy block block_circuits (ordinal=350 basis=step_fallback heavy_every=8)
[extract] step=1752 heavy=FALSE total=169.73s | block_optim=126.25 block_weights=31.37 block_trajectory=0.71
[collector wcpu1] cpu-pass DONE run_id=naive__stable_evo__s42 step=1752 blocks_ok=3 t=169.733s (all_passes_complete=False)
[collector wcpu1] --once drained 1 checkpoint(s); exiting.
[cwcpu1] drained 1 checkpoint(s); looping.
[collector wcpu1] --once drained 0 checkpoint(s); exiting.
error    libmamba Could not set lock (Resource temporarily unavailable)
warning  libmamba Cannot lock '/home/r.dinnage/.cache/mamba/proc'
    Waiting for other mamba process to finish
[collector wcpu1] --once drained 0 checkpoint(s); exiting.
[collector wcpu1] --once drained 0 checkpoint(s); exiting.
[collector wcpu1] --once drained 0 checkpoint(s); exiting.
[collector wcpu1] --once drained 0 checkpoint(s); exiting.
[collector wcpu1] --once drained 0 checkpoint(s); exiting.
[collector wcpu1] --once drained 0 checkpoint(s); exiting.
[collector wcpu1] --once drained 0 checkpoint(s); exiting.
[collector wcpu1] --once drained 0 checkpoint(s); exiting.
[collector wcpu1] --once drained 0 checkpoint(s); exiting.
error    libmamba Could not set lock (Resource temporarily unavailable)
warning  libmamba Cannot lock '/home/r.dinnage/.cache/mamba/proc'
    Waiting for other mamba process to finish
[collector wcpu1] --once drained 0 checkpoint(s); exiting.
[collector wcpu1] --once drained 0 checkpoint(s); exiting.
[collector wcpu1] --once drained 0 checkpoint(s); exiting.
[collector wcpu1] --once drained 0 checkpoint(s); exiting.
[collector wcpu1] --once drained 0 checkpoint(s); exiting.
[collector wcpu1] --once drained 0 checkpoint(s); exiting.
[collector wcpu1] --once drained 0 checkpoint(s); exiting.
[collector wcpu1] --once drained 0 checkpoint(s); exiting.
[collector wcpu1] --once drained 0 checkpoint(s); exiting.
[collector wcpu1] --once drained 0 checkpoint(s); exiting.
[collector wcpu1] --once drained 0 checkpoint(s); exiting.
[collector wcpu1] --once drained 0 checkpoint(s); exiting.
[collector wcpu1] --once drained 0 checkpoint(s); exiting.
[collector wcpu1] --once drained 0 checkpoint(s); exiting.
[collector wcpu1] --once drained 0 checkpoint(s); exiting.
[collector wcpu1] --once drained 0 checkpoint(s); exiting.
[collector wcpu1] --once drained 0 checkpoint(s); exiting.
[collector wcpu1] --once drained 0 checkpoint(s); exiting.
[collector wcpu1] --once drained 0 checkpoint(s); exiting.
[collector wcpu1] --once drained 0 checkpoint(s); exiting.
[collector wcpu1] --once drained 0 checkpoint(s); exiting.
error    libmamba Could not set lock (Resource temporarily unavailable)
warning  libmamba Cannot lock '/home/r.dinnage/.cache/mamba/proc'
    Waiting for other mamba process to finish
[collector wcpu1] --once drained 0 checkpoint(s); exiting.
error    libmamba Could not set lock (Resource temporarily unavailable)
warning  libmamba Cannot lock '/home/r.dinnage/.cache/mamba/proc'
    Waiting for other mamba process to finish
[collector wcpu1] --once drained 0 checkpoint(s); exiting.
[collector wcpu1] --once drained 0 checkpoint(s); exiting.
[collector wcpu1] --once drained 0 checkpoint(s); exiting.
error    libmamba Could not set lock (Resource temporarily unavailable)
warning  libmamba Cannot lock '/home/r.dinnage/.cache/mamba/proc'
    Waiting for other mamba process to finish
[collector wcpu1] --once drained 0 checkpoint(s); exiting.
[collector wcpu1] --once drained 0 checkpoint(s); exiting.
[collector wcpu1] --once drained 0 checkpoint(s); exiting.
[collector wcpu1] --once drained 0 checkpoint(s); exiting.
[collector wcpu1] --once drained 0 checkpoint(s); exiting.
[collector wcpu1] --once drained 0 checkpoint(s); exiting.
[collector wcpu1] --once drained 0 checkpoint(s); exiting.
[collector wcpu1] --once drained 0 checkpoint(s); exiting.
[collector wcpu1] --once drained 0 checkpoint(s); exiting.
error    libmamba Could not set lock (Resource temporarily unavailable)
warning  libmamba Cannot lock '/home/r.dinnage/.cache/mamba/proc'
    Waiting for other mamba process to finish
[collector wcpu1] --once drained 0 checkpoint(s); exiting.
[collector wcpu1] --once drained 0 checkpoint(s); exiting.
[collector wcpu1] no probe/val CSV (probe_csv=None, val_csv=None); forward/backward blocks skipped for run_id=naive__stable_evo__s42.
[Extractor] block_set='cpu': CPU-only block set ['block_optim', 'block_weights', 'block_trajectory', 'block_circuits'] needs no model forward — skipping probe/Hessian build (no CSV/dataloaders, lower host RAM).
[extract] step=1872 SKIP heavy block block_circuits (ordinal=374 basis=step_fallback heavy_every=8)
[extract] step=1872 heavy=FALSE total=165.24s | block_optim=123.01 block_weights=30.03 block_trajectory=0.73
[collector wcpu1] cpu-pass DONE run_id=naive__stable_evo__s42 step=1872 blocks_ok=3 t=165.239s (all_passes_complete=False)
[collector wcpu1] --once drained 1 checkpoint(s); exiting.
[cwcpu1] drained 1 checkpoint(s); looping.
[collector wcpu1] --once drained 0 checkpoint(s); exiting.
[collector wcpu1] --once drained 0 checkpoint(s); exiting.
error    libmamba Could not set lock (Resource temporarily unavailable)
warning  libmamba Cannot lock '/home/r.dinnage/.cache/mamba/proc'
    Waiting for other mamba process to finish
[collector wcpu1] --once drained 0 checkpoint(s); exiting.
[collector wcpu1] --once drained 0 checkpoint(s); exiting.
[collector wcpu1] --once drained 0 checkpoint(s); exiting.
[collector wcpu1] --once drained 0 checkpoint(s); exiting.
[collector wcpu1] --once drained 0 checkpoint(s); exiting.
[collector wcpu1] --once drained 0 checkpoint(s); exiting.
[collector wcpu1] --once drained 0 checkpoint(s); exiting.
[collector wcpu1] --once drained 0 checkpoint(s); exiting.
[collector wcpu1] --once drained 0 checkpoint(s); exiting.
[collector wcpu1] --once drained 0 checkpoint(s); exiting.
[collector wcpu1] --once drained 0 checkpoint(s); exiting.
[collector wcpu1] --once drained 0 checkpoint(s); exiting.
[collector wcpu1] --once drained 0 checkpoint(s); exiting.
[collector wcpu1] --once drained 0 checkpoint(s); exiting.
[collector wcpu1] --once drained 0 checkpoint(s); exiting.
[collector wcpu1] --once drained 0 checkpoint(s); exiting.
[collector wcpu1] --once drained 0 checkpoint(s); exiting.
error    libmamba Could not set lock (Resource temporarily unavailable)
warning  libmamba Cannot lock '/home/r.dinnage/.cache/mamba/proc'
    Waiting for other mamba process to finish
[collector wcpu1] --once drained 0 checkpoint(s); exiting.
[collector wcpu1] --once drained 0 checkpoint(s); exiting.
[collector wcpu1] --once drained 0 checkpoint(s); exiting.
[collector wcpu1] --once drained 0 checkpoint(s); exiting.
[collector wcpu1] --once drained 0 checkpoint(s); exiting.
[collector wcpu1] --once drained 0 checkpoint(s); exiting.
[collector wcpu1] --once drained 0 checkpoint(s); exiting.
[collector wcpu1] --once drained 0 checkpoint(s); exiting.
[collector wcpu1] no probe/val CSV (probe_csv=None, val_csv=None); forward/backward blocks skipped for run_id=naive__stable_evo__s42.
[Extractor] block_set='cpu': CPU-only block set ['block_optim', 'block_weights', 'block_trajectory', 'block_circuits'] needs no model forward — skipping probe/Hessian build (no CSV/dataloaders, lower host RAM).
[extract] step=1946 SKIP heavy block block_circuits (ordinal=389 basis=step_fallback heavy_every=8)
[extract] step=1946 heavy=FALSE total=165.86s | block_optim=123.45 block_weights=30.52 block_trajectory=0.71
[collector wcpu1] cpu-pass DONE run_id=naive__stable_evo__s42 step=1946 blocks_ok=3 t=165.86s (all_passes_complete=False)
[collector wcpu1] --once drained 1 checkpoint(s); exiting.
[cwcpu1] drained 1 checkpoint(s); looping.
[collector wcpu1] --once drained 0 checkpoint(s); exiting.
[collector wcpu1] --once drained 0 checkpoint(s); exiting.
[collector wcpu1] --once drained 0 checkpoint(s); exiting.
[collector wcpu1] --once drained 0 checkpoint(s); exiting.
[collector wcpu1] --once drained 0 checkpoint(s); exiting.
[collector wcpu1] --once drained 0 checkpoint(s); exiting.
[collector wcpu1] --once drained 0 checkpoint(s); exiting.
[collector wcpu1] --once drained 0 checkpoint(s); exiting.
[collector wcpu1] --once drained 0 checkpoint(s); exiting.
error    libmamba Could not set lock (Resource temporarily unavailable)
warning  libmamba Cannot lock '/home/r.dinnage/.cache/mamba/proc'
    Waiting for other mamba process to finish
[collector wcpu1] --once drained 0 checkpoint(s); exiting.
[collector wcpu1] --once drained 0 checkpoint(s); exiting.
[collector wcpu1] --once drained 0 checkpoint(s); exiting.
[collector wcpu1] --once drained 0 checkpoint(s); exiting.
error    libmamba Could not set lock (Resource temporarily unavailable)
warning  libmamba Cannot lock '/home/r.dinnage/.cache/mamba/proc'
    Waiting for other mamba process to finish
[collector wcpu1] no probe/val CSV (probe_csv=None, val_csv=None); forward/backward blocks skipped for run_id=naive__stable_evo__s42.
[Extractor] block_set='cpu': CPU-only block set ['block_optim', 'block_weights', 'block_trajectory', 'block_circuits'] needs no model forward — skipping probe/Hessian build (no CSV/dataloaders, lower host RAM).
[extract] step=1994 SKIP heavy block block_circuits (ordinal=398 basis=step_fallback heavy_every=8)
[extract] step=1994 heavy=FALSE total=173.69s | block_optim=130.35 block_weights=31.24 block_trajectory=0.75
[collector wcpu1] cpu-pass DONE run_id=naive__stable_evo__s42 step=1994 blocks_ok=3 t=173.693s (all_passes_complete=False)
[collector wcpu1] --once drained 1 checkpoint(s); exiting.
[cwcpu1] drained 1 checkpoint(s); looping.
[collector wcpu1] --once drained 0 checkpoint(s); exiting.
[collector wcpu1] --once drained 0 checkpoint(s); exiting.
[collector wcpu1] --once drained 0 checkpoint(s); exiting.
[collector wcpu1] --once drained 0 checkpoint(s); exiting.
[collector wcpu1] --once drained 0 checkpoint(s); exiting.
[collector wcpu1] --once drained 0 checkpoint(s); exiting.
[collector wcpu1] --once drained 0 checkpoint(s); exiting.
[collector wcpu1] --once drained 0 checkpoint(s); exiting.
[collector wcpu1] --once drained 0 checkpoint(s); exiting.
[collector wcpu1] --once drained 0 checkpoint(s); exiting.
error    libmamba Could not set lock (Resource temporarily unavailable)
warning  libmamba Cannot lock '/home/r.dinnage/.cache/mamba/proc'
    Waiting for other mamba process to finish
[collector wcpu1] --once drained 0 checkpoint(s); exiting.
[collector wcpu1] --once drained 0 checkpoint(s); exiting.
[collector wcpu1] --once drained 0 checkpoint(s); exiting.
[collector wcpu1] --once drained 0 checkpoint(s); exiting.
[collector wcpu1] --once drained 0 checkpoint(s); exiting.
[collector wcpu1] --once drained 0 checkpoint(s); exiting.
[collector wcpu1] --once drained 0 checkpoint(s); exiting.
[collector wcpu1] --once drained 0 checkpoint(s); exiting.
[collector wcpu1] --once drained 0 checkpoint(s); exiting.
[collector wcpu1] --once drained 0 checkpoint(s); exiting.
error    libmamba Could not set lock (Resource temporarily unavailable)
warning  libmamba Cannot lock '/home/r.dinnage/.cache/mamba/proc'
    Waiting for other mamba process to finish
[collector wcpu1] --once drained 0 checkpoint(s); exiting.
[collector wcpu1] --once drained 0 checkpoint(s); exiting.
[collector wcpu1] --once drained 0 checkpoint(s); exiting.
[collector wcpu1] --once drained 0 checkpoint(s); exiting.
error    libmamba Could not set lock (Resource temporarily unavailable)
warning  libmamba Cannot lock '/home/r.dinnage/.cache/mamba/proc'
    Waiting for other mamba process to finish
[collector wcpu1] --once drained 0 checkpoint(s); exiting.
[collector wcpu1] --once drained 0 checkpoint(s); exiting.
[collector wcpu1] --once drained 0 checkpoint(s); exiting.
[collector wcpu1] --once drained 0 checkpoint(s); exiting.
error    libmamba Could not set lock (Resource temporarily unavailable)
warning  libmamba Cannot lock '/home/r.dinnage/.cache/mamba/proc'
    Waiting for other mamba process to finish
[collector wcpu1] --once drained 0 checkpoint(s); exiting.
[collector wcpu1] --once drained 0 checkpoint(s); exiting.
[collector wcpu1] --once drained 0 checkpoint(s); exiting.
[collector wcpu1] --once drained 0 checkpoint(s); exiting.
[collector wcpu1] --once drained 0 checkpoint(s); exiting.
[collector wcpu1] --once drained 0 checkpoint(s); exiting.
[collector wcpu1] --once drained 0 checkpoint(s); exiting.
[collector wcpu1] no probe/val CSV (probe_csv=None, val_csv=None); forward/backward blocks skipped for run_id=naive__stable_evo__s42.
[Extractor] block_set='cpu': CPU-only block set ['block_optim', 'block_weights', 'block_trajectory', 'block_circuits'] needs no model forward — skipping probe/Hessian build (no CSV/dataloaders, lower host RAM).
[extract] step=2090 SKIP heavy block block_circuits (ordinal=418 basis=step_fallback heavy_every=8)
[extract] step=2090 heavy=FALSE total=178.44s | block_optim=135.29 block_weights=30.39 block_trajectory=0.70
[collector wcpu1] cpu-pass DONE run_id=naive__stable_evo__s42 step=2090 blocks_ok=3 t=178.435s (all_passes_complete=False)
[collector wcpu1] --once drained 1 checkpoint(s); exiting.
[cwcpu1] drained 1 checkpoint(s); looping.
[collector wcpu1] --once drained 0 checkpoint(s); exiting.
[collector wcpu1] --once drained 0 checkpoint(s); exiting.
[collector wcpu1] --once drained 0 checkpoint(s); exiting.
[collector wcpu1] --once drained 0 checkpoint(s); exiting.
[collector wcpu1] --once drained 0 checkpoint(s); exiting.
error    libmamba Could not set lock (Resource temporarily unavailable)
warning  libmamba Cannot lock '/home/r.dinnage/.cache/mamba/proc'
    Waiting for other mamba process to finish
[collector wcpu1] --once drained 0 checkpoint(s); exiting.
[collector wcpu1] --once drained 0 checkpoint(s); exiting.
[collector wcpu1] --once drained 0 checkpoint(s); exiting.
[collector wcpu1] --once drained 0 checkpoint(s); exiting.
[collector wcpu1] --once drained 0 checkpoint(s); exiting.
[collector wcpu1] --once drained 0 checkpoint(s); exiting.
[collector wcpu1] --once drained 0 checkpoint(s); exiting.
[collector wcpu1] --once drained 0 checkpoint(s); exiting.
[collector wcpu1] --once drained 0 checkpoint(s); exiting.
error    libmamba Could not set lock (Resource temporarily unavailable)
warning  libmamba Cannot lock '/home/r.dinnage/.cache/mamba/proc'
    Waiting for other mamba process to finish
[collector wcpu1] --once drained 0 checkpoint(s); exiting.
[collector wcpu1] --once drained 0 checkpoint(s); exiting.
[collector wcpu1] --once drained 0 checkpoint(s); exiting.
[collector wcpu1] --once drained 0 checkpoint(s); exiting.
[collector wcpu1] --once drained 0 checkpoint(s); exiting.
[collector wcpu1] --once drained 0 checkpoint(s); exiting.
[collector wcpu1] --once drained 0 checkpoint(s); exiting.
[collector wcpu1] --once drained 0 checkpoint(s); exiting.
error    libmamba Could not set lock (Resource temporarily unavailable)
warning  libmamba Cannot lock '/home/r.dinnage/.cache/mamba/proc'
    Waiting for other mamba process to finish
[collector wcpu1] --once drained 0 checkpoint(s); exiting.
[collector wcpu1] --once drained 0 checkpoint(s); exiting.
[collector wcpu1] --once drained 0 checkpoint(s); exiting.
[collector wcpu1] --once drained 0 checkpoint(s); exiting.
[collector wcpu1] --once drained 0 checkpoint(s); exiting.
[collector wcpu1] --once drained 0 checkpoint(s); exiting.
[collector wcpu1] --once drained 0 checkpoint(s); exiting.
[collector wcpu1] --once drained 0 checkpoint(s); exiting.
[collector wcpu1] no probe/val CSV (probe_csv=None, val_csv=None); forward/backward blocks skipped for run_id=naive__stable_evo__s42.
[Extractor] block_set='cpu': CPU-only block set ['block_optim', 'block_weights', 'block_trajectory', 'block_circuits'] needs no model forward — skipping probe/Hessian build (no CSV/dataloaders, lower host RAM).
[extract] step=2174 SKIP heavy block block_circuits (ordinal=434 basis=step_fallback heavy_every=8)
[extract] step=2174 heavy=FALSE total=170.80s | block_optim=126.82 block_weights=32.13 block_trajectory=0.78
[collector wcpu1] cpu-pass DONE run_id=naive__stable_evo__s42 step=2174 blocks_ok=3 t=170.804s (all_passes_complete=False)
[collector wcpu1] --once drained 1 checkpoint(s); exiting.
[cwcpu1] drained 1 checkpoint(s); looping.
[collector wcpu1] --once drained 0 checkpoint(s); exiting.
[collector wcpu1] --once drained 0 checkpoint(s); exiting.
[collector wcpu1] --once drained 0 checkpoint(s); exiting.
error    libmamba Could not set lock (Resource temporarily unavailable)
warning  libmamba Cannot lock '/home/r.dinnage/.cache/mamba/proc'
    Waiting for other mamba process to finish
[collector wcpu1] --once drained 0 checkpoint(s); exiting.
error    libmamba Could not set lock (Resource temporarily unavailable)
warning  libmamba Cannot lock '/home/r.dinnage/.cache/mamba/proc'
    Waiting for other mamba process to finish
[collector wcpu1] --once drained 0 checkpoint(s); exiting.
[collector wcpu1] --once drained 0 checkpoint(s); exiting.
[collector wcpu1] --once drained 0 checkpoint(s); exiting.
[collector wcpu1] --once drained 0 checkpoint(s); exiting.
error    libmamba Could not set lock (Resource temporarily unavailable)
warning  libmamba Cannot lock '/home/r.dinnage/.cache/mamba/proc'
    Waiting for other mamba process to finish
[collector wcpu1] --once drained 0 checkpoint(s); exiting.
[collector wcpu1] --once drained 0 checkpoint(s); exiting.
error    libmamba Could not set lock (Resource temporarily unavailable)
warning  libmamba Cannot lock '/home/r.dinnage/.cache/mamba/proc'
    Waiting for other mamba process to finish
[collector wcpu1] no probe/val CSV (probe_csv=None, val_csv=None); forward/backward blocks skipped for run_id=naive__stable_evo__s42.
[Extractor] block_set='cpu': CPU-only block set ['block_optim', 'block_weights', 'block_trajectory', 'block_circuits'] needs no model forward — skipping probe/Hessian build (no CSV/dataloaders, lower host RAM).
[extract] step=2210 SKIP heavy block block_circuits (ordinal=442 basis=step_fallback heavy_every=8)
[extract] step=2210 heavy=FALSE total=168.29s | block_optim=125.47 block_weights=31.51 block_trajectory=0.65
[collector wcpu1] cpu-pass DONE run_id=naive__stable_evo__s42 step=2210 blocks_ok=3 t=168.289s (all_passes_complete=False)
[collector wcpu1] --once drained 1 checkpoint(s); exiting.
[cwcpu1] drained 1 checkpoint(s); looping.
[collector wcpu1] --once drained 0 checkpoint(s); exiting.
error    libmamba Could not set lock (Resource temporarily unavailable)
warning  libmamba Cannot lock '/home/r.dinnage/.cache/mamba/proc'
    Waiting for other mamba process to finish
[collector wcpu1] --once drained 0 checkpoint(s); exiting.
[collector wcpu1] --once drained 0 checkpoint(s); exiting.
[collector wcpu1] --once drained 0 checkpoint(s); exiting.
[collector wcpu1] --once drained 0 checkpoint(s); exiting.
[collector wcpu1] --once drained 0 checkpoint(s); exiting.
[collector wcpu1] --once drained 0 checkpoint(s); exiting.
[collector wcpu1] --once drained 0 checkpoint(s); exiting.
[collector wcpu1] --once drained 0 checkpoint(s); exiting.
[collector wcpu1] --once drained 0 checkpoint(s); exiting.
[collector wcpu1] --once drained 0 checkpoint(s); exiting.
[collector wcpu1] --once drained 0 checkpoint(s); exiting.
[collector wcpu1] --once drained 0 checkpoint(s); exiting.
[collector wcpu1] --once drained 0 checkpoint(s); exiting.
[collector wcpu1] --once drained 0 checkpoint(s); exiting.
[collector wcpu1] --once drained 0 checkpoint(s); exiting.
[collector wcpu1] --once drained 0 checkpoint(s); exiting.
[collector wcpu1] --once drained 0 checkpoint(s); exiting.
[collector wcpu1] --once drained 0 checkpoint(s); exiting.
[collector wcpu1] --once drained 0 checkpoint(s); exiting.
[collector wcpu1] --once drained 0 checkpoint(s); exiting.
[collector wcpu1] --once drained 0 checkpoint(s); exiting.
[collector wcpu1] --once drained 0 checkpoint(s); exiting.
[collector wcpu1] --once drained 0 checkpoint(s); exiting.
[collector wcpu1] --once drained 0 checkpoint(s); exiting.
[collector wcpu1] --once drained 0 checkpoint(s); exiting.
[collector wcpu1] --once drained 0 checkpoint(s); exiting.
[collector wcpu1] --once drained 0 checkpoint(s); exiting.
error    libmamba Could not set lock (Resource temporarily unavailable)
warning  libmamba Cannot lock '/home/r.dinnage/.cache/mamba/proc'
    Waiting for other mamba process to finish
[collector wcpu1] --once drained 0 checkpoint(s); exiting.
[collector wcpu1] --once drained 0 checkpoint(s); exiting.
[collector wcpu1] --once drained 0 checkpoint(s); exiting.
[collector wcpu1] --once drained 0 checkpoint(s); exiting.
[collector wcpu1] --once drained 0 checkpoint(s); exiting.
[collector wcpu1] --once drained 0 checkpoint(s); exiting.
[collector wcpu1] --once drained 0 checkpoint(s); exiting.
[collector wcpu1] --once drained 0 checkpoint(s); exiting.
[collector wcpu1] --once drained 0 checkpoint(s); exiting.
[collector wcpu1] --once drained 0 checkpoint(s); exiting.
[collector wcpu1] --once drained 0 checkpoint(s); exiting.
[collector wcpu1] --once drained 0 checkpoint(s); exiting.
[collector wcpu1] --once drained 0 checkpoint(s); exiting.
error    libmamba Could not set lock (Resource temporarily unavailable)
warning  libmamba Cannot lock '/home/r.dinnage/.cache/mamba/proc'
    Waiting for other mamba process to finish
[collector wcpu1] no probe/val CSV (probe_csv=None, val_csv=None); forward/backward blocks skipped for run_id=naive__stable_evo__s42.
[Extractor] block_set='cpu': CPU-only block set ['block_optim', 'block_weights', 'block_trajectory', 'block_circuits'] needs no model forward — skipping probe/Hessian build (no CSV/dataloaders, lower host RAM).
[extract] step=2320 heavy=TRUE total=184.04s | block_optim=133.11 block_weights=33.46 block_trajectory=0.77 block_circuits=4.62
[collector wcpu1] cpu-pass DONE run_id=naive__stable_evo__s42 step=2320 blocks_ok=4 t=184.038s (all_passes_complete=False)
[collector wcpu1] --once drained 1 checkpoint(s); exiting.
[cwcpu1] drained 1 checkpoint(s); looping.
[collector wcpu1] --once drained 0 checkpoint(s); exiting.
[collector wcpu1] --once drained 0 checkpoint(s); exiting.
[collector wcpu1] --once drained 0 checkpoint(s); exiting.
[collector wcpu1] --once drained 0 checkpoint(s); exiting.
[collector wcpu1] --once drained 0 checkpoint(s); exiting.
error    libmamba Could not set lock (Resource temporarily unavailable)
warning  libmamba Cannot lock '/home/r.dinnage/.cache/mamba/proc'
    Waiting for other mamba process to finish
[collector wcpu1] --once drained 0 checkpoint(s); exiting.
[collector wcpu1] --once drained 0 checkpoint(s); exiting.
error    libmamba Could not set lock (Resource temporarily unavailable)
warning  libmamba Cannot lock '/home/r.dinnage/.cache/mamba/proc'
    Waiting for other mamba process to finish
[collector wcpu1] --once drained 0 checkpoint(s); exiting.
error    libmamba Could not set lock (Resource temporarily unavailable)
warning  libmamba Cannot lock '/home/r.dinnage/.cache/mamba/proc'
    Waiting for other mamba process to finish
[collector wcpu1] --once drained 0 checkpoint(s); exiting.
[collector wcpu1] --once drained 0 checkpoint(s); exiting.
[collector wcpu1] --once drained 0 checkpoint(s); exiting.
[collector wcpu1] --once drained 0 checkpoint(s); exiting.
[collector wcpu1] --once drained 0 checkpoint(s); exiting.
[collector wcpu1] --once drained 0 checkpoint(s); exiting.
[collector wcpu1] --once drained 0 checkpoint(s); exiting.
error    libmamba Could not set lock (Resource temporarily unavailable)
warning  libmamba Cannot lock '/home/r.dinnage/.cache/mamba/proc'
    Waiting for other mamba process to finish
[collector wcpu1] --once drained 0 checkpoint(s); exiting.
error    libmamba Could not set lock (Resource temporarily unavailable)
warning  libmamba Cannot lock '/home/r.dinnage/.cache/mamba/proc'
    Waiting for other mamba process to finish
[collector wcpu1] --once drained 0 checkpoint(s); exiting.
[collector wcpu1] --once drained 0 checkpoint(s); exiting.
[collector wcpu1] --once drained 0 checkpoint(s); exiting.
[collector wcpu1] --once drained 0 checkpoint(s); exiting.
[collector wcpu1] --once drained 0 checkpoint(s); exiting.
[collector wcpu1] --once drained 0 checkpoint(s); exiting.
[collector wcpu1] --once drained 0 checkpoint(s); exiting.
[collector wcpu1] --once drained 0 checkpoint(s); exiting.
[collector wcpu1] --once drained 0 checkpoint(s); exiting.
[collector wcpu1] --once drained 0 checkpoint(s); exiting.
[collector wcpu1] --once drained 0 checkpoint(s); exiting.
[collector wcpu1] --once drained 0 checkpoint(s); exiting.
[collector wcpu1] --once drained 0 checkpoint(s); exiting.
[collector wcpu1] --once drained 0 checkpoint(s); exiting.
[collector wcpu1] --once drained 0 checkpoint(s); exiting.
error    libmamba Could not set lock (Resource temporarily unavailable)
warning  libmamba Cannot lock '/home/r.dinnage/.cache/mamba/proc'
    Waiting for other mamba process to finish
[collector wcpu1] --once drained 0 checkpoint(s); exiting.
[collector wcpu1] --once drained 0 checkpoint(s); exiting.
[collector wcpu1] --once drained 0 checkpoint(s); exiting.
[collector wcpu1] --once drained 0 checkpoint(s); exiting.
[collector wcpu1] --once drained 0 checkpoint(s); exiting.
[collector wcpu1] --once drained 0 checkpoint(s); exiting.
[collector wcpu1] --once drained 0 checkpoint(s); exiting.
[collector wcpu1] --once drained 0 checkpoint(s); exiting.
error    libmamba Could not set lock (Resource temporarily unavailable)
warning  libmamba Cannot lock '/home/r.dinnage/.cache/mamba/proc'
    Waiting for other mamba process to finish
[collector wcpu1] --once drained 0 checkpoint(s); exiting.
error    libmamba Could not set lock (Resource temporarily unavailable)
warning  libmamba Cannot lock '/home/r.dinnage/.cache/mamba/proc'
    Waiting for other mamba process to finish
[collector wcpu1] --once drained 0 checkpoint(s); exiting.
error    libmamba Could not set lock (Resource temporarily unavailable)
warning  libmamba Cannot lock '/home/r.dinnage/.cache/mamba/proc'
    Waiting for other mamba process to finish
[collector wcpu1] --once drained 0 checkpoint(s); exiting.
[collector wcpu1] --once drained 0 checkpoint(s); exiting.
error    libmamba Could not set lock (Resource temporarily unavailable)
warning  libmamba Cannot lock '/home/r.dinnage/.cache/mamba/proc'
    Waiting for other mamba process to finish
[collector wcpu1] --once drained 0 checkpoint(s); exiting.
error    libmamba Could not set lock (Resource temporarily unavailable)
warning  libmamba Cannot lock '/home/r.dinnage/.cache/mamba/proc'
    Waiting for other mamba process to finish
[collector wcpu1] --once drained 0 checkpoint(s); exiting.
error    libmamba Could not set lock (Resource temporarily unavailable)
warning  libmamba Cannot lock '/home/r.dinnage/.cache/mamba/proc'
    Waiting for other mamba process to finish
[collector wcpu1] --once drained 0 checkpoint(s); exiting.
[collector wcpu1] --once drained 0 checkpoint(s); exiting.
[collector wcpu1] --once drained 0 checkpoint(s); exiting.
[collector wcpu1] --once drained 0 checkpoint(s); exiting.
[collector wcpu1] --once drained 0 checkpoint(s); exiting.
[collector wcpu1] --once drained 0 checkpoint(s); exiting.
[collector wcpu1] --once drained 0 checkpoint(s); exiting.
[collector wcpu1] --once drained 0 checkpoint(s); exiting.
error    libmamba Could not set lock (Resource temporarily unavailable)
warning  libmamba Cannot lock '/home/r.dinnage/.cache/mamba/proc'
    Waiting for other mamba process to finish
[collector wcpu1] --once drained 0 checkpoint(s); exiting.
[collector wcpu1] --once drained 0 checkpoint(s); exiting.
[collector wcpu1] --once drained 0 checkpoint(s); exiting.
error    libmamba Could not set lock (Resource temporarily unavailable)
warning  libmamba Cannot lock '/home/r.dinnage/.cache/mamba/proc'
    Waiting for other mamba process to finish
[collector wcpu1] --once drained 0 checkpoint(s); exiting.
[collector wcpu1] --once drained 0 checkpoint(s); exiting.
[collector wcpu1] --once drained 0 checkpoint(s); exiting.
[collector wcpu1] --once drained 0 checkpoint(s); exiting.
[collector wcpu1] --once drained 0 checkpoint(s); exiting.
error    libmamba Could not set lock (Resource temporarily unavailable)
warning  libmamba Cannot lock '/home/r.dinnage/.cache/mamba/proc'
    Waiting for other mamba process to finish
[collector wcpu1] --once drained 0 checkpoint(s); exiting.
[collector wcpu1] --once drained 0 checkpoint(s); exiting.
[collector wcpu1] --once drained 0 checkpoint(s); exiting.
error    libmamba Could not set lock (Resource temporarily unavailable)
warning  libmamba Cannot lock '/home/r.dinnage/.cache/mamba/proc'
    Waiting for other mamba process to finish
[collector wcpu1] --once drained 0 checkpoint(s); exiting.
[collector wcpu1] --once drained 0 checkpoint(s); exiting.
[collector wcpu1] --once drained 0 checkpoint(s); exiting.
[collector wcpu1] --once drained 0 checkpoint(s); exiting.
[collector wcpu1] --once drained 0 checkpoint(s); exiting.
[collector wcpu1] --once drained 0 checkpoint(s); exiting.
[collector wcpu1] --once drained 0 checkpoint(s); exiting.
[collector wcpu1] --once drained 0 checkpoint(s); exiting.
[collector wcpu1] --once drained 0 checkpoint(s); exiting.
[collector wcpu1] --once drained 0 checkpoint(s); exiting.
[collector wcpu1] --once drained 0 checkpoint(s); exiting.
[collector wcpu1] --once drained 0 checkpoint(s); exiting.
[collector wcpu1] --once drained 0 checkpoint(s); exiting.
[collector wcpu1] --once drained 0 checkpoint(s); exiting.
[collector wcpu1] --once drained 0 checkpoint(s); exiting.
[collector wcpu1] --once drained 0 checkpoint(s); exiting.
[collector wcpu1] --once drained 0 checkpoint(s); exiting.
[collector wcpu1] --once drained 0 checkpoint(s); exiting.
[collector wcpu1] --once drained 0 checkpoint(s); exiting.
[collector wcpu1] --once drained 0 checkpoint(s); exiting.
[collector wcpu1] --once drained 0 checkpoint(s); exiting.
[collector wcpu1] --once drained 0 checkpoint(s); exiting.
error    libmamba Could not set lock (Resource temporarily unavailable)
warning  libmamba Cannot lock '/home/r.dinnage/.cache/mamba/proc'
    Waiting for other mamba process to finish
[collector wcpu1] --once drained 0 checkpoint(s); exiting.
error    libmamba Could not set lock (Resource temporarily unavailable)
warning  libmamba Cannot lock '/home/r.dinnage/.cache/mamba/proc'
    Waiting for other mamba process to finish
[collector wcpu1] --once drained 0 checkpoint(s); exiting.
[collector wcpu1] --once drained 0 checkpoint(s); exiting.
error    libmamba Could not set lock (Resource temporarily unavailable)
warning  libmamba Cannot lock '/home/r.dinnage/.cache/mamba/proc'
    Waiting for other mamba process to finish
[collector wcpu1] --once drained 0 checkpoint(s); exiting.
error    libmamba Could not set lock (Resource temporarily unavailable)
warning  libmamba Cannot lock '/home/r.dinnage/.cache/mamba/proc'
    Waiting for other mamba process to finish
[collector wcpu1] --once drained 0 checkpoint(s); exiting.
error    libmamba Could not set lock (Resource temporarily unavailable)
warning  libmamba Cannot lock '/home/r.dinnage/.cache/mamba/proc'
    Waiting for other mamba process to finish
[collector wcpu1] --once drained 0 checkpoint(s); exiting.
[collector wcpu1] --once drained 0 checkpoint(s); exiting.
[collector wcpu1] --once drained 0 checkpoint(s); exiting.
[collector wcpu1] --once drained 0 checkpoint(s); exiting.
[collector wcpu1] --once drained 0 checkpoint(s); exiting.
[collector wcpu1] --once drained 0 checkpoint(s); exiting.
[collector wcpu1] --once drained 0 checkpoint(s); exiting.
[collector wcpu1] --once drained 0 checkpoint(s); exiting.
[collector wcpu1] --once drained 0 checkpoint(s); exiting.
error    libmamba Could not set lock (Resource temporarily unavailable)
warning  libmamba Cannot lock '/home/r.dinnage/.cache/mamba/proc'
    Waiting for other mamba process to finish
[collector wcpu1] --once drained 0 checkpoint(s); exiting.
[collector wcpu1] --once drained 0 checkpoint(s); exiting.
[collector wcpu1] --once drained 0 checkpoint(s); exiting.
[collector wcpu1] --once drained 0 checkpoint(s); exiting.
[collector wcpu1] no probe/val CSV (probe_csv=None, val_csv=None); forward/backward blocks skipped for run_id=naive__stable_evo__s42.
[Extractor] block_set='cpu': CPU-only block set ['block_optim', 'block_weights', 'block_trajectory', 'block_circuits'] needs no model forward — skipping probe/Hessian build (no CSV/dataloaders, lower host RAM).
[extract] step=2574 SKIP heavy block block_circuits (ordinal=514 basis=step_fallback heavy_every=8)
[extract] step=2574 heavy=FALSE total=171.39s | block_optim=129.13 block_weights=29.58 block_trajectory=0.77
[collector wcpu1] cpu-pass DONE run_id=naive__stable_evo__s42 step=2574 blocks_ok=3 t=171.388s (all_passes_complete=False)
[collector wcpu1] --once drained 1 checkpoint(s); exiting.
[cwcpu1] drained 1 checkpoint(s); looping.
[collector wcpu1] --once drained 0 checkpoint(s); exiting.
[collector wcpu1] --once drained 0 checkpoint(s); exiting.
[collector wcpu1] no probe/val CSV (probe_csv=None, val_csv=None); forward/backward blocks skipped for run_id=naive__stable_evo__s42.
[Extractor] block_set='cpu': CPU-only block set ['block_optim', 'block_weights', 'block_trajectory', 'block_circuits'] needs no model forward — skipping probe/Hessian build (no CSV/dataloaders, lower host RAM).
[extract] step=2598 SKIP heavy block block_circuits (ordinal=519 basis=step_fallback heavy_every=8)
[extract] step=2598 heavy=FALSE total=169.69s | block_optim=125.93 block_weights=31.36 block_trajectory=0.71
[collector wcpu1] cpu-pass DONE run_id=naive__stable_evo__s42 step=2598 blocks_ok=3 t=169.689s (all_passes_complete=False)
[extract] step=2610 SKIP heavy block block_circuits (ordinal=522 basis=step_fallback heavy_every=8)
[extract] step=2610 heavy=FALSE total=180.32s | block_optim=137.26 block_weights=31.87 block_trajectory=1.28
[collector wcpu1] cpu-pass DONE run_id=naive__stable_evo__s42 step=2610 blocks_ok=3 t=180.324s (all_passes_complete=False)
[collector wcpu1] --once drained 2 checkpoint(s); exiting.
[cwcpu1] drained 2 checkpoint(s); looping.
[collector wcpu1] --once drained 0 checkpoint(s); exiting.
[collector wcpu1] --once drained 0 checkpoint(s); exiting.
[collector wcpu1] --once drained 0 checkpoint(s); exiting.
[collector wcpu1] --once drained 0 checkpoint(s); exiting.
[collector wcpu1] --once drained 0 checkpoint(s); exiting.
[collector wcpu1] --once drained 0 checkpoint(s); exiting.
[collector wcpu1] --once drained 0 checkpoint(s); exiting.
error    libmamba Could not set lock (Resource temporarily unavailable)
warning  libmamba Cannot lock '/home/r.dinnage/.cache/mamba/proc'
    Waiting for other mamba process to finish
[collector wcpu1] --once drained 0 checkpoint(s); exiting.
error    libmamba Could not set lock (Resource temporarily unavailable)
warning  libmamba Cannot lock '/home/r.dinnage/.cache/mamba/proc'
    Waiting for other mamba process to finish
[collector wcpu1] --once drained 0 checkpoint(s); exiting.
[collector wcpu1] --once drained 0 checkpoint(s); exiting.
[collector wcpu1] --once drained 0 checkpoint(s); exiting.
[collector wcpu1] --once drained 0 checkpoint(s); exiting.
[collector wcpu1] --once drained 0 checkpoint(s); exiting.
[collector wcpu1] --once drained 0 checkpoint(s); exiting.
[collector wcpu1] --once drained 0 checkpoint(s); exiting.
error    libmamba Could not set lock (Resource temporarily unavailable)
warning  libmamba Cannot lock '/home/r.dinnage/.cache/mamba/proc'
    Waiting for other mamba process to finish
[collector wcpu1] --once drained 0 checkpoint(s); exiting.
[collector wcpu1] --once drained 0 checkpoint(s); exiting.
error    libmamba Could not set lock (Resource temporarily unavailable)
warning  libmamba Cannot lock '/home/r.dinnage/.cache/mamba/proc'
    Waiting for other mamba process to finish
[collector wcpu1] --once drained 0 checkpoint(s); exiting.
[collector wcpu1] --once drained 0 checkpoint(s); exiting.
[collector wcpu1] --once drained 0 checkpoint(s); exiting.
[collector wcpu1] --once drained 0 checkpoint(s); exiting.
[collector wcpu1] --once drained 0 checkpoint(s); exiting.
[collector wcpu1] --once drained 0 checkpoint(s); exiting.
[collector wcpu1] --once drained 0 checkpoint(s); exiting.
[collector wcpu1] --once drained 0 checkpoint(s); exiting.
error    libmamba Could not set lock (Resource temporarily unavailable)
warning  libmamba Cannot lock '/home/r.dinnage/.cache/mamba/proc'
    Waiting for other mamba process to finish
[collector wcpu1] --once drained 0 checkpoint(s); exiting.
error    libmamba Could not set lock (Resource temporarily unavailable)
warning  libmamba Cannot lock '/home/r.dinnage/.cache/mamba/proc'
    Waiting for other mamba process to finish
[collector wcpu1] --once drained 0 checkpoint(s); exiting.
[collector wcpu1] --once drained 0 checkpoint(s); exiting.
[collector wcpu1] --once drained 0 checkpoint(s); exiting.
[collector wcpu1] --once drained 0 checkpoint(s); exiting.
[collector wcpu1] --once drained 0 checkpoint(s); exiting.
[collector wcpu1] --once drained 0 checkpoint(s); exiting.
error    libmamba Could not set lock (Resource temporarily unavailable)
warning  libmamba Cannot lock '/home/r.dinnage/.cache/mamba/proc'
    Waiting for other mamba process to finish
[collector wcpu1] --once drained 0 checkpoint(s); exiting.
[collector wcpu1] --once drained 0 checkpoint(s); exiting.
[collector wcpu1] --once drained 0 checkpoint(s); exiting.
[collector wcpu1] --once drained 0 checkpoint(s); exiting.
error    libmamba Could not set lock (Resource temporarily unavailable)
warning  libmamba Cannot lock '/home/r.dinnage/.cache/mamba/proc'
    Waiting for other mamba process to finish
[collector wcpu1] --once drained 0 checkpoint(s); exiting.
[collector wcpu1] --once drained 0 checkpoint(s); exiting.
[collector wcpu1] --once drained 0 checkpoint(s); exiting.
[collector wcpu1] --once drained 0 checkpoint(s); exiting.
[collector wcpu1] --once drained 0 checkpoint(s); exiting.
[collector wcpu1] --once drained 0 checkpoint(s); exiting.
[collector wcpu1] --once drained 0 checkpoint(s); exiting.
[collector wcpu1] --once drained 0 checkpoint(s); exiting.
[collector wcpu1] --once drained 0 checkpoint(s); exiting.
[collector wcpu1] --once drained 0 checkpoint(s); exiting.
error    libmamba Could not set lock (Resource temporarily unavailable)
warning  libmamba Cannot lock '/home/r.dinnage/.cache/mamba/proc'
    Waiting for other mamba process to finish
[collector wcpu1] --once drained 0 checkpoint(s); exiting.
[collector wcpu1] --once drained 0 checkpoint(s); exiting.
error    libmamba Could not set lock (Resource temporarily unavailable)
warning  libmamba Cannot lock '/home/r.dinnage/.cache/mamba/proc'
    Waiting for other mamba process to finish
[collector wcpu1] --once drained 0 checkpoint(s); exiting.
error    libmamba Could not set lock (Resource temporarily unavailable)
warning  libmamba Cannot lock '/home/r.dinnage/.cache/mamba/proc'
    Waiting for other mamba process to finish
[collector wcpu1] no probe/val CSV (probe_csv=None, val_csv=None); forward/backward blocks skipped for run_id=naive__stable_evo__s42.
[Extractor] block_set='cpu': CPU-only block set ['block_optim', 'block_weights', 'block_trajectory', 'block_circuits'] needs no model forward — skipping probe/Hessian build (no CSV/dataloaders, lower host RAM).
[extract] step=2742 SKIP heavy block block_circuits (ordinal=548 basis=step_fallback heavy_every=8)
[extract] step=2742 heavy=FALSE total=176.68s | block_optim=132.69 block_weights=31.94 block_trajectory=0.75
[collector wcpu1] cpu-pass DONE run_id=naive__stable_evo__s42 step=2742 blocks_ok=3 t=176.68s (all_passes_complete=False)
[collector wcpu1] --once drained 1 checkpoint(s); exiting.
[cwcpu1] drained 1 checkpoint(s); looping.
[collector wcpu1] --once drained 0 checkpoint(s); exiting.
[collector wcpu1] --once drained 0 checkpoint(s); exiting.
[collector wcpu1] --once drained 0 checkpoint(s); exiting.
[collector wcpu1] no probe/val CSV (probe_csv=None, val_csv=None); forward/backward blocks skipped for run_id=naive__stable_evo__s42.
[Extractor] block_set='cpu': CPU-only block set ['block_optim', 'block_weights', 'block_trajectory', 'block_circuits'] needs no model forward — skipping probe/Hessian build (no CSV/dataloaders, lower host RAM).
[extract] step=2768 SKIP heavy block block_circuits (ordinal=553 basis=step_fallback heavy_every=8)
[extract] step=2768 heavy=FALSE total=172.86s | block_optim=130.10 block_weights=31.31 block_trajectory=0.71
[collector wcpu1] cpu-pass DONE run_id=naive__stable_evo__s42 step=2768 blocks_ok=3 t=172.859s (all_passes_complete=False)
[collector wcpu1] --once drained 1 checkpoint(s); exiting.
error    libmamba Could not set lock (Resource temporarily unavailable)
warning  libmamba Cannot lock '/home/r.dinnage/.cache/mamba/proc'
    Waiting for other mamba process to finish
[cwcpu1] drained 1 checkpoint(s); looping.
[collector wcpu1] --once drained 0 checkpoint(s); exiting.
[collector wcpu1] --once drained 0 checkpoint(s); exiting.
[collector wcpu1] --once drained 0 checkpoint(s); exiting.
[collector wcpu1] --once drained 0 checkpoint(s); exiting.
[collector wcpu1] --once drained 0 checkpoint(s); exiting.
[collector wcpu1] --once drained 0 checkpoint(s); exiting.
[collector wcpu1] --once drained 0 checkpoint(s); exiting.
[collector wcpu1] --once drained 0 checkpoint(s); exiting.
[collector wcpu1] --once drained 0 checkpoint(s); exiting.
[collector wcpu1] --once drained 0 checkpoint(s); exiting.
[collector wcpu1] --once drained 0 checkpoint(s); exiting.
[collector wcpu1] --once drained 0 checkpoint(s); exiting.
[collector wcpu1] --once drained 0 checkpoint(s); exiting.
[collector wcpu1] --once drained 0 checkpoint(s); exiting.
[collector wcpu1] --once drained 0 checkpoint(s); exiting.
[collector wcpu1] --once drained 0 checkpoint(s); exiting.
[collector wcpu1] --once drained 0 checkpoint(s); exiting.
[collector wcpu1] --once drained 0 checkpoint(s); exiting.
[collector wcpu1] --once drained 0 checkpoint(s); exiting.
[collector wcpu1] --once drained 0 checkpoint(s); exiting.
[collector wcpu1] --once drained 0 checkpoint(s); exiting.
[collector wcpu1] --once drained 0 checkpoint(s); exiting.
[collector wcpu1] --once drained 0 checkpoint(s); exiting.
[collector wcpu1] --once drained 0 checkpoint(s); exiting.
[collector wcpu1] --once drained 0 checkpoint(s); exiting.
[collector wcpu1] no probe/val CSV (probe_csv=None, val_csv=None); forward/backward blocks skipped for run_id=naive__stable_evo__s42.
[Extractor] block_set='cpu': CPU-only block set ['block_optim', 'block_weights', 'block_trajectory', 'block_circuits'] needs no model forward — skipping probe/Hessian build (no CSV/dataloaders, lower host RAM).
[extract] step=2840 heavy=TRUE total=174.58s | block_optim=126.83 block_weights=31.02 block_trajectory=0.69 block_circuits=4.52
[collector wcpu1] cpu-pass DONE run_id=naive__stable_evo__s42 step=2840 blocks_ok=4 t=174.58s (all_passes_complete=False)
[collector wcpu1] --once drained 1 checkpoint(s); exiting.
[cwcpu1] drained 1 checkpoint(s); looping.
[collector wcpu1] --once drained 0 checkpoint(s); exiting.
[collector wcpu1] --once drained 0 checkpoint(s); exiting.
[collector wcpu1] no probe/val CSV (probe_csv=None, val_csv=None); forward/backward blocks skipped for run_id=naive__stable_evo__s42.
[Extractor] block_set='cpu': CPU-only block set ['block_optim', 'block_weights', 'block_trajectory', 'block_circuits'] needs no model forward — skipping probe/Hessian build (no CSV/dataloaders, lower host RAM).
[extract] step=2864 SKIP heavy block block_circuits (ordinal=572 basis=step_fallback heavy_every=8)
[extract] step=2864 heavy=FALSE total=170.50s | block_optim=127.35 block_weights=30.97 block_trajectory=0.71
[collector wcpu1] cpu-pass DONE run_id=naive__stable_evo__s42 step=2864 blocks_ok=3 t=170.503s (all_passes_complete=False)
[collector wcpu1] --once drained 1 checkpoint(s); exiting.
[cwcpu1] drained 1 checkpoint(s); looping.
[collector wcpu1] --once drained 0 checkpoint(s); exiting.
[collector wcpu1] --once drained 0 checkpoint(s); exiting.
[collector wcpu1] --once drained 0 checkpoint(s); exiting.
error    libmamba Could not set lock (Resource temporarily unavailable)
warning  libmamba Cannot lock '/home/r.dinnage/.cache/mamba/proc'
    Waiting for other mamba process to finish
[collector wcpu1] --once drained 0 checkpoint(s); exiting.
[collector wcpu1] --once drained 0 checkpoint(s); exiting.
[collector wcpu1] --once drained 0 checkpoint(s); exiting.
[collector wcpu1] --once drained 0 checkpoint(s); exiting.
[collector wcpu1] --once drained 0 checkpoint(s); exiting.
[collector wcpu1] --once drained 0 checkpoint(s); exiting.
error    libmamba Could not set lock (Resource temporarily unavailable)
warning  libmamba Cannot lock '/home/r.dinnage/.cache/mamba/proc'
    Waiting for other mamba process to finish
[collector wcpu1] --once drained 0 checkpoint(s); exiting.
[collector wcpu1] --once drained 0 checkpoint(s); exiting.
error    libmamba Could not set lock (Resource temporarily unavailable)
warning  libmamba Cannot lock '/home/r.dinnage/.cache/mamba/proc'
    Waiting for other mamba process to finish
[collector wcpu1] --once drained 0 checkpoint(s); exiting.
[collector wcpu1] --once drained 0 checkpoint(s); exiting.
[collector wcpu1] --once drained 0 checkpoint(s); exiting.
[collector wcpu1] --once drained 0 checkpoint(s); exiting.
[collector wcpu1] --once drained 0 checkpoint(s); exiting.
[collector wcpu1] --once drained 0 checkpoint(s); exiting.
[collector wcpu1] --once drained 0 checkpoint(s); exiting.
error    libmamba Could not set lock (Resource temporarily unavailable)
warning  libmamba Cannot lock '/home/r.dinnage/.cache/mamba/proc'
    Waiting for other mamba process to finish
[collector wcpu1] --once drained 0 checkpoint(s); exiting.
error    libmamba Could not set lock (Resource temporarily unavailable)
warning  libmamba Cannot lock '/home/r.dinnage/.cache/mamba/proc'
    Waiting for other mamba process to finish
[collector wcpu1] --once drained 0 checkpoint(s); exiting.
[collector wcpu1] no probe/val CSV (probe_csv=None, val_csv=None); forward/backward blocks skipped for run_id=naive__stable_evo__s42.
[Extractor] block_set='cpu': CPU-only block set ['block_optim', 'block_weights', 'block_trajectory', 'block_circuits'] needs no model forward — skipping probe/Hessian build (no CSV/dataloaders, lower host RAM).
[extract] step=2924 heavy=TRUE total=171.60s | block_optim=126.21 block_weights=28.85 block_trajectory=0.76 block_circuits=4.20
[collector wcpu1] cpu-pass DONE run_id=naive__stable_evo__s42 step=2924 blocks_ok=4 t=171.601s (all_passes_complete=False)
[collector wcpu1] --once drained 1 checkpoint(s); exiting.
[cwcpu1] drained 1 checkpoint(s); looping.
[collector wcpu1] --once drained 0 checkpoint(s); exiting.
[collector wcpu1] --once drained 0 checkpoint(s); exiting.
[collector wcpu1] no probe/val CSV (probe_csv=None, val_csv=None); forward/backward blocks skipped for run_id=naive__stable_evo__s42.
[Extractor] block_set='cpu': CPU-only block set ['block_optim', 'block_weights', 'block_trajectory', 'block_circuits'] needs no model forward — skipping probe/Hessian build (no CSV/dataloaders, lower host RAM).
[extract] step=2948 SKIP heavy block block_circuits (ordinal=589 basis=step_fallback heavy_every=8)
[extract] step=2948 heavy=FALSE total=169.93s | block_optim=125.63 block_weights=32.07 block_trajectory=0.78
[collector wcpu1] cpu-pass DONE run_id=naive__stable_evo__s42 step=2948 blocks_ok=3 t=169.927s (all_passes_complete=False)
[collector wcpu1] --once drained 1 checkpoint(s); exiting.
[cwcpu1] drained 1 checkpoint(s); looping.
[collector wcpu1] --once drained 0 checkpoint(s); exiting.
error    libmamba Could not set lock (Resource temporarily unavailable)
warning  libmamba Cannot lock '/home/r.dinnage/.cache/mamba/proc'
    Waiting for other mamba process to finish
[collector wcpu1] --once drained 0 checkpoint(s); exiting.
[collector wcpu1] no probe/val CSV (probe_csv=None, val_csv=None); forward/backward blocks skipped for run_id=naive__stable_evo__s42.
[Extractor] block_set='cpu': CPU-only block set ['block_optim', 'block_weights', 'block_trajectory', 'block_circuits'] needs no model forward — skipping probe/Hessian build (no CSV/dataloaders, lower host RAM).
[extract] step=2972 SKIP heavy block block_circuits (ordinal=594 basis=step_fallback heavy_every=8)
[extract] step=2972 heavy=FALSE total=170.87s | block_optim=129.21 block_weights=29.26 block_trajectory=0.71
[collector wcpu1] cpu-pass DONE run_id=naive__stable_evo__s42 step=2972 blocks_ok=3 t=170.867s (all_passes_complete=False)
[collector wcpu1] --once drained 1 checkpoint(s); exiting.
[cwcpu1] drained 1 checkpoint(s); looping.
[collector wcpu1] --once drained 0 checkpoint(s); exiting.
[collector wcpu1] --once drained 0 checkpoint(s); exiting.
[collector wcpu1] --once drained 0 checkpoint(s); exiting.
[collector wcpu1] --once drained 0 checkpoint(s); exiting.
[collector wcpu1] --once drained 0 checkpoint(s); exiting.
[collector wcpu1] --once drained 0 checkpoint(s); exiting.
[collector wcpu1] --once drained 0 checkpoint(s); exiting.
[collector wcpu1] --once drained 0 checkpoint(s); exiting.
[collector wcpu1] --once drained 0 checkpoint(s); exiting.
[collector wcpu1] --once drained 0 checkpoint(s); exiting.
[collector wcpu1] --once drained 0 checkpoint(s); exiting.
error    libmamba Could not set lock (Resource temporarily unavailable)
warning  libmamba Cannot lock '/home/r.dinnage/.cache/mamba/proc'
    Waiting for other mamba process to finish
[collector wcpu1] --once drained 0 checkpoint(s); exiting.
error    libmamba Could not set lock (Resource temporarily unavailable)
warning  libmamba Cannot lock '/home/r.dinnage/.cache/mamba/proc'
    Waiting for other mamba process to finish
[collector wcpu1] --once drained 0 checkpoint(s); exiting.
error    libmamba Could not set lock (Resource temporarily unavailable)
warning  libmamba Cannot lock '/home/r.dinnage/.cache/mamba/proc'
    Waiting for other mamba process to finish
[collector wcpu1] --once drained 0 checkpoint(s); exiting.
[collector wcpu1] --once drained 0 checkpoint(s); exiting.
error    libmamba Could not set lock (Resource temporarily unavailable)
warning  libmamba Cannot lock '/home/r.dinnage/.cache/mamba/proc'
    Waiting for other mamba process to finish
[collector wcpu1] --once drained 0 checkpoint(s); exiting.
[collector wcpu1] --once drained 0 checkpoint(s); exiting.
[collector wcpu1] --once drained 0 checkpoint(s); exiting.
error    libmamba Could not set lock (Resource temporarily unavailable)
warning  libmamba Cannot lock '/home/r.dinnage/.cache/mamba/proc'
    Waiting for other mamba process to finish
[collector wcpu1] --once drained 0 checkpoint(s); exiting.
[collector wcpu1] --once drained 0 checkpoint(s); exiting.
error    libmamba Could not set lock (Resource temporarily unavailable)
warning  libmamba Cannot lock '/home/r.dinnage/.cache/mamba/proc'
    Waiting for other mamba process to finish
[collector wcpu1] no probe/val CSV (probe_csv=None, val_csv=None); forward/backward blocks skipped for run_id=naive__stable_evo__s42.
[Extractor] block_set='cpu': CPU-only block set ['block_optim', 'block_weights', 'block_trajectory', 'block_circuits'] needs no model forward — skipping probe/Hessian build (no CSV/dataloaders, lower host RAM).
[extract] step=3032 SKIP heavy block block_circuits (ordinal=606 basis=step_fallback heavy_every=8)
[extract] step=3032 heavy=FALSE total=178.72s | block_optim=133.10 block_weights=34.00 block_trajectory=0.73
[collector wcpu1] cpu-pass DONE run_id=naive__stable_evo__s42 step=3032 blocks_ok=3 t=178.722s (all_passes_complete=False)
[collector wcpu1] --once drained 1 checkpoint(s); exiting.
[cwcpu1] drained 1 checkpoint(s); looping.
[collector wcpu1] --once drained 0 checkpoint(s); exiting.
[collector wcpu1] --once drained 0 checkpoint(s); exiting.
[collector wcpu1] --once drained 0 checkpoint(s); exiting.
[collector wcpu1] --once drained 0 checkpoint(s); exiting.
[collector wcpu1] --once drained 0 checkpoint(s); exiting.
[collector wcpu1] --once drained 0 checkpoint(s); exiting.
[collector wcpu1] --once drained 0 checkpoint(s); exiting.
[collector wcpu1] --once drained 0 checkpoint(s); exiting.
[collector wcpu1] no probe/val CSV (probe_csv=None, val_csv=None); forward/backward blocks skipped for run_id=naive__stable_evo__s42.
[Extractor] block_set='cpu': CPU-only block set ['block_optim', 'block_weights', 'block_trajectory', 'block_circuits'] needs no model forward — skipping probe/Hessian build (no CSV/dataloaders, lower host RAM).
[extract] step=3070 SKIP heavy block block_circuits (ordinal=614 basis=step_fallback heavy_every=8)
[extract] step=3070 heavy=FALSE total=174.21s | block_optim=129.32 block_weights=32.83 block_trajectory=0.79
[collector wcpu1] cpu-pass DONE run_id=naive__stable_evo__s42 step=3070 blocks_ok=3 t=174.212s (all_passes_complete=False)
[collector wcpu1] --once drained 1 checkpoint(s); exiting.
[cwcpu1] drained 1 checkpoint(s); looping.
[collector wcpu1] --once drained 0 checkpoint(s); exiting.
[collector wcpu1] --once drained 0 checkpoint(s); exiting.
[collector wcpu1] no probe/val CSV (probe_csv=None, val_csv=None); forward/backward blocks skipped for run_id=naive__stable_evo__s42.
[Extractor] block_set='cpu': CPU-only block set ['block_optim', 'block_weights', 'block_trajectory', 'block_circuits'] needs no model forward — skipping probe/Hessian build (no CSV/dataloaders, lower host RAM).
[extract] step=3094 SKIP heavy block block_circuits (ordinal=618 basis=step_fallback heavy_every=8)
[extract] step=3094 heavy=FALSE total=166.89s | block_optim=122.89 block_weights=31.70 block_trajectory=0.75
[collector wcpu1] cpu-pass DONE run_id=naive__stable_evo__s42 step=3094 blocks_ok=3 t=166.889s (all_passes_complete=False)
[extract] step=3106 SKIP heavy block block_circuits (ordinal=621 basis=step_fallback heavy_every=8)
[extract] step=3106 heavy=FALSE total=167.25s | block_optim=125.18 block_weights=31.40 block_trajectory=0.78
[collector wcpu1] cpu-pass DONE run_id=naive__stable_evo__s42 step=3106 blocks_ok=3 t=167.249s (all_passes_complete=False)
[collector wcpu1] --once drained 2 checkpoint(s); exiting.
[cwcpu1] drained 2 checkpoint(s); looping.
[collector wcpu1] --once drained 0 checkpoint(s); exiting.
[collector wcpu1] --once drained 0 checkpoint(s); exiting.
[collector wcpu1] --once drained 0 checkpoint(s); exiting.
[collector wcpu1] --once drained 0 checkpoint(s); exiting.
[collector wcpu1] --once drained 0 checkpoint(s); exiting.
[collector wcpu1] --once drained 0 checkpoint(s); exiting.
[collector wcpu1] --once drained 0 checkpoint(s); exiting.
[collector wcpu1] --once drained 0 checkpoint(s); exiting.
[collector wcpu1] no probe/val CSV (probe_csv=None, val_csv=None); forward/backward blocks skipped for run_id=naive__stable_evo__s42.
[Extractor] block_set='cpu': CPU-only block set ['block_optim', 'block_weights', 'block_trajectory', 'block_circuits'] needs no model forward — skipping probe/Hessian build (no CSV/dataloaders, lower host RAM).
[extract] step=3142 SKIP heavy block block_circuits (ordinal=628 basis=step_fallback heavy_every=8)
[extract] step=3142 heavy=FALSE total=171.64s | block_optim=128.28 block_weights=31.44 block_trajectory=0.80
[collector wcpu1] cpu-pass DONE run_id=naive__stable_evo__s42 step=3142 blocks_ok=3 t=171.637s (all_passes_complete=False)
[collector wcpu1] --once drained 1 checkpoint(s); exiting.
[cwcpu1] drained 1 checkpoint(s); looping.
[collector wcpu1] --once drained 0 checkpoint(s); exiting.
[collector wcpu1] --once drained 0 checkpoint(s); exiting.
[collector wcpu1] no probe/val CSV (probe_csv=None, val_csv=None); forward/backward blocks skipped for run_id=naive__stable_evo__s42.
[Extractor] block_set='cpu': CPU-only block set ['block_optim', 'block_weights', 'block_trajectory', 'block_circuits'] needs no model forward — skipping probe/Hessian build (no CSV/dataloaders, lower host RAM).
[extract] step=3166 SKIP heavy block block_circuits (ordinal=633 basis=step_fallback heavy_every=8)
[extract] step=3166 heavy=FALSE total=173.28s | block_optim=130.05 block_weights=31.88 block_trajectory=0.82
[collector wcpu1] cpu-pass DONE run_id=naive__stable_evo__s42 step=3166 blocks_ok=3 t=173.276s (all_passes_complete=False)
[collector wcpu1] --once drained 1 checkpoint(s); exiting.
[cwcpu1] drained 1 checkpoint(s); looping.
[collector wcpu1] --once drained 0 checkpoint(s); exiting.
[collector wcpu1] --once drained 0 checkpoint(s); exiting.
[collector wcpu1] no probe/val CSV (probe_csv=None, val_csv=None); forward/backward blocks skipped for run_id=naive__stable_evo__s42.
[Extractor] block_set='cpu': CPU-only block set ['block_optim', 'block_weights', 'block_trajectory', 'block_circuits'] needs no model forward — skipping probe/Hessian build (no CSV/dataloaders, lower host RAM).
[extract] step=3190 SKIP heavy block block_circuits (ordinal=638 basis=step_fallback heavy_every=8)
[extract] step=3190 heavy=FALSE total=171.75s | block_optim=128.67 block_weights=31.75 block_trajectory=0.80
[collector wcpu1] cpu-pass DONE run_id=naive__stable_evo__s42 step=3190 blocks_ok=3 t=171.749s (all_passes_complete=False)
[collector wcpu1] --once drained 1 checkpoint(s); exiting.
[cwcpu1] drained 1 checkpoint(s); looping.
[collector wcpu1] --once drained 0 checkpoint(s); exiting.
[collector wcpu1] --once drained 0 checkpoint(s); exiting.
[collector wcpu1] --once drained 0 checkpoint(s); exiting.
[collector wcpu1] --once drained 0 checkpoint(s); exiting.
[collector wcpu1] no probe/val CSV (probe_csv=None, val_csv=None); forward/backward blocks skipped for run_id=naive__stable_evo__s42.
[Extractor] block_set='cpu': CPU-only block set ['block_optim', 'block_weights', 'block_trajectory', 'block_circuits'] needs no model forward — skipping probe/Hessian build (no CSV/dataloaders, lower host RAM).
[extract] step=3214 SKIP heavy block block_circuits (ordinal=642 basis=step_fallback heavy_every=8)
[extract] step=3214 heavy=FALSE total=174.85s | block_optim=131.85 block_weights=30.28 block_trajectory=0.86
[collector wcpu1] cpu-pass DONE run_id=naive__stable_evo__s42 step=3214 blocks_ok=3 t=174.85s (all_passes_complete=False)
[collector wcpu1] --once drained 1 checkpoint(s); exiting.
[cwcpu1] drained 1 checkpoint(s); looping.
[collector wcpu1] --once drained 0 checkpoint(s); exiting.
[collector wcpu1] --once drained 0 checkpoint(s); exiting.
[collector wcpu1] no probe/val CSV (probe_csv=None, val_csv=None); forward/backward blocks skipped for run_id=naive__stable_evo__s42.
[Extractor] block_set='cpu': CPU-only block set ['block_optim', 'block_weights', 'block_trajectory', 'block_circuits'] needs no model forward — skipping probe/Hessian build (no CSV/dataloaders, lower host RAM).
[extract] step=3238 SKIP heavy block block_circuits (ordinal=647 basis=step_fallback heavy_every=8)
[extract] step=3238 heavy=FALSE total=182.34s | block_optim=135.68 block_weights=33.98 block_trajectory=0.98
[collector wcpu1] cpu-pass DONE run_id=naive__stable_evo__s42 step=3238 blocks_ok=3 t=182.34s (all_passes_complete=False)
[collector wcpu1] --once drained 1 checkpoint(s); exiting.
[cwcpu1] drained 1 checkpoint(s); looping.
[collector wcpu1] --once drained 0 checkpoint(s); exiting.
[collector wcpu1] --once drained 0 checkpoint(s); exiting.
[collector wcpu1] --once drained 0 checkpoint(s); exiting.
[collector wcpu1] --once drained 0 checkpoint(s); exiting.
[collector wcpu1] --once drained 0 checkpoint(s); exiting.
[collector wcpu1] --once drained 0 checkpoint(s); exiting.
[collector wcpu1] --once drained 0 checkpoint(s); exiting.
[collector wcpu1] --once drained 0 checkpoint(s); exiting.
[collector wcpu1] --once drained 0 checkpoint(s); exiting.
[collector wcpu1] --once drained 0 checkpoint(s); exiting.
[collector wcpu1] --once drained 0 checkpoint(s); exiting.
error    libmamba Could not set lock (Resource temporarily unavailable)
warning  libmamba Cannot lock '/home/r.dinnage/.cache/mamba/proc'
    Waiting for other mamba process to finish
[collector wcpu1] --once drained 0 checkpoint(s); exiting.
[collector wcpu1] no probe/val CSV (probe_csv=None, val_csv=None); forward/backward blocks skipped for run_id=naive__stable_evo__s42.
[Extractor] block_set='cpu': CPU-only block set ['block_optim', 'block_weights', 'block_trajectory', 'block_circuits'] needs no model forward — skipping probe/Hessian build (no CSV/dataloaders, lower host RAM).
[extract] step=3286 SKIP heavy block block_circuits (ordinal=657 basis=step_fallback heavy_every=8)
[extract] step=3286 heavy=FALSE total=182.78s | block_optim=138.53 block_weights=32.36 block_trajectory=0.91
[collector wcpu1] cpu-pass DONE run_id=naive__stable_evo__s42 step=3286 blocks_ok=3 t=182.781s (all_passes_complete=False)
[collector wcpu1] --once drained 1 checkpoint(s); exiting.
[cwcpu1] drained 1 checkpoint(s); looping.
[collector wcpu1] --once drained 0 checkpoint(s); exiting.
[collector wcpu1] --once drained 0 checkpoint(s); exiting.
[collector wcpu1] --once drained 0 checkpoint(s); exiting.
[collector wcpu1] --once drained 0 checkpoint(s); exiting.
[collector wcpu1] --once drained 0 checkpoint(s); exiting.
[collector wcpu1] --once drained 0 checkpoint(s); exiting.
error    libmamba Could not set lock (Resource temporarily unavailable)
warning  libmamba Cannot lock '/home/r.dinnage/.cache/mamba/proc'
    Waiting for other mamba process to finish
[collector wcpu1] --once drained 0 checkpoint(s); exiting.
[collector wcpu1] --once drained 0 checkpoint(s); exiting.
[collector wcpu1] --once drained 0 checkpoint(s); exiting.
warning  libmamba failed to open /home/r.dinnage/.cache/mamba/proc/2013320.json
[collector wcpu1] --once drained 0 checkpoint(s); exiting.
[collector wcpu1] --once drained 0 checkpoint(s); exiting.
[collector wcpu1] --once drained 0 checkpoint(s); exiting.
[collector wcpu1] --once drained 0 checkpoint(s); exiting.
[collector wcpu1] --once drained 0 checkpoint(s); exiting.
[collector wcpu1] --once drained 0 checkpoint(s); exiting.
[collector wcpu1] --once drained 0 checkpoint(s); exiting.
[collector wcpu1] --once drained 0 checkpoint(s); exiting.
[collector wcpu1] --once drained 0 checkpoint(s); exiting.
[collector wcpu1] --once drained 0 checkpoint(s); exiting.
error    libmamba Could not set lock (Resource temporarily unavailable)
warning  libmamba Cannot lock '/home/r.dinnage/.cache/mamba/proc'
    Waiting for other mamba process to finish
[collector wcpu1] --once drained 0 checkpoint(s); exiting.
error    libmamba Could not set lock (Resource temporarily unavailable)
warning  libmamba Cannot lock '/home/r.dinnage/.cache/mamba/proc'
    Waiting for other mamba process to finish
[collector wcpu1] no probe/val CSV (probe_csv=None, val_csv=None); forward/backward blocks skipped for run_id=naive__stable_evo__s42.
[Extractor] block_set='cpu': CPU-only block set ['block_optim', 'block_weights', 'block_trajectory', 'block_circuits'] needs no model forward — skipping probe/Hessian build (no CSV/dataloaders, lower host RAM).
[extract] step=3348 SKIP heavy block block_circuits (ordinal=669 basis=step_fallback heavy_every=8)
[extract] step=3348 heavy=FALSE total=182.70s | block_optim=139.17 block_weights=29.92 block_trajectory=0.84
[collector wcpu1] cpu-pass DONE run_id=naive__stable_evo__s42 step=3348 blocks_ok=3 t=182.696s (all_passes_complete=False)
[collector wcpu1] --once drained 1 checkpoint(s); exiting.
[cwcpu1] drained 1 checkpoint(s); looping.
[collector wcpu1] --once drained 0 checkpoint(s); exiting.
[collector wcpu1] --once drained 0 checkpoint(s); exiting.
[collector wcpu1] --once drained 0 checkpoint(s); exiting.
error    libmamba Could not set lock (Resource temporarily unavailable)
warning  libmamba Cannot lock '/home/r.dinnage/.cache/mamba/proc'
    Waiting for other mamba process to finish
[collector wcpu1] --once drained 0 checkpoint(s); exiting.
error    libmamba Could not set lock (Resource temporarily unavailable)
warning  libmamba Cannot lock '/home/r.dinnage/.cache/mamba/proc'
    Waiting for other mamba process to finish
[collector wcpu1] --once drained 0 checkpoint(s); exiting.
[collector wcpu1] --once drained 0 checkpoint(s); exiting.
[collector wcpu1] --once drained 0 checkpoint(s); exiting.
[collector wcpu1] --once drained 0 checkpoint(s); exiting.
[collector wcpu1] --once drained 0 checkpoint(s); exiting.
[collector wcpu1] --once drained 0 checkpoint(s); exiting.
[collector wcpu1] --once drained 0 checkpoint(s); exiting.
[collector wcpu1] --once drained 0 checkpoint(s); exiting.
[collector wcpu1] no probe/val CSV (probe_csv=None, val_csv=None); forward/backward blocks skipped for run_id=naive__stable_evo__s42.
[Extractor] block_set='cpu': CPU-only block set ['block_optim', 'block_weights', 'block_trajectory', 'block_circuits'] needs no model forward — skipping probe/Hessian build (no CSV/dataloaders, lower host RAM).
[extract] step=3396 SKIP heavy block block_circuits (ordinal=679 basis=step_fallback heavy_every=8)
[extract] step=3396 heavy=FALSE total=176.34s | block_optim=131.66 block_weights=33.13 block_trajectory=0.66
[collector wcpu1] cpu-pass DONE run_id=naive__stable_evo__s42 step=3396 blocks_ok=3 t=176.342s (all_passes_complete=False)
[collector wcpu1] --once drained 1 checkpoint(s); exiting.
[cwcpu1] drained 1 checkpoint(s); looping.
[collector wcpu1] --once drained 0 checkpoint(s); exiting.
[collector wcpu1] --once drained 0 checkpoint(s); exiting.
[collector wcpu1] --once drained 0 checkpoint(s); exiting.
[collector wcpu1] --once drained 0 checkpoint(s); exiting.
[collector wcpu1] --once drained 0 checkpoint(s); exiting.
[collector wcpu1] --once drained 0 checkpoint(s); exiting.
[collector wcpu1] --once drained 0 checkpoint(s); exiting.
[collector wcpu1] --once drained 0 checkpoint(s); exiting.
[collector wcpu1] --once drained 0 checkpoint(s); exiting.
[collector wcpu1] --once drained 0 checkpoint(s); exiting.
[collector wcpu1] --once drained 0 checkpoint(s); exiting.
[collector wcpu1] --once drained 0 checkpoint(s); exiting.
[collector wcpu1] --once drained 0 checkpoint(s); exiting.
error    libmamba Could not set lock (Resource temporarily unavailable)
warning  libmamba Cannot lock '/home/r.dinnage/.cache/mamba/proc'
    Waiting for other mamba process to finish
[collector wcpu1] --once drained 0 checkpoint(s); exiting.
error    libmamba Could not set lock (Resource temporarily unavailable)
warning  libmamba Cannot lock '/home/r.dinnage/.cache/mamba/proc'
    Waiting for other mamba process to finish
error    libmamba Could not set lock (Resource temporarily unavailable)
warning  libmamba Cannot lock '/home/r.dinnage/.cache/mamba/proc'
    Waiting for other mamba process to finish
[collector wcpu1] --once drained 0 checkpoint(s); exiting.
error    libmamba Could not set lock (Resource temporarily unavailable)
warning  libmamba Cannot lock '/home/r.dinnage/.cache/mamba/proc'
    Waiting for other mamba process to finish
[collector wcpu1] --once drained 0 checkpoint(s); exiting.
error    libmamba Could not set lock (Resource temporarily unavailable)
warning  libmamba Cannot lock '/home/r.dinnage/.cache/mamba/proc'
    Waiting for other mamba process to finish
[collector wcpu1] --once drained 0 checkpoint(s); exiting.
error    libmamba Could not set lock (Resource temporarily unavailable)
warning  libmamba Cannot lock '/home/r.dinnage/.cache/mamba/proc'
    Waiting for other mamba process to finish
[collector wcpu1] --once drained 0 checkpoint(s); exiting.
[collector wcpu1] --once drained 0 checkpoint(s); exiting.
[collector wcpu1] no probe/val CSV (probe_csv=None, val_csv=None); forward/backward blocks skipped for run_id=naive__stable_evo__s42.
[Extractor] block_set='cpu': CPU-only block set ['block_optim', 'block_weights', 'block_trajectory', 'block_circuits'] needs no model forward — skipping probe/Hessian build (no CSV/dataloaders, lower host RAM).
[extract] step=3456 SKIP heavy block block_circuits (ordinal=691 basis=step_fallback heavy_every=8)
[extract] step=3456 heavy=FALSE total=179.78s | block_optim=134.81 block_weights=33.18 block_trajectory=0.63
[collector wcpu1] cpu-pass DONE run_id=naive__stable_evo__s42 step=3456 blocks_ok=3 t=179.778s (all_passes_complete=False)
[collector wcpu1] --once drained 1 checkpoint(s); exiting.
[cwcpu1] drained 1 checkpoint(s); looping.
[collector wcpu1] --once drained 0 checkpoint(s); exiting.
[collector wcpu1] --once drained 0 checkpoint(s); exiting.
[collector wcpu1] --once drained 0 checkpoint(s); exiting.
[collector wcpu1] --once drained 0 checkpoint(s); exiting.
[collector wcpu1] --once drained 0 checkpoint(s); exiting.
[collector wcpu1] --once drained 0 checkpoint(s); exiting.
[collector wcpu1] --once drained 0 checkpoint(s); exiting.
error    libmamba Could not set lock (Resource temporarily unavailable)
warning  libmamba Cannot lock '/home/r.dinnage/.cache/mamba/proc'
    Waiting for other mamba process to finish
[collector wcpu1] --once drained 0 checkpoint(s); exiting.
error    libmamba Could not set lock (Resource temporarily unavailable)
warning  libmamba Cannot lock '/home/r.dinnage/.cache/mamba/proc'
    Waiting for other mamba process to finish
[collector wcpu1] --once drained 0 checkpoint(s); exiting.
error    libmamba Could not set lock (Resource temporarily unavailable)
warning  libmamba Cannot lock '/home/r.dinnage/.cache/mamba/proc'
    Waiting for other mamba process to finish
error    libmamba Could not set lock (Resource temporarily unavailable)
warning  libmamba Cannot lock '/home/r.dinnage/.cache/mamba/proc'
    Waiting for other mamba process to finish
[collector wcpu1] --once drained 0 checkpoint(s); exiting.
error    libmamba Could not set lock (Resource temporarily unavailable)
warning  libmamba Cannot lock '/home/r.dinnage/.cache/mamba/proc'
    Waiting for other mamba process to finish
[collector wcpu1] --once drained 0 checkpoint(s); exiting.
error    libmamba Could not set lock (Resource temporarily unavailable)
warning  libmamba Cannot lock '/home/r.dinnage/.cache/mamba/proc'
    Waiting for other mamba process to finish
[collector wcpu1] --once drained 0 checkpoint(s); exiting.
error    libmamba Could not set lock (Resource temporarily unavailable)
warning  libmamba Cannot lock '/home/r.dinnage/.cache/mamba/proc'
    Waiting for other mamba process to finish
[collector wcpu1] --once drained 0 checkpoint(s); exiting.
error    libmamba Could not set lock (Resource temporarily unavailable)
warning  libmamba Cannot lock '/home/r.dinnage/.cache/mamba/proc'
    Waiting for other mamba process to finish
[collector wcpu1] --once drained 0 checkpoint(s); exiting.
error    libmamba Could not set lock (Resource temporarily unavailable)
warning  libmamba Cannot lock '/home/r.dinnage/.cache/mamba/proc'
    Waiting for other mamba process to finish
[collector wcpu1] --once drained 0 checkpoint(s); exiting.
[collector wcpu1] --once drained 0 checkpoint(s); exiting.
[collector wcpu1] --once drained 0 checkpoint(s); exiting.
error    libmamba Could not set lock (Resource temporarily unavailable)
warning  libmamba Cannot lock '/home/r.dinnage/.cache/mamba/proc'
    Waiting for other mamba process to finish
[collector wcpu1] --once drained 0 checkpoint(s); exiting.
[collector wcpu1] --once drained 0 checkpoint(s); exiting.
[collector wcpu1] --once drained 0 checkpoint(s); exiting.
[collector wcpu1] --once drained 0 checkpoint(s); exiting.
[collector wcpu1] --once drained 0 checkpoint(s); exiting.
[collector wcpu1] --once drained 0 checkpoint(s); exiting.
[collector wcpu1] --once drained 0 checkpoint(s); exiting.
[collector wcpu1] --once drained 0 checkpoint(s); exiting.
error    libmamba Could not set lock (Resource temporarily unavailable)
warning  libmamba Cannot lock '/home/r.dinnage/.cache/mamba/proc'
    Waiting for other mamba process to finish
[collector wcpu1] --once drained 0 checkpoint(s); exiting.
[collector wcpu1] --once drained 0 checkpoint(s); exiting.
[collector wcpu1] --once drained 0 checkpoint(s); exiting.
[collector wcpu1] --once drained 0 checkpoint(s); exiting.
[collector wcpu1] --once drained 0 checkpoint(s); exiting.
[collector wcpu1] --once drained 0 checkpoint(s); exiting.
error    libmamba Could not set lock (Resource temporarily unavailable)
warning  libmamba Cannot lock '/home/r.dinnage/.cache/mamba/proc'
    Waiting for other mamba process to finish
[collector wcpu1] --once drained 0 checkpoint(s); exiting.
[collector wcpu1] --once drained 0 checkpoint(s); exiting.
[collector wcpu1] --once drained 0 checkpoint(s); exiting.
error    libmamba Could not set lock (Resource temporarily unavailable)
warning  libmamba Cannot lock '/home/r.dinnage/.cache/mamba/proc'
    Waiting for other mamba process to finish
[collector wcpu1] --once drained 0 checkpoint(s); exiting.
error    libmamba Could not set lock (Resource temporarily unavailable)
warning  libmamba Cannot lock '/home/r.dinnage/.cache/mamba/proc'
    Waiting for other mamba process to finish
[collector wcpu1] --once drained 0 checkpoint(s); exiting.
error    libmamba Could not set lock (Resource temporarily unavailable)
warning  libmamba Cannot lock '/home/r.dinnage/.cache/mamba/proc'
    Waiting for other mamba process to finish
[collector wcpu1] --once drained 0 checkpoint(s); exiting.
[collector wcpu1] --once drained 0 checkpoint(s); exiting.
[collector wcpu1] --once drained 0 checkpoint(s); exiting.
[collector wcpu1] --once drained 0 checkpoint(s); exiting.
[collector wcpu1] --once drained 0 checkpoint(s); exiting.
[collector wcpu1] --once drained 0 checkpoint(s); exiting.
[collector wcpu1] --once drained 0 checkpoint(s); exiting.
[collector wcpu1] --once drained 0 checkpoint(s); exiting.
[collector wcpu1] --once drained 0 checkpoint(s); exiting.
[collector wcpu1] --once drained 0 checkpoint(s); exiting.
[collector wcpu1] --once drained 0 checkpoint(s); exiting.
[collector wcpu1] --once drained 0 checkpoint(s); exiting.
[collector wcpu1] --once drained 0 checkpoint(s); exiting.
[collector wcpu1] --once drained 0 checkpoint(s); exiting.
[collector wcpu1] no probe/val CSV (probe_csv=None, val_csv=None); forward/backward blocks skipped for run_id=naive__stable_evo__s42.
[Extractor] block_set='cpu': CPU-only block set ['block_optim', 'block_weights', 'block_trajectory', 'block_circuits'] needs no model forward — skipping probe/Hessian build (no CSV/dataloaders, lower host RAM).
[extract] step=3588 SKIP heavy block block_circuits (ordinal=717 basis=step_fallback heavy_every=8)
[extract] step=3588 heavy=FALSE total=180.17s | block_optim=132.64 block_weights=34.64 block_trajectory=0.84
[collector wcpu1] cpu-pass DONE run_id=naive__stable_evo__s42 step=3588 blocks_ok=3 t=180.17s (all_passes_complete=False)
[collector wcpu1] --once drained 1 checkpoint(s); exiting.
[cwcpu1] drained 1 checkpoint(s); looping.
[collector wcpu1] no probe/val CSV (probe_csv=None, val_csv=None); forward/backward blocks skipped for run_id=naive__stable_evo__s42.
[Extractor] block_set='cpu': CPU-only block set ['block_optim', 'block_weights', 'block_trajectory', 'block_circuits'] needs no model forward — skipping probe/Hessian build (no CSV/dataloaders, lower host RAM).
[extract] step=3602 heavy=TRUE total=180.40s | block_optim=129.38 block_weights=33.64 block_trajectory=0.69 block_circuits=4.88
[collector wcpu1] cpu-pass DONE run_id=naive__stable_evo__s42 step=3602 blocks_ok=4 t=180.399s (all_passes_complete=False)
[collector wcpu1] --once drained 1 checkpoint(s); exiting.
[cwcpu1] drained 1 checkpoint(s); looping.
[collector wcpu1] --once drained 0 checkpoint(s); exiting.
[collector wcpu1] --once drained 0 checkpoint(s); exiting.
error    libmamba Could not set lock (Resource temporarily unavailable)
warning  libmamba Cannot lock '/home/r.dinnage/.cache/mamba/proc'
    Waiting for other mamba process to finish
[collector wcpu1] no probe/val CSV (probe_csv=None, val_csv=None); forward/backward blocks skipped for run_id=naive__stable_evo__s42.
[Extractor] block_set='cpu': CPU-only block set ['block_optim', 'block_weights', 'block_trajectory', 'block_circuits'] needs no model forward — skipping probe/Hessian build (no CSV/dataloaders, lower host RAM).
[extract] step=3626 SKIP heavy block block_circuits (ordinal=725 basis=step_fallback heavy_every=8)
[extract] step=3626 heavy=FALSE total=183.44s | block_optim=136.24 block_weights=34.75 block_trajectory=0.81
[collector wcpu1] cpu-pass DONE run_id=naive__stable_evo__s42 step=3626 blocks_ok=3 t=183.44s (all_passes_complete=False)
[collector wcpu1] --once drained 1 checkpoint(s); exiting.
[cwcpu1] drained 1 checkpoint(s); looping.
[collector wcpu1] --once drained 0 checkpoint(s); exiting.
[collector wcpu1] --once drained 0 checkpoint(s); exiting.
error    libmamba Could not set lock (Resource temporarily unavailable)
warning  libmamba Cannot lock '/home/r.dinnage/.cache/mamba/proc'
    Waiting for other mamba process to finish
[collector wcpu1] --once drained 0 checkpoint(s); exiting.
[collector wcpu1] --once drained 0 checkpoint(s); exiting.
[collector wcpu1] --once drained 0 checkpoint(s); exiting.
[collector wcpu1] --once drained 0 checkpoint(s); exiting.
[collector wcpu1] --once drained 0 checkpoint(s); exiting.
[collector wcpu1] --once drained 0 checkpoint(s); exiting.
error    libmamba Could not set lock (Resource temporarily unavailable)
warning  libmamba Cannot lock '/home/r.dinnage/.cache/mamba/proc'
    Waiting for other mamba process to finish
[collector wcpu1] --once drained 0 checkpoint(s); exiting.
error    libmamba Could not set lock (Resource temporarily unavailable)
warning  libmamba Cannot lock '/home/r.dinnage/.cache/mamba/proc'
    Waiting for other mamba process to finish
[collector wcpu1] --once drained 0 checkpoint(s); exiting.
[collector wcpu1] --once drained 0 checkpoint(s); exiting.
[collector wcpu1] --once drained 0 checkpoint(s); exiting.
error    libmamba Could not set lock (Resource temporarily unavailable)
warning  libmamba Cannot lock '/home/r.dinnage/.cache/mamba/proc'
    Waiting for other mamba process to finish
[collector wcpu1] no probe/val CSV (probe_csv=None, val_csv=None); forward/backward blocks skipped for run_id=naive__stable_evo__s42.
[Extractor] block_set='cpu': CPU-only block set ['block_optim', 'block_weights', 'block_trajectory', 'block_circuits'] needs no model forward — skipping probe/Hessian build (no CSV/dataloaders, lower host RAM).
[extract] step=3674 SKIP heavy block block_circuits (ordinal=734 basis=step_fallback heavy_every=8)
[extract] step=3674 heavy=FALSE total=172.40s | block_optim=127.82 block_weights=32.25 block_trajectory=0.76
[collector wcpu1] cpu-pass DONE run_id=naive__stable_evo__s42 step=3674 blocks_ok=3 t=172.401s (all_passes_complete=False)
[collector wcpu1] --once drained 1 checkpoint(s); exiting.
[cwcpu1] drained 1 checkpoint(s); looping.
[collector wcpu1] --once drained 0 checkpoint(s); exiting.
[collector wcpu1] --once drained 0 checkpoint(s); exiting.
[collector wcpu1] no probe/val CSV (probe_csv=None, val_csv=None); forward/backward blocks skipped for run_id=naive__stable_evo__s42.
[Extractor] block_set='cpu': CPU-only block set ['block_optim', 'block_weights', 'block_trajectory', 'block_circuits'] needs no model forward — skipping probe/Hessian build (no CSV/dataloaders, lower host RAM).
[extract] step=3698 SKIP heavy block block_circuits (ordinal=739 basis=step_fallback heavy_every=8)
[extract] step=3698 heavy=FALSE total=187.05s | block_optim=138.89 block_weights=35.88 block_trajectory=0.77
[collector wcpu1] cpu-pass DONE run_id=naive__stable_evo__s42 step=3698 blocks_ok=3 t=187.052s (all_passes_complete=False)
[collector wcpu1] --once drained 1 checkpoint(s); exiting.
[cwcpu1] drained 1 checkpoint(s); looping.
[collector wcpu1] --once drained 0 checkpoint(s); exiting.
[collector wcpu1] --once drained 0 checkpoint(s); exiting.
[collector wcpu1] --once drained 0 checkpoint(s); exiting.
[collector wcpu1] --once drained 0 checkpoint(s); exiting.
[collector wcpu1] --once drained 0 checkpoint(s); exiting.
[collector wcpu1] --once drained 0 checkpoint(s); exiting.
[collector wcpu1] --once drained 0 checkpoint(s); exiting.
[collector wcpu1] --once drained 0 checkpoint(s); exiting.
[collector wcpu1] --once drained 0 checkpoint(s); exiting.
[collector wcpu1] --once drained 0 checkpoint(s); exiting.
[collector wcpu1] --once drained 0 checkpoint(s); exiting.
[collector wcpu1] --once drained 0 checkpoint(s); exiting.
[collector wcpu1] --once drained 0 checkpoint(s); exiting.
[collector wcpu1] --once drained 0 checkpoint(s); exiting.
[collector wcpu1] --once drained 0 checkpoint(s); exiting.
[collector wcpu1] --once drained 0 checkpoint(s); exiting.
[collector wcpu1] --once drained 0 checkpoint(s); exiting.
[collector wcpu1] --once drained 0 checkpoint(s); exiting.
[collector wcpu1] --once drained 0 checkpoint(s); exiting.
[collector wcpu1] --once drained 0 checkpoint(s); exiting.
[collector wcpu1] --once drained 0 checkpoint(s); exiting.
[collector wcpu1] --once drained 0 checkpoint(s); exiting.
[collector wcpu1] --once drained 0 checkpoint(s); exiting.
[collector wcpu1] --once drained 0 checkpoint(s); exiting.
error    libmamba Could not set lock (Resource temporarily unavailable)
warning  libmamba Cannot lock '/home/r.dinnage/.cache/mamba/proc'
    Waiting for other mamba process to finish
[collector wcpu1] --once drained 0 checkpoint(s); exiting.
[collector wcpu1] --once drained 0 checkpoint(s); exiting.
[collector wcpu1] --once drained 0 checkpoint(s); exiting.
[collector wcpu1] --once drained 0 checkpoint(s); exiting.
[collector wcpu1] --once drained 0 checkpoint(s); exiting.
[collector wcpu1] --once drained 0 checkpoint(s); exiting.
[collector wcpu1] --once drained 0 checkpoint(s); exiting.
[collector wcpu1] --once drained 0 checkpoint(s); exiting.
[collector wcpu1] --once drained 0 checkpoint(s); exiting.
error    libmamba Could not set lock (Resource temporarily unavailable)
warning  libmamba Cannot lock '/home/r.dinnage/.cache/mamba/proc'
    Waiting for other mamba process to finish
[collector wcpu1] --once drained 0 checkpoint(s); exiting.
[collector wcpu1] no probe/val CSV (probe_csv=None, val_csv=None); forward/backward blocks skipped for run_id=naive__stable_evo__s42.
[Extractor] block_set='cpu': CPU-only block set ['block_optim', 'block_weights', 'block_trajectory', 'block_circuits'] needs no model forward — skipping probe/Hessian build (no CSV/dataloaders, lower host RAM).
[extract] step=3794 SKIP heavy block block_circuits (ordinal=758 basis=step_fallback heavy_every=8)
[extract] step=3794 heavy=FALSE total=196.46s | block_optim=147.38 block_weights=35.01 block_trajectory=0.98
[collector wcpu1] cpu-pass DONE run_id=naive__stable_evo__s42 step=3794 blocks_ok=3 t=196.459s (all_passes_complete=False)
[collector wcpu1] --once drained 1 checkpoint(s); exiting.
error    libmamba Could not set lock (Resource temporarily unavailable)
warning  libmamba Cannot lock '/home/r.dinnage/.cache/mamba/proc'
    Waiting for other mamba process to finish
[cwcpu1] drained 1 checkpoint(s); looping.
[collector wcpu1] --once drained 0 checkpoint(s); exiting.
[collector wcpu1] --once drained 0 checkpoint(s); exiting.
[collector wcpu1] --once drained 0 checkpoint(s); exiting.
[collector wcpu1] no probe/val CSV (probe_csv=None, val_csv=None); forward/backward blocks skipped for run_id=naive__stable_evo__s42.
[Extractor] block_set='cpu': CPU-only block set ['block_optim', 'block_weights', 'block_trajectory', 'block_circuits'] needs no model forward — skipping probe/Hessian build (no CSV/dataloaders, lower host RAM).
[extract] step=3818 SKIP heavy block block_circuits (ordinal=763 basis=step_fallback heavy_every=8)
[extract] step=3818 heavy=FALSE total=190.39s | block_optim=143.17 block_weights=33.84 block_trajectory=0.81
[collector wcpu1] cpu-pass DONE run_id=naive__stable_evo__s42 step=3818 blocks_ok=3 t=190.394s (all_passes_complete=False)
[collector wcpu1] --once drained 1 checkpoint(s); exiting.
[cwcpu1] drained 1 checkpoint(s); looping.
[collector wcpu1] --once drained 0 checkpoint(s); exiting.
[collector wcpu1] --once drained 0 checkpoint(s); exiting.
[collector wcpu1] --once drained 0 checkpoint(s); exiting.
[collector wcpu1] --once drained 0 checkpoint(s); exiting.
[collector wcpu1] --once drained 0 checkpoint(s); exiting.
[collector wcpu1] --once drained 0 checkpoint(s); exiting.
[collector wcpu1] --once drained 0 checkpoint(s); exiting.
[collector wcpu1] --once drained 0 checkpoint(s); exiting.
[collector wcpu1] --once drained 0 checkpoint(s); exiting.
[collector wcpu1] --once drained 0 checkpoint(s); exiting.
[collector wcpu1] --once drained 0 checkpoint(s); exiting.
[collector wcpu1] --once drained 0 checkpoint(s); exiting.
[collector wcpu1] --once drained 0 checkpoint(s); exiting.
[collector wcpu1] --once drained 0 checkpoint(s); exiting.
error    libmamba Could not set lock (Resource temporarily unavailable)
warning  libmamba Cannot lock '/home/r.dinnage/.cache/mamba/proc'
    Waiting for other mamba process to finish
[collector wcpu1] --once drained 0 checkpoint(s); exiting.
error    libmamba Could not set lock (Resource temporarily unavailable)
warning  libmamba Cannot lock '/home/r.dinnage/.cache/mamba/proc'
    Waiting for other mamba process to finish
[collector wcpu1] --once drained 0 checkpoint(s); exiting.
error    libmamba Could not set lock (Resource temporarily unavailable)
warning  libmamba Cannot lock '/home/r.dinnage/.cache/mamba/proc'
    Waiting for other mamba process to finish
[collector wcpu1] --once drained 0 checkpoint(s); exiting.
[collector wcpu1] --once drained 0 checkpoint(s); exiting.
[collector wcpu1] --once drained 0 checkpoint(s); exiting.
[collector wcpu1] --once drained 0 checkpoint(s); exiting.
[collector wcpu1] --once drained 0 checkpoint(s); exiting.
error    libmamba Could not set lock (Resource temporarily unavailable)
warning  libmamba Cannot lock '/home/r.dinnage/.cache/mamba/proc'
    Waiting for other mamba process to finish
[collector wcpu1] --once drained 0 checkpoint(s); exiting.
[collector wcpu1] --once drained 0 checkpoint(s); exiting.
[collector wcpu1] --once drained 0 checkpoint(s); exiting.
[collector wcpu1] --once drained 0 checkpoint(s); exiting.
[collector wcpu1] --once drained 0 checkpoint(s); exiting.
[collector wcpu1] --once drained 0 checkpoint(s); exiting.
[collector wcpu1] --once drained 0 checkpoint(s); exiting.
[collector wcpu1] --once drained 0 checkpoint(s); exiting.
[collector wcpu1] --once drained 0 checkpoint(s); exiting.
[collector wcpu1] --once drained 0 checkpoint(s); exiting.
[collector wcpu1] --once drained 0 checkpoint(s); exiting.
[collector wcpu1] --once drained 0 checkpoint(s); exiting.
[collector wcpu1] --once drained 0 checkpoint(s); exiting.
error    libmamba Could not set lock (Resource temporarily unavailable)
warning  libmamba Cannot lock '/home/r.dinnage/.cache/mamba/proc'
    Waiting for other mamba process to finish
[collector wcpu1] --once drained 0 checkpoint(s); exiting.
[collector wcpu1] --once drained 0 checkpoint(s); exiting.
[collector wcpu1] --once drained 0 checkpoint(s); exiting.
[collector wcpu1] --once drained 0 checkpoint(s); exiting.
[collector wcpu1] --once drained 0 checkpoint(s); exiting.
error    libmamba Could not set lock (Resource temporarily unavailable)
warning  libmamba Cannot lock '/home/r.dinnage/.cache/mamba/proc'
    Waiting for other mamba process to finish
[collector wcpu1] --once drained 0 checkpoint(s); exiting.
[collector wcpu1] --once drained 0 checkpoint(s); exiting.
[collector wcpu1] --once drained 0 checkpoint(s); exiting.
[collector wcpu1] --once drained 0 checkpoint(s); exiting.
[collector wcpu1] --once drained 0 checkpoint(s); exiting.
[collector wcpu1] --once drained 0 checkpoint(s); exiting.
error    libmamba Could not set lock (Resource temporarily unavailable)
warning  libmamba Cannot lock '/home/r.dinnage/.cache/mamba/proc'
    Waiting for other mamba process to finish
[collector wcpu1] --once drained 0 checkpoint(s); exiting.
[collector wcpu1] --once drained 0 checkpoint(s); exiting.
[collector wcpu1] --once drained 0 checkpoint(s); exiting.
[collector wcpu1] --once drained 0 checkpoint(s); exiting.
error    libmamba Could not set lock (Resource temporarily unavailable)
warning  libmamba Cannot lock '/home/r.dinnage/.cache/mamba/proc'
    Waiting for other mamba process to finish
[collector wcpu1] --once drained 0 checkpoint(s); exiting.
[collector wcpu1] --once drained 0 checkpoint(s); exiting.
[collector wcpu1] --once drained 0 checkpoint(s); exiting.
[collector wcpu1] --once drained 0 checkpoint(s); exiting.
[collector wcpu1] --once drained 0 checkpoint(s); exiting.
[collector wcpu1] --once drained 0 checkpoint(s); exiting.
error    libmamba Could not set lock (Resource temporarily unavailable)
warning  libmamba Cannot lock '/home/r.dinnage/.cache/mamba/proc'
    Waiting for other mamba process to finish
[collector wcpu1] --once drained 0 checkpoint(s); exiting.
[collector wcpu1] --once drained 0 checkpoint(s); exiting.
[collector wcpu1] --once drained 0 checkpoint(s); exiting.
[collector wcpu1] --once drained 0 checkpoint(s); exiting.
[collector wcpu1] --once drained 0 checkpoint(s); exiting.
[collector wcpu1] --once drained 0 checkpoint(s); exiting.
error    libmamba Could not set lock (Resource temporarily unavailable)
warning  libmamba Cannot lock '/home/r.dinnage/.cache/mamba/proc'
    Waiting for other mamba process to finish
[collector wcpu1] --once drained 0 checkpoint(s); exiting.
[collector wcpu1] --once drained 0 checkpoint(s); exiting.
[collector wcpu1] --once drained 0 checkpoint(s); exiting.
[collector wcpu1] --once drained 0 checkpoint(s); exiting.
[collector wcpu1] --once drained 0 checkpoint(s); exiting.
[collector wcpu1] --once drained 0 checkpoint(s); exiting.
[collector wcpu1] --once drained 0 checkpoint(s); exiting.
[collector wcpu1] --once drained 0 checkpoint(s); exiting.
error    libmamba Could not set lock (Resource temporarily unavailable)
warning  libmamba Cannot lock '/home/r.dinnage/.cache/mamba/proc'
    Waiting for other mamba process to finish
[collector wcpu1] --once drained 0 checkpoint(s); exiting.
error    libmamba Could not set lock (Resource temporarily unavailable)
warning  libmamba Cannot lock '/home/r.dinnage/.cache/mamba/proc'
    Waiting for other mamba process to finish
error    libmamba Could not set lock (Resource temporarily unavailable)
warning  libmamba Cannot lock '/home/r.dinnage/.cache/mamba/proc'
    Waiting for other mamba process to finish
[collector wcpu1] --once drained 0 checkpoint(s); exiting.
[collector wcpu1] --once drained 0 checkpoint(s); exiting.
[collector wcpu1] --once drained 0 checkpoint(s); exiting.
[collector wcpu1] --once drained 0 checkpoint(s); exiting.
[collector wcpu1] --once drained 0 checkpoint(s); exiting.
[collector wcpu1] --once drained 0 checkpoint(s); exiting.
[collector wcpu1] --once drained 0 checkpoint(s); exiting.
error    libmamba Could not set lock (Resource temporarily unavailable)
warning  libmamba Cannot lock '/home/r.dinnage/.cache/mamba/proc'
    Waiting for other mamba process to finish
[collector wcpu1] --once drained 0 checkpoint(s); exiting.
[collector wcpu1] --once drained 0 checkpoint(s); exiting.
[collector wcpu1] --once drained 0 checkpoint(s); exiting.
[collector wcpu1] --once drained 0 checkpoint(s); exiting.
[collector wcpu1] --once drained 0 checkpoint(s); exiting.
[collector wcpu1] --once drained 0 checkpoint(s); exiting.
[collector wcpu1] --once drained 0 checkpoint(s); exiting.
[collector wcpu1] --once drained 0 checkpoint(s); exiting.
error    libmamba Could not set lock (Resource temporarily unavailable)
warning  libmamba Cannot lock '/home/r.dinnage/.cache/mamba/proc'
    Waiting for other mamba process to finish
[collector wcpu1] --once drained 0 checkpoint(s); exiting.
[collector wcpu1] --once drained 0 checkpoint(s); exiting.
[collector wcpu1] --once drained 0 checkpoint(s); exiting.
[collector wcpu1] --once drained 0 checkpoint(s); exiting.
[collector wcpu1] --once drained 0 checkpoint(s); exiting.
error    libmamba Could not set lock (Resource temporarily unavailable)
warning  libmamba Cannot lock '/home/r.dinnage/.cache/mamba/proc'
    Waiting for other mamba process to finish
[collector wcpu1] --once drained 0 checkpoint(s); exiting.
error    libmamba Could not set lock (Resource temporarily unavailable)
warning  libmamba Cannot lock '/home/r.dinnage/.cache/mamba/proc'
    Waiting for other mamba process to finish
[collector wcpu1] --once drained 0 checkpoint(s); exiting.
[collector wcpu1] no probe/val CSV (probe_csv=None, val_csv=None); forward/backward blocks skipped for run_id=naive__stable_evo__s42.
[Extractor] block_set='cpu': CPU-only block set ['block_optim', 'block_weights', 'block_trajectory', 'block_circuits'] needs no model forward — skipping probe/Hessian build (no CSV/dataloaders, lower host RAM).
[extract] step=4048 SKIP heavy block block_circuits (ordinal=809 basis=step_fallback heavy_every=8)
[extract] step=4048 heavy=FALSE total=195.30s | block_optim=146.87 block_weights=34.90 block_trajectory=0.93
[collector wcpu1] cpu-pass DONE run_id=naive__stable_evo__s42 step=4048 blocks_ok=3 t=195.304s (all_passes_complete=False)
[collector wcpu1] --once drained 1 checkpoint(s); exiting.
error    libmamba Could not set lock (Resource temporarily unavailable)
warning  libmamba Cannot lock '/home/r.dinnage/.cache/mamba/proc'
    Waiting for other mamba process to finish
[cwcpu1] drained 1 checkpoint(s); looping.
[collector wcpu1] --once drained 0 checkpoint(s); exiting.
[collector wcpu1] --once drained 0 checkpoint(s); exiting.
[collector wcpu1] --once drained 0 checkpoint(s); exiting.
[collector wcpu1] --once drained 0 checkpoint(s); exiting.
error    libmamba Could not set lock (Resource temporarily unavailable)
warning  libmamba Cannot lock '/home/r.dinnage/.cache/mamba/proc'
    Waiting for other mamba process to finish
[collector wcpu1] --once drained 0 checkpoint(s); exiting.
[collector wcpu1] --once drained 0 checkpoint(s); exiting.
[collector wcpu1] --once drained 0 checkpoint(s); exiting.
[collector wcpu1] --once drained 0 checkpoint(s); exiting.
[collector wcpu1] --once drained 0 checkpoint(s); exiting.
[collector wcpu1] --once drained 0 checkpoint(s); exiting.
[collector wcpu1] --once drained 0 checkpoint(s); exiting.
[collector wcpu1] --once drained 0 checkpoint(s); exiting.
[collector wcpu1] --once drained 0 checkpoint(s); exiting.
[collector wcpu1] --once drained 0 checkpoint(s); exiting.
[collector wcpu1] --once drained 0 checkpoint(s); exiting.
[collector wcpu1] --once drained 0 checkpoint(s); exiting.
[collector wcpu1] --once drained 0 checkpoint(s); exiting.
[collector wcpu1] --once drained 0 checkpoint(s); exiting.
[collector wcpu1] no probe/val CSV (probe_csv=None, val_csv=None); forward/backward blocks skipped for run_id=naive__stable_evo__s42.
[Extractor] block_set='cpu': CPU-only block set ['block_optim', 'block_weights', 'block_trajectory', 'block_circuits'] needs no model forward — skipping probe/Hessian build (no CSV/dataloaders, lower host RAM).
[extract] step=4108 SKIP heavy block block_circuits (ordinal=821 basis=step_fallback heavy_every=8)
[extract] step=4108 heavy=FALSE total=195.28s | block_optim=146.87 block_weights=35.12 block_trajectory=1.02
[collector wcpu1] cpu-pass DONE run_id=naive__stable_evo__s42 step=4108 blocks_ok=3 t=195.28s (all_passes_complete=False)
[collector wcpu1] --once drained 1 checkpoint(s); exiting.
[cwcpu1] drained 1 checkpoint(s); looping.
[collector wcpu1] --once drained 0 checkpoint(s); exiting.
[collector wcpu1] no probe/val CSV (probe_csv=None, val_csv=None); forward/backward blocks skipped for run_id=naive__stable_evo__s42.
[Extractor] block_set='cpu': CPU-only block set ['block_optim', 'block_weights', 'block_trajectory', 'block_circuits'] needs no model forward — skipping probe/Hessian build (no CSV/dataloaders, lower host RAM).
[extract] step=4132 SKIP heavy block block_circuits (ordinal=826 basis=step_fallback heavy_every=8)
[extract] step=4132 heavy=FALSE total=190.22s | block_optim=143.48 block_weights=34.41 block_trajectory=0.80
[collector wcpu1] cpu-pass DONE run_id=naive__stable_evo__s42 step=4132 blocks_ok=3 t=190.224s (all_passes_complete=False)
[collector wcpu1] --once drained 1 checkpoint(s); exiting.
[cwcpu1] drained 1 checkpoint(s); looping.
[collector wcpu1] --once drained 0 checkpoint(s); exiting.
[collector wcpu1] no probe/val CSV (probe_csv=None, val_csv=None); forward/backward blocks skipped for run_id=naive__stable_evo__s42.
[Extractor] block_set='cpu': CPU-only block set ['block_optim', 'block_weights', 'block_trajectory', 'block_circuits'] needs no model forward — skipping probe/Hessian build (no CSV/dataloaders, lower host RAM).
[extract] step=4156 SKIP heavy block block_circuits (ordinal=831 basis=step_fallback heavy_every=8)
[extract] step=4156 heavy=FALSE total=189.13s | block_optim=141.99 block_weights=33.92 block_trajectory=0.71
[collector wcpu1] cpu-pass DONE run_id=naive__stable_evo__s42 step=4156 blocks_ok=3 t=189.129s (all_passes_complete=False)
[collector wcpu1] --once drained 1 checkpoint(s); exiting.
[cwcpu1] drained 1 checkpoint(s); looping.
[collector wcpu1] --once drained 0 checkpoint(s); exiting.
[collector wcpu1] --once drained 0 checkpoint(s); exiting.
error    libmamba Could not set lock (Resource temporarily unavailable)
warning  libmamba Cannot lock '/home/r.dinnage/.cache/mamba/proc'
    Waiting for other mamba process to finish
[collector wcpu1] --once drained 0 checkpoint(s); exiting.
error    libmamba Could not set lock (Resource temporarily unavailable)
warning  libmamba Cannot lock '/home/r.dinnage/.cache/mamba/proc'
    Waiting for other mamba process to finish
[collector wcpu1] --once drained 0 checkpoint(s); exiting.
[collector wcpu1] --once drained 0 checkpoint(s); exiting.
[collector wcpu1] --once drained 0 checkpoint(s); exiting.
[collector wcpu1] --once drained 0 checkpoint(s); exiting.
error    libmamba Could not set lock (Resource temporarily unavailable)
warning  libmamba Cannot lock '/home/r.dinnage/.cache/mamba/proc'
    Waiting for other mamba process to finish
[collector wcpu1] --once drained 0 checkpoint(s); exiting.
[collector wcpu1] --once drained 0 checkpoint(s); exiting.
[collector wcpu1] --once drained 0 checkpoint(s); exiting.
[collector wcpu1] --once drained 0 checkpoint(s); exiting.
error    libmamba Could not set lock (Resource temporarily unavailable)
warning  libmamba Cannot lock '/home/r.dinnage/.cache/mamba/proc'
    Waiting for other mamba process to finish
[collector wcpu1] --once drained 0 checkpoint(s); exiting.
[collector wcpu1] --once drained 0 checkpoint(s); exiting.
[collector wcpu1] --once drained 0 checkpoint(s); exiting.
[collector wcpu1] --once drained 0 checkpoint(s); exiting.
[collector wcpu1] --once drained 0 checkpoint(s); exiting.
[collector wcpu1] --once drained 0 checkpoint(s); exiting.
error    libmamba Could not set lock (Resource temporarily unavailable)
warning  libmamba Cannot lock '/home/r.dinnage/.cache/mamba/proc'
    Waiting for other mamba process to finish
[collector wcpu1] --once drained 0 checkpoint(s); exiting.
[collector wcpu1] --once drained 0 checkpoint(s); exiting.
[collector wcpu1] --once drained 0 checkpoint(s); exiting.
[collector wcpu1] --once drained 0 checkpoint(s); exiting.
[collector wcpu1] --once drained 0 checkpoint(s); exiting.
[collector wcpu1] --once drained 0 checkpoint(s); exiting.
[collector wcpu1] --once drained 0 checkpoint(s); exiting.
[collector wcpu1] --once drained 0 checkpoint(s); exiting.
[collector wcpu1] --once drained 0 checkpoint(s); exiting.
[collector wcpu1] --once drained 0 checkpoint(s); exiting.
error    libmamba Could not set lock (Resource temporarily unavailable)
warning  libmamba Cannot lock '/home/r.dinnage/.cache/mamba/proc'
    Waiting for other mamba process to finish
[collector wcpu1] --once drained 0 checkpoint(s); exiting.
error    libmamba Could not set lock (Resource temporarily unavailable)
warning  libmamba Cannot lock '/home/r.dinnage/.cache/mamba/proc'
    Waiting for other mamba process to finish
[collector wcpu1] --once drained 0 checkpoint(s); exiting.
[collector wcpu1] --once drained 0 checkpoint(s); exiting.
error    libmamba Could not set lock (Resource temporarily unavailable)
warning  libmamba Cannot lock '/home/r.dinnage/.cache/mamba/proc'
    Waiting for other mamba process to finish
[collector wcpu1] --once drained 0 checkpoint(s); exiting.
[collector wcpu1] --once drained 0 checkpoint(s); exiting.
[collector wcpu1] --once drained 0 checkpoint(s); exiting.
[collector wcpu1] --once drained 0 checkpoint(s); exiting.
[collector wcpu1] --once drained 0 checkpoint(s); exiting.
[collector wcpu1] --once drained 0 checkpoint(s); exiting.
[collector wcpu1] --once drained 0 checkpoint(s); exiting.
[collector wcpu1] --once drained 0 checkpoint(s); exiting.
[collector wcpu1] --once drained 0 checkpoint(s); exiting.
[collector wcpu1] --once drained 0 checkpoint(s); exiting.
[collector wcpu1] --once drained 0 checkpoint(s); exiting.
[collector wcpu1] --once drained 0 checkpoint(s); exiting.
[collector wcpu1] --once drained 0 checkpoint(s); exiting.
[collector wcpu1] --once drained 0 checkpoint(s); exiting.
[collector wcpu1] --once drained 0 checkpoint(s); exiting.
[collector wcpu1] --once drained 0 checkpoint(s); exiting.
error    libmamba Could not set lock (Resource temporarily unavailable)
warning  libmamba Cannot lock '/home/r.dinnage/.cache/mamba/proc'
    Waiting for other mamba process to finish
[collector wcpu1] --once drained 0 checkpoint(s); exiting.
[collector wcpu1] --once drained 0 checkpoint(s); exiting.
error    libmamba Could not set lock (Resource temporarily unavailable)
warning  libmamba Cannot lock '/home/r.dinnage/.cache/mamba/proc'
    Waiting for other mamba process to finish
[collector wcpu1] --once drained 0 checkpoint(s); exiting.
[collector wcpu1] --once drained 0 checkpoint(s); exiting.
[collector wcpu1] --once drained 0 checkpoint(s); exiting.
[collector wcpu1] --once drained 0 checkpoint(s); exiting.
[collector wcpu1] --once drained 0 checkpoint(s); exiting.
[collector wcpu1] --once drained 0 checkpoint(s); exiting.
[collector wcpu1] --once drained 0 checkpoint(s); exiting.
[collector wcpu1] --once drained 0 checkpoint(s); exiting.
[collector wcpu1] --once drained 0 checkpoint(s); exiting.
[collector wcpu1] --once drained 0 checkpoint(s); exiting.
[collector wcpu1] --once drained 0 checkpoint(s); exiting.
[collector wcpu1] --once drained 0 checkpoint(s); exiting.
error    libmamba Could not set lock (Resource temporarily unavailable)
warning  libmamba Cannot lock '/home/r.dinnage/.cache/mamba/proc'
    Waiting for other mamba process to finish
[collector wcpu1] --once drained 0 checkpoint(s); exiting.
[collector wcpu1] --once drained 0 checkpoint(s); exiting.
[collector wcpu1] --once drained 0 checkpoint(s); exiting.
[collector wcpu1] --once drained 0 checkpoint(s); exiting.
[collector wcpu1] --once drained 0 checkpoint(s); exiting.
[collector wcpu1] --once drained 0 checkpoint(s); exiting.
[collector wcpu1] --once drained 0 checkpoint(s); exiting.
[collector wcpu1] --once drained 0 checkpoint(s); exiting.
[collector wcpu1] --once drained 0 checkpoint(s); exiting.
[collector wcpu1] --once drained 0 checkpoint(s); exiting.
[collector wcpu1] --once drained 0 checkpoint(s); exiting.
[collector wcpu1] --once drained 0 checkpoint(s); exiting.
[collector wcpu1] --once drained 0 checkpoint(s); exiting.
[collector wcpu1] --once drained 0 checkpoint(s); exiting.
[collector wcpu1] --once drained 0 checkpoint(s); exiting.
[collector wcpu1] --once drained 0 checkpoint(s); exiting.
[collector wcpu1] --once drained 0 checkpoint(s); exiting.
[collector wcpu1] --once drained 0 checkpoint(s); exiting.
error    libmamba Could not set lock (Resource temporarily unavailable)
warning  libmamba Cannot lock '/home/r.dinnage/.cache/mamba/proc'
    Waiting for other mamba process to finish
[collector wcpu1] --once drained 0 checkpoint(s); exiting.
[collector wcpu1] --once drained 0 checkpoint(s); exiting.
[collector wcpu1] --once drained 0 checkpoint(s); exiting.
[collector wcpu1] --once drained 0 checkpoint(s); exiting.
[collector wcpu1] --once drained 0 checkpoint(s); exiting.
[collector wcpu1] --once drained 0 checkpoint(s); exiting.
[collector wcpu1] --once drained 0 checkpoint(s); exiting.
[collector wcpu1] --once drained 0 checkpoint(s); exiting.
error    libmamba Could not set lock (Resource temporarily unavailable)
warning  libmamba Cannot lock '/home/r.dinnage/.cache/mamba/proc'
    Waiting for other mamba process to finish
[collector wcpu1] --once drained 0 checkpoint(s); exiting.
error    libmamba Could not set lock (Resource temporarily unavailable)
warning  libmamba Cannot lock '/home/r.dinnage/.cache/mamba/proc'
    Waiting for other mamba process to finish
[collector wcpu1] --once drained 0 checkpoint(s); exiting.
[collector wcpu1] --once drained 0 checkpoint(s); exiting.
[collector wcpu1] --once drained 0 checkpoint(s); exiting.
[collector wcpu1] --once drained 0 checkpoint(s); exiting.
[collector wcpu1] --once drained 0 checkpoint(s); exiting.
[collector wcpu1] --once drained 0 checkpoint(s); exiting.
[collector wcpu1] --once drained 0 checkpoint(s); exiting.
[collector wcpu1] --once drained 0 checkpoint(s); exiting.
[collector wcpu1] --once drained 0 checkpoint(s); exiting.
[collector wcpu1] --once drained 0 checkpoint(s); exiting.
[collector wcpu1] --once drained 0 checkpoint(s); exiting.
[collector wcpu1] --once drained 0 checkpoint(s); exiting.
[collector wcpu1] --once drained 0 checkpoint(s); exiting.
[collector wcpu1] --once drained 0 checkpoint(s); exiting.
[collector wcpu1] --once drained 0 checkpoint(s); exiting.
[collector wcpu1] --once drained 0 checkpoint(s); exiting.
error    libmamba Could not set lock (Resource temporarily unavailable)
warning  libmamba Cannot lock '/home/r.dinnage/.cache/mamba/proc'
    Waiting for other mamba process to finish
[collector wcpu1] --once drained 0 checkpoint(s); exiting.
[collector wcpu1] --once drained 0 checkpoint(s); exiting.
error    libmamba Could not set lock (Resource temporarily unavailable)
warning  libmamba Cannot lock '/home/r.dinnage/.cache/mamba/proc'
    Waiting for other mamba process to finish
[collector wcpu1] --once drained 0 checkpoint(s); exiting.
error    libmamba Could not set lock (Resource temporarily unavailable)
warning  libmamba Cannot lock '/home/r.dinnage/.cache/mamba/proc'
    Waiting for other mamba process to finish
[collector wcpu1] --once drained 0 checkpoint(s); exiting.
error    libmamba Could not set lock (Resource temporarily unavailable)
warning  libmamba Cannot lock '/home/r.dinnage/.cache/mamba/proc'
    Waiting for other mamba process to finish
[collector wcpu1] --once drained 0 checkpoint(s); exiting.
error    libmamba Could not set lock (Resource temporarily unavailable)
warning  libmamba Cannot lock '/home/r.dinnage/.cache/mamba/proc'
    Waiting for other mamba process to finish
[collector wcpu1] --once drained 0 checkpoint(s); exiting.
[collector wcpu1] --once drained 0 checkpoint(s); exiting.
[collector wcpu1] --once drained 0 checkpoint(s); exiting.
[collector wcpu1] --once drained 0 checkpoint(s); exiting.
[collector wcpu1] --once drained 0 checkpoint(s); exiting.
[collector wcpu1] --once drained 0 checkpoint(s); exiting.
[collector wcpu1] --once drained 0 checkpoint(s); exiting.
[collector wcpu1] --once drained 0 checkpoint(s); exiting.
[collector wcpu1] no probe/val CSV (probe_csv=None, val_csv=None); forward/backward blocks skipped for run_id=naive__stable_evo__s42.
[Extractor] block_set='cpu': CPU-only block set ['block_optim', 'block_weights', 'block_trajectory', 'block_circuits'] needs no model forward — skipping probe/Hessian build (no CSV/dataloaders, lower host RAM).
[extract] step=4436 SKIP heavy block block_circuits (ordinal=887 basis=step_fallback heavy_every=8)
[extract] step=4436 heavy=FALSE total=187.20s | block_optim=139.39 block_weights=34.52 block_trajectory=0.97
[collector wcpu1] cpu-pass DONE run_id=naive__stable_evo__s42 step=4436 blocks_ok=3 t=187.196s (all_passes_complete=False)
[collector wcpu1] --once drained 1 checkpoint(s); exiting.
[cwcpu1] drained 1 checkpoint(s); looping.
[collector wcpu1] --once drained 0 checkpoint(s); exiting.
[collector wcpu1] --once drained 0 checkpoint(s); exiting.
[collector wcpu1] --once drained 0 checkpoint(s); exiting.
[collector wcpu1] --once drained 0 checkpoint(s); exiting.
error    libmamba Could not set lock (Resource temporarily unavailable)
warning  libmamba Cannot lock '/home/r.dinnage/.cache/mamba/proc'
    Waiting for other mamba process to finish
[collector wcpu1] --once drained 0 checkpoint(s); exiting.
[collector wcpu1] --once drained 0 checkpoint(s); exiting.
[collector wcpu1] --once drained 0 checkpoint(s); exiting.
[collector wcpu1] --once drained 0 checkpoint(s); exiting.
[collector wcpu1] --once drained 0 checkpoint(s); exiting.
[collector wcpu1] --once drained 0 checkpoint(s); exiting.
error    libmamba Could not set lock (Resource temporarily unavailable)
warning  libmamba Cannot lock '/home/r.dinnage/.cache/mamba/proc'
    Waiting for other mamba process to finish
[collector wcpu1] --once drained 0 checkpoint(s); exiting.
error    libmamba Could not set lock (Resource temporarily unavailable)
warning  libmamba Cannot lock '/home/r.dinnage/.cache/mamba/proc'
    Waiting for other mamba process to finish
[collector wcpu1] --once drained 0 checkpoint(s); exiting.
[collector wcpu1] --once drained 0 checkpoint(s); exiting.
[collector wcpu1] --once drained 0 checkpoint(s); exiting.
[collector wcpu1] --once drained 0 checkpoint(s); exiting.
[collector wcpu1] --once drained 0 checkpoint(s); exiting.
[collector wcpu1] --once drained 0 checkpoint(s); exiting.
[collector wcpu1] --once drained 0 checkpoint(s); exiting.
[collector wcpu1] --once drained 0 checkpoint(s); exiting.
[collector wcpu1] --once drained 0 checkpoint(s); exiting.
[collector wcpu1] --once drained 0 checkpoint(s); exiting.
[collector wcpu1] --once drained 0 checkpoint(s); exiting.
[collector wcpu1] --once drained 0 checkpoint(s); exiting.
[collector wcpu1] --once drained 0 checkpoint(s); exiting.
[collector wcpu1] no probe/val CSV (probe_csv=None, val_csv=None); forward/backward blocks skipped for run_id=naive__stable_evo__s42.
[Extractor] block_set='cpu': CPU-only block set ['block_optim', 'block_weights', 'block_trajectory', 'block_circuits'] needs no model forward — skipping probe/Hessian build (no CSV/dataloaders, lower host RAM).
[extract] step=4508 SKIP heavy block block_circuits (ordinal=901 basis=step_fallback heavy_every=8)
[extract] step=4508 heavy=FALSE total=167.49s | block_optim=123.14 block_weights=32.14 block_trajectory=0.75
[collector wcpu1] cpu-pass DONE run_id=naive__stable_evo__s42 step=4508 blocks_ok=3 t=167.492s (all_passes_complete=False)
[collector wcpu1] --once drained 1 checkpoint(s); exiting.
[cwcpu1] drained 1 checkpoint(s); looping.
[collector wcpu1] --once drained 0 checkpoint(s); exiting.
[collector wcpu1] --once drained 0 checkpoint(s); exiting.
error    libmamba Could not set lock (Resource temporarily unavailable)
warning  libmamba Cannot lock '/home/r.dinnage/.cache/mamba/proc'
    Waiting for other mamba process to finish
[collector wcpu1] --once drained 0 checkpoint(s); exiting.
error    libmamba Could not set lock (Resource temporarily unavailable)
warning  libmamba Cannot lock '/home/r.dinnage/.cache/mamba/proc'
    Waiting for other mamba process to finish
[collector wcpu1] --once drained 0 checkpoint(s); exiting.
[collector wcpu1] --once drained 0 checkpoint(s); exiting.
[collector wcpu1] --once drained 0 checkpoint(s); exiting.
[collector wcpu1] --once drained 0 checkpoint(s); exiting.
[collector wcpu1] --once drained 0 checkpoint(s); exiting.
[collector wcpu1] no probe/val CSV (probe_csv=None, val_csv=None); forward/backward blocks skipped for run_id=naive__stable_evo__s42.
[Extractor] block_set='cpu': CPU-only block set ['block_optim', 'block_weights', 'block_trajectory', 'block_circuits'] needs no model forward — skipping probe/Hessian build (no CSV/dataloaders, lower host RAM).
[extract] step=4544 SKIP heavy block block_circuits (ordinal=908 basis=step_fallback heavy_every=8)
[extract] step=4544 heavy=FALSE total=168.72s | block_optim=126.46 block_weights=31.38 block_trajectory=0.89
[collector wcpu1] cpu-pass DONE run_id=naive__stable_evo__s42 step=4544 blocks_ok=3 t=168.721s (all_passes_complete=False)
[collector wcpu1] --once drained 1 checkpoint(s); exiting.
[cwcpu1] drained 1 checkpoint(s); looping.
[collector wcpu1] --once drained 0 checkpoint(s); exiting.
[collector wcpu1] --once drained 0 checkpoint(s); exiting.
[collector wcpu1] no probe/val CSV (probe_csv=None, val_csv=None); forward/backward blocks skipped for run_id=naive__stable_evo__s42.
[Extractor] block_set='cpu': CPU-only block set ['block_optim', 'block_weights', 'block_trajectory', 'block_circuits'] needs no model forward — skipping probe/Hessian build (no CSV/dataloaders, lower host RAM).
[extract] step=4568 SKIP heavy block block_circuits (ordinal=913 basis=step_fallback heavy_every=8)
[extract] step=4568 heavy=FALSE total=169.71s | block_optim=126.37 block_weights=31.02 block_trajectory=0.87
[collector wcpu1] cpu-pass DONE run_id=naive__stable_evo__s42 step=4568 blocks_ok=3 t=169.705s (all_passes_complete=False)
[collector wcpu1] --once drained 1 checkpoint(s); exiting.
[cwcpu1] drained 1 checkpoint(s); looping.
[collector wcpu1] --once drained 0 checkpoint(s); exiting.
[collector wcpu1] --once drained 0 checkpoint(s); exiting.
[collector wcpu1] no probe/val CSV (probe_csv=None, val_csv=None); forward/backward blocks skipped for run_id=naive__stable_evo__s42.
[Extractor] block_set='cpu': CPU-only block set ['block_optim', 'block_weights', 'block_trajectory', 'block_circuits'] needs no model forward — skipping probe/Hessian build (no CSV/dataloaders, lower host RAM).
[extract] step=4592 SKIP heavy block block_circuits (ordinal=918 basis=step_fallback heavy_every=8)
[extract] step=4592 heavy=FALSE total=163.06s | block_optim=121.25 block_weights=30.18 block_trajectory=0.77
[collector wcpu1] cpu-pass DONE run_id=naive__stable_evo__s42 step=4592 blocks_ok=3 t=163.056s (all_passes_complete=False)
[collector wcpu1] --once drained 1 checkpoint(s); exiting.
[cwcpu1] drained 1 checkpoint(s); looping.
[collector wcpu1] --once drained 0 checkpoint(s); exiting.
[collector wcpu1] --once drained 0 checkpoint(s); exiting.
[collector wcpu1] --once drained 0 checkpoint(s); exiting.
[collector wcpu1] --once drained 0 checkpoint(s); exiting.
[collector wcpu1] --once drained 0 checkpoint(s); exiting.
[collector wcpu1] --once drained 0 checkpoint(s); exiting.
[collector wcpu1] --once drained 0 checkpoint(s); exiting.
[collector wcpu1] --once drained 0 checkpoint(s); exiting.
[collector wcpu1] --once drained 0 checkpoint(s); exiting.
error    libmamba Could not set lock (Resource temporarily unavailable)
warning  libmamba Cannot lock '/home/r.dinnage/.cache/mamba/proc'
    Waiting for other mamba process to finish
[collector wcpu1] --once drained 0 checkpoint(s); exiting.
[collector wcpu1] no probe/val CSV (probe_csv=None, val_csv=None); forward/backward blocks skipped for run_id=naive__stable_evo__s42.
[Extractor] block_set='cpu': CPU-only block set ['block_optim', 'block_weights', 'block_trajectory', 'block_circuits'] needs no model forward — skipping probe/Hessian build (no CSV/dataloaders, lower host RAM).
[extract] step=4628 SKIP heavy block block_circuits (ordinal=925 basis=step_fallback heavy_every=8)
[extract] step=4628 heavy=FALSE total=165.37s | block_optim=123.50 block_weights=29.25 block_trajectory=0.86
[collector wcpu1] cpu-pass DONE run_id=naive__stable_evo__s42 step=4628 blocks_ok=3 t=165.37s (all_passes_complete=False)
[collector wcpu1] --once drained 1 checkpoint(s); exiting.
[cwcpu1] drained 1 checkpoint(s); looping.
[collector wcpu1] --once drained 0 checkpoint(s); exiting.
[collector wcpu1] --once drained 0 checkpoint(s); exiting.
[collector wcpu1] --once drained 0 checkpoint(s); exiting.
[collector wcpu1] --once drained 0 checkpoint(s); exiting.
[collector wcpu1] --once drained 0 checkpoint(s); exiting.
[collector wcpu1] --once drained 0 checkpoint(s); exiting.
[collector wcpu1] --once drained 0 checkpoint(s); exiting.
[collector wcpu1] --once drained 0 checkpoint(s); exiting.
error    libmamba Could not set lock (Resource temporarily unavailable)
warning  libmamba Cannot lock '/home/r.dinnage/.cache/mamba/proc'
    Waiting for other mamba process to finish
[collector wcpu1] --once drained 0 checkpoint(s); exiting.
[collector wcpu1] --once drained 0 checkpoint(s); exiting.
[collector wcpu1] --once drained 0 checkpoint(s); exiting.
[collector wcpu1] --once drained 0 checkpoint(s); exiting.
[collector wcpu1] --once drained 0 checkpoint(s); exiting.
[collector wcpu1] no probe/val CSV (probe_csv=None, val_csv=None); forward/backward blocks skipped for run_id=naive__stable_evo__s42.
[Extractor] block_set='cpu': CPU-only block set ['block_optim', 'block_weights', 'block_trajectory', 'block_circuits'] needs no model forward — skipping probe/Hessian build (no CSV/dataloaders, lower host RAM).
[extract] step=4676 SKIP heavy block block_circuits (ordinal=935 basis=step_fallback heavy_every=8)
[extract] step=4676 heavy=FALSE total=163.86s | block_optim=122.05 block_weights=29.91 block_trajectory=0.71
[collector wcpu1] cpu-pass DONE run_id=naive__stable_evo__s42 step=4676 blocks_ok=3 t=163.861s (all_passes_complete=False)
[collector wcpu1] --once drained 1 checkpoint(s); exiting.
[cwcpu1] drained 1 checkpoint(s); looping.
[collector wcpu1] --once drained 0 checkpoint(s); exiting.
[collector wcpu1] --once drained 0 checkpoint(s); exiting.
[collector wcpu1] --once drained 0 checkpoint(s); exiting.
[collector wcpu1] --once drained 0 checkpoint(s); exiting.
[collector wcpu1] --once drained 0 checkpoint(s); exiting.
[collector wcpu1] --once drained 0 checkpoint(s); exiting.
error    libmamba Could not set lock (Resource temporarily unavailable)
warning  libmamba Cannot lock '/home/r.dinnage/.cache/mamba/proc'
    Waiting for other mamba process to finish
[collector wcpu1] --once drained 0 checkpoint(s); exiting.
error    libmamba Could not set lock (Resource temporarily unavailable)
warning  libmamba Cannot lock '/home/r.dinnage/.cache/mamba/proc'
    Waiting for other mamba process to finish
[collector wcpu1] --once drained 0 checkpoint(s); exiting.
[collector wcpu1] --once drained 0 checkpoint(s); exiting.
error    libmamba Could not set lock (Resource temporarily unavailable)
warning  libmamba Cannot lock '/home/r.dinnage/.cache/mamba/proc'
    Waiting for other mamba process to finish
[collector wcpu1] --once drained 0 checkpoint(s); exiting.
[collector wcpu1] no probe/val CSV (probe_csv=None, val_csv=None); forward/backward blocks skipped for run_id=naive__stable_evo__s42.
[Extractor] block_set='cpu': CPU-only block set ['block_optim', 'block_weights', 'block_trajectory', 'block_circuits'] needs no model forward — skipping probe/Hessian build (no CSV/dataloaders, lower host RAM).
[extract] step=4712 SKIP heavy block block_circuits (ordinal=942 basis=step_fallback heavy_every=8)
[extract] step=4712 heavy=FALSE total=157.15s | block_optim=118.97 block_weights=26.61 block_trajectory=0.72
[collector wcpu1] cpu-pass DONE run_id=naive__stable_evo__s42 step=4712 blocks_ok=3 t=157.153s (all_passes_complete=False)
[collector wcpu1] --once drained 1 checkpoint(s); exiting.
[cwcpu1] drained 1 checkpoint(s); looping.
[collector wcpu1] --once drained 0 checkpoint(s); exiting.
[collector wcpu1] --once drained 0 checkpoint(s); exiting.
[collector wcpu1] --once drained 0 checkpoint(s); exiting.
[collector wcpu1] --once drained 0 checkpoint(s); exiting.
[collector wcpu1] --once drained 0 checkpoint(s); exiting.
[collector wcpu1] --once drained 0 checkpoint(s); exiting.
error    libmamba Could not set lock (Resource temporarily unavailable)
warning  libmamba Cannot lock '/home/r.dinnage/.cache/mamba/proc'
    Waiting for other mamba process to finish
[collector wcpu1] --once drained 0 checkpoint(s); exiting.
[collector wcpu1] --once drained 0 checkpoint(s); exiting.
[collector wcpu1] --once drained 0 checkpoint(s); exiting.
error    libmamba Could not set lock (Resource temporarily unavailable)
warning  libmamba Cannot lock '/home/r.dinnage/.cache/mamba/proc'
    Waiting for other mamba process to finish
[collector wcpu1] no probe/val CSV (probe_csv=None, val_csv=None); forward/backward blocks skipped for run_id=naive__stable_evo__s42.
[Extractor] block_set='cpu': CPU-only block set ['block_optim', 'block_weights', 'block_trajectory', 'block_circuits'] needs no model forward — skipping probe/Hessian build (no CSV/dataloaders, lower host RAM).
[extract] step=4750 SKIP heavy block block_circuits (ordinal=950 basis=step_fallback heavy_every=8)
[extract] step=4750 heavy=FALSE total=168.73s | block_optim=128.10 block_weights=28.52 block_trajectory=0.89
[collector wcpu1] cpu-pass DONE run_id=naive__stable_evo__s42 step=4750 blocks_ok=3 t=168.726s (all_passes_complete=False)
[collector wcpu1] --once drained 1 checkpoint(s); exiting.
[cwcpu1] drained 1 checkpoint(s); looping.
[collector wcpu1] --once drained 0 checkpoint(s); exiting.
[collector wcpu1] --once drained 0 checkpoint(s); exiting.
[collector wcpu1] --once drained 0 checkpoint(s); exiting.
[collector wcpu1] --once drained 0 checkpoint(s); exiting.
[collector wcpu1] --once drained 0 checkpoint(s); exiting.
error    libmamba Could not set lock (Resource temporarily unavailable)
warning  libmamba Cannot lock '/home/r.dinnage/.cache/mamba/proc'
    Waiting for other mamba process to finish
[collector wcpu1] --once drained 0 checkpoint(s); exiting.
[collector wcpu1] --once drained 0 checkpoint(s); exiting.
[collector wcpu1] --once drained 0 checkpoint(s); exiting.
[collector wcpu1] --once drained 0 checkpoint(s); exiting.
error    libmamba Could not set lock (Resource temporarily unavailable)
warning  libmamba Cannot lock '/home/r.dinnage/.cache/mamba/proc'
    Waiting for other mamba process to finish
[collector wcpu1] --once drained 0 checkpoint(s); exiting.
error    libmamba Could not set lock (Resource temporarily unavailable)
warning  libmamba Cannot lock '/home/r.dinnage/.cache/mamba/proc'
    Waiting for other mamba process to finish
[collector wcpu1] --once drained 0 checkpoint(s); exiting.
[collector wcpu1] --once drained 0 checkpoint(s); exiting.
[collector wcpu1] --once drained 0 checkpoint(s); exiting.
[collector wcpu1] no probe/val CSV (probe_csv=None, val_csv=None); forward/backward blocks skipped for run_id=naive__stable_evo__s42.
[Extractor] block_set='cpu': CPU-only block set ['block_optim', 'block_weights', 'block_trajectory', 'block_circuits'] needs no model forward — skipping probe/Hessian build (no CSV/dataloaders, lower host RAM).
[extract] step=4798 SKIP heavy block block_circuits (ordinal=959 basis=step_fallback heavy_every=8)
[extract] step=4798 heavy=FALSE total=166.56s | block_optim=123.08 block_weights=31.66 block_trajectory=0.88
[collector wcpu1] cpu-pass DONE run_id=naive__stable_evo__s42 step=4798 blocks_ok=3 t=166.561s (all_passes_complete=False)
[collector wcpu1] --once drained 1 checkpoint(s); exiting.
[cwcpu1] drained 1 checkpoint(s); looping.
[collector wcpu1] --once drained 0 checkpoint(s); exiting.
[collector wcpu1] --once drained 0 checkpoint(s); exiting.
[collector wcpu1] --once drained 0 checkpoint(s); exiting.
[collector wcpu1] --once drained 0 checkpoint(s); exiting.
[collector wcpu1] --once drained 0 checkpoint(s); exiting.
[collector wcpu1] --once drained 0 checkpoint(s); exiting.
[collector wcpu1] --once drained 0 checkpoint(s); exiting.
error    libmamba Could not set lock (Resource temporarily unavailable)
warning  libmamba Cannot lock '/home/r.dinnage/.cache/mamba/proc'
    Waiting for other mamba process to finish
[collector wcpu1] --once drained 0 checkpoint(s); exiting.
[collector wcpu1] --once drained 0 checkpoint(s); exiting.
[collector wcpu1] --once drained 0 checkpoint(s); exiting.
[collector wcpu1] --once drained 0 checkpoint(s); exiting.
[collector wcpu1] --once drained 0 checkpoint(s); exiting.
[collector wcpu1] --once drained 0 checkpoint(s); exiting.
[collector wcpu1] --once drained 0 checkpoint(s); exiting.
[collector wcpu1] --once drained 0 checkpoint(s); exiting.
error    libmamba Could not set lock (Resource temporarily unavailable)
warning  libmamba Cannot lock '/home/r.dinnage/.cache/mamba/proc'
    Waiting for other mamba process to finish
[collector wcpu1] --once drained 0 checkpoint(s); exiting.
[collector wcpu1] --once drained 0 checkpoint(s); exiting.
error    libmamba Could not set lock (Resource temporarily unavailable)
warning  libmamba Cannot lock '/home/r.dinnage/.cache/mamba/proc'
    Waiting for other mamba process to finish
[collector wcpu1] --once drained 0 checkpoint(s); exiting.
[collector wcpu1] --once drained 0 checkpoint(s); exiting.
[collector wcpu1] --once drained 0 checkpoint(s); exiting.
[collector wcpu1] no probe/val CSV (probe_csv=None, val_csv=None); forward/backward blocks skipped for run_id=naive__stable_evo__s42.
[Extractor] block_set='cpu': CPU-only block set ['block_optim', 'block_weights', 'block_trajectory', 'block_circuits'] needs no model forward — skipping probe/Hessian build (no CSV/dataloaders, lower host RAM).
[extract] step=4858 SKIP heavy block block_circuits (ordinal=971 basis=step_fallback heavy_every=8)
[extract] step=4858 heavy=FALSE total=161.04s | block_optim=119.24 block_weights=29.78 block_trajectory=0.73
[collector wcpu1] cpu-pass DONE run_id=naive__stable_evo__s42 step=4858 blocks_ok=3 t=161.042s (all_passes_complete=False)
[collector wcpu1] --once drained 1 checkpoint(s); exiting.
[cwcpu1] drained 1 checkpoint(s); looping.
[collector wcpu1] --once drained 0 checkpoint(s); exiting.
[collector wcpu1] --once drained 0 checkpoint(s); exiting.
[collector wcpu1] --once drained 0 checkpoint(s); exiting.
[collector wcpu1] --once drained 0 checkpoint(s); exiting.
error    libmamba Could not set lock (Resource temporarily unavailable)
warning  libmamba Cannot lock '/home/r.dinnage/.cache/mamba/proc'
    Waiting for other mamba process to finish
[collector wcpu1] --once drained 0 checkpoint(s); exiting.
[collector wcpu1] --once drained 0 checkpoint(s); exiting.
[collector wcpu1] --once drained 0 checkpoint(s); exiting.
error    libmamba Could not set lock (Resource temporarily unavailable)
warning  libmamba Cannot lock '/home/r.dinnage/.cache/mamba/proc'
    Waiting for other mamba process to finish
[collector wcpu1] --once drained 0 checkpoint(s); exiting.
error    libmamba Could not set lock (Resource temporarily unavailable)
warning  libmamba Cannot lock '/home/r.dinnage/.cache/mamba/proc'
    Waiting for other mamba process to finish
[collector wcpu1] --once drained 0 checkpoint(s); exiting.
[collector wcpu1] --once drained 0 checkpoint(s); exiting.
[collector wcpu1] --once drained 0 checkpoint(s); exiting.
[collector wcpu1] --once drained 0 checkpoint(s); exiting.
[collector wcpu1] --once drained 0 checkpoint(s); exiting.
[collector wcpu1] --once drained 0 checkpoint(s); exiting.
[collector wcpu1] --once drained 0 checkpoint(s); exiting.
error    libmamba Could not set lock (Resource temporarily unavailable)
warning  libmamba Cannot lock '/home/r.dinnage/.cache/mamba/proc'
    Waiting for other mamba process to finish
[collector wcpu1] --once drained 0 checkpoint(s); exiting.
[collector wcpu1] --once drained 0 checkpoint(s); exiting.
[collector wcpu1] --once drained 0 checkpoint(s); exiting.
[collector wcpu1] --once drained 0 checkpoint(s); exiting.
error    libmamba Could not set lock (Resource temporarily unavailable)
warning  libmamba Cannot lock '/home/r.dinnage/.cache/mamba/proc'
    Waiting for other mamba process to finish
[collector wcpu1] --once drained 0 checkpoint(s); exiting.
[collector wcpu1] --once drained 0 checkpoint(s); exiting.
[collector wcpu1] --once drained 0 checkpoint(s); exiting.
[collector wcpu1] --once drained 0 checkpoint(s); exiting.
error    libmamba Could not set lock (Resource temporarily unavailable)
warning  libmamba Cannot lock '/home/r.dinnage/.cache/mamba/proc'
    Waiting for other mamba process to finish
[collector wcpu1] --once drained 0 checkpoint(s); exiting.
[collector wcpu1] --once drained 0 checkpoint(s); exiting.
[collector wcpu1] --once drained 0 checkpoint(s); exiting.
[collector wcpu1] --once drained 0 checkpoint(s); exiting.
[collector wcpu1] --once drained 0 checkpoint(s); exiting.
[collector wcpu1] --once drained 0 checkpoint(s); exiting.
[collector wcpu1] --once drained 0 checkpoint(s); exiting.
error    libmamba Could not set lock (Resource temporarily unavailable)
warning  libmamba Cannot lock '/home/r.dinnage/.cache/mamba/proc'
    Waiting for other mamba process to finish
[collector wcpu1] --once drained 0 checkpoint(s); exiting.
[collector wcpu1] --once drained 0 checkpoint(s); exiting.
[collector wcpu1] --once drained 0 checkpoint(s); exiting.
[collector wcpu1] --once drained 0 checkpoint(s); exiting.
[collector wcpu1] --once drained 0 checkpoint(s); exiting.
error    libmamba Could not set lock (Resource temporarily unavailable)
warning  libmamba Cannot lock '/home/r.dinnage/.cache/mamba/proc'
    Waiting for other mamba process to finish
[collector wcpu1] --once drained 0 checkpoint(s); exiting.
error    libmamba Could not set lock (Resource temporarily unavailable)
warning  libmamba Cannot lock '/home/r.dinnage/.cache/mamba/proc'
    Waiting for other mamba process to finish
[collector wcpu1] no probe/val CSV (probe_csv=None, val_csv=None); forward/backward blocks skipped for run_id=naive__stable_evo__s42.
[Extractor] block_set='cpu': CPU-only block set ['block_optim', 'block_weights', 'block_trajectory', 'block_circuits'] needs no model forward — skipping probe/Hessian build (no CSV/dataloaders, lower host RAM).
[extract] step=4954 SKIP heavy block block_circuits (ordinal=990 basis=step_fallback heavy_every=8)
[extract] step=4954 heavy=FALSE total=158.65s | block_optim=117.55 block_weights=29.58 block_trajectory=0.74
[collector wcpu1] cpu-pass DONE run_id=naive__stable_evo__s42 step=4954 blocks_ok=3 t=158.646s (all_passes_complete=False)
[collector wcpu1] --once drained 1 checkpoint(s); exiting.
[cwcpu1] drained 1 checkpoint(s); looping.
[collector wcpu1] --once drained 0 checkpoint(s); exiting.
[collector wcpu1] --once drained 0 checkpoint(s); exiting.
[collector wcpu1] --once drained 0 checkpoint(s); exiting.
error    libmamba Could not set lock (Resource temporarily unavailable)
warning  libmamba Cannot lock '/home/r.dinnage/.cache/mamba/proc'
    Waiting for other mamba process to finish
[collector wcpu1] --once drained 0 checkpoint(s); exiting.
error    libmamba Could not set lock (Resource temporarily unavailable)
warning  libmamba Cannot lock '/home/r.dinnage/.cache/mamba/proc'
    Waiting for other mamba process to finish
[collector wcpu1] --once drained 0 checkpoint(s); exiting.
error    libmamba Could not set lock (Resource temporarily unavailable)
warning  libmamba Cannot lock '/home/r.dinnage/.cache/mamba/proc'
    Waiting for other mamba process to finish
[collector wcpu1] --once drained 0 checkpoint(s); exiting.
[collector wcpu1] --once drained 0 checkpoint(s); exiting.
[collector wcpu1] --once drained 0 checkpoint(s); exiting.
[collector wcpu1] --once drained 0 checkpoint(s); exiting.
[collector wcpu1] --once drained 0 checkpoint(s); exiting.
[collector wcpu1] --once drained 0 checkpoint(s); exiting.
[collector wcpu1] --once drained 0 checkpoint(s); exiting.
[collector wcpu1] --once drained 0 checkpoint(s); exiting.
[collector wcpu1] --once drained 0 checkpoint(s); exiting.
[collector wcpu1] --once drained 0 checkpoint(s); exiting.
[collector wcpu1] --once drained 0 checkpoint(s); exiting.
[collector wcpu1] --once drained 0 checkpoint(s); exiting.
[collector wcpu1] --once drained 0 checkpoint(s); exiting.
[collector wcpu1] --once drained 0 checkpoint(s); exiting.
[collector wcpu1] --once drained 0 checkpoint(s); exiting.
[collector wcpu1] --once drained 0 checkpoint(s); exiting.
[collector wcpu1] --once drained 0 checkpoint(s); exiting.
[collector wcpu1] --once drained 0 checkpoint(s); exiting.
[collector wcpu1] --once drained 0 checkpoint(s); exiting.
[collector wcpu1] --once drained 0 checkpoint(s); exiting.
error    libmamba Could not set lock (Resource temporarily unavailable)
warning  libmamba Cannot lock '/home/r.dinnage/.cache/mamba/proc'
    Waiting for other mamba process to finish
[collector wcpu1] --once drained 0 checkpoint(s); exiting.
[collector wcpu1] --once drained 0 checkpoint(s); exiting.
[collector wcpu1] --once drained 0 checkpoint(s); exiting.
[collector wcpu1] --once drained 0 checkpoint(s); exiting.
[collector wcpu1] --once drained 0 checkpoint(s); exiting.
error    libmamba Could not set lock (Resource temporarily unavailable)
warning  libmamba Cannot lock '/home/r.dinnage/.cache/mamba/proc'
    Waiting for other mamba process to finish
[collector wcpu1] --once drained 0 checkpoint(s); exiting.
error    libmamba Could not set lock (Resource temporarily unavailable)
warning  libmamba Cannot lock '/home/r.dinnage/.cache/mamba/proc'
    Waiting for other mamba process to finish
[collector wcpu1] --once drained 0 checkpoint(s); exiting.
[collector wcpu1] --once drained 0 checkpoint(s); exiting.
error    libmamba Could not set lock (Resource temporarily unavailable)
warning  libmamba Cannot lock '/home/r.dinnage/.cache/mamba/proc'
    Waiting for other mamba process to finish
[collector wcpu1] --once drained 0 checkpoint(s); exiting.
[collector wcpu1] --once drained 0 checkpoint(s); exiting.
[collector wcpu1] --once drained 0 checkpoint(s); exiting.
[collector wcpu1] --once drained 0 checkpoint(s); exiting.
[collector wcpu1] --once drained 0 checkpoint(s); exiting.
[collector wcpu1] --once drained 0 checkpoint(s); exiting.
[collector wcpu1] --once drained 0 checkpoint(s); exiting.
[collector wcpu1] --once drained 0 checkpoint(s); exiting.
[collector wcpu1] --once drained 0 checkpoint(s); exiting.
[collector wcpu1] --once drained 0 checkpoint(s); exiting.
[collector wcpu1] --once drained 0 checkpoint(s); exiting.
[collector wcpu1] --once drained 0 checkpoint(s); exiting.
error    libmamba Could not set lock (Resource temporarily unavailable)
warning  libmamba Cannot lock '/home/r.dinnage/.cache/mamba/proc'
    Waiting for other mamba process to finish
[collector wcpu1] --once drained 0 checkpoint(s); exiting.
[collector wcpu1] --once drained 0 checkpoint(s); exiting.
error    libmamba Could not set lock (Resource temporarily unavailable)
warning  libmamba Cannot lock '/home/r.dinnage/.cache/mamba/proc'
    Waiting for other mamba process to finish
[collector wcpu1] --once drained 0 checkpoint(s); exiting.
[collector wcpu1] --once drained 0 checkpoint(s); exiting.
[collector wcpu1] --once drained 0 checkpoint(s); exiting.
[collector wcpu1] --once drained 0 checkpoint(s); exiting.
[collector wcpu1] --once drained 0 checkpoint(s); exiting.
[collector wcpu1] --once drained 0 checkpoint(s); exiting.
[collector wcpu1] --once drained 0 checkpoint(s); exiting.
[collector wcpu1] --once drained 0 checkpoint(s); exiting.
[collector wcpu1] --once drained 0 checkpoint(s); exiting.
[collector wcpu1] --once drained 0 checkpoint(s); exiting.
[collector wcpu1] --once drained 0 checkpoint(s); exiting.
error    libmamba Could not set lock (Resource temporarily unavailable)
warning  libmamba Cannot lock '/home/r.dinnage/.cache/mamba/proc'
    Waiting for other mamba process to finish
[collector wcpu1] --once drained 0 checkpoint(s); exiting.
[collector wcpu1] --once drained 0 checkpoint(s); exiting.
[collector wcpu1] --once drained 0 checkpoint(s); exiting.
error    libmamba Could not set lock (Resource temporarily unavailable)
warning  libmamba Cannot lock '/home/r.dinnage/.cache/mamba/proc'
    Waiting for other mamba process to finish
[collector wcpu1] --once drained 0 checkpoint(s); exiting.
[collector wcpu1] --once drained 0 checkpoint(s); exiting.
[collector wcpu1] --once drained 0 checkpoint(s); exiting.
[collector wcpu1] --once drained 0 checkpoint(s); exiting.
[collector wcpu1] --once drained 0 checkpoint(s); exiting.
[collector wcpu1] --once drained 0 checkpoint(s); exiting.
[collector wcpu1] --once drained 0 checkpoint(s); exiting.
[collector wcpu1] --once drained 0 checkpoint(s); exiting.
error    libmamba Could not set lock (Resource temporarily unavailable)
warning  libmamba Cannot lock '/home/r.dinnage/.cache/mamba/proc'
    Waiting for other mamba process to finish
[collector wcpu1] --once drained 0 checkpoint(s); exiting.
[collector wcpu1] --once drained 0 checkpoint(s); exiting.
error    libmamba Could not set lock (Resource temporarily unavailable)
warning  libmamba Cannot lock '/home/r.dinnage/.cache/mamba/proc'
    Waiting for other mamba process to finish
[collector wcpu1] --once drained 0 checkpoint(s); exiting.
[collector wcpu1] --once drained 0 checkpoint(s); exiting.
[collector wcpu1] --once drained 0 checkpoint(s); exiting.
[collector wcpu1] --once drained 0 checkpoint(s); exiting.
[collector wcpu1] --once drained 0 checkpoint(s); exiting.
[collector wcpu1] --once drained 0 checkpoint(s); exiting.
[collector wcpu1] --once drained 0 checkpoint(s); exiting.
[collector wcpu1] --once drained 0 checkpoint(s); exiting.
[collector wcpu1] --once drained 0 checkpoint(s); exiting.
[collector wcpu1] --once drained 0 checkpoint(s); exiting.
[collector wcpu1] --once drained 0 checkpoint(s); exiting.
[collector wcpu1] --once drained 0 checkpoint(s); exiting.
[collector wcpu1] --once drained 0 checkpoint(s); exiting.
error    libmamba Could not set lock (Resource temporarily unavailable)
warning  libmamba Cannot lock '/home/r.dinnage/.cache/mamba/proc'
    Waiting for other mamba process to finish
[collector wcpu1] --once drained 0 checkpoint(s); exiting.
[collector wcpu1] --once drained 0 checkpoint(s); exiting.
[collector wcpu1] --once drained 0 checkpoint(s); exiting.
[collector wcpu1] --once drained 0 checkpoint(s); exiting.
[collector wcpu1] --once drained 0 checkpoint(s); exiting.
[collector wcpu1] --once drained 0 checkpoint(s); exiting.
[collector wcpu1] --once drained 0 checkpoint(s); exiting.
[collector wcpu1] --once drained 0 checkpoint(s); exiting.
[collector wcpu1] --once drained 0 checkpoint(s); exiting.
error    libmamba Could not set lock (Resource temporarily unavailable)
warning  libmamba Cannot lock '/home/r.dinnage/.cache/mamba/proc'
    Waiting for other mamba process to finish
[collector wcpu1] --once drained 0 checkpoint(s); exiting.
[collector wcpu1] --once drained 0 checkpoint(s); exiting.
[collector wcpu1] --once drained 0 checkpoint(s); exiting.
[collector wcpu1] --once drained 0 checkpoint(s); exiting.
[collector wcpu1] --once drained 0 checkpoint(s); exiting.
[collector wcpu1] --once drained 0 checkpoint(s); exiting.
[collector wcpu1] --once drained 0 checkpoint(s); exiting.
[collector wcpu1] --once drained 0 checkpoint(s); exiting.
[collector wcpu1] --once drained 0 checkpoint(s); exiting.
[collector wcpu1] --once drained 0 checkpoint(s); exiting.
[collector wcpu1] --once drained 0 checkpoint(s); exiting.
[cwcpu1] all RUN_COMPLETE sentinels present; performing FINAL drain...
[cwcpu1] final drain still had work (drained=0 depth=1); a GPU worker may still be emitting/claiming. Looping.
[collector wcpu1] --once drained 0 checkpoint(s); exiting.
[cwcpu1] all RUN_COMPLETE sentinels present; performing FINAL drain...
[cwcpu1] final drain still had work (drained=0 depth=1); a GPU worker may still be emitting/claiming. Looping.
[collector wcpu1] --once drained 0 checkpoint(s); exiting.
[cwcpu1] all RUN_COMPLETE sentinels present; performing FINAL drain...
[cwcpu1] final drain still had work (drained=0 depth=1); a GPU worker may still be emitting/claiming. Looping.
[collector wcpu1] --once drained 0 checkpoint(s); exiting.
error    libmamba Could not set lock (Resource temporarily unavailable)
warning  libmamba Cannot lock '/home/r.dinnage/.cache/mamba/proc'
    Waiting for other mamba process to finish
[cwcpu1] all RUN_COMPLETE sentinels present; performing FINAL drain...
[cwcpu1] final drain still had work (drained=0 depth=1); a GPU worker may still be emitting/claiming. Looping.
[collector wcpu1] --once drained 0 checkpoint(s); exiting.
[cwcpu1] all RUN_COMPLETE sentinels present; performing FINAL drain...
[cwcpu1] final drain still had work (drained=0 depth=1); a GPU worker may still be emitting/claiming. Looping.
[collector wcpu1] --once drained 0 checkpoint(s); exiting.
[cwcpu1] all RUN_COMPLETE sentinels present; performing FINAL drain...
[cwcpu1] final drain still had work (drained=0 depth=1); a GPU worker may still be emitting/claiming. Looping.
[collector wcpu1] --once drained 0 checkpoint(s); exiting.
error    libmamba Could not set lock (Resource temporarily unavailable)
warning  libmamba Cannot lock '/home/r.dinnage/.cache/mamba/proc'
    Waiting for other mamba process to finish
[cwcpu1] all RUN_COMPLETE sentinels present; performing FINAL drain...
[cwcpu1] final drain found nothing new and aggregate queue depth=0 -> all runs collected. Exiting.
Done: Fri Jun 19 06:00:14 AM EDT 2026
