Fri Jun 19 06:02:59 AM EDT 2026
host=c0705a-s29.ufhpc
pwd=/blue/guralnick/share/r.dinnage/Projects/phenovision
=== preadapt CPU collector worker 1 ===
run_dirs=xAI/output/preadapt_v2/plantclef__stable_evo__s42
watch_dirs=xAI/output/preadapt_v2/plantclef__stable_evo__s42/checkpoints
sentinels=xAI/output/preadapt_v2/plantclef__stable_evo__s42/RUN_COMPLETE
out_store=xAI/output/preadapt_v2/_extract_store
nthreads=8
poll=15s heavy_every=8 retention_latest_keep=2 keep_full_latest=2
train_jids=35120233
error    libmamba Could not set lock (Resource temporarily unavailable)
warning  libmamba Cannot lock '/home/r.dinnage/.cache/mamba/proc'
    Waiting for other mamba process to finish
[collector wcpu1] --once drained 0 checkpoint(s); exiting.
[collector wcpu1] --once drained 0 checkpoint(s); exiting.
[collector wcpu1] --once drained 0 checkpoint(s); exiting.
[collector wcpu1] --once drained 0 checkpoint(s); exiting.
[collector wcpu1] --once drained 0 checkpoint(s); exiting.
[collector wcpu1] --once drained 0 checkpoint(s); exiting.
[collector wcpu1] --once drained 0 checkpoint(s); exiting.
[collector wcpu1] --once drained 0 checkpoint(s); exiting.
[collector wcpu1] --once drained 0 checkpoint(s); exiting.
[collector wcpu1] --once drained 0 checkpoint(s); exiting.
[collector wcpu1] --once drained 0 checkpoint(s); exiting.
[collector wcpu1] --once drained 0 checkpoint(s); exiting.
[collector wcpu1] --once drained 0 checkpoint(s); exiting.
error    libmamba Could not set lock (Resource temporarily unavailable)
warning  libmamba Cannot lock '/home/r.dinnage/.cache/mamba/proc'
    Waiting for other mamba process to finish
[collector wcpu1] --once drained 0 checkpoint(s); exiting.
error    libmamba Could not set lock (Resource temporarily unavailable)
warning  libmamba Cannot lock '/home/r.dinnage/.cache/mamba/proc'
    Waiting for other mamba process to finish
[collector wcpu1] --once drained 0 checkpoint(s); exiting.
[collector wcpu1] --once drained 0 checkpoint(s); exiting.
[collector wcpu1] --once drained 0 checkpoint(s); exiting.
[collector wcpu1] --once drained 0 checkpoint(s); exiting.
error    libmamba Could not set lock (Resource temporarily unavailable)
warning  libmamba Cannot lock '/home/r.dinnage/.cache/mamba/proc'
    Waiting for other mamba process to finish
[collector wcpu1] --once drained 0 checkpoint(s); exiting.
[collector wcpu1] --once drained 0 checkpoint(s); exiting.
[collector wcpu1] --once drained 0 checkpoint(s); exiting.
[collector wcpu1] --once drained 0 checkpoint(s); exiting.
[collector wcpu1] --once drained 0 checkpoint(s); exiting.
[collector wcpu1] --once drained 0 checkpoint(s); exiting.
[collector wcpu1] --once drained 0 checkpoint(s); exiting.
[collector wcpu1] --once drained 0 checkpoint(s); exiting.
[collector wcpu1] --once drained 0 checkpoint(s); exiting.
[collector wcpu1] --once drained 0 checkpoint(s); exiting.
error    libmamba Could not set lock (Resource temporarily unavailable)
warning  libmamba Cannot lock '/home/r.dinnage/.cache/mamba/proc'
    Waiting for other mamba process to finish
[collector wcpu1] --once drained 0 checkpoint(s); exiting.
[collector wcpu1] --once drained 0 checkpoint(s); exiting.
[collector wcpu1] --once drained 0 checkpoint(s); exiting.
[collector wcpu1] --once drained 0 checkpoint(s); exiting.
[collector wcpu1] --once drained 0 checkpoint(s); exiting.
[collector wcpu1] --once drained 0 checkpoint(s); exiting.
[collector wcpu1] --once drained 0 checkpoint(s); exiting.
error    libmamba Could not set lock (Resource temporarily unavailable)
warning  libmamba Cannot lock '/home/r.dinnage/.cache/mamba/proc'
    Waiting for other mamba process to finish
[collector wcpu1] --once drained 0 checkpoint(s); exiting.
[collector wcpu1] --once drained 0 checkpoint(s); exiting.
[collector wcpu1] --once drained 0 checkpoint(s); exiting.
[collector wcpu1] --once drained 0 checkpoint(s); exiting.
[collector wcpu1] --once drained 0 checkpoint(s); exiting.
error    libmamba Could not set lock (Resource temporarily unavailable)
warning  libmamba Cannot lock '/home/r.dinnage/.cache/mamba/proc'
    Waiting for other mamba process to finish
[collector wcpu1] --once drained 0 checkpoint(s); exiting.
[collector wcpu1] --once drained 0 checkpoint(s); exiting.
[collector wcpu1] --once drained 0 checkpoint(s); exiting.
[collector wcpu1] --once drained 0 checkpoint(s); exiting.
[collector wcpu1] --once drained 0 checkpoint(s); exiting.
[collector wcpu1] --once drained 0 checkpoint(s); exiting.
[collector wcpu1] --once drained 0 checkpoint(s); exiting.
[collector wcpu1] --once drained 0 checkpoint(s); exiting.
[collector wcpu1] --once drained 0 checkpoint(s); exiting.
[collector wcpu1] --once drained 0 checkpoint(s); exiting.
[collector wcpu1] --once drained 0 checkpoint(s); exiting.
[collector wcpu1] --once drained 0 checkpoint(s); exiting.
[collector wcpu1] --once drained 0 checkpoint(s); exiting.
[collector wcpu1] --once drained 0 checkpoint(s); exiting.
error    libmamba Could not set lock (Resource temporarily unavailable)
warning  libmamba Cannot lock '/home/r.dinnage/.cache/mamba/proc'
    Waiting for other mamba process to finish
[collector wcpu1] --once drained 0 checkpoint(s); exiting.
[collector wcpu1] --once drained 0 checkpoint(s); exiting.
[collector wcpu1] --once drained 0 checkpoint(s); exiting.
[collector wcpu1] --once drained 0 checkpoint(s); exiting.
[collector wcpu1] --once drained 0 checkpoint(s); exiting.
error    libmamba Could not set lock (Resource temporarily unavailable)
warning  libmamba Cannot lock '/home/r.dinnage/.cache/mamba/proc'
    Waiting for other mamba process to finish
[collector wcpu1] --once drained 0 checkpoint(s); exiting.
error    libmamba Could not set lock (Resource temporarily unavailable)
warning  libmamba Cannot lock '/home/r.dinnage/.cache/mamba/proc'
    Waiting for other mamba process to finish
[collector wcpu1] --once drained 0 checkpoint(s); exiting.
[collector wcpu1] --once drained 0 checkpoint(s); exiting.
[collector wcpu1] --once drained 0 checkpoint(s); exiting.
[collector wcpu1] --once drained 0 checkpoint(s); exiting.
[collector wcpu1] --once drained 0 checkpoint(s); exiting.
error    libmamba Could not set lock (Resource temporarily unavailable)
warning  libmamba Cannot lock '/home/r.dinnage/.cache/mamba/proc'
    Waiting for other mamba process to finish
[collector wcpu1] --once drained 0 checkpoint(s); exiting.
[collector wcpu1] --once drained 0 checkpoint(s); exiting.
[collector wcpu1] --once drained 0 checkpoint(s); exiting.
[collector wcpu1] --once drained 0 checkpoint(s); exiting.
[collector wcpu1] --once drained 0 checkpoint(s); exiting.
[collector wcpu1] --once drained 0 checkpoint(s); exiting.
error    libmamba Could not set lock (Resource temporarily unavailable)
warning  libmamba Cannot lock '/home/r.dinnage/.cache/mamba/proc'
    Waiting for other mamba process to finish
[collector wcpu1] --once drained 0 checkpoint(s); exiting.
[collector wcpu1] --once drained 0 checkpoint(s); exiting.
[collector wcpu1] --once drained 0 checkpoint(s); exiting.
[collector wcpu1] --once drained 0 checkpoint(s); exiting.
[collector wcpu1] --once drained 0 checkpoint(s); exiting.
[collector wcpu1] --once drained 0 checkpoint(s); exiting.
[collector wcpu1] --once drained 0 checkpoint(s); exiting.
[collector wcpu1] --once drained 0 checkpoint(s); exiting.
[collector wcpu1] --once drained 0 checkpoint(s); exiting.
[collector wcpu1] --once drained 0 checkpoint(s); exiting.
[collector wcpu1] --once drained 0 checkpoint(s); exiting.
[collector wcpu1] --once drained 0 checkpoint(s); exiting.
[collector wcpu1] --once drained 0 checkpoint(s); exiting.
[collector wcpu1] --once drained 0 checkpoint(s); exiting.
error    libmamba Could not set lock (Resource temporarily unavailable)
warning  libmamba Cannot lock '/home/r.dinnage/.cache/mamba/proc'
    Waiting for other mamba process to finish
[collector wcpu1] --once drained 0 checkpoint(s); exiting.
error    libmamba Could not set lock (Resource temporarily unavailable)
warning  libmamba Cannot lock '/home/r.dinnage/.cache/mamba/proc'
    Waiting for other mamba process to finish
[collector wcpu1] --once drained 0 checkpoint(s); exiting.
[collector wcpu1] --once drained 0 checkpoint(s); exiting.
[collector wcpu1] --once drained 0 checkpoint(s); exiting.
[collector wcpu1] --once drained 0 checkpoint(s); exiting.
[collector wcpu1] --once drained 0 checkpoint(s); exiting.
error    libmamba Could not set lock (Resource temporarily unavailable)
warning  libmamba Cannot lock '/home/r.dinnage/.cache/mamba/proc'
    Waiting for other mamba process to finish
[collector wcpu1] --once drained 0 checkpoint(s); exiting.
[collector wcpu1] --once drained 0 checkpoint(s); exiting.
[collector wcpu1] --once drained 0 checkpoint(s); exiting.
error    libmamba Could not set lock (Resource temporarily unavailable)
warning  libmamba Cannot lock '/home/r.dinnage/.cache/mamba/proc'
    Waiting for other mamba process to finish
[collector wcpu1] --once drained 0 checkpoint(s); exiting.
[collector wcpu1] --once drained 0 checkpoint(s); exiting.
[collector wcpu1] --once drained 0 checkpoint(s); exiting.
[collector wcpu1] --once drained 0 checkpoint(s); exiting.
[collector wcpu1] --once drained 0 checkpoint(s); exiting.
[collector wcpu1] --once drained 0 checkpoint(s); exiting.
[collector wcpu1] --once drained 0 checkpoint(s); exiting.
[collector wcpu1] --once drained 0 checkpoint(s); exiting.
[collector wcpu1] --once drained 0 checkpoint(s); exiting.
[collector wcpu1] --once drained 0 checkpoint(s); exiting.
[collector wcpu1] --once drained 0 checkpoint(s); exiting.
[collector wcpu1] --once drained 0 checkpoint(s); exiting.
[collector wcpu1] --once drained 0 checkpoint(s); exiting.
[collector wcpu1] --once drained 0 checkpoint(s); exiting.
error    libmamba Could not set lock (Resource temporarily unavailable)
warning  libmamba Cannot lock '/home/r.dinnage/.cache/mamba/proc'
    Waiting for other mamba process to finish
[collector wcpu1] --once drained 0 checkpoint(s); exiting.
[collector wcpu1] --once drained 0 checkpoint(s); exiting.
[collector wcpu1] --once drained 0 checkpoint(s); exiting.
[collector wcpu1] --once drained 0 checkpoint(s); exiting.
[collector wcpu1] --once drained 0 checkpoint(s); exiting.
error    libmamba Could not set lock (Resource temporarily unavailable)
warning  libmamba Cannot lock '/home/r.dinnage/.cache/mamba/proc'
    Waiting for other mamba process to finish
[collector wcpu1] --once drained 0 checkpoint(s); exiting.
[collector wcpu1] --once drained 0 checkpoint(s); exiting.
[collector wcpu1] --once drained 0 checkpoint(s); exiting.
[collector wcpu1] --once drained 0 checkpoint(s); exiting.
[collector wcpu1] --once drained 0 checkpoint(s); exiting.
[collector wcpu1] --once drained 0 checkpoint(s); exiting.
[collector wcpu1] --once drained 0 checkpoint(s); exiting.
error    libmamba Could not set lock (Resource temporarily unavailable)
warning  libmamba Cannot lock '/home/r.dinnage/.cache/mamba/proc'
    Waiting for other mamba process to finish
[collector wcpu1] --once drained 0 checkpoint(s); exiting.
error    libmamba Could not set lock (Resource temporarily unavailable)
warning  libmamba Cannot lock '/home/r.dinnage/.cache/mamba/proc'
    Waiting for other mamba process to finish
[collector wcpu1] --once drained 0 checkpoint(s); exiting.
[collector wcpu1] --once drained 0 checkpoint(s); exiting.
[collector wcpu1] --once drained 0 checkpoint(s); exiting.
[collector wcpu1] --once drained 0 checkpoint(s); exiting.
[collector wcpu1] --once drained 0 checkpoint(s); exiting.
[collector wcpu1] --once drained 0 checkpoint(s); exiting.
[collector wcpu1] --once drained 0 checkpoint(s); exiting.
error    libmamba Could not set lock (Resource temporarily unavailable)
warning  libmamba Cannot lock '/home/r.dinnage/.cache/mamba/proc'
    Waiting for other mamba process to finish
[collector wcpu1] --once drained 0 checkpoint(s); exiting.
[collector wcpu1] --once drained 0 checkpoint(s); exiting.
[collector wcpu1] --once drained 0 checkpoint(s); exiting.
[collector wcpu1] --once drained 0 checkpoint(s); exiting.
[collector wcpu1] --once drained 0 checkpoint(s); exiting.
[collector wcpu1] --once drained 0 checkpoint(s); exiting.
[collector wcpu1] --once drained 0 checkpoint(s); exiting.
[collector wcpu1] --once drained 0 checkpoint(s); exiting.
[collector wcpu1] --once drained 0 checkpoint(s); exiting.
[collector wcpu1] --once drained 0 checkpoint(s); exiting.
[collector wcpu1] --once drained 0 checkpoint(s); exiting.
[collector wcpu1] --once drained 0 checkpoint(s); exiting.
[collector wcpu1] --once drained 0 checkpoint(s); exiting.
[collector wcpu1] --once drained 0 checkpoint(s); exiting.
error    libmamba Could not set lock (Resource temporarily unavailable)
warning  libmamba Cannot lock '/home/r.dinnage/.cache/mamba/proc'
    Waiting for other mamba process to finish
[collector wcpu1] --once drained 0 checkpoint(s); exiting.
error    libmamba Could not set lock (Resource temporarily unavailable)
warning  libmamba Cannot lock '/home/r.dinnage/.cache/mamba/proc'
    Waiting for other mamba process to finish
[collector wcpu1] --once drained 0 checkpoint(s); exiting.
error    libmamba Could not set lock (Resource temporarily unavailable)
warning  libmamba Cannot lock '/home/r.dinnage/.cache/mamba/proc'
    Waiting for other mamba process to finish
[collector wcpu1] --once drained 0 checkpoint(s); exiting.
[collector wcpu1] --once drained 0 checkpoint(s); exiting.
[collector wcpu1] --once drained 0 checkpoint(s); exiting.
[collector wcpu1] --once drained 0 checkpoint(s); exiting.
[collector wcpu1] --once drained 0 checkpoint(s); exiting.
[collector wcpu1] --once drained 0 checkpoint(s); exiting.
[collector wcpu1] --once drained 0 checkpoint(s); exiting.
[collector wcpu1] --once drained 0 checkpoint(s); exiting.
[collector wcpu1] --once drained 0 checkpoint(s); exiting.
[collector wcpu1] --once drained 0 checkpoint(s); exiting.
[collector wcpu1] --once drained 0 checkpoint(s); exiting.
[collector wcpu1] --once drained 0 checkpoint(s); exiting.
[collector wcpu1] --once drained 0 checkpoint(s); exiting.
[collector wcpu1] --once drained 0 checkpoint(s); exiting.
[collector wcpu1] --once drained 0 checkpoint(s); exiting.
[collector wcpu1] --once drained 0 checkpoint(s); exiting.
[collector wcpu1] --once drained 0 checkpoint(s); exiting.
[collector wcpu1] --once drained 0 checkpoint(s); exiting.
error    libmamba Could not set lock (Resource temporarily unavailable)
warning  libmamba Cannot lock '/home/r.dinnage/.cache/mamba/proc'
    Waiting for other mamba process to finish
[collector wcpu1] --once drained 0 checkpoint(s); exiting.
[collector wcpu1] --once drained 0 checkpoint(s); exiting.
[collector wcpu1] --once drained 0 checkpoint(s); exiting.
[collector wcpu1] --once drained 0 checkpoint(s); exiting.
[collector wcpu1] --once drained 0 checkpoint(s); exiting.
[collector wcpu1] --once drained 0 checkpoint(s); exiting.
[collector wcpu1] --once drained 0 checkpoint(s); exiting.
[collector wcpu1] --once drained 0 checkpoint(s); exiting.
[collector wcpu1] --once drained 0 checkpoint(s); exiting.
error    libmamba Could not set lock (Resource temporarily unavailable)
warning  libmamba Cannot lock '/home/r.dinnage/.cache/mamba/proc'
    Waiting for other mamba process to finish
[collector wcpu1] --once drained 0 checkpoint(s); exiting.
[collector wcpu1] --once drained 0 checkpoint(s); exiting.
[collector wcpu1] --once drained 0 checkpoint(s); exiting.
[collector wcpu1] --once drained 0 checkpoint(s); exiting.
[collector wcpu1] --once drained 0 checkpoint(s); exiting.
[collector wcpu1] --once drained 0 checkpoint(s); exiting.
[collector wcpu1] --once drained 0 checkpoint(s); exiting.
[collector wcpu1] --once drained 0 checkpoint(s); exiting.
[collector wcpu1] --once drained 0 checkpoint(s); exiting.
[collector wcpu1] --once drained 0 checkpoint(s); exiting.
[collector wcpu1] --once drained 0 checkpoint(s); exiting.
[collector wcpu1] --once drained 0 checkpoint(s); exiting.
[collector wcpu1] --once drained 0 checkpoint(s); exiting.
[collector wcpu1] --once drained 0 checkpoint(s); exiting.
[collector wcpu1] --once drained 0 checkpoint(s); exiting.
[collector wcpu1] --once drained 0 checkpoint(s); exiting.
[collector wcpu1] --once drained 0 checkpoint(s); exiting.
[collector wcpu1] --once drained 0 checkpoint(s); exiting.
[collector wcpu1] --once drained 0 checkpoint(s); exiting.
[collector wcpu1] --once drained 0 checkpoint(s); exiting.
[collector wcpu1] --once drained 0 checkpoint(s); exiting.
[collector wcpu1] --once drained 0 checkpoint(s); exiting.
[collector wcpu1] --once drained 0 checkpoint(s); exiting.
[collector wcpu1] --once drained 0 checkpoint(s); exiting.
[collector wcpu1] --once drained 0 checkpoint(s); exiting.
[collector wcpu1] --once drained 0 checkpoint(s); exiting.
[collector wcpu1] --once drained 0 checkpoint(s); exiting.
[collector wcpu1] --once drained 0 checkpoint(s); exiting.
[collector wcpu1] --once drained 0 checkpoint(s); exiting.
[collector wcpu1] --once drained 0 checkpoint(s); exiting.
[collector wcpu1] --once drained 0 checkpoint(s); exiting.
error    libmamba Could not set lock (Resource temporarily unavailable)
warning  libmamba Cannot lock '/home/r.dinnage/.cache/mamba/proc'
    Waiting for other mamba process to finish
[collector wcpu1] --once drained 0 checkpoint(s); exiting.
error    libmamba Could not set lock (Resource temporarily unavailable)
warning  libmamba Cannot lock '/home/r.dinnage/.cache/mamba/proc'
    Waiting for other mamba process to finish
[collector wcpu1] --once drained 0 checkpoint(s); exiting.
[collector wcpu1] --once drained 0 checkpoint(s); exiting.
[collector wcpu1] --once drained 0 checkpoint(s); exiting.
[collector wcpu1] --once drained 0 checkpoint(s); exiting.
[collector wcpu1] --once drained 0 checkpoint(s); exiting.
[collector wcpu1] --once drained 0 checkpoint(s); exiting.
[collector wcpu1] --once drained 0 checkpoint(s); exiting.
[collector wcpu1] --once drained 0 checkpoint(s); exiting.
[collector wcpu1] --once drained 0 checkpoint(s); exiting.
[collector wcpu1] --once drained 0 checkpoint(s); exiting.
[collector wcpu1] --once drained 0 checkpoint(s); exiting.
[collector wcpu1] --once drained 0 checkpoint(s); exiting.
[collector wcpu1] --once drained 0 checkpoint(s); exiting.
[collector wcpu1] --once drained 0 checkpoint(s); exiting.
error    libmamba Could not set lock (Resource temporarily unavailable)
warning  libmamba Cannot lock '/home/r.dinnage/.cache/mamba/proc'
    Waiting for other mamba process to finish
[collector wcpu1] --once drained 0 checkpoint(s); exiting.
[collector wcpu1] --once drained 0 checkpoint(s); exiting.
[collector wcpu1] --once drained 0 checkpoint(s); exiting.
[collector wcpu1] --once drained 0 checkpoint(s); exiting.
[collector wcpu1] --once drained 0 checkpoint(s); exiting.
[collector wcpu1] --once drained 0 checkpoint(s); exiting.
[collector wcpu1] --once drained 0 checkpoint(s); exiting.
error    libmamba Could not set lock (Resource temporarily unavailable)
warning  libmamba Cannot lock '/home/r.dinnage/.cache/mamba/proc'
    Waiting for other mamba process to finish
[collector wcpu1] --once drained 0 checkpoint(s); exiting.
error    libmamba Could not set lock (Resource temporarily unavailable)
warning  libmamba Cannot lock '/home/r.dinnage/.cache/mamba/proc'
    Waiting for other mamba process to finish
[collector wcpu1] --once drained 0 checkpoint(s); exiting.
[collector wcpu1] --once drained 0 checkpoint(s); exiting.
[collector wcpu1] --once drained 0 checkpoint(s); exiting.
[collector wcpu1] --once drained 0 checkpoint(s); exiting.
[collector wcpu1] --once drained 0 checkpoint(s); exiting.
[collector wcpu1] --once drained 0 checkpoint(s); exiting.
[collector wcpu1] --once drained 0 checkpoint(s); exiting.
[collector wcpu1] --once drained 0 checkpoint(s); exiting.
[collector wcpu1] --once drained 0 checkpoint(s); exiting.
[collector wcpu1] --once drained 0 checkpoint(s); exiting.
[collector wcpu1] --once drained 0 checkpoint(s); exiting.
error    libmamba Could not set lock (Resource temporarily unavailable)
warning  libmamba Cannot lock '/home/r.dinnage/.cache/mamba/proc'
    Waiting for other mamba process to finish
[collector wcpu1] --once drained 0 checkpoint(s); exiting.
[collector wcpu1] --once drained 0 checkpoint(s); exiting.
[collector wcpu1] --once drained 0 checkpoint(s); exiting.
[collector wcpu1] --once drained 0 checkpoint(s); exiting.
[collector wcpu1] --once drained 0 checkpoint(s); exiting.
[collector wcpu1] --once drained 0 checkpoint(s); exiting.
[collector wcpu1] --once drained 0 checkpoint(s); exiting.
[collector wcpu1] --once drained 0 checkpoint(s); exiting.
[collector wcpu1] --once drained 0 checkpoint(s); exiting.
error    libmamba Could not set lock (Resource temporarily unavailable)
warning  libmamba Cannot lock '/home/r.dinnage/.cache/mamba/proc'
    Waiting for other mamba process to finish
[collector wcpu1] --once drained 0 checkpoint(s); exiting.
[collector wcpu1] --once drained 0 checkpoint(s); exiting.
[collector wcpu1] --once drained 0 checkpoint(s); exiting.
[collector wcpu1] --once drained 0 checkpoint(s); exiting.
[collector wcpu1] --once drained 0 checkpoint(s); exiting.
[collector wcpu1] --once drained 0 checkpoint(s); exiting.
[collector wcpu1] --once drained 0 checkpoint(s); exiting.
[collector wcpu1] --once drained 0 checkpoint(s); exiting.
error    libmamba Could not set lock (Resource temporarily unavailable)
warning  libmamba Cannot lock '/home/r.dinnage/.cache/mamba/proc'
    Waiting for other mamba process to finish
[collector wcpu1] --once drained 0 checkpoint(s); exiting.
[collector wcpu1] --once drained 0 checkpoint(s); exiting.
[collector wcpu1] --once drained 0 checkpoint(s); exiting.
[collector wcpu1] --once drained 0 checkpoint(s); exiting.
[collector wcpu1] --once drained 0 checkpoint(s); exiting.
[collector wcpu1] --once drained 0 checkpoint(s); exiting.
[collector wcpu1] --once drained 0 checkpoint(s); exiting.
[collector wcpu1] --once drained 0 checkpoint(s); exiting.
warning  libmamba failed to open /home/r.dinnage/.cache/mamba/proc/100366.json
[collector wcpu1] --once drained 0 checkpoint(s); exiting.
[collector wcpu1] --once drained 0 checkpoint(s); exiting.
[collector wcpu1] --once drained 0 checkpoint(s); exiting.
[collector wcpu1] --once drained 0 checkpoint(s); exiting.
[collector wcpu1] --once drained 0 checkpoint(s); exiting.
[collector wcpu1] --once drained 0 checkpoint(s); exiting.
[collector wcpu1] --once drained 0 checkpoint(s); exiting.
[collector wcpu1] --once drained 0 checkpoint(s); exiting.
[collector wcpu1] --once drained 0 checkpoint(s); exiting.
error    libmamba Could not set lock (Resource temporarily unavailable)
warning  libmamba Cannot lock '/home/r.dinnage/.cache/mamba/proc'
    Waiting for other mamba process to finish
[collector wcpu1] --once drained 0 checkpoint(s); exiting.
[collector wcpu1] --once drained 0 checkpoint(s); exiting.
[collector wcpu1] --once drained 0 checkpoint(s); exiting.
[collector wcpu1] --once drained 0 checkpoint(s); exiting.
[collector wcpu1] --once drained 0 checkpoint(s); exiting.
[collector wcpu1] --once drained 0 checkpoint(s); exiting.
[collector wcpu1] --once drained 0 checkpoint(s); exiting.
[collector wcpu1] --once drained 0 checkpoint(s); exiting.
[collector wcpu1] --once drained 0 checkpoint(s); exiting.
[collector wcpu1] --once drained 0 checkpoint(s); exiting.
[collector wcpu1] --once drained 0 checkpoint(s); exiting.
[collector wcpu1] --once drained 0 checkpoint(s); exiting.
[collector wcpu1] --once drained 0 checkpoint(s); exiting.
error    libmamba Could not set lock (Resource temporarily unavailable)
warning  libmamba Cannot lock '/home/r.dinnage/.cache/mamba/proc'
    Waiting for other mamba process to finish
error    libmamba Could not set lock (Resource temporarily unavailable)
warning  libmamba Cannot lock '/home/r.dinnage/.cache/mamba/proc'
    Waiting for other mamba process to finish
[collector wcpu1] --once drained 0 checkpoint(s); exiting.
[collector wcpu1] --once drained 0 checkpoint(s); exiting.
[collector wcpu1] --once drained 0 checkpoint(s); exiting.
[collector wcpu1] --once drained 0 checkpoint(s); exiting.
[collector wcpu1] --once drained 0 checkpoint(s); exiting.
[collector wcpu1] --once drained 0 checkpoint(s); exiting.
[collector wcpu1] --once drained 0 checkpoint(s); exiting.
[collector wcpu1] --once drained 0 checkpoint(s); exiting.
[collector wcpu1] --once drained 0 checkpoint(s); exiting.
[collector wcpu1] --once drained 0 checkpoint(s); exiting.
[collector wcpu1] --once drained 0 checkpoint(s); exiting.
[collector wcpu1] --once drained 0 checkpoint(s); exiting.
[collector wcpu1] --once drained 0 checkpoint(s); exiting.
[collector wcpu1] --once drained 0 checkpoint(s); exiting.
[collector wcpu1] --once drained 0 checkpoint(s); exiting.
[collector wcpu1] --once drained 0 checkpoint(s); exiting.
error    libmamba Could not set lock (Resource temporarily unavailable)
warning  libmamba Cannot lock '/home/r.dinnage/.cache/mamba/proc'
    Waiting for other mamba process to finish
[collector wcpu1] --once drained 0 checkpoint(s); exiting.
[collector wcpu1] --once drained 0 checkpoint(s); exiting.
[collector wcpu1] --once drained 0 checkpoint(s); exiting.
[collector wcpu1] --once drained 0 checkpoint(s); exiting.
error    libmamba Could not set lock (Resource temporarily unavailable)
warning  libmamba Cannot lock '/home/r.dinnage/.cache/mamba/proc'
    Waiting for other mamba process to finish
[collector wcpu1] --once drained 0 checkpoint(s); exiting.
[collector wcpu1] --once drained 0 checkpoint(s); exiting.
[collector wcpu1] --once drained 0 checkpoint(s); exiting.
[collector wcpu1] --once drained 0 checkpoint(s); exiting.
error    libmamba Could not set lock (Resource temporarily unavailable)
warning  libmamba Cannot lock '/home/r.dinnage/.cache/mamba/proc'
    Waiting for other mamba process to finish
[collector wcpu1] no probe/val CSV (probe_csv=None, val_csv=None); forward/backward blocks skipped for run_id=plantclef__stable_evo__s42.
[Extractor] block_set='cpu': CPU-only block set ['block_optim', 'block_weights', 'block_trajectory', 'block_circuits'] needs no model forward — skipping probe/Hessian build (no CSV/dataloaders, lower host RAM).
[extract] step=1600 heavy=TRUE total=177.06s | block_optim=129.23 block_weights=30.92 block_trajectory=0.63 block_circuits=4.24
[collector wcpu1] cpu-pass DONE run_id=plantclef__stable_evo__s42 step=1600 blocks_ok=4 t=177.059s (all_passes_complete=False)
[extract] step=1612 SKIP heavy block block_circuits (ordinal=322 basis=step_fallback heavy_every=8)
[extract] step=1612 heavy=FALSE total=179.05s | block_optim=135.54 block_weights=32.49 block_trajectory=1.35
[collector wcpu1] cpu-pass DONE run_id=plantclef__stable_evo__s42 step=1612 blocks_ok=3 t=179.053s (all_passes_complete=False)
[collector wcpu1] --once drained 2 checkpoint(s); exiting.
[cwcpu1] drained 2 checkpoint(s); looping.
[collector wcpu1] --once drained 0 checkpoint(s); exiting.
[collector wcpu1] --once drained 0 checkpoint(s); exiting.
[collector wcpu1] --once drained 0 checkpoint(s); exiting.
[collector wcpu1] --once drained 0 checkpoint(s); exiting.
[collector wcpu1] --once drained 0 checkpoint(s); exiting.
[collector wcpu1] --once drained 0 checkpoint(s); exiting.
error    libmamba Could not set lock (Resource temporarily unavailable)
warning  libmamba Cannot lock '/home/r.dinnage/.cache/mamba/proc'
    Waiting for other mamba process to finish
[collector wcpu1] --once drained 0 checkpoint(s); exiting.
[collector wcpu1] --once drained 0 checkpoint(s); exiting.
[collector wcpu1] --once drained 0 checkpoint(s); exiting.
[collector wcpu1] --once drained 0 checkpoint(s); exiting.
[collector wcpu1] --once drained 0 checkpoint(s); exiting.
[collector wcpu1] --once drained 0 checkpoint(s); exiting.
[collector wcpu1] --once drained 0 checkpoint(s); exiting.
error    libmamba Could not set lock (Resource temporarily unavailable)
warning  libmamba Cannot lock '/home/r.dinnage/.cache/mamba/proc'
    Waiting for other mamba process to finish
[collector wcpu1] --once drained 0 checkpoint(s); exiting.
error    libmamba Could not set lock (Resource temporarily unavailable)
warning  libmamba Cannot lock '/home/r.dinnage/.cache/mamba/proc'
    Waiting for other mamba process to finish
error    libmamba Could not set lock (Resource temporarily unavailable)
warning  libmamba Cannot lock '/home/r.dinnage/.cache/mamba/proc'
    Waiting for other mamba process to finish
[collector wcpu1] --once drained 0 checkpoint(s); exiting.
[collector wcpu1] --once drained 0 checkpoint(s); exiting.
[collector wcpu1] --once drained 0 checkpoint(s); exiting.
[collector wcpu1] --once drained 0 checkpoint(s); exiting.
[collector wcpu1] --once drained 0 checkpoint(s); exiting.
[collector wcpu1] --once drained 0 checkpoint(s); exiting.
[collector wcpu1] no probe/val CSV (probe_csv=None, val_csv=None); forward/backward blocks skipped for run_id=plantclef__stable_evo__s42.
[Extractor] block_set='cpu': CPU-only block set ['block_optim', 'block_weights', 'block_trajectory', 'block_circuits'] needs no model forward — skipping probe/Hessian build (no CSV/dataloaders, lower host RAM).
[extract] step=1672 SKIP heavy block block_circuits (ordinal=334 basis=step_fallback heavy_every=8)
[extract] step=1672 heavy=FALSE total=170.55s | block_optim=125.57 block_weights=32.65 block_trajectory=0.60
[collector wcpu1] cpu-pass DONE run_id=plantclef__stable_evo__s42 step=1672 blocks_ok=3 t=170.55s (all_passes_complete=False)
[collector wcpu1] --once drained 1 checkpoint(s); exiting.
[cwcpu1] drained 1 checkpoint(s); looping.
[collector wcpu1] --once drained 0 checkpoint(s); exiting.
[collector wcpu1] --once drained 0 checkpoint(s); exiting.
[collector wcpu1] --once drained 0 checkpoint(s); exiting.
[collector wcpu1] --once drained 0 checkpoint(s); exiting.
error    libmamba Could not set lock (Resource temporarily unavailable)
warning  libmamba Cannot lock '/home/r.dinnage/.cache/mamba/proc'
    Waiting for other mamba process to finish
[collector wcpu1] --once drained 0 checkpoint(s); exiting.
error    libmamba Could not set lock (Resource temporarily unavailable)
warning  libmamba Cannot lock '/home/r.dinnage/.cache/mamba/proc'
    Waiting for other mamba process to finish
[collector wcpu1] --once drained 0 checkpoint(s); exiting.
[collector wcpu1] --once drained 0 checkpoint(s); exiting.
[collector wcpu1] --once drained 0 checkpoint(s); exiting.
[collector wcpu1] --once drained 0 checkpoint(s); exiting.
[collector wcpu1] no probe/val CSV (probe_csv=None, val_csv=None); forward/backward blocks skipped for run_id=plantclef__stable_evo__s42.
[Extractor] block_set='cpu': CPU-only block set ['block_optim', 'block_weights', 'block_trajectory', 'block_circuits'] needs no model forward — skipping probe/Hessian build (no CSV/dataloaders, lower host RAM).
[extract] step=1702 SKIP heavy block block_circuits (ordinal=340 basis=step_fallback heavy_every=8)
[extract] step=1702 heavy=FALSE total=168.53s | block_optim=125.07 block_weights=31.56 block_trajectory=0.56
[collector wcpu1] cpu-pass DONE run_id=plantclef__stable_evo__s42 step=1702 blocks_ok=3 t=168.525s (all_passes_complete=False)
[collector wcpu1] --once drained 1 checkpoint(s); exiting.
[cwcpu1] drained 1 checkpoint(s); looping.
[collector wcpu1] --once drained 0 checkpoint(s); exiting.
[collector wcpu1] --once drained 0 checkpoint(s); exiting.
[collector wcpu1] --once drained 0 checkpoint(s); exiting.
[collector wcpu1] no probe/val CSV (probe_csv=None, val_csv=None); forward/backward blocks skipped for run_id=plantclef__stable_evo__s42.
[Extractor] block_set='cpu': CPU-only block set ['block_optim', 'block_weights', 'block_trajectory', 'block_circuits'] needs no model forward — skipping probe/Hessian build (no CSV/dataloaders, lower host RAM).
[extract] step=1726 SKIP heavy block block_circuits (ordinal=345 basis=step_fallback heavy_every=8)
[extract] step=1726 heavy=FALSE total=166.83s | block_optim=126.36 block_weights=28.50 block_trajectory=0.59
[collector wcpu1] cpu-pass DONE run_id=plantclef__stable_evo__s42 step=1726 blocks_ok=3 t=166.833s (all_passes_complete=False)
[collector wcpu1] --once drained 1 checkpoint(s); exiting.
[cwcpu1] drained 1 checkpoint(s); looping.
[collector wcpu1] --once drained 0 checkpoint(s); exiting.
[collector wcpu1] --once drained 0 checkpoint(s); exiting.
[collector wcpu1] --once drained 0 checkpoint(s); exiting.
[collector wcpu1] --once drained 0 checkpoint(s); exiting.
[collector wcpu1] --once drained 0 checkpoint(s); exiting.
[collector wcpu1] --once drained 0 checkpoint(s); exiting.
[collector wcpu1] --once drained 0 checkpoint(s); exiting.
[collector wcpu1] --once drained 0 checkpoint(s); exiting.
[collector wcpu1] --once drained 0 checkpoint(s); exiting.
[collector wcpu1] --once drained 0 checkpoint(s); exiting.
[collector wcpu1] --once drained 0 checkpoint(s); exiting.
[collector wcpu1] --once drained 0 checkpoint(s); exiting.
[collector wcpu1] --once drained 0 checkpoint(s); exiting.
[collector wcpu1] --once drained 0 checkpoint(s); exiting.
[collector wcpu1] --once drained 0 checkpoint(s); exiting.
[collector wcpu1] --once drained 0 checkpoint(s); exiting.
[collector wcpu1] --once drained 0 checkpoint(s); exiting.
[collector wcpu1] --once drained 0 checkpoint(s); exiting.
[collector wcpu1] --once drained 0 checkpoint(s); exiting.
[collector wcpu1] --once drained 0 checkpoint(s); exiting.
[collector wcpu1] --once drained 0 checkpoint(s); exiting.
error    libmamba Could not set lock (Resource temporarily unavailable)
warning  libmamba Cannot lock '/home/r.dinnage/.cache/mamba/proc'
    Waiting for other mamba process to finish
[collector wcpu1] --once drained 0 checkpoint(s); exiting.
[collector wcpu1] --once drained 0 checkpoint(s); exiting.
[collector wcpu1] --once drained 0 checkpoint(s); exiting.
[collector wcpu1] --once drained 0 checkpoint(s); exiting.
[collector wcpu1] --once drained 0 checkpoint(s); exiting.
[collector wcpu1] --once drained 0 checkpoint(s); exiting.
error    libmamba Could not set lock (Resource temporarily unavailable)
warning  libmamba Cannot lock '/home/r.dinnage/.cache/mamba/proc'
    Waiting for other mamba process to finish
[collector wcpu1] --once drained 0 checkpoint(s); exiting.
error    libmamba Could not set lock (Resource temporarily unavailable)
warning  libmamba Cannot lock '/home/r.dinnage/.cache/mamba/proc'
    Waiting for other mamba process to finish
[collector wcpu1] --once drained 0 checkpoint(s); exiting.
error    libmamba Could not set lock (Resource temporarily unavailable)
warning  libmamba Cannot lock '/home/r.dinnage/.cache/mamba/proc'
    Waiting for other mamba process to finish
[collector wcpu1] --once drained 0 checkpoint(s); exiting.
[collector wcpu1] --once drained 0 checkpoint(s); exiting.
[collector wcpu1] --once drained 0 checkpoint(s); exiting.
[collector wcpu1] --once drained 0 checkpoint(s); exiting.
[collector wcpu1] --once drained 0 checkpoint(s); exiting.
[collector wcpu1] --once drained 0 checkpoint(s); exiting.
[collector wcpu1] --once drained 0 checkpoint(s); exiting.
[collector wcpu1] --once drained 0 checkpoint(s); exiting.
[collector wcpu1] --once drained 0 checkpoint(s); exiting.
[collector wcpu1] --once drained 0 checkpoint(s); exiting.
error    libmamba Could not set lock (Resource temporarily unavailable)
warning  libmamba Cannot lock '/home/r.dinnage/.cache/mamba/proc'
    Waiting for other mamba process to finish
[collector wcpu1] --once drained 0 checkpoint(s); exiting.
[collector wcpu1] no probe/val CSV (probe_csv=None, val_csv=None); forward/backward blocks skipped for run_id=plantclef__stable_evo__s42.
[Extractor] block_set='cpu': CPU-only block set ['block_optim', 'block_weights', 'block_trajectory', 'block_circuits'] needs no model forward — skipping probe/Hessian build (no CSV/dataloaders, lower host RAM).
[extract] step=1822 SKIP heavy block block_circuits (ordinal=364 basis=step_fallback heavy_every=8)
[extract] step=1822 heavy=FALSE total=167.66s | block_optim=126.82 block_weights=28.67 block_trajectory=0.59
[collector wcpu1] cpu-pass DONE run_id=plantclef__stable_evo__s42 step=1822 blocks_ok=3 t=167.66s (all_passes_complete=False)
[collector wcpu1] --once drained 1 checkpoint(s); exiting.
[cwcpu1] drained 1 checkpoint(s); looping.
[collector wcpu1] --once drained 0 checkpoint(s); exiting.
[collector wcpu1] --once drained 0 checkpoint(s); exiting.
[collector wcpu1] --once drained 0 checkpoint(s); exiting.
[collector wcpu1] --once drained 0 checkpoint(s); exiting.
[collector wcpu1] --once drained 0 checkpoint(s); exiting.
[collector wcpu1] --once drained 0 checkpoint(s); exiting.
[collector wcpu1] --once drained 0 checkpoint(s); exiting.
[collector wcpu1] --once drained 0 checkpoint(s); exiting.
[collector wcpu1] --once drained 0 checkpoint(s); exiting.
[collector wcpu1] no probe/val CSV (probe_csv=None, val_csv=None); forward/backward blocks skipped for run_id=plantclef__stable_evo__s42.
[Extractor] block_set='cpu': CPU-only block set ['block_optim', 'block_weights', 'block_trajectory', 'block_circuits'] needs no model forward — skipping probe/Hessian build (no CSV/dataloaders, lower host RAM).
[extract] step=1858 SKIP heavy block block_circuits (ordinal=371 basis=step_fallback heavy_every=8)
[extract] step=1858 heavy=FALSE total=176.82s | block_optim=131.81 block_weights=32.87 block_trajectory=0.57
[collector wcpu1] cpu-pass DONE run_id=plantclef__stable_evo__s42 step=1858 blocks_ok=3 t=176.825s (all_passes_complete=False)
[collector wcpu1] --once drained 1 checkpoint(s); exiting.
[cwcpu1] drained 1 checkpoint(s); looping.
[collector wcpu1] --once drained 0 checkpoint(s); exiting.
[collector wcpu1] --once drained 0 checkpoint(s); exiting.
[collector wcpu1] --once drained 0 checkpoint(s); exiting.
[collector wcpu1] no probe/val CSV (probe_csv=None, val_csv=None); forward/backward blocks skipped for run_id=plantclef__stable_evo__s42.
[Extractor] block_set='cpu': CPU-only block set ['block_optim', 'block_weights', 'block_trajectory', 'block_circuits'] needs no model forward — skipping probe/Hessian build (no CSV/dataloaders, lower host RAM).
[extract] step=1882 heavy=TRUE total=174.47s | block_optim=126.82 block_weights=31.56 block_trajectory=0.58 block_circuits=4.20
[collector wcpu1] cpu-pass DONE run_id=plantclef__stable_evo__s42 step=1882 blocks_ok=4 t=174.467s (all_passes_complete=False)
[collector wcpu1] --once drained 1 checkpoint(s); exiting.
[cwcpu1] drained 1 checkpoint(s); looping.
[collector wcpu1] --once drained 0 checkpoint(s); exiting.
error    libmamba Could not set lock (Resource temporarily unavailable)
warning  libmamba Cannot lock '/home/r.dinnage/.cache/mamba/proc'
    Waiting for other mamba process to finish
[collector wcpu1] --once drained 0 checkpoint(s); exiting.
error    libmamba Could not set lock (Resource temporarily unavailable)
warning  libmamba Cannot lock '/home/r.dinnage/.cache/mamba/proc'
    Waiting for other mamba process to finish
[collector wcpu1] --once drained 0 checkpoint(s); exiting.
error    libmamba Could not set lock (Resource temporarily unavailable)
warning  libmamba Cannot lock '/home/r.dinnage/.cache/mamba/proc'
    Waiting for other mamba process to finish
[collector wcpu1] --once drained 0 checkpoint(s); exiting.
[collector wcpu1] --once drained 0 checkpoint(s); exiting.
[collector wcpu1] --once drained 0 checkpoint(s); exiting.
[collector wcpu1] --once drained 0 checkpoint(s); exiting.
[collector wcpu1] --once drained 0 checkpoint(s); exiting.
[collector wcpu1] --once drained 0 checkpoint(s); exiting.
[collector wcpu1] --once drained 0 checkpoint(s); exiting.
[collector wcpu1] --once drained 0 checkpoint(s); exiting.
[collector wcpu1] no probe/val CSV (probe_csv=None, val_csv=None); forward/backward blocks skipped for run_id=plantclef__stable_evo__s42.
[Extractor] block_set='cpu': CPU-only block set ['block_optim', 'block_weights', 'block_trajectory', 'block_circuits'] needs no model forward — skipping probe/Hessian build (no CSV/dataloaders, lower host RAM).
[extract] step=1918 SKIP heavy block block_circuits (ordinal=383 basis=step_fallback heavy_every=8)
[extract] step=1918 heavy=FALSE total=176.03s | block_optim=130.95 block_weights=33.36 block_trajectory=0.59
[collector wcpu1] cpu-pass DONE run_id=plantclef__stable_evo__s42 step=1918 blocks_ok=3 t=176.034s (all_passes_complete=False)
[collector wcpu1] --once drained 1 checkpoint(s); exiting.
[cwcpu1] drained 1 checkpoint(s); looping.
[collector wcpu1] --once drained 0 checkpoint(s); exiting.
[collector wcpu1] --once drained 0 checkpoint(s); exiting.
[collector wcpu1] --once drained 0 checkpoint(s); exiting.
[collector wcpu1] no probe/val CSV (probe_csv=None, val_csv=None); forward/backward blocks skipped for run_id=plantclef__stable_evo__s42.
[Extractor] block_set='cpu': CPU-only block set ['block_optim', 'block_weights', 'block_trajectory', 'block_circuits'] needs no model forward — skipping probe/Hessian build (no CSV/dataloaders, lower host RAM).
[extract] step=1942 SKIP heavy block block_circuits (ordinal=388 basis=step_fallback heavy_every=8)
[extract] step=1942 heavy=FALSE total=172.29s | block_optim=128.08 block_weights=32.32 block_trajectory=0.62
[collector wcpu1] cpu-pass DONE run_id=plantclef__stable_evo__s42 step=1942 blocks_ok=3 t=172.287s (all_passes_complete=False)
[collector wcpu1] --once drained 1 checkpoint(s); exiting.
[cwcpu1] drained 1 checkpoint(s); looping.
[collector wcpu1] --once drained 0 checkpoint(s); exiting.
[collector wcpu1] --once drained 0 checkpoint(s); exiting.
[collector wcpu1] --once drained 0 checkpoint(s); exiting.
[collector wcpu1] --once drained 0 checkpoint(s); exiting.
[collector wcpu1] --once drained 0 checkpoint(s); exiting.
[collector wcpu1] no probe/val CSV (probe_csv=None, val_csv=None); forward/backward blocks skipped for run_id=plantclef__stable_evo__s42.
[Extractor] block_set='cpu': CPU-only block set ['block_optim', 'block_weights', 'block_trajectory', 'block_circuits'] needs no model forward — skipping probe/Hessian build (no CSV/dataloaders, lower host RAM).
[extract] step=1968 SKIP heavy block block_circuits (ordinal=393 basis=step_fallback heavy_every=8)
[extract] step=1968 heavy=FALSE total=169.06s | block_optim=126.31 block_weights=31.96 block_trajectory=0.61
[collector wcpu1] cpu-pass DONE run_id=plantclef__stable_evo__s42 step=1968 blocks_ok=3 t=169.058s (all_passes_complete=False)
[collector wcpu1] --once drained 1 checkpoint(s); exiting.
[cwcpu1] drained 1 checkpoint(s); looping.
[collector wcpu1] --once drained 0 checkpoint(s); exiting.
error    libmamba Could not set lock (Resource temporarily unavailable)
warning  libmamba Cannot lock '/home/r.dinnage/.cache/mamba/proc'
    Waiting for other mamba process to finish
[collector wcpu1] --once drained 0 checkpoint(s); exiting.
error    libmamba Could not set lock (Resource temporarily unavailable)
warning  libmamba Cannot lock '/home/r.dinnage/.cache/mamba/proc'
    Waiting for other mamba process to finish
[collector wcpu1] --once drained 0 checkpoint(s); exiting.
error    libmamba Could not set lock (Resource temporarily unavailable)
warning  libmamba Cannot lock '/home/r.dinnage/.cache/mamba/proc'
    Waiting for other mamba process to finish
[collector wcpu1] no probe/val CSV (probe_csv=None, val_csv=None); forward/backward blocks skipped for run_id=plantclef__stable_evo__s42.
[Extractor] block_set='cpu': CPU-only block set ['block_optim', 'block_weights', 'block_trajectory', 'block_circuits'] needs no model forward — skipping probe/Hessian build (no CSV/dataloaders, lower host RAM).
[extract] step=1992 SKIP heavy block block_circuits (ordinal=398 basis=step_fallback heavy_every=8)
[extract] step=1992 heavy=FALSE total=171.46s | block_optim=126.05 block_weights=33.32 block_trajectory=0.56
[collector wcpu1] cpu-pass DONE run_id=plantclef__stable_evo__s42 step=1992 blocks_ok=3 t=171.46s (all_passes_complete=False)
[collector wcpu1] --once drained 1 checkpoint(s); exiting.
error    libmamba Could not set lock (Resource temporarily unavailable)
warning  libmamba Cannot lock '/home/r.dinnage/.cache/mamba/proc'
    Waiting for other mamba process to finish
[cwcpu1] drained 1 checkpoint(s); looping.
[collector wcpu1] no probe/val CSV (probe_csv=None, val_csv=None); forward/backward blocks skipped for run_id=plantclef__stable_evo__s42.
[Extractor] block_set='cpu': CPU-only block set ['block_optim', 'block_weights', 'block_trajectory', 'block_circuits'] needs no model forward — skipping probe/Hessian build (no CSV/dataloaders, lower host RAM).
[extract] step=2004 heavy=TRUE total=172.63s | block_optim=126.27 block_weights=30.21 block_trajectory=0.54 block_circuits=4.17
[collector wcpu1] cpu-pass DONE run_id=plantclef__stable_evo__s42 step=2004 blocks_ok=4 t=172.63s (all_passes_complete=False)
[collector wcpu1] --once drained 1 checkpoint(s); exiting.
error    libmamba Could not set lock (Resource temporarily unavailable)
warning  libmamba Cannot lock '/home/r.dinnage/.cache/mamba/proc'
    Waiting for other mamba process to finish
[cwcpu1] drained 1 checkpoint(s); looping.
[collector wcpu1] --once drained 0 checkpoint(s); exiting.
[collector wcpu1] --once drained 0 checkpoint(s); exiting.
[collector wcpu1] --once drained 0 checkpoint(s); exiting.
[collector wcpu1] no probe/val CSV (probe_csv=None, val_csv=None); forward/backward blocks skipped for run_id=plantclef__stable_evo__s42.
[Extractor] block_set='cpu': CPU-only block set ['block_optim', 'block_weights', 'block_trajectory', 'block_circuits'] needs no model forward — skipping probe/Hessian build (no CSV/dataloaders, lower host RAM).
[extract] step=2028 SKIP heavy block block_circuits (ordinal=405 basis=step_fallback heavy_every=8)
[extract] step=2028 heavy=FALSE total=173.08s | block_optim=127.69 block_weights=33.57 block_trajectory=0.57
[collector wcpu1] cpu-pass DONE run_id=plantclef__stable_evo__s42 step=2028 blocks_ok=3 t=173.076s (all_passes_complete=False)
[collector wcpu1] --once drained 1 checkpoint(s); exiting.
[cwcpu1] drained 1 checkpoint(s); looping.
[collector wcpu1] --once drained 0 checkpoint(s); exiting.
[collector wcpu1] --once drained 0 checkpoint(s); exiting.
error    libmamba Could not set lock (Resource temporarily unavailable)
warning  libmamba Cannot lock '/home/r.dinnage/.cache/mamba/proc'
    Waiting for other mamba process to finish
[collector wcpu1] --once drained 0 checkpoint(s); exiting.
[collector wcpu1] --once drained 0 checkpoint(s); exiting.
[collector wcpu1] no probe/val CSV (probe_csv=None, val_csv=None); forward/backward blocks skipped for run_id=plantclef__stable_evo__s42.
[Extractor] block_set='cpu': CPU-only block set ['block_optim', 'block_weights', 'block_trajectory', 'block_circuits'] needs no model forward — skipping probe/Hessian build (no CSV/dataloaders, lower host RAM).
[extract] step=2052 SKIP heavy block block_circuits (ordinal=410 basis=step_fallback heavy_every=8)
[extract] step=2052 heavy=FALSE total=170.85s | block_optim=127.08 block_weights=32.33 block_trajectory=0.99
[collector wcpu1] cpu-pass DONE run_id=plantclef__stable_evo__s42 step=2052 blocks_ok=3 t=170.849s (all_passes_complete=False)
[collector wcpu1] --once drained 1 checkpoint(s); exiting.
[cwcpu1] drained 1 checkpoint(s); looping.
[collector wcpu1] --once drained 0 checkpoint(s); exiting.
[collector wcpu1] --once drained 0 checkpoint(s); exiting.
[collector wcpu1] --once drained 0 checkpoint(s); exiting.
[collector wcpu1] --once drained 0 checkpoint(s); exiting.
[collector wcpu1] --once drained 0 checkpoint(s); exiting.
[collector wcpu1] --once drained 0 checkpoint(s); exiting.
[collector wcpu1] --once drained 0 checkpoint(s); exiting.
[collector wcpu1] --once drained 0 checkpoint(s); exiting.
[collector wcpu1] no probe/val CSV (probe_csv=None, val_csv=None); forward/backward blocks skipped for run_id=plantclef__stable_evo__s42.
[Extractor] block_set='cpu': CPU-only block set ['block_optim', 'block_weights', 'block_trajectory', 'block_circuits'] needs no model forward — skipping probe/Hessian build (no CSV/dataloaders, lower host RAM).
[extract] step=2088 SKIP heavy block block_circuits (ordinal=417 basis=step_fallback heavy_every=8)
[extract] step=2088 heavy=FALSE total=171.12s | block_optim=127.03 block_weights=32.11 block_trajectory=0.59
[collector wcpu1] cpu-pass DONE run_id=plantclef__stable_evo__s42 step=2088 blocks_ok=3 t=171.116s (all_passes_complete=False)
[collector wcpu1] --once drained 1 checkpoint(s); exiting.
[cwcpu1] drained 1 checkpoint(s); looping.
[collector wcpu1] --once drained 0 checkpoint(s); exiting.
[collector wcpu1] --once drained 0 checkpoint(s); exiting.
warning  libmamba failed to open /home/r.dinnage/.cache/mamba/proc/3094631.json
[collector wcpu1] --once drained 0 checkpoint(s); exiting.
[collector wcpu1] --once drained 0 checkpoint(s); exiting.
[collector wcpu1] --once drained 0 checkpoint(s); exiting.
[collector wcpu1] --once drained 0 checkpoint(s); exiting.
[collector wcpu1] --once drained 0 checkpoint(s); exiting.
error    libmamba Could not set lock (Resource temporarily unavailable)
warning  libmamba Cannot lock '/home/r.dinnage/.cache/mamba/proc'
    Waiting for other mamba process to finish
[collector wcpu1] --once drained 0 checkpoint(s); exiting.
[collector wcpu1] --once drained 0 checkpoint(s); exiting.
[collector wcpu1] --once drained 0 checkpoint(s); exiting.
[collector wcpu1] --once drained 0 checkpoint(s); exiting.
[collector wcpu1] --once drained 0 checkpoint(s); exiting.
[collector wcpu1] --once drained 0 checkpoint(s); exiting.
[collector wcpu1] --once drained 0 checkpoint(s); exiting.
[collector wcpu1] --once drained 0 checkpoint(s); exiting.
[collector wcpu1] --once drained 0 checkpoint(s); exiting.
[collector wcpu1] --once drained 0 checkpoint(s); exiting.
error    libmamba Could not set lock (Resource temporarily unavailable)
warning  libmamba Cannot lock '/home/r.dinnage/.cache/mamba/proc'
    Waiting for other mamba process to finish
[collector wcpu1] no probe/val CSV (probe_csv=None, val_csv=None); forward/backward blocks skipped for run_id=plantclef__stable_evo__s42.
[Extractor] block_set='cpu': CPU-only block set ['block_optim', 'block_weights', 'block_trajectory', 'block_circuits'] needs no model forward — skipping probe/Hessian build (no CSV/dataloaders, lower host RAM).
[extract] step=2136 SKIP heavy block block_circuits (ordinal=427 basis=step_fallback heavy_every=8)
[extract] step=2136 heavy=FALSE total=174.76s | block_optim=130.80 block_weights=32.09 block_trajectory=0.58
[collector wcpu1] cpu-pass DONE run_id=plantclef__stable_evo__s42 step=2136 blocks_ok=3 t=174.757s (all_passes_complete=False)
[collector wcpu1] --once drained 1 checkpoint(s); exiting.
error    libmamba Could not set lock (Resource temporarily unavailable)
warning  libmamba Cannot lock '/home/r.dinnage/.cache/mamba/proc'
    Waiting for other mamba process to finish
[cwcpu1] drained 1 checkpoint(s); looping.
[collector wcpu1] --once drained 0 checkpoint(s); exiting.
error    libmamba Could not set lock (Resource temporarily unavailable)
warning  libmamba Cannot lock '/home/r.dinnage/.cache/mamba/proc'
    Waiting for other mamba process to finish
[collector wcpu1] --once drained 0 checkpoint(s); exiting.
[collector wcpu1] --once drained 0 checkpoint(s); exiting.
error    libmamba Could not set lock (Resource temporarily unavailable)
warning  libmamba Cannot lock '/home/r.dinnage/.cache/mamba/proc'
    Waiting for other mamba process to finish
[collector wcpu1] no probe/val CSV (probe_csv=None, val_csv=None); forward/backward blocks skipped for run_id=plantclef__stable_evo__s42.
[Extractor] block_set='cpu': CPU-only block set ['block_optim', 'block_weights', 'block_trajectory', 'block_circuits'] needs no model forward — skipping probe/Hessian build (no CSV/dataloaders, lower host RAM).
[extract] step=2160 heavy=TRUE total=178.94s | block_optim=129.61 block_weights=32.91 block_trajectory=0.58 block_circuits=4.40
[collector wcpu1] cpu-pass DONE run_id=plantclef__stable_evo__s42 step=2160 blocks_ok=4 t=178.943s (all_passes_complete=False)
[collector wcpu1] --once drained 1 checkpoint(s); exiting.
[cwcpu1] drained 1 checkpoint(s); looping.
[collector wcpu1] --once drained 0 checkpoint(s); exiting.
[collector wcpu1] --once drained 0 checkpoint(s); exiting.
error    libmamba Could not set lock (Resource temporarily unavailable)
warning  libmamba Cannot lock '/home/r.dinnage/.cache/mamba/proc'
    Waiting for other mamba process to finish
[collector wcpu1] --once drained 0 checkpoint(s); exiting.
[collector wcpu1] --once drained 0 checkpoint(s); exiting.
[collector wcpu1] --once drained 0 checkpoint(s); exiting.
[collector wcpu1] --once drained 0 checkpoint(s); exiting.
error    libmamba Could not set lock (Resource temporarily unavailable)
warning  libmamba Cannot lock '/home/r.dinnage/.cache/mamba/proc'
    Waiting for other mamba process to finish
[collector wcpu1] --once drained 0 checkpoint(s); exiting.
[collector wcpu1] --once drained 0 checkpoint(s); exiting.
[collector wcpu1] --once drained 0 checkpoint(s); exiting.
[collector wcpu1] --once drained 0 checkpoint(s); exiting.
[collector wcpu1] --once drained 0 checkpoint(s); exiting.
[collector wcpu1] --once drained 0 checkpoint(s); exiting.
[collector wcpu1] --once drained 0 checkpoint(s); exiting.
[collector wcpu1] --once drained 0 checkpoint(s); exiting.
[collector wcpu1] --once drained 0 checkpoint(s); exiting.
[collector wcpu1] --once drained 0 checkpoint(s); exiting.
[collector wcpu1] --once drained 0 checkpoint(s); exiting.
[collector wcpu1] --once drained 0 checkpoint(s); exiting.
[collector wcpu1] --once drained 0 checkpoint(s); exiting.
error    libmamba Could not set lock (Resource temporarily unavailable)
warning  libmamba Cannot lock '/home/r.dinnage/.cache/mamba/proc'
    Waiting for other mamba process to finish
[collector wcpu1] --once drained 0 checkpoint(s); exiting.
[collector wcpu1] --once drained 0 checkpoint(s); exiting.
[collector wcpu1] --once drained 0 checkpoint(s); exiting.
error    libmamba Could not set lock (Resource temporarily unavailable)
warning  libmamba Cannot lock '/home/r.dinnage/.cache/mamba/proc'
    Waiting for other mamba process to finish
[collector wcpu1] --once drained 0 checkpoint(s); exiting.
error    libmamba Could not set lock (Resource temporarily unavailable)
warning  libmamba Cannot lock '/home/r.dinnage/.cache/mamba/proc'
    Waiting for other mamba process to finish
[collector wcpu1] --once drained 0 checkpoint(s); exiting.
[collector wcpu1] --once drained 0 checkpoint(s); exiting.
[collector wcpu1] --once drained 0 checkpoint(s); exiting.
error    libmamba Could not set lock (Resource temporarily unavailable)
warning  libmamba Cannot lock '/home/r.dinnage/.cache/mamba/proc'
    Waiting for other mamba process to finish
[collector wcpu1] --once drained 0 checkpoint(s); exiting.
[collector wcpu1] --once drained 0 checkpoint(s); exiting.
[collector wcpu1] --once drained 0 checkpoint(s); exiting.
[collector wcpu1] --once drained 0 checkpoint(s); exiting.
[collector wcpu1] --once drained 0 checkpoint(s); exiting.
[collector wcpu1] --once drained 0 checkpoint(s); exiting.
[collector wcpu1] --once drained 0 checkpoint(s); exiting.
[collector wcpu1] --once drained 0 checkpoint(s); exiting.
[collector wcpu1] --once drained 0 checkpoint(s); exiting.
error    libmamba Could not set lock (Resource temporarily unavailable)
warning  libmamba Cannot lock '/home/r.dinnage/.cache/mamba/proc'
    Waiting for other mamba process to finish
[collector wcpu1] no probe/val CSV (probe_csv=None, val_csv=None); forward/backward blocks skipped for run_id=plantclef__stable_evo__s42.
[Extractor] block_set='cpu': CPU-only block set ['block_optim', 'block_weights', 'block_trajectory', 'block_circuits'] needs no model forward — skipping probe/Hessian build (no CSV/dataloaders, lower host RAM).
[extract] step=2246 SKIP heavy block block_circuits (ordinal=449 basis=step_fallback heavy_every=8)
[extract] step=2246 heavy=FALSE total=176.69s | block_optim=131.38 block_weights=33.50 block_trajectory=0.53
[collector wcpu1] cpu-pass DONE run_id=plantclef__stable_evo__s42 step=2246 blocks_ok=3 t=176.693s (all_passes_complete=False)
[collector wcpu1] --once drained 1 checkpoint(s); exiting.
[cwcpu1] drained 1 checkpoint(s); looping.
[collector wcpu1] --once drained 0 checkpoint(s); exiting.
[collector wcpu1] --once drained 0 checkpoint(s); exiting.
error    libmamba Could not set lock (Resource temporarily unavailable)
warning  libmamba Cannot lock '/home/r.dinnage/.cache/mamba/proc'
    Waiting for other mamba process to finish
[collector wcpu1] --once drained 0 checkpoint(s); exiting.
error    libmamba Could not set lock (Resource temporarily unavailable)
warning  libmamba Cannot lock '/home/r.dinnage/.cache/mamba/proc'
    Waiting for other mamba process to finish
[collector wcpu1] no probe/val CSV (probe_csv=None, val_csv=None); forward/backward blocks skipped for run_id=plantclef__stable_evo__s42.
[Extractor] block_set='cpu': CPU-only block set ['block_optim', 'block_weights', 'block_trajectory', 'block_circuits'] needs no model forward — skipping probe/Hessian build (no CSV/dataloaders, lower host RAM).
[extract] step=2270 SKIP heavy block block_circuits (ordinal=454 basis=step_fallback heavy_every=8)
[extract] step=2270 heavy=FALSE total=175.19s | block_optim=129.52 block_weights=33.72 block_trajectory=0.57
[collector wcpu1] cpu-pass DONE run_id=plantclef__stable_evo__s42 step=2270 blocks_ok=3 t=175.188s (all_passes_complete=False)
[collector wcpu1] --once drained 1 checkpoint(s); exiting.
[cwcpu1] drained 1 checkpoint(s); looping.
error    libmamba Could not set lock (Resource temporarily unavailable)
warning  libmamba Cannot lock '/home/r.dinnage/.cache/mamba/proc'
    Waiting for other mamba process to finish
[collector wcpu1] --once drained 0 checkpoint(s); exiting.
[collector wcpu1] --once drained 0 checkpoint(s); exiting.
[collector wcpu1] --once drained 0 checkpoint(s); exiting.
[collector wcpu1] --once drained 0 checkpoint(s); exiting.
error    libmamba Could not set lock (Resource temporarily unavailable)
warning  libmamba Cannot lock '/home/r.dinnage/.cache/mamba/proc'
    Waiting for other mamba process to finish
[collector wcpu1] --once drained 0 checkpoint(s); exiting.
error    libmamba Could not set lock (Resource temporarily unavailable)
warning  libmamba Cannot lock '/home/r.dinnage/.cache/mamba/proc'
    Waiting for other mamba process to finish
[collector wcpu1] --once drained 0 checkpoint(s); exiting.
error    libmamba Could not set lock (Resource temporarily unavailable)
warning  libmamba Cannot lock '/home/r.dinnage/.cache/mamba/proc'
    Waiting for other mamba process to finish
[collector wcpu1] --once drained 0 checkpoint(s); exiting.
error    libmamba Could not set lock (Resource temporarily unavailable)
warning  libmamba Cannot lock '/home/r.dinnage/.cache/mamba/proc'
    Waiting for other mamba process to finish
[collector wcpu1] --once drained 0 checkpoint(s); exiting.
[collector wcpu1] --once drained 0 checkpoint(s); exiting.
error    libmamba Could not set lock (Resource temporarily unavailable)
warning  libmamba Cannot lock '/home/r.dinnage/.cache/mamba/proc'
    Waiting for other mamba process to finish
[collector wcpu1] --once drained 0 checkpoint(s); exiting.
[collector wcpu1] --once drained 0 checkpoint(s); exiting.
[collector wcpu1] --once drained 0 checkpoint(s); exiting.
[collector wcpu1] --once drained 0 checkpoint(s); exiting.
[collector wcpu1] --once drained 0 checkpoint(s); exiting.
[collector wcpu1] --once drained 0 checkpoint(s); exiting.
[collector wcpu1] --once drained 0 checkpoint(s); exiting.
[collector wcpu1] --once drained 0 checkpoint(s); exiting.
[collector wcpu1] --once drained 0 checkpoint(s); exiting.
[collector wcpu1] --once drained 0 checkpoint(s); exiting.
[collector wcpu1] --once drained 0 checkpoint(s); exiting.
[collector wcpu1] --once drained 0 checkpoint(s); exiting.
[collector wcpu1] --once drained 0 checkpoint(s); exiting.
[collector wcpu1] --once drained 0 checkpoint(s); exiting.
error    libmamba Could not set lock (Resource temporarily unavailable)
warning  libmamba Cannot lock '/home/r.dinnage/.cache/mamba/proc'
    Waiting for other mamba process to finish
[collector wcpu1] --once drained 0 checkpoint(s); exiting.
[collector wcpu1] --once drained 0 checkpoint(s); exiting.
[collector wcpu1] --once drained 0 checkpoint(s); exiting.
[collector wcpu1] --once drained 0 checkpoint(s); exiting.
[collector wcpu1] --once drained 0 checkpoint(s); exiting.
[collector wcpu1] no probe/val CSV (probe_csv=None, val_csv=None); forward/backward blocks skipped for run_id=plantclef__stable_evo__s42.
[Extractor] block_set='cpu': CPU-only block set ['block_optim', 'block_weights', 'block_trajectory', 'block_circuits'] needs no model forward — skipping probe/Hessian build (no CSV/dataloaders, lower host RAM).
[extract] step=2342 SKIP heavy block block_circuits (ordinal=468 basis=step_fallback heavy_every=8)
[extract] step=2342 heavy=FALSE total=168.07s | block_optim=125.42 block_weights=30.93 block_trajectory=0.58
[collector wcpu1] cpu-pass DONE run_id=plantclef__stable_evo__s42 step=2342 blocks_ok=3 t=168.071s (all_passes_complete=False)
[collector wcpu1] --once drained 1 checkpoint(s); exiting.
[cwcpu1] drained 1 checkpoint(s); looping.
[collector wcpu1] --once drained 0 checkpoint(s); exiting.
[collector wcpu1] --once drained 0 checkpoint(s); exiting.
[collector wcpu1] --once drained 0 checkpoint(s); exiting.
[collector wcpu1] --once drained 0 checkpoint(s); exiting.
[collector wcpu1] --once drained 0 checkpoint(s); exiting.
[collector wcpu1] --once drained 0 checkpoint(s); exiting.
[collector wcpu1] --once drained 0 checkpoint(s); exiting.
[collector wcpu1] --once drained 0 checkpoint(s); exiting.
[collector wcpu1] --once drained 0 checkpoint(s); exiting.
[collector wcpu1] no probe/val CSV (probe_csv=None, val_csv=None); forward/backward blocks skipped for run_id=plantclef__stable_evo__s42.
[Extractor] block_set='cpu': CPU-only block set ['block_optim', 'block_weights', 'block_trajectory', 'block_circuits'] needs no model forward — skipping probe/Hessian build (no CSV/dataloaders, lower host RAM).
[extract] step=2378 SKIP heavy block block_circuits (ordinal=475 basis=step_fallback heavy_every=8)
[extract] step=2378 heavy=FALSE total=170.93s | block_optim=127.70 block_weights=31.50 block_trajectory=0.56
[collector wcpu1] cpu-pass DONE run_id=plantclef__stable_evo__s42 step=2378 blocks_ok=3 t=170.932s (all_passes_complete=False)
[collector wcpu1] --once drained 1 checkpoint(s); exiting.
[cwcpu1] drained 1 checkpoint(s); looping.
[collector wcpu1] --once drained 0 checkpoint(s); exiting.
[collector wcpu1] --once drained 0 checkpoint(s); exiting.
[collector wcpu1] --once drained 0 checkpoint(s); exiting.
[collector wcpu1] --once drained 0 checkpoint(s); exiting.
[collector wcpu1] --once drained 0 checkpoint(s); exiting.
[collector wcpu1] --once drained 0 checkpoint(s); exiting.
[collector wcpu1] --once drained 0 checkpoint(s); exiting.
[collector wcpu1] --once drained 0 checkpoint(s); exiting.
[collector wcpu1] --once drained 0 checkpoint(s); exiting.
[collector wcpu1] --once drained 0 checkpoint(s); exiting.
[collector wcpu1] --once drained 0 checkpoint(s); exiting.
error    libmamba Could not set lock (Resource temporarily unavailable)
warning  libmamba Cannot lock '/home/r.dinnage/.cache/mamba/proc'
    Waiting for other mamba process to finish
[collector wcpu1] no probe/val CSV (probe_csv=None, val_csv=None); forward/backward blocks skipped for run_id=plantclef__stable_evo__s42.
[Extractor] block_set='cpu': CPU-only block set ['block_optim', 'block_weights', 'block_trajectory', 'block_circuits'] needs no model forward — skipping probe/Hessian build (no CSV/dataloaders, lower host RAM).
[extract] step=2414 SKIP heavy block block_circuits (ordinal=482 basis=step_fallback heavy_every=8)
[extract] step=2414 heavy=FALSE total=174.95s | block_optim=130.17 block_weights=32.78 block_trajectory=0.57
[collector wcpu1] cpu-pass DONE run_id=plantclef__stable_evo__s42 step=2414 blocks_ok=3 t=174.953s (all_passes_complete=False)
[collector wcpu1] --once drained 1 checkpoint(s); exiting.
[cwcpu1] drained 1 checkpoint(s); looping.
[collector wcpu1] --once drained 0 checkpoint(s); exiting.
[collector wcpu1] --once drained 0 checkpoint(s); exiting.
[collector wcpu1] --once drained 0 checkpoint(s); exiting.
error    libmamba Could not set lock (Resource temporarily unavailable)
warning  libmamba Cannot lock '/home/r.dinnage/.cache/mamba/proc'
    Waiting for other mamba process to finish
[collector wcpu1] --once drained 0 checkpoint(s); exiting.
[collector wcpu1] --once drained 0 checkpoint(s); exiting.
[collector wcpu1] --once drained 0 checkpoint(s); exiting.
[collector wcpu1] --once drained 0 checkpoint(s); exiting.
[collector wcpu1] --once drained 0 checkpoint(s); exiting.
[collector wcpu1] --once drained 0 checkpoint(s); exiting.
[collector wcpu1] --once drained 0 checkpoint(s); exiting.
[collector wcpu1] --once drained 0 checkpoint(s); exiting.
[collector wcpu1] --once drained 0 checkpoint(s); exiting.
[collector wcpu1] --once drained 0 checkpoint(s); exiting.
[collector wcpu1] --once drained 0 checkpoint(s); exiting.
[collector wcpu1] --once drained 0 checkpoint(s); exiting.
[collector wcpu1] --once drained 0 checkpoint(s); exiting.
[collector wcpu1] --once drained 0 checkpoint(s); exiting.
[collector wcpu1] --once drained 0 checkpoint(s); exiting.
[collector wcpu1] --once drained 0 checkpoint(s); exiting.
[collector wcpu1] --once drained 0 checkpoint(s); exiting.
[collector wcpu1] no probe/val CSV (probe_csv=None, val_csv=None); forward/backward blocks skipped for run_id=plantclef__stable_evo__s42.
[Extractor] block_set='cpu': CPU-only block set ['block_optim', 'block_weights', 'block_trajectory', 'block_circuits'] needs no model forward — skipping probe/Hessian build (no CSV/dataloaders, lower host RAM).
[extract] step=2474 SKIP heavy block block_circuits (ordinal=494 basis=step_fallback heavy_every=8)
[extract] step=2474 heavy=FALSE total=173.94s | block_optim=129.59 block_weights=32.10 block_trajectory=0.58
[collector wcpu1] cpu-pass DONE run_id=plantclef__stable_evo__s42 step=2474 blocks_ok=3 t=173.936s (all_passes_complete=False)
[collector wcpu1] --once drained 1 checkpoint(s); exiting.
[cwcpu1] drained 1 checkpoint(s); looping.
[collector wcpu1] --once drained 0 checkpoint(s); exiting.
[collector wcpu1] --once drained 0 checkpoint(s); exiting.
[collector wcpu1] --once drained 0 checkpoint(s); exiting.
[collector wcpu1] --once drained 0 checkpoint(s); exiting.
[collector wcpu1] --once drained 0 checkpoint(s); exiting.
[collector wcpu1] --once drained 0 checkpoint(s); exiting.
[collector wcpu1] --once drained 0 checkpoint(s); exiting.
[collector wcpu1] --once drained 0 checkpoint(s); exiting.
[collector wcpu1] --once drained 0 checkpoint(s); exiting.
[collector wcpu1] --once drained 0 checkpoint(s); exiting.
error    libmamba Could not set lock (Resource temporarily unavailable)
warning  libmamba Cannot lock '/home/r.dinnage/.cache/mamba/proc'
    Waiting for other mamba process to finish
[collector wcpu1] --once drained 0 checkpoint(s); exiting.
error    libmamba Could not set lock (Resource temporarily unavailable)
warning  libmamba Cannot lock '/home/r.dinnage/.cache/mamba/proc'
    Waiting for other mamba process to finish
[collector wcpu1] --once drained 0 checkpoint(s); exiting.
[collector wcpu1] --once drained 0 checkpoint(s); exiting.
[collector wcpu1] --once drained 0 checkpoint(s); exiting.
[collector wcpu1] --once drained 0 checkpoint(s); exiting.
[collector wcpu1] --once drained 0 checkpoint(s); exiting.
[collector wcpu1] --once drained 0 checkpoint(s); exiting.
[collector wcpu1] --once drained 0 checkpoint(s); exiting.
[collector wcpu1] --once drained 0 checkpoint(s); exiting.
error    libmamba Could not set lock (Resource temporarily unavailable)
warning  libmamba Cannot lock '/home/r.dinnage/.cache/mamba/proc'
    Waiting for other mamba process to finish
[collector wcpu1] --once drained 0 checkpoint(s); exiting.
[collector wcpu1] --once drained 0 checkpoint(s); exiting.
[collector wcpu1] --once drained 0 checkpoint(s); exiting.
[collector wcpu1] --once drained 0 checkpoint(s); exiting.
[collector wcpu1] --once drained 0 checkpoint(s); exiting.
[collector wcpu1] no probe/val CSV (probe_csv=None, val_csv=None); forward/backward blocks skipped for run_id=plantclef__stable_evo__s42.
[Extractor] block_set='cpu': CPU-only block set ['block_optim', 'block_weights', 'block_trajectory', 'block_circuits'] needs no model forward — skipping probe/Hessian build (no CSV/dataloaders, lower host RAM).
[extract] step=2536 SKIP heavy block block_circuits (ordinal=507 basis=step_fallback heavy_every=8)
[extract] step=2536 heavy=FALSE total=174.43s | block_optim=130.40 block_weights=32.77 block_trajectory=0.61
[collector wcpu1] cpu-pass DONE run_id=plantclef__stable_evo__s42 step=2536 blocks_ok=3 t=174.426s (all_passes_complete=False)
[collector wcpu1] --once drained 1 checkpoint(s); exiting.
error    libmamba Could not set lock (Resource temporarily unavailable)
warning  libmamba Cannot lock '/home/r.dinnage/.cache/mamba/proc'
    Waiting for other mamba process to finish
[cwcpu1] drained 1 checkpoint(s); looping.
[collector wcpu1] --once drained 0 checkpoint(s); exiting.
error    libmamba Could not set lock (Resource temporarily unavailable)
warning  libmamba Cannot lock '/home/r.dinnage/.cache/mamba/proc'
    Waiting for other mamba process to finish
[collector wcpu1] --once drained 0 checkpoint(s); exiting.
[collector wcpu1] --once drained 0 checkpoint(s); exiting.
[collector wcpu1] --once drained 0 checkpoint(s); exiting.
[collector wcpu1] --once drained 0 checkpoint(s); exiting.
error    libmamba Could not set lock (Resource temporarily unavailable)
warning  libmamba Cannot lock '/home/r.dinnage/.cache/mamba/proc'
    Waiting for other mamba process to finish
[collector wcpu1] --once drained 0 checkpoint(s); exiting.
[collector wcpu1] --once drained 0 checkpoint(s); exiting.
[collector wcpu1] --once drained 0 checkpoint(s); exiting.
[collector wcpu1] --once drained 0 checkpoint(s); exiting.
[collector wcpu1] --once drained 0 checkpoint(s); exiting.
[collector wcpu1] --once drained 0 checkpoint(s); exiting.
[collector wcpu1] --once drained 0 checkpoint(s); exiting.
[collector wcpu1] --once drained 0 checkpoint(s); exiting.
[collector wcpu1] --once drained 0 checkpoint(s); exiting.
[collector wcpu1] no probe/val CSV (probe_csv=None, val_csv=None); forward/backward blocks skipped for run_id=plantclef__stable_evo__s42.
[Extractor] block_set='cpu': CPU-only block set ['block_optim', 'block_weights', 'block_trajectory', 'block_circuits'] needs no model forward — skipping probe/Hessian build (no CSV/dataloaders, lower host RAM).
[extract] step=2584 SKIP heavy block block_circuits (ordinal=516 basis=step_fallback heavy_every=8)
[extract] step=2584 heavy=FALSE total=174.05s | block_optim=129.27 block_weights=32.10 block_trajectory=0.59
[collector wcpu1] cpu-pass DONE run_id=plantclef__stable_evo__s42 step=2584 blocks_ok=3 t=174.047s (all_passes_complete=False)
[collector wcpu1] --once drained 1 checkpoint(s); exiting.
[cwcpu1] drained 1 checkpoint(s); looping.
[collector wcpu1] --once drained 0 checkpoint(s); exiting.
[collector wcpu1] --once drained 0 checkpoint(s); exiting.
[collector wcpu1] --once drained 0 checkpoint(s); exiting.
[collector wcpu1] --once drained 0 checkpoint(s); exiting.
[collector wcpu1] --once drained 0 checkpoint(s); exiting.
[collector wcpu1] --once drained 0 checkpoint(s); exiting.
error    libmamba Could not set lock (Resource temporarily unavailable)
warning  libmamba Cannot lock '/home/r.dinnage/.cache/mamba/proc'
    Waiting for other mamba process to finish
[collector wcpu1] --once drained 0 checkpoint(s); exiting.
[collector wcpu1] --once drained 0 checkpoint(s); exiting.
error    libmamba Could not set lock (Resource temporarily unavailable)
warning  libmamba Cannot lock '/home/r.dinnage/.cache/mamba/proc'
    Waiting for other mamba process to finish
[collector wcpu1] --once drained 0 checkpoint(s); exiting.
[collector wcpu1] --once drained 0 checkpoint(s); exiting.
[collector wcpu1] --once drained 0 checkpoint(s); exiting.
[collector wcpu1] --once drained 0 checkpoint(s); exiting.
[collector wcpu1] --once drained 0 checkpoint(s); exiting.
[collector wcpu1] --once drained 0 checkpoint(s); exiting.
[collector wcpu1] --once drained 0 checkpoint(s); exiting.
[collector wcpu1] --once drained 0 checkpoint(s); exiting.
[collector wcpu1] --once drained 0 checkpoint(s); exiting.
[collector wcpu1] --once drained 0 checkpoint(s); exiting.
[collector wcpu1] --once drained 0 checkpoint(s); exiting.
[collector wcpu1] --once drained 0 checkpoint(s); exiting.
[collector wcpu1] --once drained 0 checkpoint(s); exiting.
[collector wcpu1] --once drained 0 checkpoint(s); exiting.
[collector wcpu1] --once drained 0 checkpoint(s); exiting.
[collector wcpu1] --once drained 0 checkpoint(s); exiting.
[collector wcpu1] --once drained 0 checkpoint(s); exiting.
[collector wcpu1] --once drained 0 checkpoint(s); exiting.
[collector wcpu1] --once drained 0 checkpoint(s); exiting.
[collector wcpu1] --once drained 0 checkpoint(s); exiting.
[collector wcpu1] no probe/val CSV (probe_csv=None, val_csv=None); forward/backward blocks skipped for run_id=plantclef__stable_evo__s42.
[Extractor] block_set='cpu': CPU-only block set ['block_optim', 'block_weights', 'block_trajectory', 'block_circuits'] needs no model forward — skipping probe/Hessian build (no CSV/dataloaders, lower host RAM).
[extract] step=2656 SKIP heavy block block_circuits (ordinal=531 basis=step_fallback heavy_every=8)
[extract] step=2656 heavy=FALSE total=171.93s | block_optim=125.51 block_weights=32.79 block_trajectory=0.57
[collector wcpu1] cpu-pass DONE run_id=plantclef__stable_evo__s42 step=2656 blocks_ok=3 t=171.929s (all_passes_complete=False)
[collector wcpu1] --once drained 1 checkpoint(s); exiting.
[cwcpu1] drained 1 checkpoint(s); looping.
[collector wcpu1] --once drained 0 checkpoint(s); exiting.
[collector wcpu1] --once drained 0 checkpoint(s); exiting.
[collector wcpu1] --once drained 0 checkpoint(s); exiting.
[collector wcpu1] --once drained 0 checkpoint(s); exiting.
[collector wcpu1] --once drained 0 checkpoint(s); exiting.
[collector wcpu1] --once drained 0 checkpoint(s); exiting.
[collector wcpu1] --once drained 0 checkpoint(s); exiting.
[collector wcpu1] --once drained 0 checkpoint(s); exiting.
[collector wcpu1] --once drained 0 checkpoint(s); exiting.
[collector wcpu1] --once drained 0 checkpoint(s); exiting.
[collector wcpu1] --once drained 0 checkpoint(s); exiting.
[collector wcpu1] --once drained 0 checkpoint(s); exiting.
error    libmamba Could not set lock (Resource temporarily unavailable)
warning  libmamba Cannot lock '/home/r.dinnage/.cache/mamba/proc'
    Waiting for other mamba process to finish
[collector wcpu1] --once drained 0 checkpoint(s); exiting.
[collector wcpu1] --once drained 0 checkpoint(s); exiting.
error    libmamba Could not set lock (Resource temporarily unavailable)
warning  libmamba Cannot lock '/home/r.dinnage/.cache/mamba/proc'
    Waiting for other mamba process to finish
[collector wcpu1] --once drained 0 checkpoint(s); exiting.
error    libmamba Could not set lock (Resource temporarily unavailable)
warning  libmamba Cannot lock '/home/r.dinnage/.cache/mamba/proc'
    Waiting for other mamba process to finish
[collector wcpu1] --once drained 0 checkpoint(s); exiting.
[collector wcpu1] --once drained 0 checkpoint(s); exiting.
[collector wcpu1] --once drained 0 checkpoint(s); exiting.
[collector wcpu1] --once drained 0 checkpoint(s); exiting.
[collector wcpu1] --once drained 0 checkpoint(s); exiting.
[collector wcpu1] --once drained 0 checkpoint(s); exiting.
[collector wcpu1] --once drained 0 checkpoint(s); exiting.
[collector wcpu1] --once drained 0 checkpoint(s); exiting.
[collector wcpu1] --once drained 0 checkpoint(s); exiting.
[collector wcpu1] --once drained 0 checkpoint(s); exiting.
[collector wcpu1] --once drained 0 checkpoint(s); exiting.
[collector wcpu1] --once drained 0 checkpoint(s); exiting.
[collector wcpu1] --once drained 0 checkpoint(s); exiting.
[collector wcpu1] no probe/val CSV (probe_csv=None, val_csv=None); forward/backward blocks skipped for run_id=plantclef__stable_evo__s42.
[Extractor] block_set='cpu': CPU-only block set ['block_optim', 'block_weights', 'block_trajectory', 'block_circuits'] needs no model forward — skipping probe/Hessian build (no CSV/dataloaders, lower host RAM).
[extract] step=2728 SKIP heavy block block_circuits (ordinal=545 basis=step_fallback heavy_every=8)
[extract] step=2728 heavy=FALSE total=170.74s | block_optim=125.91 block_weights=32.61 block_trajectory=0.59
[collector wcpu1] cpu-pass DONE run_id=plantclef__stable_evo__s42 step=2728 blocks_ok=3 t=170.741s (all_passes_complete=False)
[collector wcpu1] --once drained 1 checkpoint(s); exiting.
[cwcpu1] drained 1 checkpoint(s); looping.
[collector wcpu1] --once drained 0 checkpoint(s); exiting.
[collector wcpu1] --once drained 0 checkpoint(s); exiting.
[collector wcpu1] --once drained 0 checkpoint(s); exiting.
[collector wcpu1] no probe/val CSV (probe_csv=None, val_csv=None); forward/backward blocks skipped for run_id=plantclef__stable_evo__s42.
[Extractor] block_set='cpu': CPU-only block set ['block_optim', 'block_weights', 'block_trajectory', 'block_circuits'] needs no model forward — skipping probe/Hessian build (no CSV/dataloaders, lower host RAM).
[extract] step=2752 SKIP heavy block block_circuits (ordinal=550 basis=step_fallback heavy_every=8)
[extract] step=2752 heavy=FALSE total=168.67s | block_optim=124.44 block_weights=32.30 block_trajectory=0.55
[collector wcpu1] cpu-pass DONE run_id=plantclef__stable_evo__s42 step=2752 blocks_ok=3 t=168.673s (all_passes_complete=False)
[collector wcpu1] --once drained 1 checkpoint(s); exiting.
[cwcpu1] drained 1 checkpoint(s); looping.
[collector wcpu1] --once drained 0 checkpoint(s); exiting.
error    libmamba Could not set lock (Resource temporarily unavailable)
warning  libmamba Cannot lock '/home/r.dinnage/.cache/mamba/proc'
    Waiting for other mamba process to finish
[collector wcpu1] --once drained 0 checkpoint(s); exiting.
[collector wcpu1] --once drained 0 checkpoint(s); exiting.
error    libmamba Could not set lock (Resource temporarily unavailable)
warning  libmamba Cannot lock '/home/r.dinnage/.cache/mamba/proc'
    Waiting for other mamba process to finish
[collector wcpu1] --once drained 0 checkpoint(s); exiting.
[collector wcpu1] --once drained 0 checkpoint(s); exiting.
[collector wcpu1] --once drained 0 checkpoint(s); exiting.
[collector wcpu1] --once drained 0 checkpoint(s); exiting.
[collector wcpu1] --once drained 0 checkpoint(s); exiting.
[collector wcpu1] --once drained 0 checkpoint(s); exiting.
[collector wcpu1] no probe/val CSV (probe_csv=None, val_csv=None); forward/backward blocks skipped for run_id=plantclef__stable_evo__s42.
[Extractor] block_set='cpu': CPU-only block set ['block_optim', 'block_weights', 'block_trajectory', 'block_circuits'] needs no model forward — skipping probe/Hessian build (no CSV/dataloaders, lower host RAM).
[extract] step=2788 SKIP heavy block block_circuits (ordinal=557 basis=step_fallback heavy_every=8)
[extract] step=2788 heavy=FALSE total=170.71s | block_optim=126.49 block_weights=32.14 block_trajectory=0.70
[collector wcpu1] cpu-pass DONE run_id=plantclef__stable_evo__s42 step=2788 blocks_ok=3 t=170.707s (all_passes_complete=False)
[collector wcpu1] --once drained 1 checkpoint(s); exiting.
[cwcpu1] drained 1 checkpoint(s); looping.
[collector wcpu1] --once drained 0 checkpoint(s); exiting.
[collector wcpu1] --once drained 0 checkpoint(s); exiting.
[collector wcpu1] --once drained 0 checkpoint(s); exiting.
[collector wcpu1] --once drained 0 checkpoint(s); exiting.
[collector wcpu1] --once drained 0 checkpoint(s); exiting.
[collector wcpu1] --once drained 0 checkpoint(s); exiting.
[collector wcpu1] --once drained 0 checkpoint(s); exiting.
[collector wcpu1] --once drained 0 checkpoint(s); exiting.
[collector wcpu1] --once drained 0 checkpoint(s); exiting.
error    libmamba Could not set lock (Resource temporarily unavailable)
warning  libmamba Cannot lock '/home/r.dinnage/.cache/mamba/proc'
    Waiting for other mamba process to finish
[collector wcpu1] --once drained 0 checkpoint(s); exiting.
[collector wcpu1] --once drained 0 checkpoint(s); exiting.
[collector wcpu1] --once drained 0 checkpoint(s); exiting.
error    libmamba Could not set lock (Resource temporarily unavailable)
warning  libmamba Cannot lock '/home/r.dinnage/.cache/mamba/proc'
    Waiting for other mamba process to finish
[collector wcpu1] --once drained 0 checkpoint(s); exiting.
error    libmamba Could not set lock (Resource temporarily unavailable)
warning  libmamba Cannot lock '/home/r.dinnage/.cache/mamba/proc'
    Waiting for other mamba process to finish
[collector wcpu1] --once drained 0 checkpoint(s); exiting.
error    libmamba Could not set lock (Resource temporarily unavailable)
warning  libmamba Cannot lock '/home/r.dinnage/.cache/mamba/proc'
    Waiting for other mamba process to finish
[collector wcpu1] --once drained 0 checkpoint(s); exiting.
[collector wcpu1] --once drained 0 checkpoint(s); exiting.
[collector wcpu1] --once drained 0 checkpoint(s); exiting.
[collector wcpu1] --once drained 0 checkpoint(s); exiting.
[collector wcpu1] --once drained 0 checkpoint(s); exiting.
[collector wcpu1] --once drained 0 checkpoint(s); exiting.
[collector wcpu1] --once drained 0 checkpoint(s); exiting.
error    libmamba Could not set lock (Resource temporarily unavailable)
warning  libmamba Cannot lock '/home/r.dinnage/.cache/mamba/proc'
    Waiting for other mamba process to finish
[collector wcpu1] --once drained 0 checkpoint(s); exiting.
[collector wcpu1] --once drained 0 checkpoint(s); exiting.
[collector wcpu1] --once drained 0 checkpoint(s); exiting.
[collector wcpu1] no probe/val CSV (probe_csv=None, val_csv=None); forward/backward blocks skipped for run_id=plantclef__stable_evo__s42.
[Extractor] block_set='cpu': CPU-only block set ['block_optim', 'block_weights', 'block_trajectory', 'block_circuits'] needs no model forward — skipping probe/Hessian build (no CSV/dataloaders, lower host RAM).
/blue/guralnick/share/r.dinnage/Projects/phenovision/xAI/py/extractor/block_optim.py:258: RuntimeWarning: overflow encountered in cast
  scalars = np.array([lam_max, lam_floor, trace, sum_log, pr, eff_rank, cond, aniso,
[extract] step=2850 SKIP heavy block block_circuits (ordinal=570 basis=step_fallback heavy_every=8)
[extract] step=2850 heavy=FALSE total=175.82s | block_optim=129.59 block_weights=33.62 block_trajectory=0.67
[collector wcpu1] cpu-pass DONE run_id=plantclef__stable_evo__s42 step=2850 blocks_ok=3 t=175.817s (all_passes_complete=False)
[collector wcpu1] --once drained 1 checkpoint(s); exiting.
[cwcpu1] drained 1 checkpoint(s); looping.
[collector wcpu1] --once drained 0 checkpoint(s); exiting.
[collector wcpu1] --once drained 0 checkpoint(s); exiting.
[collector wcpu1] --once drained 0 checkpoint(s); exiting.
[collector wcpu1] --once drained 0 checkpoint(s); exiting.
[collector wcpu1] --once drained 0 checkpoint(s); exiting.
error    libmamba Could not set lock (Resource temporarily unavailable)
warning  libmamba Cannot lock '/home/r.dinnage/.cache/mamba/proc'
    Waiting for other mamba process to finish
[collector wcpu1] --once drained 0 checkpoint(s); exiting.
error    libmamba Could not set lock (Resource temporarily unavailable)
warning  libmamba Cannot lock '/home/r.dinnage/.cache/mamba/proc'
    Waiting for other mamba process to finish
[collector wcpu1] --once drained 0 checkpoint(s); exiting.
[collector wcpu1] --once drained 0 checkpoint(s); exiting.
[collector wcpu1] --once drained 0 checkpoint(s); exiting.
[collector wcpu1] --once drained 0 checkpoint(s); exiting.
[collector wcpu1] --once drained 0 checkpoint(s); exiting.
[collector wcpu1] --once drained 0 checkpoint(s); exiting.
[collector wcpu1] --once drained 0 checkpoint(s); exiting.
[collector wcpu1] --once drained 0 checkpoint(s); exiting.
[collector wcpu1] --once drained 0 checkpoint(s); exiting.
[collector wcpu1] --once drained 0 checkpoint(s); exiting.
[collector wcpu1] --once drained 0 checkpoint(s); exiting.
[collector wcpu1] --once drained 0 checkpoint(s); exiting.
[collector wcpu1] --once drained 0 checkpoint(s); exiting.
[collector wcpu1] --once drained 0 checkpoint(s); exiting.
[collector wcpu1] --once drained 0 checkpoint(s); exiting.
[collector wcpu1] --once drained 0 checkpoint(s); exiting.
[collector wcpu1] no probe/val CSV (probe_csv=None, val_csv=None); forward/backward blocks skipped for run_id=plantclef__stable_evo__s42.
[Extractor] block_set='cpu': CPU-only block set ['block_optim', 'block_weights', 'block_trajectory', 'block_circuits'] needs no model forward — skipping probe/Hessian build (no CSV/dataloaders, lower host RAM).
/blue/guralnick/share/r.dinnage/Projects/phenovision/xAI/py/extractor/block_optim.py:258: RuntimeWarning: overflow encountered in cast
  scalars = np.array([lam_max, lam_floor, trace, sum_log, pr, eff_rank, cond, aniso,
[extract] step=2910 SKIP heavy block block_circuits (ordinal=582 basis=step_fallback heavy_every=8)
[extract] step=2910 heavy=FALSE total=174.01s | block_optim=127.90 block_weights=34.02 block_trajectory=0.51
[collector wcpu1] cpu-pass DONE run_id=plantclef__stable_evo__s42 step=2910 blocks_ok=3 t=174.009s (all_passes_complete=False)
[collector wcpu1] --once drained 1 checkpoint(s); exiting.
[cwcpu1] drained 1 checkpoint(s); looping.
[collector wcpu1] --once drained 0 checkpoint(s); exiting.
[collector wcpu1] --once drained 0 checkpoint(s); exiting.
[collector wcpu1] --once drained 0 checkpoint(s); exiting.
[collector wcpu1] --once drained 0 checkpoint(s); exiting.
[collector wcpu1] --once drained 0 checkpoint(s); exiting.
[collector wcpu1] --once drained 0 checkpoint(s); exiting.
[collector wcpu1] --once drained 0 checkpoint(s); exiting.
[collector wcpu1] --once drained 0 checkpoint(s); exiting.
[collector wcpu1] --once drained 0 checkpoint(s); exiting.
[collector wcpu1] --once drained 0 checkpoint(s); exiting.
[collector wcpu1] --once drained 0 checkpoint(s); exiting.
[collector wcpu1] --once drained 0 checkpoint(s); exiting.
[collector wcpu1] --once drained 0 checkpoint(s); exiting.
[collector wcpu1] --once drained 0 checkpoint(s); exiting.
[collector wcpu1] --once drained 0 checkpoint(s); exiting.
[collector wcpu1] --once drained 0 checkpoint(s); exiting.
[collector wcpu1] --once drained 0 checkpoint(s); exiting.
[collector wcpu1] --once drained 0 checkpoint(s); exiting.
[collector wcpu1] --once drained 0 checkpoint(s); exiting.
error    libmamba Could not set lock (Resource temporarily unavailable)
warning  libmamba Cannot lock '/home/r.dinnage/.cache/mamba/proc'
    Waiting for other mamba process to finish
[collector wcpu1] --once drained 0 checkpoint(s); exiting.
error    libmamba Could not set lock (Resource temporarily unavailable)
warning  libmamba Cannot lock '/home/r.dinnage/.cache/mamba/proc'
    Waiting for other mamba process to finish
[collector wcpu1] no probe/val CSV (probe_csv=None, val_csv=None); forward/backward blocks skipped for run_id=plantclef__stable_evo__s42.
[Extractor] block_set='cpu': CPU-only block set ['block_optim', 'block_weights', 'block_trajectory', 'block_circuits'] needs no model forward — skipping probe/Hessian build (no CSV/dataloaders, lower host RAM).
/blue/guralnick/share/r.dinnage/Projects/phenovision/xAI/py/extractor/block_optim.py:258: RuntimeWarning: overflow encountered in cast
  scalars = np.array([lam_max, lam_floor, trace, sum_log, pr, eff_rank, cond, aniso,
[extract] step=2970 SKIP heavy block block_circuits (ordinal=594 basis=step_fallback heavy_every=8)
[extract] step=2970 heavy=FALSE total=177.36s | block_optim=131.81 block_weights=33.30 block_trajectory=0.74
[collector wcpu1] cpu-pass DONE run_id=plantclef__stable_evo__s42 step=2970 blocks_ok=3 t=177.364s (all_passes_complete=False)
[collector wcpu1] --once drained 1 checkpoint(s); exiting.
[cwcpu1] drained 1 checkpoint(s); looping.
[collector wcpu1] --once drained 0 checkpoint(s); exiting.
[collector wcpu1] --once drained 0 checkpoint(s); exiting.
[collector wcpu1] --once drained 0 checkpoint(s); exiting.
[collector wcpu1] no probe/val CSV (probe_csv=None, val_csv=None); forward/backward blocks skipped for run_id=plantclef__stable_evo__s42.
[Extractor] block_set='cpu': CPU-only block set ['block_optim', 'block_weights', 'block_trajectory', 'block_circuits'] needs no model forward — skipping probe/Hessian build (no CSV/dataloaders, lower host RAM).
/blue/guralnick/share/r.dinnage/Projects/phenovision/xAI/py/extractor/block_optim.py:258: RuntimeWarning: overflow encountered in cast
  scalars = np.array([lam_max, lam_floor, trace, sum_log, pr, eff_rank, cond, aniso,
[extract] step=2994 SKIP heavy block block_circuits (ordinal=598 basis=step_fallback heavy_every=8)
[extract] step=2994 heavy=FALSE total=177.90s | block_optim=134.52 block_weights=31.24 block_trajectory=0.71
[collector wcpu1] cpu-pass DONE run_id=plantclef__stable_evo__s42 step=2994 blocks_ok=3 t=177.902s (all_passes_complete=False)
[collector wcpu1] --once drained 1 checkpoint(s); exiting.
[cwcpu1] drained 1 checkpoint(s); looping.
[collector wcpu1] --once drained 0 checkpoint(s); exiting.
[collector wcpu1] --once drained 0 checkpoint(s); exiting.
[collector wcpu1] --once drained 0 checkpoint(s); exiting.
[collector wcpu1] --once drained 0 checkpoint(s); exiting.
error    libmamba Could not set lock (Resource temporarily unavailable)
warning  libmamba Cannot lock '/home/r.dinnage/.cache/mamba/proc'
    Waiting for other mamba process to finish
[collector wcpu1] --once drained 0 checkpoint(s); exiting.
[collector wcpu1] no probe/val CSV (probe_csv=None, val_csv=None); forward/backward blocks skipped for run_id=plantclef__stable_evo__s42.
[Extractor] block_set='cpu': CPU-only block set ['block_optim', 'block_weights', 'block_trajectory', 'block_circuits'] needs no model forward — skipping probe/Hessian build (no CSV/dataloaders, lower host RAM).
/blue/guralnick/share/r.dinnage/Projects/phenovision/xAI/py/extractor/block_optim.py:258: RuntimeWarning: overflow encountered in cast
  scalars = np.array([lam_max, lam_floor, trace, sum_log, pr, eff_rank, cond, aniso,
[extract] step=3018 SKIP heavy block block_circuits (ordinal=603 basis=step_fallback heavy_every=8)
[extract] step=3018 heavy=FALSE total=172.49s | block_optim=130.10 block_weights=30.54 block_trajectory=0.58
[collector wcpu1] cpu-pass DONE run_id=plantclef__stable_evo__s42 step=3018 blocks_ok=3 t=172.491s (all_passes_complete=False)
[collector wcpu1] --once drained 1 checkpoint(s); exiting.
[cwcpu1] drained 1 checkpoint(s); looping.
[collector wcpu1] --once drained 0 checkpoint(s); exiting.
[collector wcpu1] --once drained 0 checkpoint(s); exiting.
[collector wcpu1] --once drained 0 checkpoint(s); exiting.
[collector wcpu1] --once drained 0 checkpoint(s); exiting.
[collector wcpu1] --once drained 0 checkpoint(s); exiting.
[collector wcpu1] --once drained 0 checkpoint(s); exiting.
[collector wcpu1] --once drained 0 checkpoint(s); exiting.
[collector wcpu1] --once drained 0 checkpoint(s); exiting.
[collector wcpu1] --once drained 0 checkpoint(s); exiting.
[collector wcpu1] --once drained 0 checkpoint(s); exiting.
[collector wcpu1] --once drained 0 checkpoint(s); exiting.
error    libmamba Could not set lock (Resource temporarily unavailable)
warning  libmamba Cannot lock '/home/r.dinnage/.cache/mamba/proc'
    Waiting for other mamba process to finish
[collector wcpu1] --once drained 0 checkpoint(s); exiting.
[collector wcpu1] --once drained 0 checkpoint(s); exiting.
[collector wcpu1] --once drained 0 checkpoint(s); exiting.
[collector wcpu1] --once drained 0 checkpoint(s); exiting.
[collector wcpu1] --once drained 0 checkpoint(s); exiting.
[collector wcpu1] no probe/val CSV (probe_csv=None, val_csv=None); forward/backward blocks skipped for run_id=plantclef__stable_evo__s42.
[Extractor] block_set='cpu': CPU-only block set ['block_optim', 'block_weights', 'block_trajectory', 'block_circuits'] needs no model forward — skipping probe/Hessian build (no CSV/dataloaders, lower host RAM).
/blue/guralnick/share/r.dinnage/Projects/phenovision/xAI/py/extractor/block_optim.py:258: RuntimeWarning: overflow encountered in cast
  scalars = np.array([lam_max, lam_floor, trace, sum_log, pr, eff_rank, cond, aniso,
[extract] step=3068 SKIP heavy block block_circuits (ordinal=613 basis=step_fallback heavy_every=8)
[extract] step=3068 heavy=FALSE total=174.88s | block_optim=131.89 block_weights=31.79 block_trajectory=0.52
[collector wcpu1] cpu-pass DONE run_id=plantclef__stable_evo__s42 step=3068 blocks_ok=3 t=174.884s (all_passes_complete=False)
[collector wcpu1] --once drained 1 checkpoint(s); exiting.
[cwcpu1] drained 1 checkpoint(s); looping.
[collector wcpu1] --once drained 0 checkpoint(s); exiting.
error    libmamba Could not set lock (Resource temporarily unavailable)
warning  libmamba Cannot lock '/home/r.dinnage/.cache/mamba/proc'
    Waiting for other mamba process to finish
[collector wcpu1] --once drained 0 checkpoint(s); exiting.
[collector wcpu1] --once drained 0 checkpoint(s); exiting.
[collector wcpu1] --once drained 0 checkpoint(s); exiting.
[collector wcpu1] --once drained 0 checkpoint(s); exiting.
[collector wcpu1] --once drained 0 checkpoint(s); exiting.
error    libmamba Could not set lock (Resource temporarily unavailable)
warning  libmamba Cannot lock '/home/r.dinnage/.cache/mamba/proc'
    Waiting for other mamba process to finish
[collector wcpu1] --once drained 0 checkpoint(s); exiting.
[collector wcpu1] --once drained 0 checkpoint(s); exiting.
[collector wcpu1] --once drained 0 checkpoint(s); exiting.
error    libmamba Could not set lock (Resource temporarily unavailable)
warning  libmamba Cannot lock '/home/r.dinnage/.cache/mamba/proc'
    Waiting for other mamba process to finish
[collector wcpu1] --once drained 0 checkpoint(s); exiting.
[collector wcpu1] --once drained 0 checkpoint(s); exiting.
error    libmamba Could not set lock (Resource temporarily unavailable)
warning  libmamba Cannot lock '/home/r.dinnage/.cache/mamba/proc'
    Waiting for other mamba process to finish
[collector wcpu1] --once drained 0 checkpoint(s); exiting.
error    libmamba Could not set lock (Resource temporarily unavailable)
warning  libmamba Cannot lock '/home/r.dinnage/.cache/mamba/proc'
    Waiting for other mamba process to finish
[collector wcpu1] --once drained 0 checkpoint(s); exiting.
error    libmamba Could not set lock (Resource temporarily unavailable)
warning  libmamba Cannot lock '/home/r.dinnage/.cache/mamba/proc'
    Waiting for other mamba process to finish
[collector wcpu1] --once drained 0 checkpoint(s); exiting.
error    libmamba Could not set lock (Resource temporarily unavailable)
warning  libmamba Cannot lock '/home/r.dinnage/.cache/mamba/proc'
    Waiting for other mamba process to finish
[collector wcpu1] --once drained 0 checkpoint(s); exiting.
error    libmamba Could not set lock (Resource temporarily unavailable)
warning  libmamba Cannot lock '/home/r.dinnage/.cache/mamba/proc'
    Waiting for other mamba process to finish
[collector wcpu1] --once drained 0 checkpoint(s); exiting.
error    libmamba Could not set lock (Resource temporarily unavailable)
warning  libmamba Cannot lock '/home/r.dinnage/.cache/mamba/proc'
    Waiting for other mamba process to finish
[collector wcpu1] --once drained 0 checkpoint(s); exiting.
error    libmamba Could not set lock (Resource temporarily unavailable)
warning  libmamba Cannot lock '/home/r.dinnage/.cache/mamba/proc'
    Waiting for other mamba process to finish
[collector wcpu1] --once drained 0 checkpoint(s); exiting.
error    libmamba Could not set lock (Resource temporarily unavailable)
warning  libmamba Cannot lock '/home/r.dinnage/.cache/mamba/proc'
    Waiting for other mamba process to finish
[collector wcpu1] --once drained 0 checkpoint(s); exiting.
[collector wcpu1] --once drained 0 checkpoint(s); exiting.
error    libmamba Could not set lock (Resource temporarily unavailable)
warning  libmamba Cannot lock '/home/r.dinnage/.cache/mamba/proc'
    Waiting for other mamba process to finish
[collector wcpu1] --once drained 0 checkpoint(s); exiting.
error    libmamba Could not set lock (Resource temporarily unavailable)
warning  libmamba Cannot lock '/home/r.dinnage/.cache/mamba/proc'
    Waiting for other mamba process to finish
[collector wcpu1] --once drained 0 checkpoint(s); exiting.
[collector wcpu1] no probe/val CSV (probe_csv=None, val_csv=None); forward/backward blocks skipped for run_id=plantclef__stable_evo__s42.
[Extractor] block_set='cpu': CPU-only block set ['block_optim', 'block_weights', 'block_trajectory', 'block_circuits'] needs no model forward — skipping probe/Hessian build (no CSV/dataloaders, lower host RAM).
/blue/guralnick/share/r.dinnage/Projects/phenovision/xAI/py/extractor/block_optim.py:258: RuntimeWarning: overflow encountered in cast
  scalars = np.array([lam_max, lam_floor, trace, sum_log, pr, eff_rank, cond, aniso,
[extract] step=3128 SKIP heavy block block_circuits (ordinal=625 basis=step_fallback heavy_every=8)
[extract] step=3128 heavy=FALSE total=185.54s | block_optim=139.16 block_weights=33.59 block_trajectory=0.67
[collector wcpu1] cpu-pass DONE run_id=plantclef__stable_evo__s42 step=3128 blocks_ok=3 t=185.54s (all_passes_complete=False)
[collector wcpu1] --once drained 1 checkpoint(s); exiting.
[cwcpu1] drained 1 checkpoint(s); looping.
[collector wcpu1] --once drained 0 checkpoint(s); exiting.
[collector wcpu1] --once drained 0 checkpoint(s); exiting.
[collector wcpu1] --once drained 0 checkpoint(s); exiting.
[collector wcpu1] --once drained 0 checkpoint(s); exiting.
[collector wcpu1] --once drained 0 checkpoint(s); exiting.
[collector wcpu1] --once drained 0 checkpoint(s); exiting.
[collector wcpu1] --once drained 0 checkpoint(s); exiting.
[collector wcpu1] --once drained 0 checkpoint(s); exiting.
[collector wcpu1] --once drained 0 checkpoint(s); exiting.
[collector wcpu1] --once drained 0 checkpoint(s); exiting.
[collector wcpu1] --once drained 0 checkpoint(s); exiting.
[collector wcpu1] --once drained 0 checkpoint(s); exiting.
[collector wcpu1] --once drained 0 checkpoint(s); exiting.
[collector wcpu1] --once drained 0 checkpoint(s); exiting.
[collector wcpu1] --once drained 0 checkpoint(s); exiting.
error    libmamba Could not set lock (Resource temporarily unavailable)
warning  libmamba Cannot lock '/home/r.dinnage/.cache/mamba/proc'
    Waiting for other mamba process to finish
[collector wcpu1] --once drained 0 checkpoint(s); exiting.
[collector wcpu1] --once drained 0 checkpoint(s); exiting.
error    libmamba Could not set lock (Resource temporarily unavailable)
warning  libmamba Cannot lock '/home/r.dinnage/.cache/mamba/proc'
    Waiting for other mamba process to finish
[collector wcpu1] --once drained 0 checkpoint(s); exiting.
[collector wcpu1] --once drained 0 checkpoint(s); exiting.
[collector wcpu1] --once drained 0 checkpoint(s); exiting.
error    libmamba Could not set lock (Resource temporarily unavailable)
warning  libmamba Cannot lock '/home/r.dinnage/.cache/mamba/proc'
    Waiting for other mamba process to finish
[collector wcpu1] --once drained 0 checkpoint(s); exiting.
[collector wcpu1] --once drained 0 checkpoint(s); exiting.
error    libmamba Could not set lock (Resource temporarily unavailable)
warning  libmamba Cannot lock '/home/r.dinnage/.cache/mamba/proc'
    Waiting for other mamba process to finish
[collector wcpu1] --once drained 0 checkpoint(s); exiting.
error    libmamba Could not set lock (Resource temporarily unavailable)
warning  libmamba Cannot lock '/home/r.dinnage/.cache/mamba/proc'
    Waiting for other mamba process to finish
[collector wcpu1] --once drained 0 checkpoint(s); exiting.
[collector wcpu1] --once drained 0 checkpoint(s); exiting.
[collector wcpu1] --once drained 0 checkpoint(s); exiting.
[collector wcpu1] --once drained 0 checkpoint(s); exiting.
[collector wcpu1] --once drained 0 checkpoint(s); exiting.
[collector wcpu1] --once drained 0 checkpoint(s); exiting.
[collector wcpu1] --once drained 0 checkpoint(s); exiting.
[collector wcpu1] --once drained 0 checkpoint(s); exiting.
[collector wcpu1] --once drained 0 checkpoint(s); exiting.
[collector wcpu1] --once drained 0 checkpoint(s); exiting.
[collector wcpu1] --once drained 0 checkpoint(s); exiting.
[collector wcpu1] --once drained 0 checkpoint(s); exiting.
[collector wcpu1] --once drained 0 checkpoint(s); exiting.
[collector wcpu1] --once drained 0 checkpoint(s); exiting.
[collector wcpu1] --once drained 0 checkpoint(s); exiting.
[collector wcpu1] --once drained 0 checkpoint(s); exiting.
[collector wcpu1] --once drained 0 checkpoint(s); exiting.
[collector wcpu1] --once drained 0 checkpoint(s); exiting.
[collector wcpu1] --once drained 0 checkpoint(s); exiting.
[collector wcpu1] --once drained 0 checkpoint(s); exiting.
error    libmamba Could not set lock (Resource temporarily unavailable)
warning  libmamba Cannot lock '/home/r.dinnage/.cache/mamba/proc'
    Waiting for other mamba process to finish
[collector wcpu1] --once drained 0 checkpoint(s); exiting.
[collector wcpu1] --once drained 0 checkpoint(s); exiting.
[collector wcpu1] --once drained 0 checkpoint(s); exiting.
[collector wcpu1] --once drained 0 checkpoint(s); exiting.
[collector wcpu1] --once drained 0 checkpoint(s); exiting.
[collector wcpu1] --once drained 0 checkpoint(s); exiting.
[collector wcpu1] --once drained 0 checkpoint(s); exiting.
[collector wcpu1] --once drained 0 checkpoint(s); exiting.
error    libmamba Could not set lock (Resource temporarily unavailable)
warning  libmamba Cannot lock '/home/r.dinnage/.cache/mamba/proc'
    Waiting for other mamba process to finish
[collector wcpu1] --once drained 0 checkpoint(s); exiting.
error    libmamba Could not set lock (Resource temporarily unavailable)
warning  libmamba Cannot lock '/home/r.dinnage/.cache/mamba/proc'
    Waiting for other mamba process to finish
[collector wcpu1] --once drained 0 checkpoint(s); exiting.
[collector wcpu1] --once drained 0 checkpoint(s); exiting.
[collector wcpu1] --once drained 0 checkpoint(s); exiting.
[collector wcpu1] --once drained 0 checkpoint(s); exiting.
[collector wcpu1] --once drained 0 checkpoint(s); exiting.
[collector wcpu1] --once drained 0 checkpoint(s); exiting.
error    libmamba Could not set lock (Resource temporarily unavailable)
warning  libmamba Cannot lock '/home/r.dinnage/.cache/mamba/proc'
    Waiting for other mamba process to finish
[collector wcpu1] --once drained 0 checkpoint(s); exiting.
[collector wcpu1] --once drained 0 checkpoint(s); exiting.
[collector wcpu1] --once drained 0 checkpoint(s); exiting.
[collector wcpu1] no probe/val CSV (probe_csv=None, val_csv=None); forward/backward blocks skipped for run_id=plantclef__stable_evo__s42.
[Extractor] block_set='cpu': CPU-only block set ['block_optim', 'block_weights', 'block_trajectory', 'block_circuits'] needs no model forward — skipping probe/Hessian build (no CSV/dataloaders, lower host RAM).
/blue/guralnick/share/r.dinnage/Projects/phenovision/xAI/py/extractor/block_optim.py:258: RuntimeWarning: overflow encountered in cast
  scalars = np.array([lam_max, lam_floor, trace, sum_log, pr, eff_rank, cond, aniso,
[extract] step=3272 SKIP heavy block block_circuits (ordinal=654 basis=step_fallback heavy_every=8)
[extract] step=3272 heavy=FALSE total=190.31s | block_optim=142.44 block_weights=34.91 block_trajectory=0.76
[collector wcpu1] cpu-pass DONE run_id=plantclef__stable_evo__s42 step=3272 blocks_ok=3 t=190.311s (all_passes_complete=False)
[collector wcpu1] --once drained 1 checkpoint(s); exiting.
[cwcpu1] drained 1 checkpoint(s); looping.
[collector wcpu1] --once drained 0 checkpoint(s); exiting.
[collector wcpu1] --once drained 0 checkpoint(s); exiting.
[collector wcpu1] --once drained 0 checkpoint(s); exiting.
[collector wcpu1] --once drained 0 checkpoint(s); exiting.
[collector wcpu1] --once drained 0 checkpoint(s); exiting.
[collector wcpu1] --once drained 0 checkpoint(s); exiting.
[collector wcpu1] --once drained 0 checkpoint(s); exiting.
[collector wcpu1] --once drained 0 checkpoint(s); exiting.
[collector wcpu1] --once drained 0 checkpoint(s); exiting.
[collector wcpu1] --once drained 0 checkpoint(s); exiting.
error    libmamba Could not set lock (Resource temporarily unavailable)
warning  libmamba Cannot lock '/home/r.dinnage/.cache/mamba/proc'
    Waiting for other mamba process to finish
[collector wcpu1] --once drained 0 checkpoint(s); exiting.
[collector wcpu1] --once drained 0 checkpoint(s); exiting.
[collector wcpu1] --once drained 0 checkpoint(s); exiting.
error    libmamba Could not set lock (Resource temporarily unavailable)
warning  libmamba Cannot lock '/home/r.dinnage/.cache/mamba/proc'
    Waiting for other mamba process to finish
[collector wcpu1] --once drained 0 checkpoint(s); exiting.
[collector wcpu1] --once drained 0 checkpoint(s); exiting.
[collector wcpu1] --once drained 0 checkpoint(s); exiting.
[collector wcpu1] --once drained 0 checkpoint(s); exiting.
error    libmamba Could not set lock (Resource temporarily unavailable)
warning  libmamba Cannot lock '/home/r.dinnage/.cache/mamba/proc'
    Waiting for other mamba process to finish
[collector wcpu1] --once drained 0 checkpoint(s); exiting.
[collector wcpu1] --once drained 0 checkpoint(s); exiting.
[collector wcpu1] --once drained 0 checkpoint(s); exiting.
[collector wcpu1] --once drained 0 checkpoint(s); exiting.
[collector wcpu1] --once drained 0 checkpoint(s); exiting.
[collector wcpu1] --once drained 0 checkpoint(s); exiting.
[collector wcpu1] --once drained 0 checkpoint(s); exiting.
[collector wcpu1] --once drained 0 checkpoint(s); exiting.
[collector wcpu1] --once drained 0 checkpoint(s); exiting.
[collector wcpu1] --once drained 0 checkpoint(s); exiting.
[collector wcpu1] no probe/val CSV (probe_csv=None, val_csv=None); forward/backward blocks skipped for run_id=plantclef__stable_evo__s42.
[Extractor] block_set='cpu': CPU-only block set ['block_optim', 'block_weights', 'block_trajectory', 'block_circuits'] needs no model forward — skipping probe/Hessian build (no CSV/dataloaders, lower host RAM).
/blue/guralnick/share/r.dinnage/Projects/phenovision/xAI/py/extractor/block_optim.py:258: RuntimeWarning: overflow encountered in cast
  scalars = np.array([lam_max, lam_floor, trace, sum_log, pr, eff_rank, cond, aniso,
[extract] step=3344 SKIP heavy block block_circuits (ordinal=668 basis=step_fallback heavy_every=8)
[extract] step=3344 heavy=FALSE total=180.16s | block_optim=133.90 block_weights=33.66 block_trajectory=0.57
[collector wcpu1] cpu-pass DONE run_id=plantclef__stable_evo__s42 step=3344 blocks_ok=3 t=180.157s (all_passes_complete=False)
[collector wcpu1] --once drained 1 checkpoint(s); exiting.
[cwcpu1] drained 1 checkpoint(s); looping.
[collector wcpu1] --once drained 0 checkpoint(s); exiting.
[collector wcpu1] --once drained 0 checkpoint(s); exiting.
[collector wcpu1] --once drained 0 checkpoint(s); exiting.
[collector wcpu1] --once drained 0 checkpoint(s); exiting.
[collector wcpu1] --once drained 0 checkpoint(s); exiting.
[collector wcpu1] --once drained 0 checkpoint(s); exiting.
[collector wcpu1] --once drained 0 checkpoint(s); exiting.
error    libmamba Could not set lock (Resource temporarily unavailable)
warning  libmamba Cannot lock '/home/r.dinnage/.cache/mamba/proc'
    Waiting for other mamba process to finish
[collector wcpu1] --once drained 0 checkpoint(s); exiting.
error    libmamba Could not set lock (Resource temporarily unavailable)
warning  libmamba Cannot lock '/home/r.dinnage/.cache/mamba/proc'
    Waiting for other mamba process to finish
[collector wcpu1] --once drained 0 checkpoint(s); exiting.
[collector wcpu1] --once drained 0 checkpoint(s); exiting.
error    libmamba Could not set lock (Resource temporarily unavailable)
warning  libmamba Cannot lock '/home/r.dinnage/.cache/mamba/proc'
    Waiting for other mamba process to finish
[collector wcpu1] --once drained 0 checkpoint(s); exiting.
[collector wcpu1] --once drained 0 checkpoint(s); exiting.
[collector wcpu1] --once drained 0 checkpoint(s); exiting.
error    libmamba Could not set lock (Resource temporarily unavailable)
warning  libmamba Cannot lock '/home/r.dinnage/.cache/mamba/proc'
    Waiting for other mamba process to finish
[collector wcpu1] --once drained 0 checkpoint(s); exiting.
[collector wcpu1] --once drained 0 checkpoint(s); exiting.
[collector wcpu1] --once drained 0 checkpoint(s); exiting.
error    libmamba Could not set lock (Resource temporarily unavailable)
warning  libmamba Cannot lock '/home/r.dinnage/.cache/mamba/proc'
    Waiting for other mamba process to finish
[collector wcpu1] --once drained 0 checkpoint(s); exiting.
[collector wcpu1] --once drained 0 checkpoint(s); exiting.
[collector wcpu1] --once drained 0 checkpoint(s); exiting.
[collector wcpu1] --once drained 0 checkpoint(s); exiting.
[collector wcpu1] --once drained 0 checkpoint(s); exiting.
error    libmamba Could not set lock (Resource temporarily unavailable)
warning  libmamba Cannot lock '/home/r.dinnage/.cache/mamba/proc'
    Waiting for other mamba process to finish
[collector wcpu1] --once drained 0 checkpoint(s); exiting.
[collector wcpu1] --once drained 0 checkpoint(s); exiting.
[collector wcpu1] --once drained 0 checkpoint(s); exiting.
error    libmamba Could not set lock (Resource temporarily unavailable)
warning  libmamba Cannot lock '/home/r.dinnage/.cache/mamba/proc'
    Waiting for other mamba process to finish
[collector wcpu1] --once drained 0 checkpoint(s); exiting.
[collector wcpu1] --once drained 0 checkpoint(s); exiting.
[collector wcpu1] --once drained 0 checkpoint(s); exiting.
[collector wcpu1] --once drained 0 checkpoint(s); exiting.
[collector wcpu1] --once drained 0 checkpoint(s); exiting.
[collector wcpu1] --once drained 0 checkpoint(s); exiting.
[collector wcpu1] --once drained 0 checkpoint(s); exiting.
error    libmamba Could not set lock (Resource temporarily unavailable)
warning  libmamba Cannot lock '/home/r.dinnage/.cache/mamba/proc'
    Waiting for other mamba process to finish
[collector wcpu1] --once drained 0 checkpoint(s); exiting.
[collector wcpu1] --once drained 0 checkpoint(s); exiting.
[collector wcpu1] --once drained 0 checkpoint(s); exiting.
[collector wcpu1] --once drained 0 checkpoint(s); exiting.
error    libmamba Could not set lock (Resource temporarily unavailable)
warning  libmamba Cannot lock '/home/r.dinnage/.cache/mamba/proc'
    Waiting for other mamba process to finish
[collector wcpu1] --once drained 0 checkpoint(s); exiting.
[collector wcpu1] --once drained 0 checkpoint(s); exiting.
[collector wcpu1] --once drained 0 checkpoint(s); exiting.
[collector wcpu1] --once drained 0 checkpoint(s); exiting.
[collector wcpu1] --once drained 0 checkpoint(s); exiting.
[collector wcpu1] no probe/val CSV (probe_csv=None, val_csv=None); forward/backward blocks skipped for run_id=plantclef__stable_evo__s42.
[Extractor] block_set='cpu': CPU-only block set ['block_optim', 'block_weights', 'block_trajectory', 'block_circuits'] needs no model forward — skipping probe/Hessian build (no CSV/dataloaders, lower host RAM).
/blue/guralnick/share/r.dinnage/Projects/phenovision/xAI/py/extractor/block_optim.py:258: RuntimeWarning: overflow encountered in cast
  scalars = np.array([lam_max, lam_floor, trace, sum_log, pr, eff_rank, cond, aniso,
[extract] step=3442 heavy=TRUE total=183.09s | block_optim=133.53 block_weights=31.00 block_trajectory=0.55 block_circuits=4.54
[collector wcpu1] cpu-pass DONE run_id=plantclef__stable_evo__s42 step=3442 blocks_ok=4 t=183.092s (all_passes_complete=False)
[collector wcpu1] --once drained 1 checkpoint(s); exiting.
[cwcpu1] drained 1 checkpoint(s); looping.
[collector wcpu1] --once drained 0 checkpoint(s); exiting.
[collector wcpu1] --once drained 0 checkpoint(s); exiting.
[collector wcpu1] --once drained 0 checkpoint(s); exiting.
[collector wcpu1] --once drained 0 checkpoint(s); exiting.
error    libmamba Could not set lock (Resource temporarily unavailable)
warning  libmamba Cannot lock '/home/r.dinnage/.cache/mamba/proc'
    Waiting for other mamba process to finish
[collector wcpu1] --once drained 0 checkpoint(s); exiting.
[collector wcpu1] --once drained 0 checkpoint(s); exiting.
[collector wcpu1] --once drained 0 checkpoint(s); exiting.
[collector wcpu1] --once drained 0 checkpoint(s); exiting.
[collector wcpu1] --once drained 0 checkpoint(s); exiting.
[collector wcpu1] --once drained 0 checkpoint(s); exiting.
[collector wcpu1] --once drained 0 checkpoint(s); exiting.
[collector wcpu1] --once drained 0 checkpoint(s); exiting.
error    libmamba Could not set lock (Resource temporarily unavailable)
warning  libmamba Cannot lock '/home/r.dinnage/.cache/mamba/proc'
    Waiting for other mamba process to finish
[collector wcpu1] --once drained 0 checkpoint(s); exiting.
[collector wcpu1] --once drained 0 checkpoint(s); exiting.
[collector wcpu1] no probe/val CSV (probe_csv=None, val_csv=None); forward/backward blocks skipped for run_id=plantclef__stable_evo__s42.
[Extractor] block_set='cpu': CPU-only block set ['block_optim', 'block_weights', 'block_trajectory', 'block_circuits'] needs no model forward — skipping probe/Hessian build (no CSV/dataloaders, lower host RAM).
/blue/guralnick/share/r.dinnage/Projects/phenovision/xAI/py/extractor/block_optim.py:258: RuntimeWarning: overflow encountered in cast
  scalars = np.array([lam_max, lam_floor, trace, sum_log, pr, eff_rank, cond, aniso,
[extract] step=3490 SKIP heavy block block_circuits (ordinal=698 basis=step_fallback heavy_every=8)
[extract] step=3490 heavy=FALSE total=185.69s | block_optim=137.91 block_weights=35.20 block_trajectory=0.72
[collector wcpu1] cpu-pass DONE run_id=plantclef__stable_evo__s42 step=3490 blocks_ok=3 t=185.691s (all_passes_complete=False)
[collector wcpu1] --once drained 1 checkpoint(s); exiting.
[cwcpu1] drained 1 checkpoint(s); looping.
[collector wcpu1] --once drained 0 checkpoint(s); exiting.
[collector wcpu1] --once drained 0 checkpoint(s); exiting.
[collector wcpu1] --once drained 0 checkpoint(s); exiting.
[collector wcpu1] --once drained 0 checkpoint(s); exiting.
error    libmamba Could not set lock (Resource temporarily unavailable)
warning  libmamba Cannot lock '/home/r.dinnage/.cache/mamba/proc'
    Waiting for other mamba process to finish
[collector wcpu1] --once drained 0 checkpoint(s); exiting.
[collector wcpu1] --once drained 0 checkpoint(s); exiting.
[collector wcpu1] --once drained 0 checkpoint(s); exiting.
[collector wcpu1] --once drained 0 checkpoint(s); exiting.
[collector wcpu1] --once drained 0 checkpoint(s); exiting.
[collector wcpu1] --once drained 0 checkpoint(s); exiting.
error    libmamba Could not set lock (Resource temporarily unavailable)
warning  libmamba Cannot lock '/home/r.dinnage/.cache/mamba/proc'
    Waiting for other mamba process to finish
[collector wcpu1] --once drained 0 checkpoint(s); exiting.
[collector wcpu1] --once drained 0 checkpoint(s); exiting.
[collector wcpu1] --once drained 0 checkpoint(s); exiting.
error    libmamba Could not set lock (Resource temporarily unavailable)
warning  libmamba Cannot lock '/home/r.dinnage/.cache/mamba/proc'
    Waiting for other mamba process to finish
[collector wcpu1] --once drained 0 checkpoint(s); exiting.
[collector wcpu1] --once drained 0 checkpoint(s); exiting.
[collector wcpu1] --once drained 0 checkpoint(s); exiting.
[collector wcpu1] no probe/val CSV (probe_csv=None, val_csv=None); forward/backward blocks skipped for run_id=plantclef__stable_evo__s42.
[Extractor] block_set='cpu': CPU-only block set ['block_optim', 'block_weights', 'block_trajectory', 'block_circuits'] needs no model forward — skipping probe/Hessian build (no CSV/dataloaders, lower host RAM).
/blue/guralnick/share/r.dinnage/Projects/phenovision/xAI/py/extractor/block_optim.py:258: RuntimeWarning: overflow encountered in cast
  scalars = np.array([lam_max, lam_floor, trace, sum_log, pr, eff_rank, cond, aniso,
[extract] step=3538 SKIP heavy block block_circuits (ordinal=707 basis=step_fallback heavy_every=8)
[extract] step=3538 heavy=FALSE total=177.99s | block_optim=133.91 block_weights=32.27 block_trajectory=0.55
[collector wcpu1] cpu-pass DONE run_id=plantclef__stable_evo__s42 step=3538 blocks_ok=3 t=177.987s (all_passes_complete=False)
[collector wcpu1] --once drained 1 checkpoint(s); exiting.
[cwcpu1] drained 1 checkpoint(s); looping.
[collector wcpu1] --once drained 0 checkpoint(s); exiting.
[collector wcpu1] --once drained 0 checkpoint(s); exiting.
error    libmamba Could not set lock (Resource temporarily unavailable)
warning  libmamba Cannot lock '/home/r.dinnage/.cache/mamba/proc'
    Waiting for other mamba process to finish
[collector wcpu1] --once drained 0 checkpoint(s); exiting.
error    libmamba Could not set lock (Resource temporarily unavailable)
warning  libmamba Cannot lock '/home/r.dinnage/.cache/mamba/proc'
    Waiting for other mamba process to finish
[collector wcpu1] no probe/val CSV (probe_csv=None, val_csv=None); forward/backward blocks skipped for run_id=plantclef__stable_evo__s42.
[Extractor] block_set='cpu': CPU-only block set ['block_optim', 'block_weights', 'block_trajectory', 'block_circuits'] needs no model forward — skipping probe/Hessian build (no CSV/dataloaders, lower host RAM).
/blue/guralnick/share/r.dinnage/Projects/phenovision/xAI/py/extractor/block_optim.py:258: RuntimeWarning: overflow encountered in cast
  scalars = np.array([lam_max, lam_floor, trace, sum_log, pr, eff_rank, cond, aniso,
[extract] step=3562 heavy=TRUE total=180.81s | block_optim=131.76 block_weights=32.63 block_trajectory=0.56 block_circuits=4.19
[collector wcpu1] cpu-pass DONE run_id=plantclef__stable_evo__s42 step=3562 blocks_ok=4 t=180.814s (all_passes_complete=False)
[collector wcpu1] --once drained 1 checkpoint(s); exiting.
[cwcpu1] drained 1 checkpoint(s); looping.
[collector wcpu1] --once drained 0 checkpoint(s); exiting.
[collector wcpu1] --once drained 0 checkpoint(s); exiting.
[collector wcpu1] --once drained 0 checkpoint(s); exiting.
[collector wcpu1] --once drained 0 checkpoint(s); exiting.
[collector wcpu1] --once drained 0 checkpoint(s); exiting.
[collector wcpu1] --once drained 0 checkpoint(s); exiting.
[collector wcpu1] --once drained 0 checkpoint(s); exiting.
error    libmamba Could not set lock (Resource temporarily unavailable)
warning  libmamba Cannot lock '/home/r.dinnage/.cache/mamba/proc'
    Waiting for other mamba process to finish
[collector wcpu1] --once drained 0 checkpoint(s); exiting.
[collector wcpu1] --once drained 0 checkpoint(s); exiting.
[collector wcpu1] --once drained 0 checkpoint(s); exiting.
error    libmamba Could not set lock (Resource temporarily unavailable)
warning  libmamba Cannot lock '/home/r.dinnage/.cache/mamba/proc'
    Waiting for other mamba process to finish
[collector wcpu1] --once drained 0 checkpoint(s); exiting.
[collector wcpu1] --once drained 0 checkpoint(s); exiting.
[collector wcpu1] --once drained 0 checkpoint(s); exiting.
[collector wcpu1] --once drained 0 checkpoint(s); exiting.
[collector wcpu1] --once drained 0 checkpoint(s); exiting.
[collector wcpu1] --once drained 0 checkpoint(s); exiting.
[collector wcpu1] --once drained 0 checkpoint(s); exiting.
[collector wcpu1] --once drained 0 checkpoint(s); exiting.
[collector wcpu1] --once drained 0 checkpoint(s); exiting.
[collector wcpu1] --once drained 0 checkpoint(s); exiting.
[collector wcpu1] --once drained 0 checkpoint(s); exiting.
[collector wcpu1] --once drained 0 checkpoint(s); exiting.
[collector wcpu1] --once drained 0 checkpoint(s); exiting.
[collector wcpu1] --once drained 0 checkpoint(s); exiting.
error    libmamba Could not set lock (Resource temporarily unavailable)
warning  libmamba Cannot lock '/home/r.dinnage/.cache/mamba/proc'
    Waiting for other mamba process to finish
[collector wcpu1] --once drained 0 checkpoint(s); exiting.
error    libmamba Could not set lock (Resource temporarily unavailable)
warning  libmamba Cannot lock '/home/r.dinnage/.cache/mamba/proc'
    Waiting for other mamba process to finish
[collector wcpu1] --once drained 0 checkpoint(s); exiting.
[collector wcpu1] --once drained 0 checkpoint(s); exiting.
error    libmamba Could not set lock (Resource temporarily unavailable)
warning  libmamba Cannot lock '/home/r.dinnage/.cache/mamba/proc'
    Waiting for other mamba process to finish
[collector wcpu1] --once drained 0 checkpoint(s); exiting.
[collector wcpu1] --once drained 0 checkpoint(s); exiting.
[collector wcpu1] --once drained 0 checkpoint(s); exiting.
[collector wcpu1] --once drained 0 checkpoint(s); exiting.
[collector wcpu1] --once drained 0 checkpoint(s); exiting.
[collector wcpu1] --once drained 0 checkpoint(s); exiting.
[collector wcpu1] --once drained 0 checkpoint(s); exiting.
[collector wcpu1] --once drained 0 checkpoint(s); exiting.
error    libmamba Could not set lock (Resource temporarily unavailable)
warning  libmamba Cannot lock '/home/r.dinnage/.cache/mamba/proc'
    Waiting for other mamba process to finish
[collector wcpu1] --once drained 0 checkpoint(s); exiting.
[collector wcpu1] --once drained 0 checkpoint(s); exiting.
[collector wcpu1] --once drained 0 checkpoint(s); exiting.
[collector wcpu1] --once drained 0 checkpoint(s); exiting.
[collector wcpu1] --once drained 0 checkpoint(s); exiting.
error    libmamba Could not set lock (Resource temporarily unavailable)
warning  libmamba Cannot lock '/home/r.dinnage/.cache/mamba/proc'
    Waiting for other mamba process to finish
[collector wcpu1] --once drained 0 checkpoint(s); exiting.
[collector wcpu1] --once drained 0 checkpoint(s); exiting.
[collector wcpu1] --once drained 0 checkpoint(s); exiting.
[collector wcpu1] --once drained 0 checkpoint(s); exiting.
[collector wcpu1] --once drained 0 checkpoint(s); exiting.
error    libmamba Could not set lock (Resource temporarily unavailable)
warning  libmamba Cannot lock '/home/r.dinnage/.cache/mamba/proc'
    Waiting for other mamba process to finish
[collector wcpu1] --once drained 0 checkpoint(s); exiting.
error    libmamba Could not set lock (Resource temporarily unavailable)
warning  libmamba Cannot lock '/home/r.dinnage/.cache/mamba/proc'
    Waiting for other mamba process to finish
[collector wcpu1] --once drained 0 checkpoint(s); exiting.
error    libmamba Could not set lock (Resource temporarily unavailable)
warning  libmamba Cannot lock '/home/r.dinnage/.cache/mamba/proc'
    Waiting for other mamba process to finish
[collector wcpu1] --once drained 0 checkpoint(s); exiting.
[collector wcpu1] --once drained 0 checkpoint(s); exiting.
[collector wcpu1] --once drained 0 checkpoint(s); exiting.
[collector wcpu1] --once drained 0 checkpoint(s); exiting.
[collector wcpu1] --once drained 0 checkpoint(s); exiting.
[collector wcpu1] --once drained 0 checkpoint(s); exiting.
[collector wcpu1] --once drained 0 checkpoint(s); exiting.
[collector wcpu1] --once drained 0 checkpoint(s); exiting.
[collector wcpu1] --once drained 0 checkpoint(s); exiting.
error    libmamba Could not set lock (Resource temporarily unavailable)
warning  libmamba Cannot lock '/home/r.dinnage/.cache/mamba/proc'
    Waiting for other mamba process to finish
[collector wcpu1] --once drained 0 checkpoint(s); exiting.
[collector wcpu1] --once drained 0 checkpoint(s); exiting.
[collector wcpu1] --once drained 0 checkpoint(s); exiting.
[collector wcpu1] --once drained 0 checkpoint(s); exiting.
[collector wcpu1] --once drained 0 checkpoint(s); exiting.
[collector wcpu1] --once drained 0 checkpoint(s); exiting.
[collector wcpu1] --once drained 0 checkpoint(s); exiting.
[collector wcpu1] --once drained 0 checkpoint(s); exiting.
[collector wcpu1] --once drained 0 checkpoint(s); exiting.
[collector wcpu1] --once drained 0 checkpoint(s); exiting.
[collector wcpu1] --once drained 0 checkpoint(s); exiting.
[collector wcpu1] --once drained 0 checkpoint(s); exiting.
error    libmamba Could not set lock (Resource temporarily unavailable)
warning  libmamba Cannot lock '/home/r.dinnage/.cache/mamba/proc'
    Waiting for other mamba process to finish
[collector wcpu1] --once drained 0 checkpoint(s); exiting.
[collector wcpu1] --once drained 0 checkpoint(s); exiting.
[collector wcpu1] --once drained 0 checkpoint(s); exiting.
[collector wcpu1] --once drained 0 checkpoint(s); exiting.
[collector wcpu1] --once drained 0 checkpoint(s); exiting.
[collector wcpu1] --once drained 0 checkpoint(s); exiting.
error    libmamba Could not set lock (Resource temporarily unavailable)
warning  libmamba Cannot lock '/home/r.dinnage/.cache/mamba/proc'
    Waiting for other mamba process to finish
[collector wcpu1] --once drained 0 checkpoint(s); exiting.
error    libmamba Could not set lock (Resource temporarily unavailable)
warning  libmamba Cannot lock '/home/r.dinnage/.cache/mamba/proc'
    Waiting for other mamba process to finish
[collector wcpu1] --once drained 0 checkpoint(s); exiting.
[collector wcpu1] --once drained 0 checkpoint(s); exiting.
[collector wcpu1] --once drained 0 checkpoint(s); exiting.
[collector wcpu1] --once drained 0 checkpoint(s); exiting.
error    libmamba Could not set lock (Resource temporarily unavailable)
warning  libmamba Cannot lock '/home/r.dinnage/.cache/mamba/proc'
    Waiting for other mamba process to finish
[collector wcpu1] --once drained 0 checkpoint(s); exiting.
[collector wcpu1] --once drained 0 checkpoint(s); exiting.
[collector wcpu1] --once drained 0 checkpoint(s); exiting.
[collector wcpu1] no probe/val CSV (probe_csv=None, val_csv=None); forward/backward blocks skipped for run_id=plantclef__stable_evo__s42.
[Extractor] block_set='cpu': CPU-only block set ['block_optim', 'block_weights', 'block_trajectory', 'block_circuits'] needs no model forward — skipping probe/Hessian build (no CSV/dataloaders, lower host RAM).
/blue/guralnick/share/r.dinnage/Projects/phenovision/xAI/py/extractor/block_optim.py:258: RuntimeWarning: overflow encountered in cast
  scalars = np.array([lam_max, lam_floor, trace, sum_log, pr, eff_rank, cond, aniso,
[extract] step=3744 SKIP heavy block block_circuits (ordinal=748 basis=step_fallback heavy_every=8)
[extract] step=3744 heavy=FALSE total=172.77s | block_optim=130.14 block_weights=30.25 block_trajectory=0.58
[collector wcpu1] cpu-pass DONE run_id=plantclef__stable_evo__s42 step=3744 blocks_ok=3 t=172.774s (all_passes_complete=False)
[collector wcpu1] --once drained 1 checkpoint(s); exiting.
error    libmamba Could not set lock (Resource temporarily unavailable)
warning  libmamba Cannot lock '/home/r.dinnage/.cache/mamba/proc'
    Waiting for other mamba process to finish
[cwcpu1] drained 1 checkpoint(s); looping.
[collector wcpu1] --once drained 0 checkpoint(s); exiting.
error    libmamba Could not set lock (Resource temporarily unavailable)
warning  libmamba Cannot lock '/home/r.dinnage/.cache/mamba/proc'
    Waiting for other mamba process to finish
[collector wcpu1] --once drained 0 checkpoint(s); exiting.
[collector wcpu1] --once drained 0 checkpoint(s); exiting.
[collector wcpu1] no probe/val CSV (probe_csv=None, val_csv=None); forward/backward blocks skipped for run_id=plantclef__stable_evo__s42.
[Extractor] block_set='cpu': CPU-only block set ['block_optim', 'block_weights', 'block_trajectory', 'block_circuits'] needs no model forward — skipping probe/Hessian build (no CSV/dataloaders, lower host RAM).
/blue/guralnick/share/r.dinnage/Projects/phenovision/xAI/py/extractor/block_optim.py:258: RuntimeWarning: overflow encountered in cast
  scalars = np.array([lam_max, lam_floor, trace, sum_log, pr, eff_rank, cond, aniso,
[extract] step=3768 SKIP heavy block block_circuits (ordinal=753 basis=step_fallback heavy_every=8)
[extract] step=3768 heavy=FALSE total=173.49s | block_optim=131.70 block_weights=29.81 block_trajectory=0.57
[collector wcpu1] cpu-pass DONE run_id=plantclef__stable_evo__s42 step=3768 blocks_ok=3 t=173.493s (all_passes_complete=False)
[collector wcpu1] --once drained 1 checkpoint(s); exiting.
[cwcpu1] drained 1 checkpoint(s); looping.
[collector wcpu1] --once drained 0 checkpoint(s); exiting.
[collector wcpu1] --once drained 0 checkpoint(s); exiting.
[collector wcpu1] --once drained 0 checkpoint(s); exiting.
error    libmamba Could not set lock (Resource temporarily unavailable)
warning  libmamba Cannot lock '/home/r.dinnage/.cache/mamba/proc'
    Waiting for other mamba process to finish
[collector wcpu1] --once drained 0 checkpoint(s); exiting.
[collector wcpu1] --once drained 0 checkpoint(s); exiting.
[collector wcpu1] --once drained 0 checkpoint(s); exiting.
[collector wcpu1] --once drained 0 checkpoint(s); exiting.
[collector wcpu1] --once drained 0 checkpoint(s); exiting.
[collector wcpu1] --once drained 0 checkpoint(s); exiting.
[collector wcpu1] --once drained 0 checkpoint(s); exiting.
[collector wcpu1] --once drained 0 checkpoint(s); exiting.
[collector wcpu1] --once drained 0 checkpoint(s); exiting.
[collector wcpu1] --once drained 0 checkpoint(s); exiting.
error    libmamba Could not set lock (Resource temporarily unavailable)
warning  libmamba Cannot lock '/home/r.dinnage/.cache/mamba/proc'
    Waiting for other mamba process to finish
[collector wcpu1] --once drained 0 checkpoint(s); exiting.
[collector wcpu1] --once drained 0 checkpoint(s); exiting.
[collector wcpu1] --once drained 0 checkpoint(s); exiting.
[collector wcpu1] --once drained 0 checkpoint(s); exiting.
[collector wcpu1] --once drained 0 checkpoint(s); exiting.
[collector wcpu1] --once drained 0 checkpoint(s); exiting.
error    libmamba Could not set lock (Resource temporarily unavailable)
warning  libmamba Cannot lock '/home/r.dinnage/.cache/mamba/proc'
    Waiting for other mamba process to finish
[collector wcpu1] --once drained 0 checkpoint(s); exiting.
[collector wcpu1] --once drained 0 checkpoint(s); exiting.
error    libmamba Could not set lock (Resource temporarily unavailable)
warning  libmamba Cannot lock '/home/r.dinnage/.cache/mamba/proc'
    Waiting for other mamba process to finish
[collector wcpu1] --once drained 0 checkpoint(s); exiting.
[collector wcpu1] --once drained 0 checkpoint(s); exiting.
[collector wcpu1] --once drained 0 checkpoint(s); exiting.
[collector wcpu1] --once drained 0 checkpoint(s); exiting.
[collector wcpu1] --once drained 0 checkpoint(s); exiting.
[collector wcpu1] --once drained 0 checkpoint(s); exiting.
[collector wcpu1] --once drained 0 checkpoint(s); exiting.
[collector wcpu1] --once drained 0 checkpoint(s); exiting.
[collector wcpu1] --once drained 0 checkpoint(s); exiting.
[collector wcpu1] --once drained 0 checkpoint(s); exiting.
[collector wcpu1] --once drained 0 checkpoint(s); exiting.
[collector wcpu1] --once drained 0 checkpoint(s); exiting.
[collector wcpu1] --once drained 0 checkpoint(s); exiting.
[collector wcpu1] --once drained 0 checkpoint(s); exiting.
[collector wcpu1] --once drained 0 checkpoint(s); exiting.
[collector wcpu1] --once drained 0 checkpoint(s); exiting.
[collector wcpu1] --once drained 0 checkpoint(s); exiting.
[collector wcpu1] --once drained 0 checkpoint(s); exiting.
[collector wcpu1] no probe/val CSV (probe_csv=None, val_csv=None); forward/backward blocks skipped for run_id=plantclef__stable_evo__s42.
[Extractor] block_set='cpu': CPU-only block set ['block_optim', 'block_weights', 'block_trajectory', 'block_circuits'] needs no model forward — skipping probe/Hessian build (no CSV/dataloaders, lower host RAM).
/blue/guralnick/share/r.dinnage/Projects/phenovision/xAI/py/extractor/block_optim.py:258: RuntimeWarning: overflow encountered in cast
  scalars = np.array([lam_max, lam_floor, trace, sum_log, pr, eff_rank, cond, aniso,
[extract] step=3864 SKIP heavy block block_circuits (ordinal=772 basis=step_fallback heavy_every=8)
[extract] step=3864 heavy=FALSE total=176.08s | block_optim=131.64 block_weights=31.90 block_trajectory=0.58
[collector wcpu1] cpu-pass DONE run_id=plantclef__stable_evo__s42 step=3864 blocks_ok=3 t=176.084s (all_passes_complete=False)
[collector wcpu1] --once drained 1 checkpoint(s); exiting.
[cwcpu1] drained 1 checkpoint(s); looping.
[collector wcpu1] --once drained 0 checkpoint(s); exiting.
[collector wcpu1] --once drained 0 checkpoint(s); exiting.
[collector wcpu1] --once drained 0 checkpoint(s); exiting.
[collector wcpu1] no probe/val CSV (probe_csv=None, val_csv=None); forward/backward blocks skipped for run_id=plantclef__stable_evo__s42.
[Extractor] block_set='cpu': CPU-only block set ['block_optim', 'block_weights', 'block_trajectory', 'block_circuits'] needs no model forward — skipping probe/Hessian build (no CSV/dataloaders, lower host RAM).
/blue/guralnick/share/r.dinnage/Projects/phenovision/xAI/py/extractor/block_optim.py:258: RuntimeWarning: overflow encountered in cast
  scalars = np.array([lam_max, lam_floor, trace, sum_log, pr, eff_rank, cond, aniso,
[extract] step=3888 SKIP heavy block block_circuits (ordinal=777 basis=step_fallback heavy_every=8)
[extract] step=3888 heavy=FALSE total=178.67s | block_optim=133.02 block_weights=33.50 block_trajectory=0.58
[collector wcpu1] cpu-pass DONE run_id=plantclef__stable_evo__s42 step=3888 blocks_ok=3 t=178.668s (all_passes_complete=False)
[collector wcpu1] --once drained 1 checkpoint(s); exiting.
[cwcpu1] drained 1 checkpoint(s); looping.
[collector wcpu1] --once drained 0 checkpoint(s); exiting.
[collector wcpu1] --once drained 0 checkpoint(s); exiting.
[collector wcpu1] --once drained 0 checkpoint(s); exiting.
[collector wcpu1] --once drained 0 checkpoint(s); exiting.
[collector wcpu1] --once drained 0 checkpoint(s); exiting.
[collector wcpu1] --once drained 0 checkpoint(s); exiting.
[collector wcpu1] --once drained 0 checkpoint(s); exiting.
[collector wcpu1] --once drained 0 checkpoint(s); exiting.
[collector wcpu1] --once drained 0 checkpoint(s); exiting.
[collector wcpu1] --once drained 0 checkpoint(s); exiting.
[collector wcpu1] --once drained 0 checkpoint(s); exiting.
[collector wcpu1] --once drained 0 checkpoint(s); exiting.
error    libmamba Could not set lock (Resource temporarily unavailable)
warning  libmamba Cannot lock '/home/r.dinnage/.cache/mamba/proc'
    Waiting for other mamba process to finish
[collector wcpu1] no probe/val CSV (probe_csv=None, val_csv=None); forward/backward blocks skipped for run_id=plantclef__stable_evo__s42.
[Extractor] block_set='cpu': CPU-only block set ['block_optim', 'block_weights', 'block_trajectory', 'block_circuits'] needs no model forward — skipping probe/Hessian build (no CSV/dataloaders, lower host RAM).
/blue/guralnick/share/r.dinnage/Projects/phenovision/xAI/py/extractor/block_optim.py:258: RuntimeWarning: overflow encountered in cast
  scalars = np.array([lam_max, lam_floor, trace, sum_log, pr, eff_rank, cond, aniso,
[extract] step=3926 SKIP heavy block block_circuits (ordinal=785 basis=step_fallback heavy_every=8)
[extract] step=3926 heavy=FALSE total=178.52s | block_optim=133.79 block_weights=32.29 block_trajectory=0.55
[collector wcpu1] cpu-pass DONE run_id=plantclef__stable_evo__s42 step=3926 blocks_ok=3 t=178.517s (all_passes_complete=False)
[collector wcpu1] --once drained 1 checkpoint(s); exiting.
error    libmamba Could not set lock (Resource temporarily unavailable)
warning  libmamba Cannot lock '/home/r.dinnage/.cache/mamba/proc'
    Waiting for other mamba process to finish
[cwcpu1] drained 1 checkpoint(s); looping.
[collector wcpu1] --once drained 0 checkpoint(s); exiting.
[collector wcpu1] --once drained 0 checkpoint(s); exiting.
[collector wcpu1] --once drained 0 checkpoint(s); exiting.
[collector wcpu1] no probe/val CSV (probe_csv=None, val_csv=None); forward/backward blocks skipped for run_id=plantclef__stable_evo__s42.
[Extractor] block_set='cpu': CPU-only block set ['block_optim', 'block_weights', 'block_trajectory', 'block_circuits'] needs no model forward — skipping probe/Hessian build (no CSV/dataloaders, lower host RAM).
/blue/guralnick/share/r.dinnage/Projects/phenovision/xAI/py/extractor/block_optim.py:258: RuntimeWarning: overflow encountered in cast
  scalars = np.array([lam_max, lam_floor, trace, sum_log, pr, eff_rank, cond, aniso,
[extract] step=3950 SKIP heavy block block_circuits (ordinal=790 basis=step_fallback heavy_every=8)
[extract] step=3950 heavy=FALSE total=175.53s | block_optim=131.80 block_weights=31.73 block_trajectory=0.50
[collector wcpu1] cpu-pass DONE run_id=plantclef__stable_evo__s42 step=3950 blocks_ok=3 t=175.528s (all_passes_complete=False)
[collector wcpu1] --once drained 1 checkpoint(s); exiting.
[cwcpu1] drained 1 checkpoint(s); looping.
[collector wcpu1] --once drained 0 checkpoint(s); exiting.
[collector wcpu1] --once drained 0 checkpoint(s); exiting.
[collector wcpu1] --once drained 0 checkpoint(s); exiting.
[collector wcpu1] no probe/val CSV (probe_csv=None, val_csv=None); forward/backward blocks skipped for run_id=plantclef__stable_evo__s42.
[Extractor] block_set='cpu': CPU-only block set ['block_optim', 'block_weights', 'block_trajectory', 'block_circuits'] needs no model forward — skipping probe/Hessian build (no CSV/dataloaders, lower host RAM).
/blue/guralnick/share/r.dinnage/Projects/phenovision/xAI/py/extractor/block_optim.py:258: RuntimeWarning: overflow encountered in cast
  scalars = np.array([lam_max, lam_floor, trace, sum_log, pr, eff_rank, cond, aniso,
[extract] step=3974 SKIP heavy block block_circuits (ordinal=794 basis=step_fallback heavy_every=8)
[extract] step=3974 heavy=FALSE total=179.33s | block_optim=134.24 block_weights=32.52 block_trajectory=0.61
[collector wcpu1] cpu-pass DONE run_id=plantclef__stable_evo__s42 step=3974 blocks_ok=3 t=179.331s (all_passes_complete=False)
[collector wcpu1] --once drained 1 checkpoint(s); exiting.
[cwcpu1] drained 1 checkpoint(s); looping.
[collector wcpu1] --once drained 0 checkpoint(s); exiting.
[collector wcpu1] --once drained 0 checkpoint(s); exiting.
[collector wcpu1] --once drained 0 checkpoint(s); exiting.
[collector wcpu1] --once drained 0 checkpoint(s); exiting.
[collector wcpu1] --once drained 0 checkpoint(s); exiting.
[collector wcpu1] --once drained 0 checkpoint(s); exiting.
[collector wcpu1] --once drained 0 checkpoint(s); exiting.
[collector wcpu1] --once drained 0 checkpoint(s); exiting.
[collector wcpu1] --once drained 0 checkpoint(s); exiting.
[collector wcpu1] --once drained 0 checkpoint(s); exiting.
[collector wcpu1] --once drained 0 checkpoint(s); exiting.
[collector wcpu1] --once drained 0 checkpoint(s); exiting.
[collector wcpu1] --once drained 0 checkpoint(s); exiting.
[collector wcpu1] --once drained 0 checkpoint(s); exiting.
[collector wcpu1] --once drained 0 checkpoint(s); exiting.
[collector wcpu1] --once drained 0 checkpoint(s); exiting.
[collector wcpu1] --once drained 0 checkpoint(s); exiting.
[collector wcpu1] --once drained 0 checkpoint(s); exiting.
[collector wcpu1] --once drained 0 checkpoint(s); exiting.
[collector wcpu1] --once drained 0 checkpoint(s); exiting.
[collector wcpu1] --once drained 0 checkpoint(s); exiting.
[collector wcpu1] --once drained 0 checkpoint(s); exiting.
[collector wcpu1] --once drained 0 checkpoint(s); exiting.
error    libmamba Could not set lock (Resource temporarily unavailable)
warning  libmamba Cannot lock '/home/r.dinnage/.cache/mamba/proc'
    Waiting for other mamba process to finish
[collector wcpu1] --once drained 0 checkpoint(s); exiting.
[collector wcpu1] --once drained 0 checkpoint(s); exiting.
[collector wcpu1] --once drained 0 checkpoint(s); exiting.
[collector wcpu1] --once drained 0 checkpoint(s); exiting.
[collector wcpu1] --once drained 0 checkpoint(s); exiting.
[collector wcpu1] --once drained 0 checkpoint(s); exiting.
[collector wcpu1] --once drained 0 checkpoint(s); exiting.
[collector wcpu1] --once drained 0 checkpoint(s); exiting.
error    libmamba Could not set lock (Resource temporarily unavailable)
warning  libmamba Cannot lock '/home/r.dinnage/.cache/mamba/proc'
    Waiting for other mamba process to finish
[collector wcpu1] --once drained 0 checkpoint(s); exiting.
[collector wcpu1] --once drained 0 checkpoint(s); exiting.
[collector wcpu1] --once drained 0 checkpoint(s); exiting.
[collector wcpu1] --once drained 0 checkpoint(s); exiting.
error    libmamba Could not set lock (Resource temporarily unavailable)
warning  libmamba Cannot lock '/home/r.dinnage/.cache/mamba/proc'
    Waiting for other mamba process to finish
[collector wcpu1] --once drained 0 checkpoint(s); exiting.
[collector wcpu1] --once drained 0 checkpoint(s); exiting.
[collector wcpu1] --once drained 0 checkpoint(s); exiting.
[collector wcpu1] --once drained 0 checkpoint(s); exiting.
[collector wcpu1] --once drained 0 checkpoint(s); exiting.
[collector wcpu1] --once drained 0 checkpoint(s); exiting.
[collector wcpu1] --once drained 0 checkpoint(s); exiting.
[collector wcpu1] --once drained 0 checkpoint(s); exiting.
[collector wcpu1] --once drained 0 checkpoint(s); exiting.
[collector wcpu1] --once drained 0 checkpoint(s); exiting.
[collector wcpu1] --once drained 0 checkpoint(s); exiting.
[collector wcpu1] --once drained 0 checkpoint(s); exiting.
[collector wcpu1] --once drained 0 checkpoint(s); exiting.
[collector wcpu1] --once drained 0 checkpoint(s); exiting.
[collector wcpu1] --once drained 0 checkpoint(s); exiting.
[collector wcpu1] --once drained 0 checkpoint(s); exiting.
[collector wcpu1] --once drained 0 checkpoint(s); exiting.
[collector wcpu1] --once drained 0 checkpoint(s); exiting.
[collector wcpu1] --once drained 0 checkpoint(s); exiting.
[collector wcpu1] --once drained 0 checkpoint(s); exiting.
[collector wcpu1] --once drained 0 checkpoint(s); exiting.
error    libmamba Could not set lock (Resource temporarily unavailable)
warning  libmamba Cannot lock '/home/r.dinnage/.cache/mamba/proc'
    Waiting for other mamba process to finish
[collector wcpu1] --once drained 0 checkpoint(s); exiting.
[collector wcpu1] --once drained 0 checkpoint(s); exiting.
[collector wcpu1] --once drained 0 checkpoint(s); exiting.
[collector wcpu1] --once drained 0 checkpoint(s); exiting.
[collector wcpu1] --once drained 0 checkpoint(s); exiting.
[collector wcpu1] --once drained 0 checkpoint(s); exiting.
[collector wcpu1] --once drained 0 checkpoint(s); exiting.
[collector wcpu1] --once drained 0 checkpoint(s); exiting.
[collector wcpu1] --once drained 0 checkpoint(s); exiting.
error    libmamba Could not set lock (Resource temporarily unavailable)
warning  libmamba Cannot lock '/home/r.dinnage/.cache/mamba/proc'
    Waiting for other mamba process to finish
[collector wcpu1] --once drained 0 checkpoint(s); exiting.
[collector wcpu1] --once drained 0 checkpoint(s); exiting.
[collector wcpu1] --once drained 0 checkpoint(s); exiting.
[collector wcpu1] --once drained 0 checkpoint(s); exiting.
[collector wcpu1] --once drained 0 checkpoint(s); exiting.
[collector wcpu1] --once drained 0 checkpoint(s); exiting.
[collector wcpu1] --once drained 0 checkpoint(s); exiting.
[collector wcpu1] --once drained 0 checkpoint(s); exiting.
error    libmamba Could not set lock (Resource temporarily unavailable)
warning  libmamba Cannot lock '/home/r.dinnage/.cache/mamba/proc'
    Waiting for other mamba process to finish
[collector wcpu1] --once drained 0 checkpoint(s); exiting.
[collector wcpu1] --once drained 0 checkpoint(s); exiting.
[collector wcpu1] no probe/val CSV (probe_csv=None, val_csv=None); forward/backward blocks skipped for run_id=plantclef__stable_evo__s42.
[Extractor] block_set='cpu': CPU-only block set ['block_optim', 'block_weights', 'block_trajectory', 'block_circuits'] needs no model forward — skipping probe/Hessian build (no CSV/dataloaders, lower host RAM).
/blue/guralnick/share/r.dinnage/Projects/phenovision/xAI/py/extractor/block_optim.py:258: RuntimeWarning: overflow encountered in cast
  scalars = np.array([lam_max, lam_floor, trace, sum_log, pr, eff_rank, cond, aniso,
[extract] step=4142 SKIP heavy block block_circuits (ordinal=828 basis=step_fallback heavy_every=8)
[extract] step=4142 heavy=FALSE total=172.02s | block_optim=126.89 block_weights=32.61 block_trajectory=0.57
[collector wcpu1] cpu-pass DONE run_id=plantclef__stable_evo__s42 step=4142 blocks_ok=3 t=172.015s (all_passes_complete=False)
[collector wcpu1] --once drained 1 checkpoint(s); exiting.
error    libmamba Could not set lock (Resource temporarily unavailable)
warning  libmamba Cannot lock '/home/r.dinnage/.cache/mamba/proc'
    Waiting for other mamba process to finish
[cwcpu1] drained 1 checkpoint(s); looping.
[collector wcpu1] --once drained 0 checkpoint(s); exiting.
[collector wcpu1] --once drained 0 checkpoint(s); exiting.
[collector wcpu1] --once drained 0 checkpoint(s); exiting.
[collector wcpu1] --once drained 0 checkpoint(s); exiting.
error    libmamba Could not set lock (Resource temporarily unavailable)
warning  libmamba Cannot lock '/home/r.dinnage/.cache/mamba/proc'
    Waiting for other mamba process to finish
[collector wcpu1] --once drained 0 checkpoint(s); exiting.
[collector wcpu1] --once drained 0 checkpoint(s); exiting.
[collector wcpu1] --once drained 0 checkpoint(s); exiting.
error    libmamba Could not set lock (Resource temporarily unavailable)
warning  libmamba Cannot lock '/home/r.dinnage/.cache/mamba/proc'
    Waiting for other mamba process to finish
[collector wcpu1] --once drained 0 checkpoint(s); exiting.
error    libmamba Could not set lock (Resource temporarily unavailable)
warning  libmamba Cannot lock '/home/r.dinnage/.cache/mamba/proc'
    Waiting for other mamba process to finish
[collector wcpu1] --once drained 0 checkpoint(s); exiting.
[collector wcpu1] --once drained 0 checkpoint(s); exiting.
[collector wcpu1] no probe/val CSV (probe_csv=None, val_csv=None); forward/backward blocks skipped for run_id=plantclef__stable_evo__s42.
[Extractor] block_set='cpu': CPU-only block set ['block_optim', 'block_weights', 'block_trajectory', 'block_circuits'] needs no model forward — skipping probe/Hessian build (no CSV/dataloaders, lower host RAM).
/blue/guralnick/share/r.dinnage/Projects/phenovision/xAI/py/extractor/block_optim.py:258: RuntimeWarning: overflow encountered in cast
  scalars = np.array([lam_max, lam_floor, trace, sum_log, pr, eff_rank, cond, aniso,
[extract] step=4180 SKIP heavy block block_circuits (ordinal=836 basis=step_fallback heavy_every=8)
[extract] step=4180 heavy=FALSE total=172.02s | block_optim=127.69 block_weights=32.25 block_trajectory=0.57
[collector wcpu1] cpu-pass DONE run_id=plantclef__stable_evo__s42 step=4180 blocks_ok=3 t=172.017s (all_passes_complete=False)
[collector wcpu1] --once drained 1 checkpoint(s); exiting.
[cwcpu1] drained 1 checkpoint(s); looping.
[collector wcpu1] --once drained 0 checkpoint(s); exiting.
[collector wcpu1] --once drained 0 checkpoint(s); exiting.
[collector wcpu1] --once drained 0 checkpoint(s); exiting.
[collector wcpu1] --once drained 0 checkpoint(s); exiting.
[collector wcpu1] --once drained 0 checkpoint(s); exiting.
[collector wcpu1] --once drained 0 checkpoint(s); exiting.
[collector wcpu1] no probe/val CSV (probe_csv=None, val_csv=None); forward/backward blocks skipped for run_id=plantclef__stable_evo__s42.
[Extractor] block_set='cpu': CPU-only block set ['block_optim', 'block_weights', 'block_trajectory', 'block_circuits'] needs no model forward — skipping probe/Hessian build (no CSV/dataloaders, lower host RAM).
/blue/guralnick/share/r.dinnage/Projects/phenovision/xAI/py/extractor/block_optim.py:258: RuntimeWarning: overflow encountered in cast
  scalars = np.array([lam_max, lam_floor, trace, sum_log, pr, eff_rank, cond, aniso,
[extract] step=4204 heavy=TRUE total=171.06s | block_optim=124.66 block_weights=30.13 block_trajectory=0.57 block_circuits=4.14
[collector wcpu1] cpu-pass DONE run_id=plantclef__stable_evo__s42 step=4204 blocks_ok=4 t=171.064s (all_passes_complete=False)
[collector wcpu1] --once drained 1 checkpoint(s); exiting.
[cwcpu1] drained 1 checkpoint(s); looping.
[collector wcpu1] --once drained 0 checkpoint(s); exiting.
[collector wcpu1] --once drained 0 checkpoint(s); exiting.
[collector wcpu1] --once drained 0 checkpoint(s); exiting.
[collector wcpu1] no probe/val CSV (probe_csv=None, val_csv=None); forward/backward blocks skipped for run_id=plantclef__stable_evo__s42.
[Extractor] block_set='cpu': CPU-only block set ['block_optim', 'block_weights', 'block_trajectory', 'block_circuits'] needs no model forward — skipping probe/Hessian build (no CSV/dataloaders, lower host RAM).
/blue/guralnick/share/r.dinnage/Projects/phenovision/xAI/py/extractor/block_optim.py:258: RuntimeWarning: overflow encountered in cast
  scalars = np.array([lam_max, lam_floor, trace, sum_log, pr, eff_rank, cond, aniso,
[extract] step=4228 SKIP heavy block block_circuits (ordinal=845 basis=step_fallback heavy_every=8)
[extract] step=4228 heavy=FALSE total=167.77s | block_optim=123.64 block_weights=32.44 block_trajectory=0.48
[collector wcpu1] cpu-pass DONE run_id=plantclef__stable_evo__s42 step=4228 blocks_ok=3 t=167.774s (all_passes_complete=False)
[collector wcpu1] --once drained 1 checkpoint(s); exiting.
[cwcpu1] drained 1 checkpoint(s); looping.
[collector wcpu1] --once drained 0 checkpoint(s); exiting.
[collector wcpu1] --once drained 0 checkpoint(s); exiting.
[collector wcpu1] --once drained 0 checkpoint(s); exiting.
[collector wcpu1] --once drained 0 checkpoint(s); exiting.
[collector wcpu1] --once drained 0 checkpoint(s); exiting.
[collector wcpu1] --once drained 0 checkpoint(s); exiting.
[collector wcpu1] --once drained 0 checkpoint(s); exiting.
[collector wcpu1] --once drained 0 checkpoint(s); exiting.
[collector wcpu1] --once drained 0 checkpoint(s); exiting.
[collector wcpu1] no probe/val CSV (probe_csv=None, val_csv=None); forward/backward blocks skipped for run_id=plantclef__stable_evo__s42.
[Extractor] block_set='cpu': CPU-only block set ['block_optim', 'block_weights', 'block_trajectory', 'block_circuits'] needs no model forward — skipping probe/Hessian build (no CSV/dataloaders, lower host RAM).
/blue/guralnick/share/r.dinnage/Projects/phenovision/xAI/py/extractor/block_optim.py:258: RuntimeWarning: overflow encountered in cast
  scalars = np.array([lam_max, lam_floor, trace, sum_log, pr, eff_rank, cond, aniso,
[extract] step=4264 SKIP heavy block block_circuits (ordinal=852 basis=step_fallback heavy_every=8)
[extract] step=4264 heavy=FALSE total=170.11s | block_optim=126.54 block_weights=31.34 block_trajectory=0.61
[collector wcpu1] cpu-pass DONE run_id=plantclef__stable_evo__s42 step=4264 blocks_ok=3 t=170.11s (all_passes_complete=False)
[collector wcpu1] --once drained 1 checkpoint(s); exiting.
[cwcpu1] drained 1 checkpoint(s); looping.
[collector wcpu1] --once drained 0 checkpoint(s); exiting.
[collector wcpu1] --once drained 0 checkpoint(s); exiting.
[collector wcpu1] --once drained 0 checkpoint(s); exiting.
[collector wcpu1] --once drained 0 checkpoint(s); exiting.
[collector wcpu1] --once drained 0 checkpoint(s); exiting.
[collector wcpu1] --once drained 0 checkpoint(s); exiting.
[collector wcpu1] --once drained 0 checkpoint(s); exiting.
error    libmamba Could not set lock (Resource temporarily unavailable)
warning  libmamba Cannot lock '/home/r.dinnage/.cache/mamba/proc'
    Waiting for other mamba process to finish
[collector wcpu1] --once drained 0 checkpoint(s); exiting.
[collector wcpu1] --once drained 0 checkpoint(s); exiting.
[collector wcpu1] --once drained 0 checkpoint(s); exiting.
[collector wcpu1] --once drained 0 checkpoint(s); exiting.
[collector wcpu1] --once drained 0 checkpoint(s); exiting.
[collector wcpu1] --once drained 0 checkpoint(s); exiting.
[collector wcpu1] --once drained 0 checkpoint(s); exiting.
[collector wcpu1] --once drained 0 checkpoint(s); exiting.
[collector wcpu1] --once drained 0 checkpoint(s); exiting.
[collector wcpu1] --once drained 0 checkpoint(s); exiting.
[collector wcpu1] --once drained 0 checkpoint(s); exiting.
[collector wcpu1] --once drained 0 checkpoint(s); exiting.
[collector wcpu1] --once drained 0 checkpoint(s); exiting.
[collector wcpu1] --once drained 0 checkpoint(s); exiting.
[collector wcpu1] --once drained 0 checkpoint(s); exiting.
[collector wcpu1] --once drained 0 checkpoint(s); exiting.
error    libmamba Could not set lock (Resource temporarily unavailable)
warning  libmamba Cannot lock '/home/r.dinnage/.cache/mamba/proc'
    Waiting for other mamba process to finish
[collector wcpu1] --once drained 0 checkpoint(s); exiting.
[collector wcpu1] --once drained 0 checkpoint(s); exiting.
[collector wcpu1] --once drained 0 checkpoint(s); exiting.
[collector wcpu1] --once drained 0 checkpoint(s); exiting.
[collector wcpu1] --once drained 0 checkpoint(s); exiting.
[collector wcpu1] --once drained 0 checkpoint(s); exiting.
[collector wcpu1] --once drained 0 checkpoint(s); exiting.
[collector wcpu1] --once drained 0 checkpoint(s); exiting.
[collector wcpu1] --once drained 0 checkpoint(s); exiting.
[collector wcpu1] --once drained 0 checkpoint(s); exiting.
[collector wcpu1] --once drained 0 checkpoint(s); exiting.
error    libmamba Could not set lock (Resource temporarily unavailable)
warning  libmamba Cannot lock '/home/r.dinnage/.cache/mamba/proc'
    Waiting for other mamba process to finish
[collector wcpu1] no probe/val CSV (probe_csv=None, val_csv=None); forward/backward blocks skipped for run_id=plantclef__stable_evo__s42.
[Extractor] block_set='cpu': CPU-only block set ['block_optim', 'block_weights', 'block_trajectory', 'block_circuits'] needs no model forward — skipping probe/Hessian build (no CSV/dataloaders, lower host RAM).
/blue/guralnick/share/r.dinnage/Projects/phenovision/xAI/py/extractor/block_optim.py:258: RuntimeWarning: overflow encountered in cast
  scalars = np.array([lam_max, lam_floor, trace, sum_log, pr, eff_rank, cond, aniso,
[extract] step=4348 SKIP heavy block block_circuits (ordinal=869 basis=step_fallback heavy_every=8)
[extract] step=4348 heavy=FALSE total=170.47s | block_optim=126.69 block_weights=32.44 block_trajectory=0.65
[collector wcpu1] cpu-pass DONE run_id=plantclef__stable_evo__s42 step=4348 blocks_ok=3 t=170.471s (all_passes_complete=False)
[collector wcpu1] --once drained 1 checkpoint(s); exiting.
[cwcpu1] drained 1 checkpoint(s); looping.
[collector wcpu1] --once drained 0 checkpoint(s); exiting.
[collector wcpu1] --once drained 0 checkpoint(s); exiting.
[collector wcpu1] --once drained 0 checkpoint(s); exiting.
[collector wcpu1] no probe/val CSV (probe_csv=None, val_csv=None); forward/backward blocks skipped for run_id=plantclef__stable_evo__s42.
[Extractor] block_set='cpu': CPU-only block set ['block_optim', 'block_weights', 'block_trajectory', 'block_circuits'] needs no model forward — skipping probe/Hessian build (no CSV/dataloaders, lower host RAM).
/blue/guralnick/share/r.dinnage/Projects/phenovision/xAI/py/extractor/block_optim.py:258: RuntimeWarning: overflow encountered in cast
  scalars = np.array([lam_max, lam_floor, trace, sum_log, pr, eff_rank, cond, aniso,
[extract] step=4372 SKIP heavy block block_circuits (ordinal=874 basis=step_fallback heavy_every=8)
[extract] step=4372 heavy=FALSE total=174.16s | block_optim=129.53 block_weights=32.60 block_trajectory=0.69
[collector wcpu1] cpu-pass DONE run_id=plantclef__stable_evo__s42 step=4372 blocks_ok=3 t=174.155s (all_passes_complete=False)
[collector wcpu1] --once drained 1 checkpoint(s); exiting.
[cwcpu1] drained 1 checkpoint(s); looping.
[collector wcpu1] --once drained 0 checkpoint(s); exiting.
[collector wcpu1] --once drained 0 checkpoint(s); exiting.
[collector wcpu1] --once drained 0 checkpoint(s); exiting.
[collector wcpu1] --once drained 0 checkpoint(s); exiting.
[collector wcpu1] --once drained 0 checkpoint(s); exiting.
[collector wcpu1] --once drained 0 checkpoint(s); exiting.
error    libmamba Could not set lock (Resource temporarily unavailable)
warning  libmamba Cannot lock '/home/r.dinnage/.cache/mamba/proc'
    Waiting for other mamba process to finish
[collector wcpu1] --once drained 0 checkpoint(s); exiting.
[collector wcpu1] --once drained 0 checkpoint(s); exiting.
[collector wcpu1] --once drained 0 checkpoint(s); exiting.
error    libmamba Could not set lock (Resource temporarily unavailable)
warning  libmamba Cannot lock '/home/r.dinnage/.cache/mamba/proc'
    Waiting for other mamba process to finish
[collector wcpu1] --once drained 0 checkpoint(s); exiting.
[collector wcpu1] --once drained 0 checkpoint(s); exiting.
[collector wcpu1] no probe/val CSV (probe_csv=None, val_csv=None); forward/backward blocks skipped for run_id=plantclef__stable_evo__s42.
[Extractor] block_set='cpu': CPU-only block set ['block_optim', 'block_weights', 'block_trajectory', 'block_circuits'] needs no model forward — skipping probe/Hessian build (no CSV/dataloaders, lower host RAM).
/blue/guralnick/share/r.dinnage/Projects/phenovision/xAI/py/extractor/block_optim.py:258: RuntimeWarning: overflow encountered in cast
  scalars = np.array([lam_max, lam_floor, trace, sum_log, pr, eff_rank, cond, aniso,
[extract] step=4408 SKIP heavy block block_circuits (ordinal=881 basis=step_fallback heavy_every=8)
[extract] step=4408 heavy=FALSE total=171.01s | block_optim=128.18 block_weights=30.88 block_trajectory=0.61
[collector wcpu1] cpu-pass DONE run_id=plantclef__stable_evo__s42 step=4408 blocks_ok=3 t=171.014s (all_passes_complete=False)
[collector wcpu1] --once drained 1 checkpoint(s); exiting.
[cwcpu1] drained 1 checkpoint(s); looping.
[collector wcpu1] --once drained 0 checkpoint(s); exiting.
[collector wcpu1] --once drained 0 checkpoint(s); exiting.
[collector wcpu1] --once drained 0 checkpoint(s); exiting.
[collector wcpu1] --once drained 0 checkpoint(s); exiting.
[collector wcpu1] --once drained 0 checkpoint(s); exiting.
[collector wcpu1] --once drained 0 checkpoint(s); exiting.
[collector wcpu1] --once drained 0 checkpoint(s); exiting.
[collector wcpu1] --once drained 0 checkpoint(s); exiting.
[collector wcpu1] --once drained 0 checkpoint(s); exiting.
[collector wcpu1] no probe/val CSV (probe_csv=None, val_csv=None); forward/backward blocks skipped for run_id=plantclef__stable_evo__s42.
[Extractor] block_set='cpu': CPU-only block set ['block_optim', 'block_weights', 'block_trajectory', 'block_circuits'] needs no model forward — skipping probe/Hessian build (no CSV/dataloaders, lower host RAM).
/blue/guralnick/share/r.dinnage/Projects/phenovision/xAI/py/extractor/block_optim.py:258: RuntimeWarning: overflow encountered in cast
  scalars = np.array([lam_max, lam_floor, trace, sum_log, pr, eff_rank, cond, aniso,
[extract] step=4444 heavy=TRUE total=169.71s | block_optim=125.58 block_weights=27.79 block_trajectory=0.61 block_circuits=4.27
[collector wcpu1] cpu-pass DONE run_id=plantclef__stable_evo__s42 step=4444 blocks_ok=4 t=169.706s (all_passes_complete=False)
[collector wcpu1] --once drained 1 checkpoint(s); exiting.
[cwcpu1] drained 1 checkpoint(s); looping.
[collector wcpu1] --once drained 0 checkpoint(s); exiting.
[collector wcpu1] --once drained 0 checkpoint(s); exiting.
[collector wcpu1] --once drained 0 checkpoint(s); exiting.
[collector wcpu1] --once drained 0 checkpoint(s); exiting.
[collector wcpu1] --once drained 0 checkpoint(s); exiting.
[collector wcpu1] no probe/val CSV (probe_csv=None, val_csv=None); forward/backward blocks skipped for run_id=plantclef__stable_evo__s42.
[Extractor] block_set='cpu': CPU-only block set ['block_optim', 'block_weights', 'block_trajectory', 'block_circuits'] needs no model forward — skipping probe/Hessian build (no CSV/dataloaders, lower host RAM).
/blue/guralnick/share/r.dinnage/Projects/phenovision/xAI/py/extractor/block_optim.py:258: RuntimeWarning: overflow encountered in cast
  scalars = np.array([lam_max, lam_floor, trace, sum_log, pr, eff_rank, cond, aniso,
[extract] step=4470 SKIP heavy block block_circuits (ordinal=894 basis=step_fallback heavy_every=8)
[extract] step=4470 heavy=FALSE total=166.88s | block_optim=127.32 block_weights=28.35 block_trajectory=0.54
[collector wcpu1] cpu-pass DONE run_id=plantclef__stable_evo__s42 step=4470 blocks_ok=3 t=166.884s (all_passes_complete=False)
[collector wcpu1] --once drained 1 checkpoint(s); exiting.
[cwcpu1] drained 1 checkpoint(s); looping.
[collector wcpu1] --once drained 0 checkpoint(s); exiting.
[collector wcpu1] --once drained 0 checkpoint(s); exiting.
[collector wcpu1] --once drained 0 checkpoint(s); exiting.
[collector wcpu1] no probe/val CSV (probe_csv=None, val_csv=None); forward/backward blocks skipped for run_id=plantclef__stable_evo__s42.
[Extractor] block_set='cpu': CPU-only block set ['block_optim', 'block_weights', 'block_trajectory', 'block_circuits'] needs no model forward — skipping probe/Hessian build (no CSV/dataloaders, lower host RAM).
/blue/guralnick/share/r.dinnage/Projects/phenovision/xAI/py/extractor/block_optim.py:258: RuntimeWarning: overflow encountered in cast
  scalars = np.array([lam_max, lam_floor, trace, sum_log, pr, eff_rank, cond, aniso,
[extract] step=4494 SKIP heavy block block_circuits (ordinal=898 basis=step_fallback heavy_every=8)
[extract] step=4494 heavy=FALSE total=174.74s | block_optim=132.67 block_weights=29.31 block_trajectory=0.66
[collector wcpu1] cpu-pass DONE run_id=plantclef__stable_evo__s42 step=4494 blocks_ok=3 t=174.745s (all_passes_complete=False)
[collector wcpu1] --once drained 1 checkpoint(s); exiting.
[cwcpu1] drained 1 checkpoint(s); looping.
[collector wcpu1] no probe/val CSV (probe_csv=None, val_csv=None); forward/backward blocks skipped for run_id=plantclef__stable_evo__s42.
[Extractor] block_set='cpu': CPU-only block set ['block_optim', 'block_weights', 'block_trajectory', 'block_circuits'] needs no model forward — skipping probe/Hessian build (no CSV/dataloaders, lower host RAM).
/blue/guralnick/share/r.dinnage/Projects/phenovision/xAI/py/extractor/block_optim.py:258: RuntimeWarning: overflow encountered in cast
  scalars = np.array([lam_max, lam_floor, trace, sum_log, pr, eff_rank, cond, aniso,
[extract] step=4506 SKIP heavy block block_circuits (ordinal=901 basis=step_fallback heavy_every=8)
[extract] step=4506 heavy=FALSE total=173.76s | block_optim=132.04 block_weights=29.35 block_trajectory=0.60
[collector wcpu1] cpu-pass DONE run_id=plantclef__stable_evo__s42 step=4506 blocks_ok=3 t=173.756s (all_passes_complete=False)
[collector wcpu1] --once drained 1 checkpoint(s); exiting.
[cwcpu1] drained 1 checkpoint(s); looping.
[collector wcpu1] --once drained 0 checkpoint(s); exiting.
error    libmamba Could not set lock (Resource temporarily unavailable)
warning  libmamba Cannot lock '/home/r.dinnage/.cache/mamba/proc'
    Waiting for other mamba process to finish
[collector wcpu1] --once drained 0 checkpoint(s); exiting.
[collector wcpu1] --once drained 0 checkpoint(s); exiting.
[collector wcpu1] --once drained 0 checkpoint(s); exiting.
[collector wcpu1] --once drained 0 checkpoint(s); exiting.
[collector wcpu1] --once drained 0 checkpoint(s); exiting.
[collector wcpu1] --once drained 0 checkpoint(s); exiting.
[collector wcpu1] --once drained 0 checkpoint(s); exiting.
[collector wcpu1] --once drained 0 checkpoint(s); exiting.
[collector wcpu1] no probe/val CSV (probe_csv=None, val_csv=None); forward/backward blocks skipped for run_id=plantclef__stable_evo__s42.
[Extractor] block_set='cpu': CPU-only block set ['block_optim', 'block_weights', 'block_trajectory', 'block_circuits'] needs no model forward — skipping probe/Hessian build (no CSV/dataloaders, lower host RAM).
/blue/guralnick/share/r.dinnage/Projects/phenovision/xAI/py/extractor/block_optim.py:258: RuntimeWarning: overflow encountered in cast
  scalars = np.array([lam_max, lam_floor, trace, sum_log, pr, eff_rank, cond, aniso,
[extract] step=4542 SKIP heavy block block_circuits (ordinal=908 basis=step_fallback heavy_every=8)
[extract] step=4542 heavy=FALSE total=174.46s | block_optim=133.25 block_weights=29.45 block_trajectory=0.65
[collector wcpu1] cpu-pass DONE run_id=plantclef__stable_evo__s42 step=4542 blocks_ok=3 t=174.456s (all_passes_complete=False)
[collector wcpu1] --once drained 1 checkpoint(s); exiting.
error    libmamba Could not set lock (Resource temporarily unavailable)
warning  libmamba Cannot lock '/home/r.dinnage/.cache/mamba/proc'
    Waiting for other mamba process to finish
[cwcpu1] drained 1 checkpoint(s); looping.
[collector wcpu1] --once drained 0 checkpoint(s); exiting.
[collector wcpu1] --once drained 0 checkpoint(s); exiting.
[collector wcpu1] --once drained 0 checkpoint(s); exiting.
[collector wcpu1] --once drained 0 checkpoint(s); exiting.
[collector wcpu1] --once drained 0 checkpoint(s); exiting.
[collector wcpu1] --once drained 0 checkpoint(s); exiting.
[collector wcpu1] --once drained 0 checkpoint(s); exiting.
[collector wcpu1] --once drained 0 checkpoint(s); exiting.
[collector wcpu1] no probe/val CSV (probe_csv=None, val_csv=None); forward/backward blocks skipped for run_id=plantclef__stable_evo__s42.
[Extractor] block_set='cpu': CPU-only block set ['block_optim', 'block_weights', 'block_trajectory', 'block_circuits'] needs no model forward — skipping probe/Hessian build (no CSV/dataloaders, lower host RAM).
/blue/guralnick/share/r.dinnage/Projects/phenovision/xAI/py/extractor/block_optim.py:258: RuntimeWarning: overflow encountered in cast
  scalars = np.array([lam_max, lam_floor, trace, sum_log, pr, eff_rank, cond, aniso,
[extract] step=4578 SKIP heavy block block_circuits (ordinal=915 basis=step_fallback heavy_every=8)
[extract] step=4578 heavy=FALSE total=179.46s | block_optim=135.34 block_weights=31.70 block_trajectory=0.70
[collector wcpu1] cpu-pass DONE run_id=plantclef__stable_evo__s42 step=4578 blocks_ok=3 t=179.46s (all_passes_complete=False)
[collector wcpu1] --once drained 1 checkpoint(s); exiting.
[cwcpu1] drained 1 checkpoint(s); looping.
[collector wcpu1] --once drained 0 checkpoint(s); exiting.
[collector wcpu1] --once drained 0 checkpoint(s); exiting.
error    libmamba Could not set lock (Resource temporarily unavailable)
warning  libmamba Cannot lock '/home/r.dinnage/.cache/mamba/proc'
    Waiting for other mamba process to finish
[collector wcpu1] --once drained 0 checkpoint(s); exiting.
[collector wcpu1] --once drained 0 checkpoint(s); exiting.
error    libmamba Could not set lock (Resource temporarily unavailable)
warning  libmamba Cannot lock '/home/r.dinnage/.cache/mamba/proc'
    Waiting for other mamba process to finish
[collector wcpu1] --once drained 0 checkpoint(s); exiting.
error    libmamba Could not set lock (Resource temporarily unavailable)
warning  libmamba Cannot lock '/home/r.dinnage/.cache/mamba/proc'
    Waiting for other mamba process to finish
[collector wcpu1] no probe/val CSV (probe_csv=None, val_csv=None); forward/backward blocks skipped for run_id=plantclef__stable_evo__s42.
[Extractor] block_set='cpu': CPU-only block set ['block_optim', 'block_weights', 'block_trajectory', 'block_circuits'] needs no model forward — skipping probe/Hessian build (no CSV/dataloaders, lower host RAM).
/blue/guralnick/share/r.dinnage/Projects/phenovision/xAI/py/extractor/block_optim.py:258: RuntimeWarning: overflow encountered in cast
  scalars = np.array([lam_max, lam_floor, trace, sum_log, pr, eff_rank, cond, aniso,
[extract] step=4602 heavy=TRUE total=180.01s | block_optim=133.16 block_weights=29.63 block_trajectory=0.61 block_circuits=4.53
[collector wcpu1] cpu-pass DONE run_id=plantclef__stable_evo__s42 step=4602 blocks_ok=4 t=180.014s (all_passes_complete=False)
[collector wcpu1] --once drained 1 checkpoint(s); exiting.
[cwcpu1] drained 1 checkpoint(s); looping.
[collector wcpu1] --once drained 0 checkpoint(s); exiting.
[collector wcpu1] --once drained 0 checkpoint(s); exiting.
[collector wcpu1] --once drained 0 checkpoint(s); exiting.
[collector wcpu1] no probe/val CSV (probe_csv=None, val_csv=None); forward/backward blocks skipped for run_id=plantclef__stable_evo__s42.
[Extractor] block_set='cpu': CPU-only block set ['block_optim', 'block_weights', 'block_trajectory', 'block_circuits'] needs no model forward — skipping probe/Hessian build (no CSV/dataloaders, lower host RAM).
/blue/guralnick/share/r.dinnage/Projects/phenovision/xAI/py/extractor/block_optim.py:258: RuntimeWarning: overflow encountered in cast
  scalars = np.array([lam_max, lam_floor, trace, sum_log, pr, eff_rank, cond, aniso,
[extract] step=4626 SKIP heavy block block_circuits (ordinal=925 basis=step_fallback heavy_every=8)
[extract] step=4626 heavy=FALSE total=169.49s | block_optim=127.02 block_weights=30.47 block_trajectory=0.51
[collector wcpu1] cpu-pass DONE run_id=plantclef__stable_evo__s42 step=4626 blocks_ok=3 t=169.488s (all_passes_complete=False)
[collector wcpu1] --once drained 1 checkpoint(s); exiting.
[cwcpu1] drained 1 checkpoint(s); looping.
[collector wcpu1] --once drained 0 checkpoint(s); exiting.
[collector wcpu1] --once drained 0 checkpoint(s); exiting.
error    libmamba Could not set lock (Resource temporarily unavailable)
warning  libmamba Cannot lock '/home/r.dinnage/.cache/mamba/proc'
    Waiting for other mamba process to finish
[collector wcpu1] --once drained 0 checkpoint(s); exiting.
[collector wcpu1] no probe/val CSV (probe_csv=None, val_csv=None); forward/backward blocks skipped for run_id=plantclef__stable_evo__s42.
[Extractor] block_set='cpu': CPU-only block set ['block_optim', 'block_weights', 'block_trajectory', 'block_circuits'] needs no model forward — skipping probe/Hessian build (no CSV/dataloaders, lower host RAM).
/blue/guralnick/share/r.dinnage/Projects/phenovision/xAI/py/extractor/block_optim.py:258: RuntimeWarning: overflow encountered in cast
  scalars = np.array([lam_max, lam_floor, trace, sum_log, pr, eff_rank, cond, aniso,
[extract] step=4650 SKIP heavy block block_circuits (ordinal=930 basis=step_fallback heavy_every=8)
[extract] step=4650 heavy=FALSE total=169.41s | block_optim=128.54 block_weights=28.65 block_trajectory=0.68
[collector wcpu1] cpu-pass DONE run_id=plantclef__stable_evo__s42 step=4650 blocks_ok=3 t=169.415s (all_passes_complete=False)
[collector wcpu1] --once drained 1 checkpoint(s); exiting.
[cwcpu1] drained 1 checkpoint(s); looping.
[collector wcpu1] --once drained 0 checkpoint(s); exiting.
[collector wcpu1] --once drained 0 checkpoint(s); exiting.
[collector wcpu1] --once drained 0 checkpoint(s); exiting.
[collector wcpu1] --once drained 0 checkpoint(s); exiting.
[collector wcpu1] --once drained 0 checkpoint(s); exiting.
[collector wcpu1] --once drained 0 checkpoint(s); exiting.
[collector wcpu1] --once drained 0 checkpoint(s); exiting.
[collector wcpu1] --once drained 0 checkpoint(s); exiting.
error    libmamba Could not set lock (Resource temporarily unavailable)
warning  libmamba Cannot lock '/home/r.dinnage/.cache/mamba/proc'
    Waiting for other mamba process to finish
[collector wcpu1] --once drained 0 checkpoint(s); exiting.
[collector wcpu1] no probe/val CSV (probe_csv=None, val_csv=None); forward/backward blocks skipped for run_id=plantclef__stable_evo__s42.
[Extractor] block_set='cpu': CPU-only block set ['block_optim', 'block_weights', 'block_trajectory', 'block_circuits'] needs no model forward — skipping probe/Hessian build (no CSV/dataloaders, lower host RAM).
/blue/guralnick/share/r.dinnage/Projects/phenovision/xAI/py/extractor/block_optim.py:258: RuntimeWarning: overflow encountered in cast
  scalars = np.array([lam_max, lam_floor, trace, sum_log, pr, eff_rank, cond, aniso,
[extract] step=4686 SKIP heavy block block_circuits (ordinal=937 basis=step_fallback heavy_every=8)
[extract] step=4686 heavy=FALSE total=171.99s | block_optim=129.27 block_weights=30.55 block_trajectory=0.65
[collector wcpu1] cpu-pass DONE run_id=plantclef__stable_evo__s42 step=4686 blocks_ok=3 t=171.99s (all_passes_complete=False)
[collector wcpu1] --once drained 1 checkpoint(s); exiting.
[cwcpu1] drained 1 checkpoint(s); looping.
[collector wcpu1] --once drained 0 checkpoint(s); exiting.
[collector wcpu1] --once drained 0 checkpoint(s); exiting.
[collector wcpu1] --once drained 0 checkpoint(s); exiting.
[collector wcpu1] --once drained 0 checkpoint(s); exiting.
error    libmamba Could not set lock (Resource temporarily unavailable)
warning  libmamba Cannot lock '/home/r.dinnage/.cache/mamba/proc'
    Waiting for other mamba process to finish
[collector wcpu1] --once drained 0 checkpoint(s); exiting.
error    libmamba Could not set lock (Resource temporarily unavailable)
warning  libmamba Cannot lock '/home/r.dinnage/.cache/mamba/proc'
    Waiting for other mamba process to finish
[collector wcpu1] --once drained 0 checkpoint(s); exiting.
[collector wcpu1] --once drained 0 checkpoint(s); exiting.
[collector wcpu1] --once drained 0 checkpoint(s); exiting.
[collector wcpu1] --once drained 0 checkpoint(s); exiting.
[collector wcpu1] --once drained 0 checkpoint(s); exiting.
[collector wcpu1] --once drained 0 checkpoint(s); exiting.
[collector wcpu1] --once drained 0 checkpoint(s); exiting.
[collector wcpu1] --once drained 0 checkpoint(s); exiting.
[collector wcpu1] --once drained 0 checkpoint(s); exiting.
[collector wcpu1] --once drained 0 checkpoint(s); exiting.
[collector wcpu1] --once drained 0 checkpoint(s); exiting.
[collector wcpu1] --once drained 0 checkpoint(s); exiting.
error    libmamba Could not set lock (Resource temporarily unavailable)
warning  libmamba Cannot lock '/home/r.dinnage/.cache/mamba/proc'
    Waiting for other mamba process to finish
[collector wcpu1] --once drained 0 checkpoint(s); exiting.
[collector wcpu1] --once drained 0 checkpoint(s); exiting.
[collector wcpu1] --once drained 0 checkpoint(s); exiting.
[collector wcpu1] --once drained 0 checkpoint(s); exiting.
[collector wcpu1] --once drained 0 checkpoint(s); exiting.
[collector wcpu1] --once drained 0 checkpoint(s); exiting.
[collector wcpu1] --once drained 0 checkpoint(s); exiting.
[collector wcpu1] no probe/val CSV (probe_csv=None, val_csv=None); forward/backward blocks skipped for run_id=plantclef__stable_evo__s42.
[Extractor] block_set='cpu': CPU-only block set ['block_optim', 'block_weights', 'block_trajectory', 'block_circuits'] needs no model forward — skipping probe/Hessian build (no CSV/dataloaders, lower host RAM).
/blue/guralnick/share/r.dinnage/Projects/phenovision/xAI/py/extractor/block_optim.py:258: RuntimeWarning: overflow encountered in cast
  scalars = np.array([lam_max, lam_floor, trace, sum_log, pr, eff_rank, cond, aniso,
[extract] step=4748 SKIP heavy block block_circuits (ordinal=949 basis=step_fallback heavy_every=8)
[extract] step=4748 heavy=FALSE total=173.85s | block_optim=128.70 block_weights=32.86 block_trajectory=0.62
[collector wcpu1] cpu-pass DONE run_id=plantclef__stable_evo__s42 step=4748 blocks_ok=3 t=173.848s (all_passes_complete=False)
[collector wcpu1] --once drained 1 checkpoint(s); exiting.
[cwcpu1] drained 1 checkpoint(s); looping.
[collector wcpu1] --once drained 0 checkpoint(s); exiting.
[collector wcpu1] --once drained 0 checkpoint(s); exiting.
[collector wcpu1] --once drained 0 checkpoint(s); exiting.
[collector wcpu1] no probe/val CSV (probe_csv=None, val_csv=None); forward/backward blocks skipped for run_id=plantclef__stable_evo__s42.
[Extractor] block_set='cpu': CPU-only block set ['block_optim', 'block_weights', 'block_trajectory', 'block_circuits'] needs no model forward — skipping probe/Hessian build (no CSV/dataloaders, lower host RAM).
/blue/guralnick/share/r.dinnage/Projects/phenovision/xAI/py/extractor/block_optim.py:258: RuntimeWarning: overflow encountered in cast
  scalars = np.array([lam_max, lam_floor, trace, sum_log, pr, eff_rank, cond, aniso,
[extract] step=4772 SKIP heavy block block_circuits (ordinal=954 basis=step_fallback heavy_every=8)
[extract] step=4772 heavy=FALSE total=175.91s | block_optim=132.35 block_weights=31.57 block_trajectory=0.56
[collector wcpu1] cpu-pass DONE run_id=plantclef__stable_evo__s42 step=4772 blocks_ok=3 t=175.907s (all_passes_complete=False)
[collector wcpu1] --once drained 1 checkpoint(s); exiting.
[cwcpu1] drained 1 checkpoint(s); looping.
[collector wcpu1] --once drained 0 checkpoint(s); exiting.
[collector wcpu1] --once drained 0 checkpoint(s); exiting.
[collector wcpu1] --once drained 0 checkpoint(s); exiting.
[collector wcpu1] --once drained 0 checkpoint(s); exiting.
[collector wcpu1] --once drained 0 checkpoint(s); exiting.
[collector wcpu1] --once drained 0 checkpoint(s); exiting.
error    libmamba Could not set lock (Resource temporarily unavailable)
warning  libmamba Cannot lock '/home/r.dinnage/.cache/mamba/proc'
    Waiting for other mamba process to finish
[collector wcpu1] --once drained 0 checkpoint(s); exiting.
[collector wcpu1] --once drained 0 checkpoint(s); exiting.
error    libmamba Could not set lock (Resource temporarily unavailable)
warning  libmamba Cannot lock '/home/r.dinnage/.cache/mamba/proc'
    Waiting for other mamba process to finish
[collector wcpu1] --once drained 0 checkpoint(s); exiting.
[cwcpu1] all RUN_COMPLETE sentinels present; performing FINAL drain...
[cwcpu1] final drain still had work (drained=0 depth=1); a GPU worker may still be emitting/claiming. Looping.
[collector wcpu1] --once drained 0 checkpoint(s); exiting.
[cwcpu1] all RUN_COMPLETE sentinels present; performing FINAL drain...
[cwcpu1] final drain still had work (drained=0 depth=1); a GPU worker may still be emitting/claiming. Looping.
[collector wcpu1] --once drained 0 checkpoint(s); exiting.
[cwcpu1] all RUN_COMPLETE sentinels present; performing FINAL drain...
[cwcpu1] final drain still had work (drained=0 depth=1); a GPU worker may still be emitting/claiming. Looping.
[collector wcpu1] --once drained 0 checkpoint(s); exiting.
[cwcpu1] all RUN_COMPLETE sentinels present; performing FINAL drain...
[cwcpu1] final drain still had work (drained=0 depth=1); a GPU worker may still be emitting/claiming. Looping.
[collector wcpu1] --once drained 0 checkpoint(s); exiting.
[cwcpu1] all RUN_COMPLETE sentinels present; performing FINAL drain...
[cwcpu1] final drain still had work (drained=0 depth=1); a GPU worker may still be emitting/claiming. Looping.
[collector wcpu1] --once drained 0 checkpoint(s); exiting.
[cwcpu1] all RUN_COMPLETE sentinels present; performing FINAL drain...
[cwcpu1] final drain still had work (drained=0 depth=1); a GPU worker may still be emitting/claiming. Looping.
[collector wcpu1] --once drained 0 checkpoint(s); exiting.
[cwcpu1] all RUN_COMPLETE sentinels present; performing FINAL drain...
[cwcpu1] final drain still had work (drained=0 depth=1); a GPU worker may still be emitting/claiming. Looping.
[collector wcpu1] --once drained 0 checkpoint(s); exiting.
[cwcpu1] all RUN_COMPLETE sentinels present; performing FINAL drain...
[cwcpu1] final drain found nothing new and aggregate queue depth=0 -> all runs collected. Exiting.
Done: Fri Jun 19 05:47:43 PM EDT 2026
