Tue Jun 16 05:36:26 PM EDT 2026
host=c1105a-s5.ufhpc
pwd=/blue/guralnick/share/r.dinnage/Projects/phenovision
=== preadapt collector worker 1 ===
run_dir=xAI/output/preadapt/mae__adamw__s42 variant=adamw seed=42
watch_dir=xAI/output/preadapt/mae__adamw__s42/checkpoints
sentinel=xAI/output/preadapt/mae__adamw__s42/RUN_COMPLETE
out_store=xAI/output/preadapt/_extract_store
val_csv=data/inat/val_v1.1.0.csv
poll=15s heavy_every=3 retention_latest_keep=2 keep_full_latest=2
train_jid=34869937
d90_queue=xAI/output/preadapt/_d90_queue
[collector w1] --once drained 0 checkpoint(s); exiting.
[cw1] d90 START 001_mae_d100_s43.args  (claim=34869939_w1)
[cw1] d90 args: --condition mae --d 100 --seed 43 --shared-tokenizer mae --variant stable_evo --step_cap 4000 --patience 8 --eps 0.0001 --eval_every 50 --batch_size 384 --lr 0.001 --train_csv data/inat/train_v1.1.0.csv --val_csv data/inat/val_v1.1.0.csv --out xAI/output/preadapt/_d90_queue/d90_results.csv
[collector w1] --once drained 0 checkpoint(s); exiting.
[cw1] d90 START 003_mae_d100_s45.args  (claim=34869939_w1)
[cw1] d90 args: --condition mae --d 100 --seed 45 --shared-tokenizer mae --variant stable_evo --step_cap 4000 --patience 8 --eps 0.0001 --eval_every 50 --batch_size 384 --lr 0.001 --train_csv data/inat/train_v1.1.0.csv --val_csv data/inat/val_v1.1.0.csv --out xAI/output/preadapt/_d90_queue/d90_results.csv
[collector w1] --once drained 0 checkpoint(s); exiting.
[cw1] d90 START 005_mae_d300_s42.args  (claim=34869939_w1)
[cw1] d90 args: --condition mae --d 300 --seed 42 --shared-tokenizer mae --variant stable_evo --step_cap 4000 --patience 8 --eps 0.0001 --eval_every 50 --batch_size 384 --lr 0.001 --train_csv data/inat/train_v1.1.0.csv --val_csv data/inat/val_v1.1.0.csv --out xAI/output/preadapt/_d90_queue/d90_results.csv
[collector w1] --once drained 0 checkpoint(s); exiting.
[cw1] d90 START 007_mae_d300_s44.args  (claim=34869939_w1)
[cw1] d90 args: --condition mae --d 300 --seed 44 --shared-tokenizer mae --variant stable_evo --step_cap 4000 --patience 8 --eps 0.0001 --eval_every 50 --batch_size 384 --lr 0.001 --train_csv data/inat/train_v1.1.0.csv --val_csv data/inat/val_v1.1.0.csv --out xAI/output/preadapt/_d90_queue/d90_results.csv
[collector w1] --once drained 0 checkpoint(s); exiting.
[cw1] d90 START 009_mae_d300_s46.args  (claim=34869939_w1)
[cw1] d90 args: --condition mae --d 300 --seed 46 --shared-tokenizer mae --variant stable_evo --step_cap 4000 --patience 8 --eps 0.0001 --eval_every 50 --batch_size 384 --lr 0.001 --train_csv data/inat/train_v1.1.0.csv --val_csv data/inat/val_v1.1.0.csv --out xAI/output/preadapt/_d90_queue/d90_results.csv
[collector w1] --once drained 0 checkpoint(s); exiting.
[cw1] d90 START 011_mae_d1000_s43.args  (claim=34869939_w1)
[cw1] d90 args: --condition mae --d 1000 --seed 43 --shared-tokenizer mae --variant stable_evo --step_cap 4000 --patience 8 --eps 0.0001 --eval_every 50 --batch_size 384 --lr 0.001 --train_csv data/inat/train_v1.1.0.csv --val_csv data/inat/val_v1.1.0.csv --out xAI/output/preadapt/_d90_queue/d90_results.csv
[collector w1] --once drained 0 checkpoint(s); exiting.
[cw1] d90 START 013_mae_d1000_s45.args  (claim=34869939_w1)
[cw1] d90 args: --condition mae --d 1000 --seed 45 --shared-tokenizer mae --variant stable_evo --step_cap 4000 --patience 8 --eps 0.0001 --eval_every 50 --batch_size 384 --lr 0.001 --train_csv data/inat/train_v1.1.0.csv --val_csv data/inat/val_v1.1.0.csv --out xAI/output/preadapt/_d90_queue/d90_results.csv
[collector w1] --once drained 0 checkpoint(s); exiting.
[cw1] d90 START 015_mae_d3000_s42.args  (claim=34869939_w1)
[cw1] d90 args: --condition mae --d 3000 --seed 42 --shared-tokenizer mae --variant stable_evo --step_cap 4000 --patience 8 --eps 0.0001 --eval_every 50 --batch_size 384 --lr 0.001 --train_csv data/inat/train_v1.1.0.csv --val_csv data/inat/val_v1.1.0.csv --out xAI/output/preadapt/_d90_queue/d90_results.csv
[collector w1] --once drained 0 checkpoint(s); exiting.
[cw1] d90 START 017_mae_d3000_s44.args  (claim=34869939_w1)
[cw1] d90 args: --condition mae --d 3000 --seed 44 --shared-tokenizer mae --variant stable_evo --step_cap 4000 --patience 8 --eps 0.0001 --eval_every 50 --batch_size 384 --lr 0.001 --train_csv data/inat/train_v1.1.0.csv --val_csv data/inat/val_v1.1.0.csv --out xAI/output/preadapt/_d90_queue/d90_results.csv
[collector w1] --once drained 0 checkpoint(s); exiting.
[cw1] d90 START 020_mae_d10000_s42.args  (claim=34869939_w1)
[cw1] d90 args: --condition mae --d 10000 --seed 42 --shared-tokenizer mae --variant stable_evo --step_cap 4000 --patience 8 --eps 0.0001 --eval_every 50 --batch_size 384 --lr 0.001 --train_csv data/inat/train_v1.1.0.csv --val_csv data/inat/val_v1.1.0.csv --out xAI/output/preadapt/_d90_queue/d90_results.csv
[collector w1] --once drained 0 checkpoint(s); exiting.
[cw1] d90 START 022_mae_d10000_s44.args  (claim=34869939_w1)
[cw1] d90 args: --condition mae --d 10000 --seed 44 --shared-tokenizer mae --variant stable_evo --step_cap 4000 --patience 8 --eps 0.0001 --eval_every 50 --batch_size 384 --lr 0.001 --train_csv data/inat/train_v1.1.0.csv --val_csv data/inat/val_v1.1.0.csv --out xAI/output/preadapt/_d90_queue/d90_results.csv
[collector w1] --once drained 0 checkpoint(s); exiting.
[cw1] d90 START 024_mae_d10000_s46.args  (claim=34869939_w1)
[cw1] d90 args: --condition mae --d 10000 --seed 46 --shared-tokenizer mae --variant stable_evo --step_cap 4000 --patience 8 --eps 0.0001 --eval_every 50 --batch_size 384 --lr 0.001 --train_csv data/inat/train_v1.1.0.csv --val_csv data/inat/val_v1.1.0.csv --out xAI/output/preadapt/_d90_queue/d90_results.csv
[collector w1] --once drained 0 checkpoint(s); exiting.
[cw1] d90 START 026_mae_d30000_s43.args  (claim=34869939_w1)
[cw1] d90 args: --condition mae --d 30000 --seed 43 --shared-tokenizer mae --variant stable_evo --step_cap 4000 --patience 8 --eps 0.0001 --eval_every 50 --batch_size 384 --lr 0.001 --train_csv data/inat/train_v1.1.0.csv --val_csv data/inat/val_v1.1.0.csv --out xAI/output/preadapt/_d90_queue/d90_results.csv
[collector w1] --once drained 0 checkpoint(s); exiting.
[cw1] d90 START 028_mae_d30000_s45.args  (claim=34869939_w1)
[cw1] d90 args: --condition mae --d 30000 --seed 45 --shared-tokenizer mae --variant stable_evo --step_cap 4000 --patience 8 --eps 0.0001 --eval_every 50 --batch_size 384 --lr 0.001 --train_csv data/inat/train_v1.1.0.csv --val_csv data/inat/val_v1.1.0.csv --out xAI/output/preadapt/_d90_queue/d90_results.csv
[collector w1] --once drained 0 checkpoint(s); exiting.
[cw1] d90 START 030_mae_d100000_s42.args  (claim=34869939_w1)
[cw1] d90 args: --condition mae --d 100000 --seed 42 --shared-tokenizer mae --variant stable_evo --step_cap 4000 --patience 8 --eps 0.0001 --eval_every 50 --batch_size 384 --lr 0.001 --train_csv data/inat/train_v1.1.0.csv --val_csv data/inat/val_v1.1.0.csv --out xAI/output/preadapt/_d90_queue/d90_results.csv
[collector w1] --once drained 0 checkpoint(s); exiting.
[cw1] d90 START 032_mae_d100000_s44.args  (claim=34869939_w1)
[cw1] d90 args: --condition mae --d 100000 --seed 44 --shared-tokenizer mae --variant stable_evo --step_cap 4000 --patience 8 --eps 0.0001 --eval_every 50 --batch_size 384 --lr 0.001 --train_csv data/inat/train_v1.1.0.csv --val_csv data/inat/val_v1.1.0.csv --out xAI/output/preadapt/_d90_queue/d90_results.csv
[collector w1] --once drained 0 checkpoint(s); exiting.
[cw1] d90 START 034_mae_d100000_s46.args  (claim=34869939_w1)
[cw1] d90 args: --condition mae --d 100000 --seed 46 --shared-tokenizer mae --variant stable_evo --step_cap 4000 --patience 8 --eps 0.0001 --eval_every 50 --batch_size 384 --lr 0.001 --train_csv data/inat/train_v1.1.0.csv --val_csv data/inat/val_v1.1.0.csv --out xAI/output/preadapt/_d90_queue/d90_results.csv
[collector w1] --once drained 0 checkpoint(s); exiting.
[cw1] d90 START 036_mae_d300000_s43.args  (claim=34869939_w1)
[cw1] d90 args: --condition mae --d 300000 --seed 43 --shared-tokenizer mae --variant stable_evo --step_cap 4000 --patience 8 --eps 0.0001 --eval_every 50 --batch_size 384 --lr 0.001 --train_csv data/inat/train_v1.1.0.csv --val_csv data/inat/val_v1.1.0.csv --out xAI/output/preadapt/_d90_queue/d90_results.csv
[collector w1] --once drained 0 checkpoint(s); exiting.
[cw1] d90 START 039_mae_d300000_s46.args  (claim=34869939_w1)
[cw1] d90 args: --condition mae --d 300000 --seed 46 --shared-tokenizer mae --variant stable_evo --step_cap 4000 --patience 8 --eps 0.0001 --eval_every 50 --batch_size 384 --lr 0.001 --train_csv data/inat/train_v1.1.0.csv --val_csv data/inat/val_v1.1.0.csv --out xAI/output/preadapt/_d90_queue/d90_results.csv
[collector w1] --once drained 0 checkpoint(s); exiting.
[cw1] d90 START 041_plantclef_d100_s43.args  (claim=34869939_w1)
[cw1] d90 args: --condition plantclef --d 100 --seed 43 --shared-tokenizer mae --variant stable_evo --step_cap 4000 --patience 8 --eps 0.0001 --eval_every 50 --batch_size 384 --lr 0.001 --train_csv data/inat/train_v1.1.0.csv --val_csv data/inat/val_v1.1.0.csv --out xAI/output/preadapt/_d90_queue/d90_results.csv
[collector w1] --once drained 0 checkpoint(s); exiting.
[cw1] d90 START 043_plantclef_d100_s45.args  (claim=34869939_w1)
[cw1] d90 args: --condition plantclef --d 100 --seed 45 --shared-tokenizer mae --variant stable_evo --step_cap 4000 --patience 8 --eps 0.0001 --eval_every 50 --batch_size 384 --lr 0.001 --train_csv data/inat/train_v1.1.0.csv --val_csv data/inat/val_v1.1.0.csv --out xAI/output/preadapt/_d90_queue/d90_results.csv
[collector w1] --once drained 0 checkpoint(s); exiting.
[cw1] d90 START 045_plantclef_d300_s42.args  (claim=34869939_w1)
[cw1] d90 args: --condition plantclef --d 300 --seed 42 --shared-tokenizer mae --variant stable_evo --step_cap 4000 --patience 8 --eps 0.0001 --eval_every 50 --batch_size 384 --lr 0.001 --train_csv data/inat/train_v1.1.0.csv --val_csv data/inat/val_v1.1.0.csv --out xAI/output/preadapt/_d90_queue/d90_results.csv
[collector w1] --once drained 0 checkpoint(s); exiting.
[cw1] d90 START 047_plantclef_d300_s44.args  (claim=34869939_w1)
[cw1] d90 args: --condition plantclef --d 300 --seed 44 --shared-tokenizer mae --variant stable_evo --step_cap 4000 --patience 8 --eps 0.0001 --eval_every 50 --batch_size 384 --lr 0.001 --train_csv data/inat/train_v1.1.0.csv --val_csv data/inat/val_v1.1.0.csv --out xAI/output/preadapt/_d90_queue/d90_results.csv
[collector w1] --once drained 0 checkpoint(s); exiting.
[cw1] d90 START 049_plantclef_d300_s46.args  (claim=34869939_w1)
[cw1] d90 args: --condition plantclef --d 300 --seed 46 --shared-tokenizer mae --variant stable_evo --step_cap 4000 --patience 8 --eps 0.0001 --eval_every 50 --batch_size 384 --lr 0.001 --train_csv data/inat/train_v1.1.0.csv --val_csv data/inat/val_v1.1.0.csv --out xAI/output/preadapt/_d90_queue/d90_results.csv
[collector w1] --once drained 0 checkpoint(s); exiting.
[cw1] d90 START 051_plantclef_d1000_s43.args  (claim=34869939_w1)
[cw1] d90 args: --condition plantclef --d 1000 --seed 43 --shared-tokenizer mae --variant stable_evo --step_cap 4000 --patience 8 --eps 0.0001 --eval_every 50 --batch_size 384 --lr 0.001 --train_csv data/inat/train_v1.1.0.csv --val_csv data/inat/val_v1.1.0.csv --out xAI/output/preadapt/_d90_queue/d90_results.csv
[collector w1] --once drained 0 checkpoint(s); exiting.
[cw1] d90 START 054_plantclef_d1000_s46.args  (claim=34869939_w1)
[cw1] d90 args: --condition plantclef --d 1000 --seed 46 --shared-tokenizer mae --variant stable_evo --step_cap 4000 --patience 8 --eps 0.0001 --eval_every 50 --batch_size 384 --lr 0.001 --train_csv data/inat/train_v1.1.0.csv --val_csv data/inat/val_v1.1.0.csv --out xAI/output/preadapt/_d90_queue/d90_results.csv
[collector w1] --once drained 0 checkpoint(s); exiting.
[cw1] d90 START 056_plantclef_d3000_s43.args  (claim=34869939_w1)
[cw1] d90 args: --condition plantclef --d 3000 --seed 43 --shared-tokenizer mae --variant stable_evo --step_cap 4000 --patience 8 --eps 0.0001 --eval_every 50 --batch_size 384 --lr 0.001 --train_csv data/inat/train_v1.1.0.csv --val_csv data/inat/val_v1.1.0.csv --out xAI/output/preadapt/_d90_queue/d90_results.csv
[collector w1] --once drained 0 checkpoint(s); exiting.
[cw1] d90 START 058_plantclef_d3000_s45.args  (claim=34869939_w1)
[cw1] d90 args: --condition plantclef --d 3000 --seed 45 --shared-tokenizer mae --variant stable_evo --step_cap 4000 --patience 8 --eps 0.0001 --eval_every 50 --batch_size 384 --lr 0.001 --train_csv data/inat/train_v1.1.0.csv --val_csv data/inat/val_v1.1.0.csv --out xAI/output/preadapt/_d90_queue/d90_results.csv
[collector w1] --once drained 0 checkpoint(s); exiting.
[cw1] d90 START 060_plantclef_d10000_s42.args  (claim=34869939_w1)
[cw1] d90 args: --condition plantclef --d 10000 --seed 42 --shared-tokenizer mae --variant stable_evo --step_cap 4000 --patience 8 --eps 0.0001 --eval_every 50 --batch_size 384 --lr 0.001 --train_csv data/inat/train_v1.1.0.csv --val_csv data/inat/val_v1.1.0.csv --out xAI/output/preadapt/_d90_queue/d90_results.csv
[collector w1] --once drained 0 checkpoint(s); exiting.
[cw1] d90 START 062_plantclef_d10000_s44.args  (claim=34869939_w1)
[cw1] d90 args: --condition plantclef --d 10000 --seed 44 --shared-tokenizer mae --variant stable_evo --step_cap 4000 --patience 8 --eps 0.0001 --eval_every 50 --batch_size 384 --lr 0.001 --train_csv data/inat/train_v1.1.0.csv --val_csv data/inat/val_v1.1.0.csv --out xAI/output/preadapt/_d90_queue/d90_results.csv
[collector w1] --once drained 0 checkpoint(s); exiting.
[cw1] d90 START 064_plantclef_d10000_s46.args  (claim=34869939_w1)
[cw1] d90 args: --condition plantclef --d 10000 --seed 46 --shared-tokenizer mae --variant stable_evo --step_cap 4000 --patience 8 --eps 0.0001 --eval_every 50 --batch_size 384 --lr 0.001 --train_csv data/inat/train_v1.1.0.csv --val_csv data/inat/val_v1.1.0.csv --out xAI/output/preadapt/_d90_queue/d90_results.csv
[collector w1] --once drained 0 checkpoint(s); exiting.
[cw1] d90 START 066_plantclef_d30000_s43.args  (claim=34869939_w1)
[cw1] d90 args: --condition plantclef --d 30000 --seed 43 --shared-tokenizer mae --variant stable_evo --step_cap 4000 --patience 8 --eps 0.0001 --eval_every 50 --batch_size 384 --lr 0.001 --train_csv data/inat/train_v1.1.0.csv --val_csv data/inat/val_v1.1.0.csv --out xAI/output/preadapt/_d90_queue/d90_results.csv
[collector w1] --once drained 0 checkpoint(s); exiting.
[cw1] d90 START 069_plantclef_d30000_s46.args  (claim=34869939_w1)
[cw1] d90 args: --condition plantclef --d 30000 --seed 46 --shared-tokenizer mae --variant stable_evo --step_cap 4000 --patience 8 --eps 0.0001 --eval_every 50 --batch_size 384 --lr 0.001 --train_csv data/inat/train_v1.1.0.csv --val_csv data/inat/val_v1.1.0.csv --out xAI/output/preadapt/_d90_queue/d90_results.csv
[collector w1] --once drained 0 checkpoint(s); exiting.
[cw1] d90 START 071_plantclef_d100000_s43.args  (claim=34869939_w1)
[cw1] d90 args: --condition plantclef --d 100000 --seed 43 --shared-tokenizer mae --variant stable_evo --step_cap 4000 --patience 8 --eps 0.0001 --eval_every 50 --batch_size 384 --lr 0.001 --train_csv data/inat/train_v1.1.0.csv --val_csv data/inat/val_v1.1.0.csv --out xAI/output/preadapt/_d90_queue/d90_results.csv
[collector w1] --once drained 0 checkpoint(s); exiting.
[cw1] d90 START 073_plantclef_d100000_s45.args  (claim=34869939_w1)
[cw1] d90 args: --condition plantclef --d 100000 --seed 45 --shared-tokenizer mae --variant stable_evo --step_cap 4000 --patience 8 --eps 0.0001 --eval_every 50 --batch_size 384 --lr 0.001 --train_csv data/inat/train_v1.1.0.csv --val_csv data/inat/val_v1.1.0.csv --out xAI/output/preadapt/_d90_queue/d90_results.csv
[collector w1] --once drained 0 checkpoint(s); exiting.
[cw1] d90 START 075_plantclef_d300000_s42.args  (claim=34869939_w1)
[cw1] d90 args: --condition plantclef --d 300000 --seed 42 --shared-tokenizer mae --variant stable_evo --step_cap 4000 --patience 8 --eps 0.0001 --eval_every 50 --batch_size 384 --lr 0.001 --train_csv data/inat/train_v1.1.0.csv --val_csv data/inat/val_v1.1.0.csv --out xAI/output/preadapt/_d90_queue/d90_results.csv
[collector w1] --once drained 0 checkpoint(s); exiting.
[cw1] d90 START 077_plantclef_d300000_s44.args  (claim=34869939_w1)
[cw1] d90 args: --condition plantclef --d 300000 --seed 44 --shared-tokenizer mae --variant stable_evo --step_cap 4000 --patience 8 --eps 0.0001 --eval_every 50 --batch_size 384 --lr 0.001 --train_csv data/inat/train_v1.1.0.csv --val_csv data/inat/val_v1.1.0.csv --out xAI/output/preadapt/_d90_queue/d90_results.csv
[collector w1] --once drained 0 checkpoint(s); exiting.
[cw1] d90 START 079_plantclef_d300000_s46.args  (claim=34869939_w1)
[cw1] d90 args: --condition plantclef --d 300000 --seed 46 --shared-tokenizer mae --variant stable_evo --step_cap 4000 --patience 8 --eps 0.0001 --eval_every 50 --batch_size 384 --lr 0.001 --train_csv data/inat/train_v1.1.0.csv --val_csv data/inat/val_v1.1.0.csv --out xAI/output/preadapt/_d90_queue/d90_results.csv
[collector w1] --once drained 0 checkpoint(s); exiting.
[cw1] d90 START 081_naive_d100_s43.args  (claim=34869939_w1)
[cw1] d90 args: --condition naive --d 100 --seed 43 --shared-tokenizer mae --variant stable_evo --step_cap 4000 --patience 8 --eps 0.0001 --eval_every 50 --batch_size 384 --lr 0.001 --train_csv data/inat/train_v1.1.0.csv --val_csv data/inat/val_v1.1.0.csv --out xAI/output/preadapt/_d90_queue/d90_results.csv
[collector w1] --once drained 0 checkpoint(s); exiting.
[cw1] d90 START 084_naive_d100_s46.args  (claim=34869939_w1)
[cw1] d90 args: --condition naive --d 100 --seed 46 --shared-tokenizer mae --variant stable_evo --step_cap 4000 --patience 8 --eps 0.0001 --eval_every 50 --batch_size 384 --lr 0.001 --train_csv data/inat/train_v1.1.0.csv --val_csv data/inat/val_v1.1.0.csv --out xAI/output/preadapt/_d90_queue/d90_results.csv
[collector w1] --once drained 0 checkpoint(s); exiting.
[cw1] d90 START 086_naive_d300_s43.args  (claim=34869939_w1)
[cw1] d90 args: --condition naive --d 300 --seed 43 --shared-tokenizer mae --variant stable_evo --step_cap 4000 --patience 8 --eps 0.0001 --eval_every 50 --batch_size 384 --lr 0.001 --train_csv data/inat/train_v1.1.0.csv --val_csv data/inat/val_v1.1.0.csv --out xAI/output/preadapt/_d90_queue/d90_results.csv
[collector w1] --once drained 0 checkpoint(s); exiting.
[cw1] d90 START 000_mae_d100_s42.args  (claim=34869939_w1)
[cw1] d90 args: --backfill --condition mae --d 100 --seed 42 --shared-tokenizer mae --variant stable_evo --step_cap 4000 --patience 8 --eps 0.0001 --eval_every 50 --batch_size 384 --lr 0.001 --train_csv data/inat/train_v1.1.0.csv --val_csv data/inat/val_v1.1.0.csv --out xAI/output/preadapt/_d90_queue/d90_results.csv
============================================================
d90 subspace run (theta = theta0 + P v) [BACKFILL]
  condition        : mae
  d                : 100
  seed             : 42
  shared-tokenizer : mae
  perf_init/full   : <measure> / <post-hoc>
  device           : cuda:0
============================================================
[preadapt_models] init_model(condition='mae', exact_control_tokenizer=False): 303,303,682 params (303,303,682 currently trainable, pre-freeze).
[preadapt_train] applied MAE shared input stage (patch_embed + pos_embed).
[preadapt_models] freeze_input_stage: froze 3 input-stage tensors.
  D_trainable      : 302,314,498  ->  d=100  (P: {'method': 'achlioptas', 'seed': 42, 'd': 100, 'D_trainable': 302314498, 'density': 5.751359468564455e-05})
  perf_init (measured at v=0): 0.4103
  target (90%-gain): <post-hoc; running to plateau/step_cap>
[collector w1] --once drained 0 checkpoint(s); exiting.
[cw1] d90 START 002_mae_d100_s44.args  (claim=34869939_w1)
[cw1] d90 args: --backfill --condition mae --d 100 --seed 44 --shared-tokenizer mae --variant stable_evo --step_cap 4000 --patience 8 --eps 0.0001 --eval_every 50 --batch_size 384 --lr 0.001 --train_csv data/inat/train_v1.1.0.csv --val_csv data/inat/val_v1.1.0.csv --out xAI/output/preadapt/_d90_queue/d90_results.csv
============================================================
d90 subspace run (theta = theta0 + P v) [BACKFILL]
  condition        : mae
  d                : 100
  seed             : 44
  shared-tokenizer : mae
  perf_init/full   : <measure> / <post-hoc>
  device           : cuda:0
============================================================
[preadapt_models] init_model(condition='mae', exact_control_tokenizer=False): 303,303,682 params (303,303,682 currently trainable, pre-freeze).
[preadapt_train] applied MAE shared input stage (patch_embed + pos_embed).
[preadapt_models] freeze_input_stage: froze 3 input-stage tensors.
  D_trainable      : 302,314,498  ->  d=100  (P: {'method': 'achlioptas', 'seed': 44, 'd': 100, 'D_trainable': 302314498, 'density': 5.751359468564455e-05})
  perf_init (measured at v=0): 0.4045
  target (90%-gain): <post-hoc; running to plateau/step_cap>
[collector w1] --once drained 0 checkpoint(s); exiting.
[cw1] d90 START 004_mae_d100_s46.args  (claim=34869939_w1)
[cw1] d90 args: --backfill --condition mae --d 100 --seed 46 --shared-tokenizer mae --variant stable_evo --step_cap 4000 --patience 8 --eps 0.0001 --eval_every 50 --batch_size 384 --lr 0.001 --train_csv data/inat/train_v1.1.0.csv --val_csv data/inat/val_v1.1.0.csv --out xAI/output/preadapt/_d90_queue/d90_results.csv
============================================================
d90 subspace run (theta = theta0 + P v) [BACKFILL]
  condition        : mae
  d                : 100
  seed             : 46
  shared-tokenizer : mae
  perf_init/full   : <measure> / <post-hoc>
  device           : cuda:0
============================================================
[preadapt_models] init_model(condition='mae', exact_control_tokenizer=False): 303,303,682 params (303,303,682 currently trainable, pre-freeze).
[preadapt_train] applied MAE shared input stage (patch_embed + pos_embed).
[preadapt_models] freeze_input_stage: froze 3 input-stage tensors.
  D_trainable      : 302,314,498  ->  d=100  (P: {'method': 'achlioptas', 'seed': 46, 'd': 100, 'D_trainable': 302314498, 'density': 5.751359468564455e-05})
  perf_init (measured at v=0): 0.4069
  target (90%-gain): <post-hoc; running to plateau/step_cap>
[collector w1] --once drained 0 checkpoint(s); exiting.
[cw1] d90 START 006_mae_d300_s43.args  (claim=34869939_w1)
[cw1] d90 args: --backfill --condition mae --d 300 --seed 43 --shared-tokenizer mae --variant stable_evo --step_cap 4000 --patience 8 --eps 0.0001 --eval_every 50 --batch_size 384 --lr 0.001 --train_csv data/inat/train_v1.1.0.csv --val_csv data/inat/val_v1.1.0.csv --out xAI/output/preadapt/_d90_queue/d90_results.csv
============================================================
d90 subspace run (theta = theta0 + P v) [BACKFILL]
  condition        : mae
  d                : 300
  seed             : 43
  shared-tokenizer : mae
  perf_init/full   : <measure> / <post-hoc>
  device           : cuda:0
============================================================
[preadapt_models] init_model(condition='mae', exact_control_tokenizer=False): 303,303,682 params (303,303,682 currently trainable, pre-freeze).
[preadapt_train] applied MAE shared input stage (patch_embed + pos_embed).
[preadapt_models] freeze_input_stage: froze 3 input-stage tensors.
  D_trainable      : 302,314,498  ->  d=300  (P: {'method': 'achlioptas', 'seed': 43, 'd': 300, 'D_trainable': 302314498, 'density': 5.751359468564455e-05})
  perf_init (measured at v=0): 0.4101
  target (90%-gain): <post-hoc; running to plateau/step_cap>
[collector w1] --once drained 0 checkpoint(s); exiting.
[cw1] d90 START 008_mae_d300_s45.args  (claim=34869939_w1)
[cw1] d90 args: --backfill --condition mae --d 300 --seed 45 --shared-tokenizer mae --variant stable_evo --step_cap 4000 --patience 8 --eps 0.0001 --eval_every 50 --batch_size 384 --lr 0.001 --train_csv data/inat/train_v1.1.0.csv --val_csv data/inat/val_v1.1.0.csv --out xAI/output/preadapt/_d90_queue/d90_results.csv
============================================================
d90 subspace run (theta = theta0 + P v) [BACKFILL]
  condition        : mae
  d                : 300
  seed             : 45
  shared-tokenizer : mae
  perf_init/full   : <measure> / <post-hoc>
  device           : cuda:0
============================================================
[preadapt_models] init_model(condition='mae', exact_control_tokenizer=False): 303,303,682 params (303,303,682 currently trainable, pre-freeze).
[preadapt_train] applied MAE shared input stage (patch_embed + pos_embed).
[preadapt_models] freeze_input_stage: froze 3 input-stage tensors.
  D_trainable      : 302,314,498  ->  d=300  (P: {'method': 'achlioptas', 'seed': 45, 'd': 300, 'D_trainable': 302314498, 'density': 5.751359468564455e-05})
  perf_init (measured at v=0): 0.4070
  target (90%-gain): <post-hoc; running to plateau/step_cap>
[collector w1] --once drained 0 checkpoint(s); exiting.
[cw1] d90 START 011_mae_d1000_s43.args  (claim=34869939_w1)
[cw1] d90 args: --backfill --condition mae --d 1000 --seed 43 --shared-tokenizer mae --variant stable_evo --step_cap 4000 --patience 8 --eps 0.0001 --eval_every 50 --batch_size 384 --lr 0.001 --train_csv data/inat/train_v1.1.0.csv --val_csv data/inat/val_v1.1.0.csv --out xAI/output/preadapt/_d90_queue/d90_results.csv
============================================================
d90 subspace run (theta = theta0 + P v) [BACKFILL]
  condition        : mae
  d                : 1000
  seed             : 43
  shared-tokenizer : mae
  perf_init/full   : <measure> / <post-hoc>
  device           : cuda:0
============================================================
[preadapt_models] init_model(condition='mae', exact_control_tokenizer=False): 303,303,682 params (303,303,682 currently trainable, pre-freeze).
[preadapt_train] applied MAE shared input stage (patch_embed + pos_embed).
[preadapt_models] freeze_input_stage: froze 3 input-stage tensors.
  D_trainable      : 302,314,498  ->  d=1000  (P: {'method': 'achlioptas', 'seed': 43, 'd': 1000, 'D_trainable': 302314498, 'density': 5.751359468564455e-05})
  perf_init (measured at v=0): 0.4101
  target (90%-gain): <post-hoc; running to plateau/step_cap>
[collector w1] --once drained 0 checkpoint(s); exiting.
[cw1] d90 START 013_mae_d1000_s45.args  (claim=34869939_w1)
[cw1] d90 args: --backfill --condition mae --d 1000 --seed 45 --shared-tokenizer mae --variant stable_evo --step_cap 4000 --patience 8 --eps 0.0001 --eval_every 50 --batch_size 384 --lr 0.001 --train_csv data/inat/train_v1.1.0.csv --val_csv data/inat/val_v1.1.0.csv --out xAI/output/preadapt/_d90_queue/d90_results.csv
============================================================
d90 subspace run (theta = theta0 + P v) [BACKFILL]
  condition        : mae
  d                : 1000
  seed             : 45
  shared-tokenizer : mae
  perf_init/full   : <measure> / <post-hoc>
  device           : cuda:0
============================================================
[preadapt_models] init_model(condition='mae', exact_control_tokenizer=False): 303,303,682 params (303,303,682 currently trainable, pre-freeze).
[preadapt_train] applied MAE shared input stage (patch_embed + pos_embed).
[preadapt_models] freeze_input_stage: froze 3 input-stage tensors.
  D_trainable      : 302,314,498  ->  d=1000  (P: {'method': 'achlioptas', 'seed': 45, 'd': 1000, 'D_trainable': 302314498, 'density': 5.751359468564455e-05})
  perf_init (measured at v=0): 0.4070
  target (90%-gain): <post-hoc; running to plateau/step_cap>
[collector w1] --once drained 0 checkpoint(s); exiting.
[cw1] d90 START 015_mae_d3000_s42.args  (claim=34869939_w1)
[cw1] d90 args: --backfill --condition mae --d 3000 --seed 42 --shared-tokenizer mae --variant stable_evo --step_cap 4000 --patience 8 --eps 0.0001 --eval_every 50 --batch_size 384 --lr 0.001 --train_csv data/inat/train_v1.1.0.csv --val_csv data/inat/val_v1.1.0.csv --out xAI/output/preadapt/_d90_queue/d90_results.csv
============================================================
d90 subspace run (theta = theta0 + P v) [BACKFILL]
  condition        : mae
  d                : 3000
  seed             : 42
  shared-tokenizer : mae
  perf_init/full   : <measure> / <post-hoc>
  device           : cuda:0
============================================================
[preadapt_models] init_model(condition='mae', exact_control_tokenizer=False): 303,303,682 params (303,303,682 currently trainable, pre-freeze).
[preadapt_train] applied MAE shared input stage (patch_embed + pos_embed).
[preadapt_models] freeze_input_stage: froze 3 input-stage tensors.
  D_trainable      : 302,314,498  ->  d=3000  (P: {'method': 'achlioptas', 'seed': 42, 'd': 3000, 'D_trainable': 302314498, 'density': 5.751359468564455e-05})
  perf_init (measured at v=0): 0.4103
  target (90%-gain): <post-hoc; running to plateau/step_cap>
[collector w1] --once drained 0 checkpoint(s); exiting.
[cw1] d90 START 017_mae_d3000_s44.args  (claim=34869939_w1)
[cw1] d90 args: --backfill --condition mae --d 3000 --seed 44 --shared-tokenizer mae --variant stable_evo --step_cap 4000 --patience 8 --eps 0.0001 --eval_every 50 --batch_size 384 --lr 0.001 --train_csv data/inat/train_v1.1.0.csv --val_csv data/inat/val_v1.1.0.csv --out xAI/output/preadapt/_d90_queue/d90_results.csv
============================================================
d90 subspace run (theta = theta0 + P v) [BACKFILL]
  condition        : mae
  d                : 3000
  seed             : 44
  shared-tokenizer : mae
  perf_init/full   : <measure> / <post-hoc>
  device           : cuda:0
============================================================
[preadapt_models] init_model(condition='mae', exact_control_tokenizer=False): 303,303,682 params (303,303,682 currently trainable, pre-freeze).
[preadapt_train] applied MAE shared input stage (patch_embed + pos_embed).
[preadapt_models] freeze_input_stage: froze 3 input-stage tensors.
  D_trainable      : 302,314,498  ->  d=3000  (P: {'method': 'achlioptas', 'seed': 44, 'd': 3000, 'D_trainable': 302314498, 'density': 5.751359468564455e-05})
  perf_init (measured at v=0): 0.4045
  target (90%-gain): <post-hoc; running to plateau/step_cap>
[collector w1] --once drained 0 checkpoint(s); exiting.
[cw1] d90 START 001_mae_d100_s43.args  (claim=34869939_w1)
[cw1] d90 args: --backfill --condition mae --d 100 --seed 43 --shared-tokenizer mae --variant stable_evo --step_cap 4000 --patience 8 --eps 0.0001 --eval_every 50 --batch_size 64 --lr 0.001 --train_csv data/inat/train_v1.1.0.csv --val_csv data/inat/val_v1.1.0.csv --out xAI/output/preadapt/_d90_queue/d90_results.csv
============================================================
d90 subspace run (theta = theta0 + P v) [BACKFILL]
  condition        : mae
  d                : 100
  seed             : 43
  shared-tokenizer : mae
  perf_init/full   : <measure> / <post-hoc>
  device           : cuda:0
============================================================
[preadapt_models] init_model(condition='mae', exact_control_tokenizer=False): 303,303,682 params (303,303,682 currently trainable, pre-freeze).
[preadapt_train] applied MAE shared input stage (patch_embed + pos_embed).
[preadapt_models] freeze_input_stage: froze 3 input-stage tensors.
  D_trainable      : 302,314,498  ->  d=100  (P: {'method': 'achlioptas', 'seed': 43, 'd': 100, 'D_trainable': 302314498, 'density': 5.751359468564455e-05})
  perf_init (measured at v=0): 0.4101
  target (90%-gain): <post-hoc; running to plateau/step_cap>
  step=50 loss=0.6930 auc_pr_mean=0.4101 best=0.4101 target=<post-hoc> (6.3 min)
  step=100 loss=0.6930 auc_pr_mean=0.4095 best=0.4101 target=<post-hoc> (12.8 min)
  step=150 loss=0.6929 auc_pr_mean=0.4090 best=0.4101 target=<post-hoc> (19.1 min)
  step=200 loss=0.6929 auc_pr_mean=0.4096 best=0.4101 target=<post-hoc> (25.3 min)
  step=250 loss=0.6928 auc_pr_mean=0.4099 best=0.4101 target=<post-hoc> (31.8 min)
  step=300 loss=0.6928 auc_pr_mean=0.4105 best=0.4101 target=<post-hoc> (38.1 min)
  step=350 loss=0.6928 auc_pr_mean=0.4106 best=0.4105 target=<post-hoc> (44.3 min)
  step=400 loss=0.6928 auc_pr_mean=0.4100 best=0.4106 target=<post-hoc> (50.7 min)
  step=450 loss=0.6928 auc_pr_mean=0.4101 best=0.4106 target=<post-hoc> (57.1 min)
  step=500 loss=0.6928 auc_pr_mean=0.4102 best=0.4106 target=<post-hoc> (63.5 min)
  step=550 loss=0.6928 auc_pr_mean=0.4101 best=0.4106 target=<post-hoc> (70.1 min)
  step=600 loss=0.6928 auc_pr_mean=0.4101 best=0.4106 target=<post-hoc> (76.3 min)
  step=650 loss=0.6927 auc_pr_mean=0.4101 best=0.4106 target=<post-hoc> (82.8 min)
  step=700 loss=0.6927 auc_pr_mean=0.4099 best=0.4106 target=<post-hoc> (89.0 min)
  step=750 loss=0.6928 auc_pr_mean=0.4096 best=0.4106 target=<post-hoc> (95.3 min)
[d90] DONE condition=mae d=100 seed=43 perf=0.4106 criterion_met=False steps=750 reason=plateau (95.3 min)
[d90] appended row -> xAI/output/preadapt/_d90_queue/d90_results.csv (now 2 rows)
[cw1] d90 DONE  001_mae_d100_s43.args -> done/
[Extractor] no INIT reference resolved under '/blue/guralnick/share/r.dinnage/Projects/phenovision/xAI/output/preadapt/mae__adamw__s42/checkpoints' (looked for init_model.pt / phase1_final.pt in kept/ and the run dir); §6.2 'vs init' / §6.6 CKA-vs-init will skip.
[extract] step=1900 SKIP heavy block block_circuits (ordinal=380 basis=step_fallback heavy_every=3)
[extract] step=1900 SKIP heavy block block_interp (ordinal=380 basis=step_fallback heavy_every=3)
[extract] step=1900 SKIP heavy block block_probes (ordinal=380 basis=step_fallback heavy_every=3)
[extract] step=1900 heavy=FALSE total=26.23s | block_optim=0.00 block_curvature=5.52 block_weights=11.03 block_trajectory=0.00 block_fitness=6.17
[collector w1] processed run_id=mae__adamw__s42 step=0 heavy=False blocks_ok=5 blocks_err=0 t=26.234s -> KEPT(->kept/,FULL anchor)
[extract] step=1910 SKIP heavy block block_circuits (ordinal=382 basis=step_fallback heavy_every=3)
[extract] step=1910 SKIP heavy block block_interp (ordinal=382 basis=step_fallback heavy_every=3)
[extract] step=1910 SKIP heavy block block_probes (ordinal=382 basis=step_fallback heavy_every=3)
[extract] step=1910 heavy=FALSE total=59.90s | block_optim=35.24 block_curvature=4.59 block_weights=10.42 block_trajectory=0.00 block_fitness=4.90
[collector w1] processed run_id=mae__adamw__s42 step=1910 heavy=False blocks_ok=5 blocks_err=0 t=59.905s -> deleted
[extract] step=1915 SKIP heavy block block_circuits (ordinal=383 basis=step_fallback heavy_every=3)
[extract] step=1915 SKIP heavy block block_interp (ordinal=383 basis=step_fallback heavy_every=3)
[extract] step=1915 SKIP heavy block block_probes (ordinal=383 basis=step_fallback heavy_every=3)
[extract] step=1915 heavy=FALSE total=60.21s | block_optim=35.38 block_curvature=4.56 block_weights=10.36 block_trajectory=0.00 block_fitness=4.90
[collector w1] processed run_id=mae__adamw__s42 step=1915 heavy=False blocks_ok=5 blocks_err=0 t=60.213s -> deleted
[extract] step=1920 heavy=TRUE total=198.15s | block_optim=36.11 block_curvature=4.55 block_weights=10.87 block_trajectory=0.00 block_circuits=2.10 block_interp=96.06 block_probes=37.82 block_fitness=6.15
[collector w1] processed run_id=mae__adamw__s42 step=1920 heavy=True blocks_ok=8 blocks_err=0 t=198.146s -> deleted
[extract] step=1940 SKIP heavy block block_circuits (ordinal=388 basis=step_fallback heavy_every=3)
[extract] step=1940 SKIP heavy block block_interp (ordinal=388 basis=step_fallback heavy_every=3)
[extract] step=1940 SKIP heavy block block_probes (ordinal=388 basis=step_fallback heavy_every=3)
[extract] step=1940 heavy=FALSE total=61.52s | block_optim=36.24 block_curvature=4.59 block_weights=10.02 block_trajectory=0.00 block_fitness=6.13
[collector w1] processed run_id=mae__adamw__s42 step=1940 heavy=False blocks_ok=5 blocks_err=0 t=61.524s -> deleted
[extract] step=1945 SKIP heavy block block_circuits (ordinal=389 basis=step_fallback heavy_every=3)
[extract] step=1945 SKIP heavy block block_interp (ordinal=389 basis=step_fallback heavy_every=3)
[extract] step=1945 SKIP heavy block block_probes (ordinal=389 basis=step_fallback heavy_every=3)
[extract] step=1945 heavy=FALSE total=61.94s | block_optim=35.42 block_curvature=5.03 block_weights=10.44 block_trajectory=0.00 block_fitness=6.17
[collector w1] processed run_id=mae__adamw__s42 step=1945 heavy=False blocks_ok=5 blocks_err=0 t=61.937s -> deleted
[extract] step=1950 heavy=TRUE total=207.33s | block_optim=35.34 block_curvature=4.55 block_weights=10.29 block_trajectory=0.00 block_circuits=2.18 block_interp=101.66 block_probes=42.07 block_fitness=6.34
[collector w1] processed run_id=mae__adamw__s42 step=1950 heavy=True blocks_ok=8 blocks_err=0 t=207.332s -> deleted
[extract] step=1976 SKIP heavy block block_circuits (ordinal=395 basis=step_fallback heavy_every=3)
[extract] step=1976 SKIP heavy block block_interp (ordinal=395 basis=step_fallback heavy_every=3)
[extract] step=1976 SKIP heavy block block_probes (ordinal=395 basis=step_fallback heavy_every=3)
[extract] step=1976 heavy=FALSE total=60.42s | block_optim=34.98 block_curvature=4.55 block_weights=9.84 block_trajectory=0.00 block_fitness=6.26
[collector w1] processed run_id=mae__adamw__s42 step=1976 heavy=False blocks_ok=5 blocks_err=0 t=60.421s -> deleted
[extract] step=1984 heavy=TRUE total=203.09s | block_optim=36.43 block_curvature=4.67 block_weights=9.69 block_trajectory=0.00 block_circuits=1.90 block_interp=100.61 block_probes=38.93 block_fitness=6.61
[collector w1] processed run_id=mae__adamw__s42 step=1984 heavy=True blocks_ok=8 blocks_err=0 t=203.091s -> deleted
[extract] step=2003 SKIP heavy block block_circuits (ordinal=400 basis=step_fallback heavy_every=3)
[extract] step=2003 SKIP heavy block block_interp (ordinal=400 basis=step_fallback heavy_every=3)
[extract] step=2003 SKIP heavy block block_probes (ordinal=400 basis=step_fallback heavy_every=3)
[extract] step=2003 heavy=FALSE total=61.70s | block_optim=36.04 block_curvature=4.55 block_weights=9.83 block_trajectory=0.00 block_fitness=6.35
[collector w1] processed run_id=mae__adamw__s42 step=2003 heavy=False blocks_ok=5 blocks_err=0 t=61.696s -> deleted
[extract] step=2010 heavy=TRUE total=205.70s | block_optim=35.09 block_curvature=5.25 block_weights=10.53 block_trajectory=0.00 block_circuits=2.05 block_interp=101.74 block_probes=39.24 block_fitness=6.43
[collector w1] processed run_id=mae__adamw__s42 step=2010 heavy=True blocks_ok=8 blocks_err=0 t=205.697s -> deleted
[extract] step=2032 SKIP heavy block block_circuits (ordinal=406 basis=step_fallback heavy_every=3)
[extract] step=2032 SKIP heavy block block_interp (ordinal=406 basis=step_fallback heavy_every=3)
[extract] step=2032 SKIP heavy block block_probes (ordinal=406 basis=step_fallback heavy_every=3)
[extract] step=2032 heavy=FALSE total=60.43s | block_optim=34.81 block_curvature=4.56 block_weights=10.07 block_trajectory=0.00 block_fitness=6.41
[collector w1] processed run_id=mae__adamw__s42 step=2032 heavy=False blocks_ok=5 blocks_err=0 t=60.432s -> deleted
[extract] step=2037 SKIP heavy block block_circuits (ordinal=407 basis=step_fallback heavy_every=3)
[extract] step=2037 SKIP heavy block block_interp (ordinal=407 basis=step_fallback heavy_every=3)
[extract] step=2037 SKIP heavy block block_probes (ordinal=407 basis=step_fallback heavy_every=3)
[extract] step=2037 heavy=FALSE total=60.94s | block_optim=34.99 block_curvature=4.82 block_weights=10.03 block_trajectory=0.00 block_fitness=6.47
[collector w1] processed run_id=mae__adamw__s42 step=2037 heavy=False blocks_ok=5 blocks_err=0 t=60.942s -> deleted
[extract] step=2047 SKIP heavy block block_circuits (ordinal=409 basis=step_fallback heavy_every=3)
[extract] step=2047 SKIP heavy block block_interp (ordinal=409 basis=step_fallback heavy_every=3)
[extract] step=2047 SKIP heavy block block_probes (ordinal=409 basis=step_fallback heavy_every=3)
[extract] step=2047 heavy=FALSE total=62.50s | block_optim=36.50 block_curvature=4.81 block_weights=10.14 block_trajectory=0.00 block_fitness=6.49
[collector w1] processed run_id=mae__adamw__s42 step=2047 heavy=False blocks_ok=5 blocks_err=0 t=62.496s -> deleted
[extract] step=2052 SKIP heavy block block_circuits (ordinal=410 basis=step_fallback heavy_every=3)
[extract] step=2052 SKIP heavy block block_interp (ordinal=410 basis=step_fallback heavy_every=3)
[extract] step=2052 SKIP heavy block block_probes (ordinal=410 basis=step_fallback heavy_every=3)
[extract] step=2052 heavy=FALSE total=61.02s | block_optim=35.07 block_curvature=4.56 block_weights=9.81 block_trajectory=0.00 block_fitness=6.32
[collector w1] processed run_id=mae__adamw__s42 step=2052 heavy=False blocks_ok=5 blocks_err=0 t=61.017s -> deleted
[extract] step=2057 heavy=TRUE total=205.59s | block_optim=35.15 block_curvature=4.82 block_weights=9.68 block_trajectory=0.00 block_circuits=1.98 block_interp=104.00 block_probes=38.96 block_fitness=6.62
[collector w1] processed run_id=mae__adamw__s42 step=2057 heavy=True blocks_ok=8 blocks_err=0 t=205.593s -> deleted
[extract] step=2077 SKIP heavy block block_circuits (ordinal=415 basis=step_fallback heavy_every=3)
[extract] step=2077 SKIP heavy block block_interp (ordinal=415 basis=step_fallback heavy_every=3)
[extract] step=2077 SKIP heavy block block_probes (ordinal=415 basis=step_fallback heavy_every=3)
[extract] step=2077 heavy=FALSE total=63.54s | block_optim=35.64 block_curvature=5.49 block_weights=10.81 block_trajectory=0.00 block_fitness=6.76
[collector w1] processed run_id=mae__adamw__s42 step=2077 heavy=False blocks_ok=5 blocks_err=0 t=63.543s -> deleted
[extract] step=2082 SKIP heavy block block_circuits (ordinal=416 basis=step_fallback heavy_every=3)
[extract] step=2082 SKIP heavy block block_interp (ordinal=416 basis=step_fallback heavy_every=3)
[extract] step=2082 SKIP heavy block block_probes (ordinal=416 basis=step_fallback heavy_every=3)
[extract] step=2082 heavy=FALSE total=60.05s | block_optim=34.81 block_curvature=4.56 block_weights=9.63 block_trajectory=0.00 block_fitness=6.35
[collector w1] processed run_id=mae__adamw__s42 step=2082 heavy=False blocks_ok=5 blocks_err=0 t=60.048s -> deleted
[extract] step=2087 heavy=TRUE total=205.25s | block_optim=35.36 block_curvature=4.65 block_weights=10.05 block_trajectory=0.00 block_circuits=2.32 block_interp=102.76 block_probes=39.18 block_fitness=6.42
[collector w1] processed run_id=mae__adamw__s42 step=2087 heavy=True blocks_ok=8 blocks_err=0 t=205.248s -> deleted
[extract] step=2107 SKIP heavy block block_circuits (ordinal=421 basis=step_fallback heavy_every=3)
[extract] step=2107 SKIP heavy block block_interp (ordinal=421 basis=step_fallback heavy_every=3)
[extract] step=2107 SKIP heavy block block_probes (ordinal=421 basis=step_fallback heavy_every=3)
[extract] step=2107 heavy=FALSE total=63.41s | block_optim=35.71 block_curvature=5.35 block_weights=10.74 block_trajectory=0.00 block_fitness=6.58
[collector w1] processed run_id=mae__adamw__s42 step=2107 heavy=False blocks_ok=5 blocks_err=0 t=63.412s -> deleted
[extract] step=2112 SKIP heavy block block_circuits (ordinal=422 basis=step_fallback heavy_every=3)
[extract] step=2112 SKIP heavy block block_interp (ordinal=422 basis=step_fallback heavy_every=3)
[extract] step=2112 SKIP heavy block block_probes (ordinal=422 basis=step_fallback heavy_every=3)
[extract] step=2112 heavy=FALSE total=62.97s | block_optim=36.19 block_curvature=4.75 block_weights=10.59 block_trajectory=0.00 block_fitness=6.58
[collector w1] processed run_id=mae__adamw__s42 step=2112 heavy=False blocks_ok=5 blocks_err=0 t=62.966s -> deleted
[extract] step=2122 SKIP heavy block block_circuits (ordinal=424 basis=step_fallback heavy_every=3)
[extract] step=2122 SKIP heavy block block_interp (ordinal=424 basis=step_fallback heavy_every=3)
[extract] step=2122 SKIP heavy block block_probes (ordinal=424 basis=step_fallback heavy_every=3)
[extract] step=2122 heavy=FALSE total=62.12s | block_optim=35.55 block_curvature=4.55 block_weights=10.67 block_trajectory=0.00 block_fitness=6.55
[collector w1] processed run_id=mae__adamw__s42 step=2122 heavy=False blocks_ok=5 blocks_err=0 t=62.123s -> deleted
[extract] step=2127 SKIP heavy block block_circuits (ordinal=425 basis=step_fallback heavy_every=3)
[extract] step=2127 SKIP heavy block block_interp (ordinal=425 basis=step_fallback heavy_every=3)
[extract] step=2127 SKIP heavy block block_probes (ordinal=425 basis=step_fallback heavy_every=3)
[extract] step=2127 heavy=FALSE total=61.06s | block_optim=35.07 block_curvature=4.75 block_weights=9.58 block_trajectory=0.00 block_fitness=6.92
[collector w1] processed run_id=mae__adamw__s42 step=2127 heavy=False blocks_ok=5 blocks_err=0 t=61.056s -> deleted
[extract] step=2132 heavy=TRUE total=207.27s | block_optim=36.40 block_curvature=4.66 block_weights=9.88 block_trajectory=0.00 block_circuits=2.33 block_interp=101.15 block_probes=41.72 block_fitness=6.64
[collector w1] processed run_id=mae__adamw__s42 step=2132 heavy=True blocks_ok=8 blocks_err=0 t=207.273s -> deleted
[extract] step=2152 SKIP heavy block block_circuits (ordinal=430 basis=step_fallback heavy_every=3)
[extract] step=2152 SKIP heavy block block_interp (ordinal=430 basis=step_fallback heavy_every=3)
[extract] step=2152 SKIP heavy block block_probes (ordinal=430 basis=step_fallback heavy_every=3)
[extract] step=2152 heavy=FALSE total=63.25s | block_optim=36.15 block_curvature=4.81 block_weights=10.39 block_trajectory=0.00 block_fitness=6.88
[collector w1] processed run_id=mae__adamw__s42 step=2152 heavy=False blocks_ok=5 blocks_err=0 t=63.246s -> deleted
[extract] step=2157 SKIP heavy block block_circuits (ordinal=431 basis=step_fallback heavy_every=3)
[extract] step=2157 SKIP heavy block block_interp (ordinal=431 basis=step_fallback heavy_every=3)
[extract] step=2157 SKIP heavy block block_probes (ordinal=431 basis=step_fallback heavy_every=3)
[extract] step=2157 heavy=FALSE total=60.50s | block_optim=35.46 block_curvature=4.54 block_weights=9.15 block_trajectory=0.00 block_fitness=6.34
[collector w1] processed run_id=mae__adamw__s42 step=2157 heavy=False blocks_ok=5 blocks_err=0 t=60.503s -> deleted
[extract] step=2167 SKIP heavy block block_circuits (ordinal=433 basis=step_fallback heavy_every=3)
[extract] step=2167 SKIP heavy block block_interp (ordinal=433 basis=step_fallback heavy_every=3)
[extract] step=2167 SKIP heavy block block_probes (ordinal=433 basis=step_fallback heavy_every=3)
[extract] step=2167 heavy=FALSE total=59.05s | block_optim=33.96 block_curvature=4.54 block_weights=9.62 block_trajectory=0.00 block_fitness=6.39
[collector w1] processed run_id=mae__adamw__s42 step=2167 heavy=False blocks_ok=5 blocks_err=0 t=59.052s -> deleted
[extract] step=2172 SKIP heavy block block_circuits (ordinal=434 basis=step_fallback heavy_every=3)
[extract] step=2172 SKIP heavy block block_interp (ordinal=434 basis=step_fallback heavy_every=3)
[extract] step=2172 SKIP heavy block block_probes (ordinal=434 basis=step_fallback heavy_every=3)
[extract] step=2172 heavy=FALSE total=58.55s | block_optim=33.90 block_curvature=4.55 block_weights=9.35 block_trajectory=0.00 block_fitness=6.33
[collector w1] processed run_id=mae__adamw__s42 step=2172 heavy=False blocks_ok=5 blocks_err=0 t=58.547s -> deleted
[extract] step=2177 heavy=TRUE total=193.65s | block_optim=33.49 block_curvature=4.53 block_weights=9.19 block_trajectory=0.00 block_circuits=1.89 block_interp=96.27 block_probes=37.66 block_fitness=6.39
[collector w1] processed run_id=mae__adamw__s42 step=2177 heavy=True blocks_ok=8 blocks_err=0 t=193.653s -> deleted
[extract] step=2197 SKIP heavy block block_circuits (ordinal=439 basis=step_fallback heavy_every=3)
[extract] step=2197 SKIP heavy block block_interp (ordinal=439 basis=step_fallback heavy_every=3)
[extract] step=2197 SKIP heavy block block_probes (ordinal=439 basis=step_fallback heavy_every=3)
[extract] step=2197 heavy=FALSE total=60.38s | block_optim=34.74 block_curvature=4.59 block_weights=10.00 block_trajectory=0.00 block_fitness=6.32
[collector w1] processed run_id=mae__adamw__s42 step=2197 heavy=False blocks_ok=5 blocks_err=0 t=60.377s -> deleted
[extract] step=2202 SKIP heavy block block_circuits (ordinal=440 basis=step_fallback heavy_every=3)
[extract] step=2202 SKIP heavy block block_interp (ordinal=440 basis=step_fallback heavy_every=3)
[extract] step=2202 SKIP heavy block block_probes (ordinal=440 basis=step_fallback heavy_every=3)
[extract] step=2202 heavy=FALSE total=62.47s | block_optim=34.75 block_curvature=4.70 block_weights=10.40 block_trajectory=0.00 block_fitness=6.37
[collector w1] processed run_id=mae__adamw__s42 step=2202 heavy=False blocks_ok=5 blocks_err=0 t=62.47s -> deleted
[extract] step=2207 heavy=TRUE total=213.77s | block_optim=35.21 block_curvature=4.71 block_weights=11.05 block_trajectory=0.00 block_circuits=1.98 block_interp=106.82 block_probes=42.43 block_fitness=6.78
[collector w1] processed run_id=mae__adamw__s42 step=2207 heavy=True blocks_ok=8 blocks_err=0 t=213.769s -> deleted
[extract] step=2227 SKIP heavy block block_circuits (ordinal=445 basis=step_fallback heavy_every=3)
[extract] step=2227 SKIP heavy block block_interp (ordinal=445 basis=step_fallback heavy_every=3)
[extract] step=2227 SKIP heavy block block_probes (ordinal=445 basis=step_fallback heavy_every=3)
[extract] step=2227 heavy=FALSE total=61.56s | block_optim=35.14 block_curvature=4.72 block_weights=10.06 block_trajectory=0.00 block_fitness=6.73
[collector w1] processed run_id=mae__adamw__s42 step=2227 heavy=False blocks_ok=5 blocks_err=0 t=61.559s -> deleted
[extract] step=2232 SKIP heavy block block_circuits (ordinal=446 basis=step_fallback heavy_every=3)
[extract] step=2232 SKIP heavy block block_interp (ordinal=446 basis=step_fallback heavy_every=3)
[extract] step=2232 SKIP heavy block block_probes (ordinal=446 basis=step_fallback heavy_every=3)
[extract] step=2232 heavy=FALSE total=60.76s | block_optim=35.06 block_curvature=4.70 block_weights=9.67 block_trajectory=0.00 block_fitness=6.57
[collector w1] processed run_id=mae__adamw__s42 step=2232 heavy=False blocks_ok=5 blocks_err=0 t=60.755s -> deleted
[extract] step=2242 SKIP heavy block block_circuits (ordinal=448 basis=step_fallback heavy_every=3)
[extract] step=2242 SKIP heavy block block_interp (ordinal=448 basis=step_fallback heavy_every=3)
[extract] step=2242 SKIP heavy block block_probes (ordinal=448 basis=step_fallback heavy_every=3)
[extract] step=2242 heavy=FALSE total=62.23s | block_optim=36.41 block_curvature=4.56 block_weights=9.79 block_trajectory=0.00 block_fitness=6.54
[collector w1] processed run_id=mae__adamw__s42 step=2242 heavy=False blocks_ok=5 blocks_err=0 t=62.232s -> deleted
[extract] step=2247 SKIP heavy block block_circuits (ordinal=449 basis=step_fallback heavy_every=3)
[extract] step=2247 SKIP heavy block block_interp (ordinal=449 basis=step_fallback heavy_every=3)
[extract] step=2247 SKIP heavy block block_probes (ordinal=449 basis=step_fallback heavy_every=3)
[extract] step=2247 heavy=FALSE total=61.93s | block_optim=34.85 block_curvature=4.68 block_weights=11.16 block_trajectory=0.00 block_fitness=6.65
[collector w1] processed run_id=mae__adamw__s42 step=2247 heavy=False blocks_ok=5 blocks_err=0 t=61.928s -> deleted
[extract] step=2252 heavy=TRUE total=209.45s | block_optim=35.14 block_curvature=4.81 block_weights=9.57 block_trajectory=0.00 block_circuits=1.95 block_interp=105.13 block_probes=41.79 block_fitness=6.42
[collector w1] processed run_id=mae__adamw__s42 step=2252 heavy=True blocks_ok=8 blocks_err=0 t=209.452s -> deleted
[extract] step=2272 SKIP heavy block block_circuits (ordinal=454 basis=step_fallback heavy_every=3)
[extract] step=2272 SKIP heavy block block_interp (ordinal=454 basis=step_fallback heavy_every=3)
[extract] step=2272 SKIP heavy block block_probes (ordinal=454 basis=step_fallback heavy_every=3)
[extract] step=2272 heavy=FALSE total=61.99s | block_optim=35.39 block_curvature=4.56 block_weights=10.67 block_trajectory=0.00 block_fitness=6.45
[collector w1] processed run_id=mae__adamw__s42 step=2272 heavy=False blocks_ok=5 blocks_err=0 t=61.988s -> deleted
[extract] step=2277 SKIP heavy block block_circuits (ordinal=455 basis=step_fallback heavy_every=3)
[extract] step=2277 SKIP heavy block block_interp (ordinal=455 basis=step_fallback heavy_every=3)
[extract] step=2277 SKIP heavy block block_probes (ordinal=455 basis=step_fallback heavy_every=3)
[extract] step=2277 heavy=FALSE total=62.09s | block_optim=35.94 block_curvature=4.53 block_weights=10.35 block_trajectory=0.00 block_fitness=6.35
[collector w1] processed run_id=mae__adamw__s42 step=2277 heavy=False blocks_ok=5 blocks_err=0 t=62.089s -> deleted
[extract] step=2287 SKIP heavy block block_circuits (ordinal=457 basis=step_fallback heavy_every=3)
[extract] step=2287 SKIP heavy block block_interp (ordinal=457 basis=step_fallback heavy_every=3)
[extract] step=2287 SKIP heavy block block_probes (ordinal=457 basis=step_fallback heavy_every=3)
[extract] step=2287 heavy=FALSE total=61.73s | block_optim=35.29 block_curvature=4.85 block_weights=10.26 block_trajectory=0.00 block_fitness=6.45
[collector w1] processed run_id=mae__adamw__s42 step=2287 heavy=False blocks_ok=5 blocks_err=0 t=61.726s -> deleted
[extract] step=2292 SKIP heavy block block_circuits (ordinal=458 basis=step_fallback heavy_every=3)
[extract] step=2292 SKIP heavy block block_interp (ordinal=458 basis=step_fallback heavy_every=3)
[extract] step=2292 SKIP heavy block block_probes (ordinal=458 basis=step_fallback heavy_every=3)
[extract] step=2292 heavy=FALSE total=62.94s | block_optim=35.70 block_curvature=5.13 block_weights=10.58 block_trajectory=0.00 block_fitness=6.54
[collector w1] processed run_id=mae__adamw__s42 step=2292 heavy=False blocks_ok=5 blocks_err=0 t=62.942s -> deleted
[extract] step=2297 heavy=TRUE total=215.54s | block_optim=35.98 block_curvature=5.08 block_weights=10.18 block_trajectory=0.00 block_circuits=2.34 block_interp=108.21 block_probes=42.28 block_fitness=6.80
[collector w1] processed run_id=mae__adamw__s42 step=2297 heavy=True blocks_ok=8 blocks_err=0 t=215.539s -> deleted
[extract] step=2317 SKIP heavy block block_circuits (ordinal=463 basis=step_fallback heavy_every=3)
[extract] step=2317 SKIP heavy block block_interp (ordinal=463 basis=step_fallback heavy_every=3)
[extract] step=2317 SKIP heavy block block_probes (ordinal=463 basis=step_fallback heavy_every=3)
[extract] step=2317 heavy=FALSE total=64.19s | block_optim=36.68 block_curvature=5.02 block_weights=10.84 block_trajectory=0.00 block_fitness=6.61
[collector w1] processed run_id=mae__adamw__s42 step=2317 heavy=False blocks_ok=5 blocks_err=0 t=64.194s -> deleted
[extract] step=2322 SKIP heavy block block_circuits (ordinal=464 basis=step_fallback heavy_every=3)
[extract] step=2322 SKIP heavy block block_interp (ordinal=464 basis=step_fallback heavy_every=3)
[extract] step=2322 SKIP heavy block block_probes (ordinal=464 basis=step_fallback heavy_every=3)
[extract] step=2322 heavy=FALSE total=63.41s | block_optim=35.93 block_curvature=5.20 block_weights=10.40 block_trajectory=0.00 block_fitness=6.73
[collector w1] processed run_id=mae__adamw__s42 step=2322 heavy=False blocks_ok=5 blocks_err=0 t=63.412s -> deleted
[extract] step=2332 SKIP heavy block block_circuits (ordinal=466 basis=step_fallback heavy_every=3)
[extract] step=2332 SKIP heavy block block_interp (ordinal=466 basis=step_fallback heavy_every=3)
[extract] step=2332 SKIP heavy block block_probes (ordinal=466 basis=step_fallback heavy_every=3)
[extract] step=2332 heavy=FALSE total=63.89s | block_optim=35.95 block_curvature=5.11 block_weights=10.85 block_trajectory=0.00 block_fitness=6.67
[collector w1] processed run_id=mae__adamw__s42 step=2332 heavy=False blocks_ok=5 blocks_err=0 t=63.887s -> deleted
[extract] step=2337 SKIP heavy block block_circuits (ordinal=467 basis=step_fallback heavy_every=3)
[extract] step=2337 SKIP heavy block block_interp (ordinal=467 basis=step_fallback heavy_every=3)
[extract] step=2337 SKIP heavy block block_probes (ordinal=467 basis=step_fallback heavy_every=3)
[extract] step=2337 heavy=FALSE total=62.98s | block_optim=36.08 block_curvature=4.55 block_weights=10.58 block_trajectory=0.00 block_fitness=6.61
[collector w1] processed run_id=mae__adamw__s42 step=2337 heavy=False blocks_ok=5 blocks_err=0 t=62.983s -> deleted
[extract] step=2342 heavy=TRUE total=206.23s | block_optim=35.57 block_curvature=5.38 block_weights=10.36 block_trajectory=0.00 block_circuits=2.18 block_interp=101.94 block_probes=38.68 block_fitness=7.30
[collector w1] processed run_id=mae__adamw__s42 step=2342 heavy=True blocks_ok=8 blocks_err=0 t=206.229s -> deleted
[extract] step=2362 SKIP heavy block block_circuits (ordinal=472 basis=step_fallback heavy_every=3)
[extract] step=2362 SKIP heavy block block_interp (ordinal=472 basis=step_fallback heavy_every=3)
[extract] step=2362 SKIP heavy block block_probes (ordinal=472 basis=step_fallback heavy_every=3)
[extract] step=2362 heavy=FALSE total=61.90s | block_optim=35.60 block_curvature=4.61 block_weights=10.37 block_trajectory=0.00 block_fitness=6.52
[collector w1] processed run_id=mae__adamw__s42 step=2362 heavy=False blocks_ok=5 blocks_err=0 t=61.9s -> deleted
[extract] step=2367 SKIP heavy block block_circuits (ordinal=473 basis=step_fallback heavy_every=3)
[extract] step=2367 SKIP heavy block block_interp (ordinal=473 basis=step_fallback heavy_every=3)
[extract] step=2367 SKIP heavy block block_probes (ordinal=473 basis=step_fallback heavy_every=3)
[extract] step=2367 heavy=FALSE total=61.25s | block_optim=35.55 block_curvature=4.62 block_weights=9.69 block_trajectory=0.00 block_fitness=6.57
[collector w1] processed run_id=mae__adamw__s42 step=2367 heavy=False blocks_ok=5 blocks_err=0 t=61.251s -> deleted
[extract] step=2377 SKIP heavy block block_circuits (ordinal=475 basis=step_fallback heavy_every=3)
[extract] step=2377 SKIP heavy block block_interp (ordinal=475 basis=step_fallback heavy_every=3)
[extract] step=2377 SKIP heavy block block_probes (ordinal=475 basis=step_fallback heavy_every=3)
[extract] step=2377 heavy=FALSE total=63.79s | block_optim=37.14 block_curvature=4.61 block_weights=10.69 block_trajectory=0.00 block_fitness=6.52
[collector w1] processed run_id=mae__adamw__s42 step=2377 heavy=False blocks_ok=5 blocks_err=0 t=63.788s -> deleted
[extract] step=2382 SKIP heavy block block_circuits (ordinal=476 basis=step_fallback heavy_every=3)
[extract] step=2382 SKIP heavy block block_interp (ordinal=476 basis=step_fallback heavy_every=3)
[extract] step=2382 SKIP heavy block block_probes (ordinal=476 basis=step_fallback heavy_every=3)
[extract] step=2382 heavy=FALSE total=62.93s | block_optim=36.17 block_curvature=4.82 block_weights=10.28 block_trajectory=0.00 block_fitness=6.75
[collector w1] processed run_id=mae__adamw__s42 step=2382 heavy=False blocks_ok=5 blocks_err=0 t=62.931s -> deleted
[extract] step=2387 heavy=TRUE total=196.48s | block_optim=36.14 block_curvature=4.56 block_weights=9.18 block_trajectory=0.00 block_circuits=1.94 block_interp=95.73 block_probes=37.57 block_fitness=6.52
[collector w1] processed run_id=mae__adamw__s42 step=2387 heavy=True blocks_ok=8 blocks_err=0 t=196.482s -> deleted
[extract] step=2407 SKIP heavy block block_circuits (ordinal=481 basis=step_fallback heavy_every=3)
[extract] step=2407 SKIP heavy block block_interp (ordinal=481 basis=step_fallback heavy_every=3)
[extract] step=2407 SKIP heavy block block_probes (ordinal=481 basis=step_fallback heavy_every=3)
[extract] step=2407 heavy=FALSE total=61.65s | block_optim=35.35 block_curvature=4.64 block_weights=10.28 block_trajectory=0.00 block_fitness=6.71
[collector w1] processed run_id=mae__adamw__s42 step=2407 heavy=False blocks_ok=5 blocks_err=0 t=61.652s -> deleted
[extract] step=2412 SKIP heavy block block_circuits (ordinal=482 basis=step_fallback heavy_every=3)
[extract] step=2412 SKIP heavy block block_interp (ordinal=482 basis=step_fallback heavy_every=3)
[extract] step=2412 SKIP heavy block block_probes (ordinal=482 basis=step_fallback heavy_every=3)
[extract] step=2412 heavy=FALSE total=61.58s | block_optim=35.99 block_curvature=4.63 block_weights=9.64 block_trajectory=0.00 block_fitness=6.57
[collector w1] processed run_id=mae__adamw__s42 step=2412 heavy=False blocks_ok=5 blocks_err=0 t=61.584s -> deleted
[extract] step=2417 heavy=TRUE total=211.30s | block_optim=35.41 block_curvature=4.62 block_weights=9.86 block_trajectory=0.00 block_circuits=2.11 block_interp=108.03 block_probes=39.93 block_fitness=6.78
[collector w1] processed run_id=mae__adamw__s42 step=2417 heavy=True blocks_ok=8 blocks_err=0 t=211.298s -> deleted
[extract] step=2437 SKIP heavy block block_circuits (ordinal=487 basis=step_fallback heavy_every=3)
[extract] step=2437 SKIP heavy block block_interp (ordinal=487 basis=step_fallback heavy_every=3)
[extract] step=2437 SKIP heavy block block_probes (ordinal=487 basis=step_fallback heavy_every=3)
[extract] step=2437 heavy=FALSE total=62.41s | block_optim=35.77 block_curvature=4.59 block_weights=10.46 block_trajectory=0.00 block_fitness=6.63
[collector w1] processed run_id=mae__adamw__s42 step=2437 heavy=False blocks_ok=5 blocks_err=0 t=62.407s -> deleted
[extract] step=2442 SKIP heavy block block_circuits (ordinal=488 basis=step_fallback heavy_every=3)
[extract] step=2442 SKIP heavy block block_interp (ordinal=488 basis=step_fallback heavy_every=3)
[extract] step=2442 SKIP heavy block block_probes (ordinal=488 basis=step_fallback heavy_every=3)
[extract] step=2442 heavy=FALSE total=61.67s | block_optim=35.66 block_curvature=4.75 block_weights=9.64 block_trajectory=0.00 block_fitness=6.85
[collector w1] processed run_id=mae__adamw__s42 step=2442 heavy=False blocks_ok=5 blocks_err=0 t=61.674s -> deleted
[extract] step=2452 SKIP heavy block block_circuits (ordinal=490 basis=step_fallback heavy_every=3)
[extract] step=2452 SKIP heavy block block_interp (ordinal=490 basis=step_fallback heavy_every=3)
[extract] step=2452 SKIP heavy block block_probes (ordinal=490 basis=step_fallback heavy_every=3)
[extract] step=2452 heavy=FALSE total=62.59s | block_optim=36.52 block_curvature=4.88 block_weights=9.95 block_trajectory=0.00 block_fitness=6.55
[collector w1] processed run_id=mae__adamw__s42 step=2452 heavy=False blocks_ok=5 blocks_err=0 t=62.593s -> deleted
[extract] step=2457 SKIP heavy block block_circuits (ordinal=491 basis=step_fallback heavy_every=3)
[extract] step=2457 SKIP heavy block block_interp (ordinal=491 basis=step_fallback heavy_every=3)
[extract] step=2457 SKIP heavy block block_probes (ordinal=491 basis=step_fallback heavy_every=3)
[extract] step=2457 heavy=FALSE total=60.78s | block_optim=35.08 block_curvature=4.57 block_weights=9.66 block_trajectory=0.00 block_fitness=6.50
[collector w1] processed run_id=mae__adamw__s42 step=2457 heavy=False blocks_ok=5 blocks_err=0 t=60.78s -> deleted
[extract] step=2462 heavy=TRUE total=207.05s | block_optim=35.84 block_curvature=4.56 block_weights=10.40 block_trajectory=0.00 block_circuits=2.38 block_interp=102.97 block_probes=39.73 block_fitness=6.48
[collector w1] processed run_id=mae__adamw__s42 step=2462 heavy=True blocks_ok=8 blocks_err=0 t=207.047s -> deleted
[extract] step=2482 SKIP heavy block block_circuits (ordinal=496 basis=step_fallback heavy_every=3)
[extract] step=2482 SKIP heavy block block_interp (ordinal=496 basis=step_fallback heavy_every=3)
[extract] step=2482 SKIP heavy block block_probes (ordinal=496 basis=step_fallback heavy_every=3)
[extract] step=2482 heavy=FALSE total=62.33s | block_optim=35.88 block_curvature=4.56 block_weights=10.22 block_trajectory=0.00 block_fitness=6.72
[collector w1] processed run_id=mae__adamw__s42 step=2482 heavy=False blocks_ok=5 blocks_err=0 t=62.333s -> deleted
[extract] step=2487 SKIP heavy block block_circuits (ordinal=497 basis=step_fallback heavy_every=3)
[extract] step=2487 SKIP heavy block block_interp (ordinal=497 basis=step_fallback heavy_every=3)
[extract] step=2487 SKIP heavy block block_probes (ordinal=497 basis=step_fallback heavy_every=3)
[extract] step=2487 heavy=FALSE total=61.67s | block_optim=35.68 block_curvature=4.62 block_weights=9.96 block_trajectory=0.00 block_fitness=6.58
[collector w1] processed run_id=mae__adamw__s42 step=2487 heavy=False blocks_ok=5 blocks_err=0 t=61.67s -> deleted
[extract] step=2497 SKIP heavy block block_circuits (ordinal=499 basis=step_fallback heavy_every=3)
[extract] step=2497 SKIP heavy block block_interp (ordinal=499 basis=step_fallback heavy_every=3)
[extract] step=2497 SKIP heavy block block_probes (ordinal=499 basis=step_fallback heavy_every=3)
[extract] step=2497 heavy=FALSE total=61.68s | block_optim=35.35 block_curvature=4.84 block_weights=10.01 block_trajectory=0.00 block_fitness=6.64
[collector w1] processed run_id=mae__adamw__s42 step=2497 heavy=False blocks_ok=5 blocks_err=0 t=61.684s -> deleted
[extract] step=2502 SKIP heavy block block_circuits (ordinal=500 basis=step_fallback heavy_every=3)
[extract] step=2502 SKIP heavy block block_interp (ordinal=500 basis=step_fallback heavy_every=3)
[extract] step=2502 SKIP heavy block block_probes (ordinal=500 basis=step_fallback heavy_every=3)
[extract] step=2502 heavy=FALSE total=62.15s | block_optim=36.22 block_curvature=4.55 block_weights=9.70 block_trajectory=0.00 block_fitness=6.71
[collector w1] processed run_id=mae__adamw__s42 step=2502 heavy=False blocks_ok=5 blocks_err=0 t=62.154s -> deleted
[extract] step=2507 heavy=TRUE total=205.48s | block_optim=35.41 block_curvature=4.59 block_weights=9.99 block_trajectory=0.00 block_circuits=2.11 block_interp=101.94 block_probes=40.09 block_fitness=6.74
[collector w1] processed run_id=mae__adamw__s42 step=2507 heavy=True blocks_ok=8 blocks_err=0 t=205.475s -> deleted
[extract] step=2527 SKIP heavy block block_circuits (ordinal=505 basis=step_fallback heavy_every=3)
[extract] step=2527 SKIP heavy block block_interp (ordinal=505 basis=step_fallback heavy_every=3)
[extract] step=2527 SKIP heavy block block_probes (ordinal=505 basis=step_fallback heavy_every=3)
[extract] step=2527 heavy=FALSE total=62.77s | block_optim=35.48 block_curvature=4.69 block_weights=10.66 block_trajectory=0.00 block_fitness=6.91
[collector w1] processed run_id=mae__adamw__s42 step=2527 heavy=False blocks_ok=5 blocks_err=0 t=62.769s -> deleted
[extract] step=2532 SKIP heavy block block_circuits (ordinal=506 basis=step_fallback heavy_every=3)
[extract] step=2532 SKIP heavy block block_interp (ordinal=506 basis=step_fallback heavy_every=3)
[extract] step=2532 SKIP heavy block block_probes (ordinal=506 basis=step_fallback heavy_every=3)
[extract] step=2532 heavy=FALSE total=60.82s | block_optim=35.21 block_curvature=4.55 block_weights=9.61 block_trajectory=0.00 block_fitness=6.67
[collector w1] processed run_id=mae__adamw__s42 step=2532 heavy=False blocks_ok=5 blocks_err=0 t=60.819s -> deleted
[extract] step=2542 SKIP heavy block block_circuits (ordinal=508 basis=step_fallback heavy_every=3)
[extract] step=2542 SKIP heavy block block_interp (ordinal=508 basis=step_fallback heavy_every=3)
[extract] step=2542 SKIP heavy block block_probes (ordinal=508 basis=step_fallback heavy_every=3)
[extract] step=2542 heavy=FALSE total=63.69s | block_optim=36.60 block_curvature=4.65 block_weights=10.67 block_trajectory=0.00 block_fitness=6.80
[collector w1] processed run_id=mae__adamw__s42 step=2542 heavy=False blocks_ok=5 blocks_err=0 t=63.685s -> deleted
[extract] step=2547 SKIP heavy block block_circuits (ordinal=509 basis=step_fallback heavy_every=3)
[extract] step=2547 SKIP heavy block block_interp (ordinal=509 basis=step_fallback heavy_every=3)
[extract] step=2547 SKIP heavy block block_probes (ordinal=509 basis=step_fallback heavy_every=3)
[extract] step=2547 heavy=FALSE total=61.96s | block_optim=35.45 block_curvature=4.55 block_weights=10.38 block_trajectory=0.00 block_fitness=6.67
[collector w1] processed run_id=mae__adamw__s42 step=2547 heavy=False blocks_ok=5 blocks_err=0 t=61.955s -> deleted
[extract] step=2552 heavy=TRUE total=206.61s | block_optim=35.51 block_curvature=4.57 block_weights=9.72 block_trajectory=0.00 block_circuits=2.19 block_interp=103.21 block_probes=40.20 block_fitness=6.57
[collector w1] processed run_id=mae__adamw__s42 step=2552 heavy=True blocks_ok=8 blocks_err=0 t=206.61s -> deleted
[extract] step=2572 SKIP heavy block block_circuits (ordinal=514 basis=step_fallback heavy_every=3)
[extract] step=2572 SKIP heavy block block_interp (ordinal=514 basis=step_fallback heavy_every=3)
[extract] step=2572 SKIP heavy block block_probes (ordinal=514 basis=step_fallback heavy_every=3)
[extract] step=2572 heavy=FALSE total=61.37s | block_optim=34.99 block_curvature=4.75 block_weights=9.99 block_trajectory=0.00 block_fitness=6.67
[collector w1] processed run_id=mae__adamw__s42 step=2572 heavy=False blocks_ok=5 blocks_err=0 t=61.371s -> deleted
[extract] step=2577 SKIP heavy block block_circuits (ordinal=515 basis=step_fallback heavy_every=3)
[extract] step=2577 SKIP heavy block block_interp (ordinal=515 basis=step_fallback heavy_every=3)
[extract] step=2577 SKIP heavy block block_probes (ordinal=515 basis=step_fallback heavy_every=3)
[extract] step=2577 heavy=FALSE total=61.66s | block_optim=35.58 block_curvature=4.83 block_weights=9.68 block_trajectory=0.00 block_fitness=6.62
[collector w1] processed run_id=mae__adamw__s42 step=2577 heavy=False blocks_ok=5 blocks_err=0 t=61.656s -> deleted
[extract] step=2582 heavy=TRUE total=210.79s | block_optim=35.27 block_curvature=4.62 block_weights=10.04 block_trajectory=0.00 block_circuits=2.27 block_interp=105.05 block_probes=42.47 block_fitness=6.52
[collector w1] processed run_id=mae__adamw__s42 step=2582 heavy=True blocks_ok=8 blocks_err=0 t=210.793s -> deleted
[extract] step=2602 SKIP heavy block block_circuits (ordinal=520 basis=step_fallback heavy_every=3)
[extract] step=2602 SKIP heavy block block_interp (ordinal=520 basis=step_fallback heavy_every=3)
[extract] step=2602 SKIP heavy block block_probes (ordinal=520 basis=step_fallback heavy_every=3)
[extract] step=2602 heavy=FALSE total=59.35s | block_optim=34.22 block_curvature=4.56 block_weights=9.37 block_trajectory=0.00 block_fitness=6.52
[collector w1] processed run_id=mae__adamw__s42 step=2602 heavy=False blocks_ok=5 blocks_err=0 t=59.349s -> deleted
[extract] step=2607 SKIP heavy block block_circuits (ordinal=521 basis=step_fallback heavy_every=3)
[extract] step=2607 SKIP heavy block block_interp (ordinal=521 basis=step_fallback heavy_every=3)
[extract] step=2607 SKIP heavy block block_probes (ordinal=521 basis=step_fallback heavy_every=3)
[extract] step=2607 heavy=FALSE total=59.35s | block_optim=34.16 block_curvature=4.60 block_weights=9.45 block_trajectory=0.00 block_fitness=6.51
[collector w1] processed run_id=mae__adamw__s42 step=2607 heavy=False blocks_ok=5 blocks_err=0 t=59.347s -> deleted
[extract] step=2617 SKIP heavy block block_circuits (ordinal=523 basis=step_fallback heavy_every=3)
[extract] step=2617 SKIP heavy block block_interp (ordinal=523 basis=step_fallback heavy_every=3)
[extract] step=2617 SKIP heavy block block_probes (ordinal=523 basis=step_fallback heavy_every=3)
[extract] step=2617 heavy=FALSE total=61.69s | block_optim=34.68 block_curvature=4.56 block_weights=10.20 block_trajectory=0.00 block_fitness=6.94
[collector w1] processed run_id=mae__adamw__s42 step=2617 heavy=False blocks_ok=5 blocks_err=0 t=61.688s -> deleted
[extract] step=2622 SKIP heavy block block_circuits (ordinal=524 basis=step_fallback heavy_every=3)
[extract] step=2622 SKIP heavy block block_interp (ordinal=524 basis=step_fallback heavy_every=3)
[extract] step=2622 SKIP heavy block block_probes (ordinal=524 basis=step_fallback heavy_every=3)
[extract] step=2622 heavy=FALSE total=61.08s | block_optim=33.88 block_curvature=4.57 block_weights=10.71 block_trajectory=0.00 block_fitness=6.82
[collector w1] processed run_id=mae__adamw__s42 step=2622 heavy=False blocks_ok=5 blocks_err=0 t=61.084s -> deleted
[extract] step=2627 heavy=TRUE total=207.22s | block_optim=35.90 block_curvature=4.58 block_weights=10.65 block_trajectory=0.00 block_circuits=2.01 block_interp=101.34 block_probes=40.72 block_fitness=6.42
[collector w1] processed run_id=mae__adamw__s42 step=2627 heavy=True blocks_ok=8 blocks_err=0 t=207.22s -> KEPT(->kept/,model-only)
[extract] step=2647 SKIP heavy block block_circuits (ordinal=529 basis=step_fallback heavy_every=3)
[extract] step=2647 SKIP heavy block block_interp (ordinal=529 basis=step_fallback heavy_every=3)
[extract] step=2647 SKIP heavy block block_probes (ordinal=529 basis=step_fallback heavy_every=3)
[extract] step=2647 heavy=FALSE total=61.70s | block_optim=35.70 block_curvature=4.68 block_weights=10.09 block_trajectory=0.00 block_fitness=6.38
[collector w1] re-slimmed kept run_id=mae__adamw__s42 step=2632 MODEL-ONLY (bumped out of latest-2).
[collector w1] processed run_id=mae__adamw__s42 step=2647 heavy=False blocks_ok=5 blocks_err=0 t=61.697s -> KEPT(->kept/,FULL latest2)
[extract] step=2652 SKIP heavy block block_circuits (ordinal=530 basis=step_fallback heavy_every=3)
[extract] step=2652 SKIP heavy block block_interp (ordinal=530 basis=step_fallback heavy_every=3)
[extract] step=2652 SKIP heavy block block_probes (ordinal=530 basis=step_fallback heavy_every=3)
[extract] step=2652 heavy=FALSE total=60.13s | block_optim=35.21 block_curvature=4.61 block_weights=9.79 block_trajectory=0.00 block_fitness=6.61
[collector w1] re-slimmed kept run_id=mae__adamw__s42 step=2642 MODEL-ONLY (bumped out of latest-2).
[collector w1] processed run_id=mae__adamw__s42 step=2652 heavy=False blocks_ok=5 blocks_err=0 t=60.134s -> KEPT(->kept/,FULL latest2)
[extract] step=2662 SKIP heavy block block_circuits (ordinal=532 basis=step_fallback heavy_every=3)
[extract] step=2662 SKIP heavy block block_interp (ordinal=532 basis=step_fallback heavy_every=3)
[extract] step=2662 SKIP heavy block block_probes (ordinal=532 basis=step_fallback heavy_every=3)
[extract] step=2662 heavy=FALSE total=63.82s | block_optim=37.16 block_curvature=4.81 block_weights=11.47 block_trajectory=0.00 block_fitness=6.34
[collector w1] re-slimmed kept run_id=mae__adamw__s42 step=2647 MODEL-ONLY (bumped out of latest-2).
[collector w1] processed run_id=mae__adamw__s42 step=2662 heavy=False blocks_ok=5 blocks_err=0 t=63.818s -> KEPT(->kept/,FULL latest2)
[extract] step=2667 SKIP heavy block block_circuits (ordinal=533 basis=step_fallback heavy_every=3)
[extract] step=2667 SKIP heavy block block_interp (ordinal=533 basis=step_fallback heavy_every=3)
[extract] step=2667 SKIP heavy block block_probes (ordinal=533 basis=step_fallback heavy_every=3)
[extract] step=2667 heavy=FALSE total=61.49s | block_optim=35.58 block_curvature=4.82 block_weights=9.90 block_trajectory=0.00 block_fitness=6.54
[collector w1] re-slimmed kept run_id=mae__adamw__s42 step=2652 MODEL-ONLY (bumped out of latest-2).
[collector w1] processed run_id=mae__adamw__s42 step=2667 heavy=False blocks_ok=5 blocks_err=0 t=61.489s -> KEPT(->kept/,FULL latest2)
[extract] step=2672 heavy=TRUE total=203.71s | block_optim=34.71 block_curvature=4.56 block_weights=10.11 block_trajectory=0.00 block_circuits=2.44 block_interp=102.29 block_probes=39.44 block_fitness=6.50
[collector w1] processed run_id=mae__adamw__s42 step=2672 heavy=True blocks_ok=8 blocks_err=0 t=203.711s -> deleted
[extract] step=2692 SKIP heavy block block_circuits (ordinal=538 basis=step_fallback heavy_every=3)
[extract] step=2692 SKIP heavy block block_interp (ordinal=538 basis=step_fallback heavy_every=3)
[extract] step=2692 SKIP heavy block block_probes (ordinal=538 basis=step_fallback heavy_every=3)
[extract] step=2692 heavy=FALSE total=61.49s | block_optim=35.38 block_curvature=4.62 block_weights=10.30 block_trajectory=0.00 block_fitness=6.63
[collector w1] re-slimmed kept run_id=mae__adamw__s42 step=2667 MODEL-ONLY (bumped out of latest-2).
[collector w1] processed run_id=mae__adamw__s42 step=2692 heavy=False blocks_ok=5 blocks_err=0 t=61.487s -> KEPT(->kept/,FULL latest2)
[extract] step=2697 SKIP heavy block block_circuits (ordinal=539 basis=step_fallback heavy_every=3)
[extract] step=2697 SKIP heavy block block_interp (ordinal=539 basis=step_fallback heavy_every=3)
[extract] step=2697 SKIP heavy block block_probes (ordinal=539 basis=step_fallback heavy_every=3)
[extract] step=2697 heavy=FALSE total=60.24s | block_optim=34.85 block_curvature=4.84 block_weights=9.69 block_trajectory=0.00 block_fitness=6.62
[collector w1] re-slimmed kept run_id=mae__adamw__s42 step=2677 MODEL-ONLY (bumped out of latest-2).
[collector w1] processed run_id=mae__adamw__s42 step=2697 heavy=False blocks_ok=5 blocks_err=0 t=60.235s -> KEPT(->kept/,FULL latest2)
[extract] step=2707 SKIP heavy block block_circuits (ordinal=541 basis=step_fallback heavy_every=3)
[extract] step=2707 SKIP heavy block block_interp (ordinal=541 basis=step_fallback heavy_every=3)
[extract] step=2707 SKIP heavy block block_probes (ordinal=541 basis=step_fallback heavy_every=3)
[extract] step=2707 heavy=FALSE total=59.72s | block_optim=34.71 block_curvature=4.56 block_weights=10.02 block_trajectory=0.00 block_fitness=6.51
[collector w1] re-slimmed kept run_id=mae__adamw__s42 step=2692 MODEL-ONLY (bumped out of latest-2).
[collector w1] processed run_id=mae__adamw__s42 step=2707 heavy=False blocks_ok=5 blocks_err=0 t=59.725s -> KEPT(->kept/,FULL latest2)
[extract] step=2712 SKIP heavy block block_circuits (ordinal=542 basis=step_fallback heavy_every=3)
[extract] step=2712 SKIP heavy block block_interp (ordinal=542 basis=step_fallback heavy_every=3)
[extract] step=2712 SKIP heavy block block_probes (ordinal=542 basis=step_fallback heavy_every=3)
[extract] step=2712 heavy=FALSE total=61.15s | block_optim=36.53 block_curvature=4.66 block_weights=9.55 block_trajectory=0.00 block_fitness=6.48
[collector w1] re-slimmed kept run_id=mae__adamw__s42 step=2697 MODEL-ONLY (bumped out of latest-2).
[collector w1] processed run_id=mae__adamw__s42 step=2712 heavy=False blocks_ok=5 blocks_err=0 t=61.155s -> KEPT(->kept/,FULL latest2)
[extract] step=2717 heavy=TRUE total=234.59s | block_optim=34.89 block_curvature=4.58 block_weights=9.57 block_trajectory=0.00 block_circuits=2.21 block_interp=131.18 block_probes=42.21 block_fitness=6.42
[collector w1] processed run_id=mae__adamw__s42 step=2717 heavy=True blocks_ok=8 blocks_err=0 t=234.592s -> deleted
[extract] step=2737 SKIP heavy block block_circuits (ordinal=547 basis=step_fallback heavy_every=3)
[extract] step=2737 SKIP heavy block block_interp (ordinal=547 basis=step_fallback heavy_every=3)
[extract] step=2737 SKIP heavy block block_probes (ordinal=547 basis=step_fallback heavy_every=3)
[extract] step=2737 heavy=FALSE total=61.43s | block_optim=35.18 block_curvature=4.57 block_weights=10.62 block_trajectory=0.00 block_fitness=6.27
[collector w1] processed run_id=mae__adamw__s42 step=2737 heavy=False blocks_ok=5 blocks_err=0 t=61.434s -> deleted
[extract] step=2742 SKIP heavy block block_circuits (ordinal=548 basis=step_fallback heavy_every=3)
[extract] step=2742 SKIP heavy block block_interp (ordinal=548 basis=step_fallback heavy_every=3)
[extract] step=2742 SKIP heavy block block_probes (ordinal=548 basis=step_fallback heavy_every=3)
[extract] step=2742 heavy=FALSE total=61.61s | block_optim=36.09 block_curvature=4.95 block_weights=9.65 block_trajectory=0.00 block_fitness=6.36
[collector w1] processed run_id=mae__adamw__s42 step=2742 heavy=False blocks_ok=5 blocks_err=0 t=61.613s -> deleted
[extract] step=2752 SKIP heavy block block_circuits (ordinal=550 basis=step_fallback heavy_every=3)
[extract] step=2752 SKIP heavy block block_interp (ordinal=550 basis=step_fallback heavy_every=3)
[extract] step=2752 SKIP heavy block block_probes (ordinal=550 basis=step_fallback heavy_every=3)
[extract] step=2752 heavy=FALSE total=61.29s | block_optim=35.07 block_curvature=4.61 block_weights=10.52 block_trajectory=0.00 block_fitness=6.27
[collector w1] processed run_id=mae__adamw__s42 step=2752 heavy=False blocks_ok=5 blocks_err=0 t=61.293s -> deleted
[extract] step=2757 SKIP heavy block block_circuits (ordinal=551 basis=step_fallback heavy_every=3)
[extract] step=2757 SKIP heavy block block_interp (ordinal=551 basis=step_fallback heavy_every=3)
[extract] step=2757 SKIP heavy block block_probes (ordinal=551 basis=step_fallback heavy_every=3)
[extract] step=2757 heavy=FALSE total=60.16s | block_optim=34.69 block_curvature=4.55 block_weights=9.49 block_trajectory=0.00 block_fitness=6.38
[collector w1] processed run_id=mae__adamw__s42 step=2757 heavy=False blocks_ok=5 blocks_err=0 t=60.16s -> deleted
[extract] step=2762 heavy=TRUE total=208.21s | block_optim=36.06 block_curvature=4.77 block_weights=9.89 block_trajectory=0.00 block_circuits=2.07 block_interp=101.65 block_probes=42.48 block_fitness=6.68
[collector w1] processed run_id=mae__adamw__s42 step=2762 heavy=True blocks_ok=8 blocks_err=0 t=208.211s -> deleted
[extract] step=2782 SKIP heavy block block_circuits (ordinal=556 basis=step_fallback heavy_every=3)
[extract] step=2782 SKIP heavy block block_interp (ordinal=556 basis=step_fallback heavy_every=3)
[extract] step=2782 SKIP heavy block block_probes (ordinal=556 basis=step_fallback heavy_every=3)
[extract] step=2782 heavy=FALSE total=63.62s | block_optim=35.96 block_curvature=5.33 block_weights=10.81 block_trajectory=0.00 block_fitness=6.59
[collector w1] processed run_id=mae__adamw__s42 step=2782 heavy=False blocks_ok=5 blocks_err=0 t=63.616s -> deleted
[extract] step=2787 SKIP heavy block block_circuits (ordinal=557 basis=step_fallback heavy_every=3)
[extract] step=2787 SKIP heavy block block_interp (ordinal=557 basis=step_fallback heavy_every=3)
[extract] step=2787 SKIP heavy block block_probes (ordinal=557 basis=step_fallback heavy_every=3)
[extract] step=2787 heavy=FALSE total=60.50s | block_optim=34.89 block_curvature=4.55 block_weights=9.57 block_trajectory=0.00 block_fitness=6.64
[collector w1] processed run_id=mae__adamw__s42 step=2787 heavy=False blocks_ok=5 blocks_err=0 t=60.497s -> deleted
[extract] step=2797 SKIP heavy block block_circuits (ordinal=559 basis=step_fallback heavy_every=3)
[extract] step=2797 SKIP heavy block block_interp (ordinal=559 basis=step_fallback heavy_every=3)
[extract] step=2797 SKIP heavy block block_probes (ordinal=559 basis=step_fallback heavy_every=3)
[extract] step=2797 heavy=FALSE total=60.35s | block_optim=34.37 block_curvature=4.54 block_weights=9.91 block_trajectory=0.00 block_fitness=6.64
[collector w1] processed run_id=mae__adamw__s42 step=2797 heavy=False blocks_ok=5 blocks_err=0 t=60.351s -> deleted
[extract] step=2802 SKIP heavy block block_circuits (ordinal=560 basis=step_fallback heavy_every=3)
[extract] step=2802 SKIP heavy block block_interp (ordinal=560 basis=step_fallback heavy_every=3)
[extract] step=2802 SKIP heavy block block_probes (ordinal=560 basis=step_fallback heavy_every=3)
[extract] step=2802 heavy=FALSE total=61.66s | block_optim=35.68 block_curvature=4.80 block_weights=9.59 block_trajectory=0.00 block_fitness=6.84
[collector w1] processed run_id=mae__adamw__s42 step=2802 heavy=False blocks_ok=5 blocks_err=0 t=61.661s -> deleted
[extract] step=2807 heavy=TRUE total=208.20s | block_optim=35.20 block_curvature=4.83 block_weights=9.51 block_trajectory=0.00 block_circuits=1.82 block_interp=102.88 block_probes=42.37 block_fitness=6.82
[collector w1] processed run_id=mae__adamw__s42 step=2807 heavy=True blocks_ok=8 blocks_err=0 t=208.205s -> deleted
[extract] step=2827 SKIP heavy block block_circuits (ordinal=565 basis=step_fallback heavy_every=3)
[extract] step=2827 SKIP heavy block block_interp (ordinal=565 basis=step_fallback heavy_every=3)
[extract] step=2827 SKIP heavy block block_probes (ordinal=565 basis=step_fallback heavy_every=3)
[extract] step=2827 heavy=FALSE total=61.00s | block_optim=34.78 block_curvature=4.74 block_weights=9.81 block_trajectory=0.00 block_fitness=6.70
[collector w1] processed run_id=mae__adamw__s42 step=2827 heavy=False blocks_ok=5 blocks_err=0 t=60.995s -> deleted
[extract] step=2832 SKIP heavy block block_circuits (ordinal=566 basis=step_fallback heavy_every=3)
[extract] step=2832 SKIP heavy block block_interp (ordinal=566 basis=step_fallback heavy_every=3)
[extract] step=2832 SKIP heavy block block_probes (ordinal=566 basis=step_fallback heavy_every=3)
[extract] step=2832 heavy=FALSE total=61.58s | block_optim=35.43 block_curvature=4.65 block_weights=9.86 block_trajectory=0.00 block_fitness=6.55
[collector w1] processed run_id=mae__adamw__s42 step=2832 heavy=False blocks_ok=5 blocks_err=0 t=61.576s -> deleted
[extract] step=2837 heavy=TRUE total=205.95s | block_optim=36.26 block_curvature=4.76 block_weights=10.42 block_trajectory=0.00 block_circuits=1.91 block_interp=101.96 block_probes=39.58 block_fitness=6.54
[collector w1] processed run_id=mae__adamw__s42 step=2837 heavy=True blocks_ok=8 blocks_err=0 t=205.954s -> deleted
[extract] step=2857 SKIP heavy block block_circuits (ordinal=571 basis=step_fallback heavy_every=3)
[extract] step=2857 SKIP heavy block block_interp (ordinal=571 basis=step_fallback heavy_every=3)
[extract] step=2857 SKIP heavy block block_probes (ordinal=571 basis=step_fallback heavy_every=3)
[extract] step=2857 heavy=FALSE total=62.39s | block_optim=36.00 block_curvature=4.89 block_weights=10.02 block_trajectory=0.00 block_fitness=6.78
[collector w1] processed run_id=mae__adamw__s42 step=2857 heavy=False blocks_ok=5 blocks_err=0 t=62.394s -> deleted
[extract] step=2862 SKIP heavy block block_circuits (ordinal=572 basis=step_fallback heavy_every=3)
[extract] step=2862 SKIP heavy block block_interp (ordinal=572 basis=step_fallback heavy_every=3)
[extract] step=2862 SKIP heavy block block_probes (ordinal=572 basis=step_fallback heavy_every=3)
[extract] step=2862 heavy=FALSE total=62.15s | block_optim=35.10 block_curvature=4.55 block_weights=10.46 block_trajectory=0.00 block_fitness=6.60
[collector w1] processed run_id=mae__adamw__s42 step=2862 heavy=False blocks_ok=5 blocks_err=0 t=62.145s -> deleted
[extract] step=2872 SKIP heavy block block_circuits (ordinal=574 basis=step_fallback heavy_every=3)
[extract] step=2872 SKIP heavy block block_interp (ordinal=574 basis=step_fallback heavy_every=3)
[extract] step=2872 SKIP heavy block block_probes (ordinal=574 basis=step_fallback heavy_every=3)
[extract] step=2872 heavy=FALSE total=62.23s | block_optim=35.06 block_curvature=4.55 block_weights=10.70 block_trajectory=0.00 block_fitness=6.84
[collector w1] processed run_id=mae__adamw__s42 step=2872 heavy=False blocks_ok=5 blocks_err=0 t=62.226s -> deleted
[extract] step=2877 SKIP heavy block block_circuits (ordinal=575 basis=step_fallback heavy_every=3)
[extract] step=2877 SKIP heavy block block_interp (ordinal=575 basis=step_fallback heavy_every=3)
[extract] step=2877 SKIP heavy block block_probes (ordinal=575 basis=step_fallback heavy_every=3)
[extract] step=2877 heavy=FALSE total=62.07s | block_optim=36.30 block_curvature=4.59 block_weights=9.60 block_trajectory=0.00 block_fitness=6.61
[collector w1] processed run_id=mae__adamw__s42 step=2877 heavy=False blocks_ok=5 blocks_err=0 t=62.071s -> deleted
[extract] step=2882 heavy=TRUE total=203.45s | block_optim=34.97 block_curvature=4.55 block_weights=9.55 block_trajectory=0.00 block_circuits=2.23 block_interp=101.72 block_probes=39.59 block_fitness=6.41
[collector w1] processed run_id=mae__adamw__s42 step=2882 heavy=True blocks_ok=8 blocks_err=0 t=203.452s -> deleted
[extract] step=2902 SKIP heavy block block_circuits (ordinal=580 basis=step_fallback heavy_every=3)
[extract] step=2902 SKIP heavy block block_interp (ordinal=580 basis=step_fallback heavy_every=3)
[extract] step=2902 SKIP heavy block block_probes (ordinal=580 basis=step_fallback heavy_every=3)
[extract] step=2902 heavy=FALSE total=60.63s | block_optim=35.03 block_curvature=4.56 block_weights=9.88 block_trajectory=0.00 block_fitness=6.41
[collector w1] processed run_id=mae__adamw__s42 step=2902 heavy=False blocks_ok=5 blocks_err=0 t=60.626s -> deleted
[extract] step=2907 SKIP heavy block block_circuits (ordinal=581 basis=step_fallback heavy_every=3)
[extract] step=2907 SKIP heavy block block_interp (ordinal=581 basis=step_fallback heavy_every=3)
[extract] step=2907 SKIP heavy block block_probes (ordinal=581 basis=step_fallback heavy_every=3)
[extract] step=2907 heavy=FALSE total=60.11s | block_optim=34.74 block_curvature=4.57 block_weights=9.52 block_trajectory=0.00 block_fitness=6.61
[collector w1] processed run_id=mae__adamw__s42 step=2907 heavy=False blocks_ok=5 blocks_err=0 t=60.105s -> deleted
[extract] step=2917 SKIP heavy block block_circuits (ordinal=583 basis=step_fallback heavy_every=3)
[extract] step=2917 SKIP heavy block block_interp (ordinal=583 basis=step_fallback heavy_every=3)
[extract] step=2917 SKIP heavy block block_probes (ordinal=583 basis=step_fallback heavy_every=3)
[extract] step=2917 heavy=FALSE total=62.57s | block_optim=36.44 block_curvature=4.80 block_weights=9.87 block_trajectory=0.00 block_fitness=6.55
[collector w1] processed run_id=mae__adamw__s42 step=2917 heavy=False blocks_ok=5 blocks_err=0 t=62.567s -> deleted
[extract] step=2922 SKIP heavy block block_circuits (ordinal=584 basis=step_fallback heavy_every=3)
[extract] step=2922 SKIP heavy block block_interp (ordinal=584 basis=step_fallback heavy_every=3)
[extract] step=2922 SKIP heavy block block_probes (ordinal=584 basis=step_fallback heavy_every=3)
[extract] step=2922 heavy=FALSE total=62.53s | block_optim=35.27 block_curvature=4.64 block_weights=10.80 block_trajectory=0.00 block_fitness=6.60
[collector w1] processed run_id=mae__adamw__s42 step=2922 heavy=False blocks_ok=5 blocks_err=0 t=62.528s -> deleted
[extract] step=2927 heavy=TRUE total=204.52s | block_optim=35.00 block_curvature=4.56 block_weights=9.60 block_trajectory=0.00 block_circuits=2.02 block_interp=102.26 block_probes=39.47 block_fitness=6.75
[collector w1] processed run_id=mae__adamw__s42 step=2927 heavy=True blocks_ok=8 blocks_err=0 t=204.522s -> deleted
[extract] step=2947 SKIP heavy block block_circuits (ordinal=589 basis=step_fallback heavy_every=3)
[extract] step=2947 SKIP heavy block block_interp (ordinal=589 basis=step_fallback heavy_every=3)
[extract] step=2947 SKIP heavy block block_probes (ordinal=589 basis=step_fallback heavy_every=3)
[extract] step=2947 heavy=FALSE total=61.81s | block_optim=35.27 block_curvature=5.00 block_weights=10.10 block_trajectory=0.00 block_fitness=6.68
[collector w1] processed run_id=mae__adamw__s42 step=2947 heavy=False blocks_ok=5 blocks_err=0 t=61.81s -> deleted
[extract] step=2952 SKIP heavy block block_circuits (ordinal=590 basis=step_fallback heavy_every=3)
[extract] step=2952 SKIP heavy block block_interp (ordinal=590 basis=step_fallback heavy_every=3)
[extract] step=2952 SKIP heavy block block_probes (ordinal=590 basis=step_fallback heavy_every=3)
[extract] step=2952 heavy=FALSE total=60.66s | block_optim=35.04 block_curvature=4.71 block_weights=9.56 block_trajectory=0.00 block_fitness=6.63
[collector w1] processed run_id=mae__adamw__s42 step=2952 heavy=False blocks_ok=5 blocks_err=0 t=60.663s -> deleted
[extract] step=2957 heavy=TRUE total=204.70s | block_optim=34.83 block_curvature=4.57 block_weights=9.73 block_trajectory=0.00 block_circuits=2.30 block_interp=102.79 block_probes=39.37 block_fitness=6.46
[collector w1] processed run_id=mae__adamw__s42 step=2957 heavy=True blocks_ok=8 blocks_err=0 t=204.696s -> deleted
[extract] step=2977 SKIP heavy block block_circuits (ordinal=595 basis=step_fallback heavy_every=3)
[extract] step=2977 SKIP heavy block block_interp (ordinal=595 basis=step_fallback heavy_every=3)
[extract] step=2977 SKIP heavy block block_probes (ordinal=595 basis=step_fallback heavy_every=3)
[extract] step=2977 heavy=FALSE total=63.29s | block_optim=35.32 block_curvature=5.65 block_weights=10.71 block_trajectory=0.00 block_fitness=6.62
[collector w1] processed run_id=mae__adamw__s42 step=2977 heavy=False blocks_ok=5 blocks_err=0 t=63.291s -> deleted
[extract] step=2982 SKIP heavy block block_circuits (ordinal=596 basis=step_fallback heavy_every=3)
[extract] step=2982 SKIP heavy block block_interp (ordinal=596 basis=step_fallback heavy_every=3)
[extract] step=2982 SKIP heavy block block_probes (ordinal=596 basis=step_fallback heavy_every=3)
[extract] step=2982 heavy=FALSE total=63.04s | block_optim=36.24 block_curvature=4.69 block_weights=10.70 block_trajectory=0.00 block_fitness=6.60
[collector w1] processed run_id=mae__adamw__s42 step=2982 heavy=False blocks_ok=5 blocks_err=0 t=63.041s -> deleted
[extract] step=2992 SKIP heavy block block_circuits (ordinal=598 basis=step_fallback heavy_every=3)
[extract] step=2992 SKIP heavy block block_interp (ordinal=598 basis=step_fallback heavy_every=3)
[extract] step=2992 SKIP heavy block block_probes (ordinal=598 basis=step_fallback heavy_every=3)
[extract] step=2992 heavy=FALSE total=63.32s | block_optim=35.65 block_curvature=5.48 block_weights=10.71 block_trajectory=0.00 block_fitness=6.44
[collector w1] processed run_id=mae__adamw__s42 step=2992 heavy=False blocks_ok=5 blocks_err=0 t=63.324s -> deleted
[extract] step=2997 SKIP heavy block block_circuits (ordinal=599 basis=step_fallback heavy_every=3)
[extract] step=2997 SKIP heavy block block_interp (ordinal=599 basis=step_fallback heavy_every=3)
[extract] step=2997 SKIP heavy block block_probes (ordinal=599 basis=step_fallback heavy_every=3)
[extract] step=2997 heavy=FALSE total=60.34s | block_optim=34.83 block_curvature=4.62 block_weights=9.58 block_trajectory=0.00 block_fitness=6.67
[collector w1] processed run_id=mae__adamw__s42 step=2997 heavy=False blocks_ok=5 blocks_err=0 t=60.338s -> deleted
[extract] step=3002 heavy=TRUE total=208.91s | block_optim=36.35 block_curvature=4.76 block_weights=9.87 block_trajectory=0.00 block_circuits=2.07 block_interp=102.09 block_probes=42.56 block_fitness=6.66
[collector w1] processed run_id=mae__adamw__s42 step=3002 heavy=True blocks_ok=8 blocks_err=0 t=208.912s -> deleted
[extract] step=3024 SKIP heavy block block_circuits (ordinal=604 basis=step_fallback heavy_every=3)
[extract] step=3024 SKIP heavy block block_interp (ordinal=604 basis=step_fallback heavy_every=3)
[extract] step=3024 SKIP heavy block block_probes (ordinal=604 basis=step_fallback heavy_every=3)
[extract] step=3024 heavy=FALSE total=61.69s | block_optim=35.11 block_curvature=4.56 block_weights=10.21 block_trajectory=0.00 block_fitness=7.02
[collector w1] processed run_id=mae__adamw__s42 step=3024 heavy=False blocks_ok=5 blocks_err=0 t=61.693s -> deleted
[extract] step=3029 SKIP heavy block block_circuits (ordinal=605 basis=step_fallback heavy_every=3)
[extract] step=3029 SKIP heavy block block_interp (ordinal=605 basis=step_fallback heavy_every=3)
[extract] step=3029 SKIP heavy block block_probes (ordinal=605 basis=step_fallback heavy_every=3)
[extract] step=3029 heavy=FALSE total=61.39s | block_optim=35.79 block_curvature=4.55 block_weights=9.65 block_trajectory=0.00 block_fitness=6.63
[collector w1] processed run_id=mae__adamw__s42 step=3029 heavy=False blocks_ok=5 blocks_err=0 t=61.392s -> deleted
[extract] step=3034 heavy=TRUE total=208.09s | block_optim=34.89 block_curvature=4.74 block_weights=9.62 block_trajectory=0.00 block_circuits=2.06 block_interp=102.65 block_probes=42.83 block_fitness=6.83
[collector w1] processed run_id=mae__adamw__s42 step=3034 heavy=True blocks_ok=8 blocks_err=0 t=208.091s -> deleted
[extract] step=3054 SKIP heavy block block_circuits (ordinal=610 basis=step_fallback heavy_every=3)
[extract] step=3054 SKIP heavy block block_interp (ordinal=610 basis=step_fallback heavy_every=3)
[extract] step=3054 SKIP heavy block block_probes (ordinal=610 basis=step_fallback heavy_every=3)
[extract] step=3054 heavy=FALSE total=61.83s | block_optim=35.06 block_curvature=4.55 block_weights=10.08 block_trajectory=0.00 block_fitness=7.29
[collector w1] processed run_id=mae__adamw__s42 step=3054 heavy=False blocks_ok=5 blocks_err=0 t=61.83s -> deleted
[extract] step=3059 SKIP heavy block block_circuits (ordinal=611 basis=step_fallback heavy_every=3)
[extract] step=3059 SKIP heavy block block_interp (ordinal=611 basis=step_fallback heavy_every=3)
[extract] step=3059 SKIP heavy block block_probes (ordinal=611 basis=step_fallback heavy_every=3)
[extract] step=3059 heavy=FALSE total=63.06s | block_optim=35.75 block_curvature=4.59 block_weights=10.42 block_trajectory=0.00 block_fitness=7.55
[collector w1] processed run_id=mae__adamw__s42 step=3059 heavy=False blocks_ok=5 blocks_err=0 t=63.057s -> deleted
[extract] step=3069 SKIP heavy block block_circuits (ordinal=613 basis=step_fallback heavy_every=3)
[extract] step=3069 SKIP heavy block block_interp (ordinal=613 basis=step_fallback heavy_every=3)
[extract] step=3069 SKIP heavy block block_probes (ordinal=613 basis=step_fallback heavy_every=3)
[extract] step=3069 heavy=FALSE total=61.98s | block_optim=35.47 block_curvature=4.58 block_weights=10.18 block_trajectory=0.00 block_fitness=6.81
[collector w1] processed run_id=mae__adamw__s42 step=3069 heavy=False blocks_ok=5 blocks_err=0 t=61.983s -> deleted
[extract] step=3074 SKIP heavy block block_circuits (ordinal=614 basis=step_fallback heavy_every=3)
[extract] step=3074 SKIP heavy block block_interp (ordinal=614 basis=step_fallback heavy_every=3)
[extract] step=3074 SKIP heavy block block_probes (ordinal=614 basis=step_fallback heavy_every=3)
[extract] step=3074 heavy=FALSE total=60.41s | block_optim=34.80 block_curvature=4.63 block_weights=9.72 block_trajectory=0.00 block_fitness=6.55
[collector w1] processed run_id=mae__adamw__s42 step=3074 heavy=False blocks_ok=5 blocks_err=0 t=60.408s -> deleted
[extract] step=3079 heavy=TRUE total=214.70s | block_optim=35.87 block_curvature=4.61 block_weights=10.22 block_trajectory=0.00 block_circuits=2.04 block_interp=109.76 block_probes=40.50 block_fitness=6.69
[collector w1] processed run_id=mae__adamw__s42 step=3079 heavy=True blocks_ok=8 blocks_err=0 t=214.697s -> deleted
[extract] step=3099 SKIP heavy block block_circuits (ordinal=619 basis=step_fallback heavy_every=3)
[extract] step=3099 SKIP heavy block block_interp (ordinal=619 basis=step_fallback heavy_every=3)
[extract] step=3099 SKIP heavy block block_probes (ordinal=619 basis=step_fallback heavy_every=3)
[extract] step=3099 heavy=FALSE total=61.26s | block_optim=35.27 block_curvature=4.80 block_weights=9.82 block_trajectory=0.00 block_fitness=6.59
[collector w1] processed run_id=mae__adamw__s42 step=3099 heavy=False blocks_ok=5 blocks_err=0 t=61.262s -> deleted
[extract] step=3104 SKIP heavy block block_circuits (ordinal=620 basis=step_fallback heavy_every=3)
[extract] step=3104 SKIP heavy block block_interp (ordinal=620 basis=step_fallback heavy_every=3)
[extract] step=3104 SKIP heavy block block_probes (ordinal=620 basis=step_fallback heavy_every=3)
[extract] step=3104 heavy=FALSE total=59.67s | block_optim=34.12 block_curvature=4.55 block_weights=9.59 block_trajectory=0.00 block_fitness=6.54
[collector w1] processed run_id=mae__adamw__s42 step=3104 heavy=False blocks_ok=5 blocks_err=0 t=59.669s -> deleted
[extract] step=3109 heavy=TRUE total=206.97s | block_optim=33.92 block_curvature=4.56 block_weights=9.64 block_trajectory=0.00 block_circuits=1.80 block_interp=102.52 block_probes=42.88 block_fitness=7.19
[collector w1] processed run_id=mae__adamw__s42 step=3109 heavy=True blocks_ok=8 blocks_err=0 t=206.975s -> deleted
[extract] step=3129 SKIP heavy block block_circuits (ordinal=625 basis=step_fallback heavy_every=3)
[extract] step=3129 SKIP heavy block block_interp (ordinal=625 basis=step_fallback heavy_every=3)
[extract] step=3129 SKIP heavy block block_probes (ordinal=625 basis=step_fallback heavy_every=3)
[extract] step=3129 heavy=FALSE total=62.53s | block_optim=35.72 block_curvature=4.58 block_weights=10.41 block_trajectory=0.00 block_fitness=6.55
[collector w1] processed run_id=mae__adamw__s42 step=3129 heavy=False blocks_ok=5 blocks_err=0 t=62.53s -> deleted
[extract] step=3134 SKIP heavy block block_circuits (ordinal=626 basis=step_fallback heavy_every=3)
[extract] step=3134 SKIP heavy block block_interp (ordinal=626 basis=step_fallback heavy_every=3)
[extract] step=3134 SKIP heavy block block_probes (ordinal=626 basis=step_fallback heavy_every=3)
[extract] step=3134 heavy=FALSE total=60.35s | block_optim=34.37 block_curvature=4.55 block_weights=9.54 block_trajectory=0.00 block_fitness=6.72
[collector w1] processed run_id=mae__adamw__s42 step=3134 heavy=False blocks_ok=5 blocks_err=0 t=60.348s -> deleted
[extract] step=3144 SKIP heavy block block_circuits (ordinal=628 basis=step_fallback heavy_every=3)
[extract] step=3144 SKIP heavy block block_interp (ordinal=628 basis=step_fallback heavy_every=3)
[extract] step=3144 SKIP heavy block block_probes (ordinal=628 basis=step_fallback heavy_every=3)
[extract] step=3144 heavy=FALSE total=63.05s | block_optim=35.29 block_curvature=5.66 block_weights=10.56 block_trajectory=0.00 block_fitness=6.55
[collector w1] processed run_id=mae__adamw__s42 step=3144 heavy=False blocks_ok=5 blocks_err=0 t=63.045s -> deleted
[extract] step=3149 SKIP heavy block block_circuits (ordinal=629 basis=step_fallback heavy_every=3)
[extract] step=3149 SKIP heavy block block_interp (ordinal=629 basis=step_fallback heavy_every=3)
[extract] step=3149 SKIP heavy block block_probes (ordinal=629 basis=step_fallback heavy_every=3)
[extract] step=3149 heavy=FALSE total=60.92s | block_optim=34.74 block_curvature=4.57 block_weights=9.88 block_trajectory=0.00 block_fitness=7.01
[collector w1] processed run_id=mae__adamw__s42 step=3149 heavy=False blocks_ok=5 blocks_err=0 t=60.922s -> deleted
[extract] step=3154 heavy=TRUE total=212.04s | block_optim=34.95 block_curvature=5.26 block_weights=10.25 block_trajectory=0.00 block_circuits=2.04 block_interp=108.45 block_probes=39.75 block_fitness=6.46
[collector w1] processed run_id=mae__adamw__s42 step=3154 heavy=True blocks_ok=8 blocks_err=0 t=212.038s -> KEPT(->kept/,model-only)
[extract] step=3174 SKIP heavy block block_circuits (ordinal=634 basis=step_fallback heavy_every=3)
[extract] step=3174 SKIP heavy block block_interp (ordinal=634 basis=step_fallback heavy_every=3)
[extract] step=3174 SKIP heavy block block_probes (ordinal=634 basis=step_fallback heavy_every=3)
[extract] step=3174 heavy=FALSE total=59.33s | block_optim=34.48 block_curvature=4.55 block_weights=9.86 block_trajectory=0.00 block_fitness=6.59
[collector w1] re-slimmed kept run_id=mae__adamw__s42 step=3159 MODEL-ONLY (bumped out of latest-2).
[collector w1] processed run_id=mae__adamw__s42 step=3174 heavy=False blocks_ok=5 blocks_err=0 t=59.325s -> KEPT(->kept/,FULL latest2)
[extract] step=3179 SKIP heavy block block_circuits (ordinal=635 basis=step_fallback heavy_every=3)
[extract] step=3179 SKIP heavy block block_interp (ordinal=635 basis=step_fallback heavy_every=3)
[extract] step=3179 SKIP heavy block block_probes (ordinal=635 basis=step_fallback heavy_every=3)
[extract] step=3179 heavy=FALSE total=59.22s | block_optim=34.04 block_curvature=4.59 block_weights=9.99 block_trajectory=0.00 block_fitness=6.72
[collector w1] processed run_id=mae__adamw__s42 step=3179 heavy=False blocks_ok=5 blocks_err=0 t=59.216s -> deleted
[extract] step=3184 heavy=TRUE total=231.05s | block_optim=34.23 block_curvature=4.55 block_weights=9.96 block_trajectory=0.00 block_circuits=1.87 block_interp=128.87 block_probes=40.07 block_fitness=6.60
[collector w1] processed run_id=mae__adamw__s42 step=3184 heavy=True blocks_ok=8 blocks_err=0 t=231.049s -> deleted
[extract] step=3204 SKIP heavy block block_circuits (ordinal=640 basis=step_fallback heavy_every=3)
[extract] step=3204 SKIP heavy block block_interp (ordinal=640 basis=step_fallback heavy_every=3)
[extract] step=3204 SKIP heavy block block_probes (ordinal=640 basis=step_fallback heavy_every=3)
[extract] step=3204 heavy=FALSE total=60.74s | block_optim=34.43 block_curvature=4.56 block_weights=9.88 block_trajectory=0.00 block_fitness=6.90
[collector w1] processed run_id=mae__adamw__s42 step=3204 heavy=False blocks_ok=5 blocks_err=0 t=60.74s -> deleted
[extract] step=3209 SKIP heavy block block_circuits (ordinal=641 basis=step_fallback heavy_every=3)
[extract] step=3209 SKIP heavy block block_interp (ordinal=641 basis=step_fallback heavy_every=3)
[extract] step=3209 SKIP heavy block block_probes (ordinal=641 basis=step_fallback heavy_every=3)
[extract] step=3209 heavy=FALSE total=60.91s | block_optim=34.79 block_curvature=4.60 block_weights=9.59 block_trajectory=0.00 block_fitness=6.57
[collector w1] processed run_id=mae__adamw__s42 step=3209 heavy=False blocks_ok=5 blocks_err=0 t=60.913s -> deleted
[extract] step=3219 SKIP heavy block block_circuits (ordinal=643 basis=step_fallback heavy_every=3)
[extract] step=3219 SKIP heavy block block_interp (ordinal=643 basis=step_fallback heavy_every=3)
[extract] step=3219 SKIP heavy block block_probes (ordinal=643 basis=step_fallback heavy_every=3)
[extract] step=3219 heavy=FALSE total=62.98s | block_optim=35.85 block_curvature=4.66 block_weights=10.60 block_trajectory=0.00 block_fitness=6.51
[collector w1] re-slimmed kept run_id=mae__adamw__s42 step=3194 MODEL-ONLY (bumped out of latest-2).
[collector w1] processed run_id=mae__adamw__s42 step=3219 heavy=False blocks_ok=5 blocks_err=0 t=62.985s -> KEPT(->kept/,FULL latest2)
[extract] step=3224 SKIP heavy block block_circuits (ordinal=644 basis=step_fallback heavy_every=3)
[extract] step=3224 SKIP heavy block block_interp (ordinal=644 basis=step_fallback heavy_every=3)
[extract] step=3224 SKIP heavy block block_probes (ordinal=644 basis=step_fallback heavy_every=3)
[extract] step=3224 heavy=FALSE total=60.32s | block_optim=35.25 block_curvature=4.79 block_weights=9.62 block_trajectory=0.00 block_fitness=6.71
[collector w1] processed run_id=mae__adamw__s42 step=3224 heavy=False blocks_ok=5 blocks_err=0 t=60.323s -> deleted
[extract] step=3229 heavy=TRUE total=228.39s | block_optim=35.13 block_curvature=4.59 block_weights=9.96 block_trajectory=0.00 block_circuits=2.02 block_interp=126.22 block_probes=39.41 block_fitness=6.80
[collector w1] processed run_id=mae__adamw__s42 step=3229 heavy=True blocks_ok=8 blocks_err=0 t=228.385s -> deleted
[extract] step=3249 SKIP heavy block block_circuits (ordinal=649 basis=step_fallback heavy_every=3)
[extract] step=3249 SKIP heavy block block_interp (ordinal=649 basis=step_fallback heavy_every=3)
[extract] step=3249 SKIP heavy block block_probes (ordinal=649 basis=step_fallback heavy_every=3)
[extract] step=3249 heavy=FALSE total=63.06s | block_optim=35.91 block_curvature=4.56 block_weights=10.22 block_trajectory=0.00 block_fitness=6.60
[collector w1] processed run_id=mae__adamw__s42 step=3249 heavy=False blocks_ok=5 blocks_err=0 t=63.057s -> deleted
[extract] step=3254 SKIP heavy block block_circuits (ordinal=650 basis=step_fallback heavy_every=3)
[extract] step=3254 SKIP heavy block block_interp (ordinal=650 basis=step_fallback heavy_every=3)
[extract] step=3254 SKIP heavy block block_probes (ordinal=650 basis=step_fallback heavy_every=3)
[extract] step=3254 heavy=FALSE total=60.75s | block_optim=35.12 block_curvature=4.86 block_weights=9.49 block_trajectory=0.00 block_fitness=6.62
[collector w1] processed run_id=mae__adamw__s42 step=3254 heavy=False blocks_ok=5 blocks_err=0 t=60.753s -> deleted
[extract] step=3264 SKIP heavy block block_circuits (ordinal=652 basis=step_fallback heavy_every=3)
[extract] step=3264 SKIP heavy block block_interp (ordinal=652 basis=step_fallback heavy_every=3)
[extract] step=3264 SKIP heavy block block_probes (ordinal=652 basis=step_fallback heavy_every=3)
[extract] step=3264 heavy=FALSE total=61.09s | block_optim=34.72 block_curvature=4.60 block_weights=10.19 block_trajectory=0.00 block_fitness=6.76
[collector w1] processed run_id=mae__adamw__s42 step=3264 heavy=False blocks_ok=5 blocks_err=0 t=61.092s -> deleted
[extract] step=3269 SKIP heavy block block_circuits (ordinal=653 basis=step_fallback heavy_every=3)
[extract] step=3269 SKIP heavy block block_interp (ordinal=653 basis=step_fallback heavy_every=3)
[extract] step=3269 SKIP heavy block block_probes (ordinal=653 basis=step_fallback heavy_every=3)
[extract] step=3269 heavy=FALSE total=63.38s | block_optim=35.57 block_curvature=5.34 block_weights=10.38 block_trajectory=0.00 block_fitness=6.47
[collector w1] processed run_id=mae__adamw__s42 step=3269 heavy=False blocks_ok=5 blocks_err=0 t=63.378s -> deleted
[extract] step=3274 heavy=TRUE total=208.65s | block_optim=34.93 block_curvature=4.66 block_weights=10.94 block_trajectory=0.00 block_circuits=1.72 block_interp=102.75 block_probes=42.30 block_fitness=6.60
[collector w1] processed run_id=mae__adamw__s42 step=3274 heavy=True blocks_ok=8 blocks_err=0 t=208.65s -> deleted
[extract] step=3294 SKIP heavy block block_circuits (ordinal=658 basis=step_fallback heavy_every=3)
[extract] step=3294 SKIP heavy block block_interp (ordinal=658 basis=step_fallback heavy_every=3)
[extract] step=3294 SKIP heavy block block_probes (ordinal=658 basis=step_fallback heavy_every=3)
[extract] step=3294 heavy=FALSE total=63.10s | block_optim=35.33 block_curvature=5.53 block_weights=10.65 block_trajectory=0.00 block_fitness=6.60
[collector w1] processed run_id=mae__adamw__s42 step=3294 heavy=False blocks_ok=5 blocks_err=0 t=63.103s -> deleted
[extract] step=3299 SKIP heavy block block_circuits (ordinal=659 basis=step_fallback heavy_every=3)
[extract] step=3299 SKIP heavy block block_interp (ordinal=659 basis=step_fallback heavy_every=3)
[extract] step=3299 SKIP heavy block block_probes (ordinal=659 basis=step_fallback heavy_every=3)
[extract] step=3299 heavy=FALSE total=61.48s | block_optim=35.82 block_curvature=5.00 block_weights=9.47 block_trajectory=0.00 block_fitness=6.63
[collector w1] processed run_id=mae__adamw__s42 step=3299 heavy=False blocks_ok=5 blocks_err=0 t=61.485s -> deleted
[extract] step=3309 SKIP heavy block block_circuits (ordinal=661 basis=step_fallback heavy_every=3)
[extract] step=3309 SKIP heavy block block_interp (ordinal=661 basis=step_fallback heavy_every=3)
[extract] step=3309 SKIP heavy block block_probes (ordinal=661 basis=step_fallback heavy_every=3)
[extract] step=3309 heavy=FALSE total=60.60s | block_optim=34.70 block_curvature=4.57 block_weights=9.68 block_trajectory=0.00 block_fitness=6.87
[collector w1] processed run_id=mae__adamw__s42 step=3309 heavy=False blocks_ok=5 blocks_err=0 t=60.604s -> deleted
[extract] step=3314 SKIP heavy block block_circuits (ordinal=662 basis=step_fallback heavy_every=3)
[extract] step=3314 SKIP heavy block block_interp (ordinal=662 basis=step_fallback heavy_every=3)
[extract] step=3314 SKIP heavy block block_probes (ordinal=662 basis=step_fallback heavy_every=3)
[extract] step=3314 heavy=FALSE total=60.41s | block_optim=34.62 block_curvature=4.82 block_weights=9.53 block_trajectory=0.00 block_fitness=6.78
[collector w1] processed run_id=mae__adamw__s42 step=3314 heavy=False blocks_ok=5 blocks_err=0 t=60.41s -> deleted
[extract] step=3319 heavy=TRUE total=213.21s | block_optim=35.61 block_curvature=4.60 block_weights=9.73 block_trajectory=0.00 block_circuits=1.91 block_interp=109.37 block_probes=40.77 block_fitness=6.77
[collector w1] processed run_id=mae__adamw__s42 step=3319 heavy=True blocks_ok=8 blocks_err=0 t=213.206s -> deleted
[extract] step=3339 SKIP heavy block block_circuits (ordinal=667 basis=step_fallback heavy_every=3)
[extract] step=3339 SKIP heavy block block_interp (ordinal=667 basis=step_fallback heavy_every=3)
[extract] step=3339 SKIP heavy block block_probes (ordinal=667 basis=step_fallback heavy_every=3)
[extract] step=3339 heavy=FALSE total=63.68s | block_optim=36.13 block_curvature=4.85 block_weights=11.36 block_trajectory=0.00 block_fitness=6.51
[collector w1] processed run_id=mae__adamw__s42 step=3339 heavy=False blocks_ok=5 blocks_err=0 t=63.685s -> deleted
[extract] step=3344 SKIP heavy block block_circuits (ordinal=668 basis=step_fallback heavy_every=3)
[extract] step=3344 SKIP heavy block block_interp (ordinal=668 basis=step_fallback heavy_every=3)
[extract] step=3344 SKIP heavy block block_probes (ordinal=668 basis=step_fallback heavy_every=3)
[extract] step=3344 heavy=FALSE total=65.28s | block_optim=34.94 block_curvature=4.67 block_weights=13.62 block_trajectory=0.00 block_fitness=6.91
[collector w1] processed run_id=mae__adamw__s42 step=3344 heavy=False blocks_ok=5 blocks_err=0 t=65.275s -> deleted
[extract] step=3354 SKIP heavy block block_circuits (ordinal=670 basis=step_fallback heavy_every=3)
[extract] step=3354 SKIP heavy block block_interp (ordinal=670 basis=step_fallback heavy_every=3)
[extract] step=3354 SKIP heavy block block_probes (ordinal=670 basis=step_fallback heavy_every=3)
[extract] step=3354 heavy=FALSE total=62.47s | block_optim=35.24 block_curvature=4.81 block_weights=10.47 block_trajectory=0.00 block_fitness=6.80
[collector w1] processed run_id=mae__adamw__s42 step=3354 heavy=False blocks_ok=5 blocks_err=0 t=62.466s -> deleted
[extract] step=3359 SKIP heavy block block_circuits (ordinal=671 basis=step_fallback heavy_every=3)
[extract] step=3359 SKIP heavy block block_interp (ordinal=671 basis=step_fallback heavy_every=3)
[extract] step=3359 SKIP heavy block block_probes (ordinal=671 basis=step_fallback heavy_every=3)
[extract] step=3359 heavy=FALSE total=70.50s | block_optim=37.54 block_curvature=5.86 block_weights=13.83 block_trajectory=0.00 block_fitness=7.01
[collector w1] processed run_id=mae__adamw__s42 step=3359 heavy=False blocks_ok=5 blocks_err=0 t=70.501s -> deleted
[extract] step=3364 heavy=TRUE total=194.64s | block_optim=33.40 block_curvature=4.53 block_weights=9.23 block_trajectory=0.00 block_circuits=1.87 block_interp=95.66 block_probes=37.55 block_fitness=6.78
[collector w1] processed run_id=mae__adamw__s42 step=3364 heavy=True blocks_ok=8 blocks_err=0 t=194.637s -> deleted
[extract] step=3384 SKIP heavy block block_circuits (ordinal=676 basis=step_fallback heavy_every=3)
[extract] step=3384 SKIP heavy block block_interp (ordinal=676 basis=step_fallback heavy_every=3)
[extract] step=3384 SKIP heavy block block_probes (ordinal=676 basis=step_fallback heavy_every=3)
[extract] step=3384 heavy=FALSE total=58.65s | block_optim=33.60 block_curvature=4.65 block_weights=9.23 block_trajectory=0.00 block_fitness=6.67
[collector w1] processed run_id=mae__adamw__s42 step=3384 heavy=False blocks_ok=5 blocks_err=0 t=58.654s -> deleted
[extract] step=3389 SKIP heavy block block_circuits (ordinal=677 basis=step_fallback heavy_every=3)
[extract] step=3389 SKIP heavy block block_interp (ordinal=677 basis=step_fallback heavy_every=3)
[extract] step=3389 SKIP heavy block block_probes (ordinal=677 basis=step_fallback heavy_every=3)
[extract] step=3389 heavy=FALSE total=58.56s | block_optim=33.57 block_curvature=4.56 block_weights=9.13 block_trajectory=0.00 block_fitness=6.76
[collector w1] processed run_id=mae__adamw__s42 step=3389 heavy=False blocks_ok=5 blocks_err=0 t=58.556s -> deleted
[extract] step=3399 SKIP heavy block block_circuits (ordinal=679 basis=step_fallback heavy_every=3)
[extract] step=3399 SKIP heavy block block_interp (ordinal=679 basis=step_fallback heavy_every=3)
[extract] step=3399 SKIP heavy block block_probes (ordinal=679 basis=step_fallback heavy_every=3)
[extract] step=3399 heavy=FALSE total=60.23s | block_optim=34.66 block_curvature=4.56 block_weights=9.64 block_trajectory=0.00 block_fitness=6.70
[collector w1] processed run_id=mae__adamw__s42 step=3399 heavy=False blocks_ok=5 blocks_err=0 t=60.225s -> deleted
[extract] step=3404 SKIP heavy block block_circuits (ordinal=680 basis=step_fallback heavy_every=3)
[extract] step=3404 SKIP heavy block block_interp (ordinal=680 basis=step_fallback heavy_every=3)
[extract] step=3404 SKIP heavy block block_probes (ordinal=680 basis=step_fallback heavy_every=3)
[extract] step=3404 heavy=FALSE total=59.48s | block_optim=34.81 block_curvature=4.56 block_weights=8.76 block_trajectory=0.00 block_fitness=6.68
[collector w1] processed run_id=mae__adamw__s42 step=3404 heavy=False blocks_ok=5 blocks_err=0 t=59.484s -> deleted
[extract] step=3409 heavy=TRUE total=211.96s | block_optim=35.79 block_curvature=4.57 block_weights=9.38 block_trajectory=0.00 block_circuits=2.11 block_interp=108.63 block_probes=40.43 block_fitness=6.68
[collector w1] processed run_id=mae__adamw__s42 step=3409 heavy=True blocks_ok=8 blocks_err=0 t=211.962s -> deleted
[extract] step=3429 SKIP heavy block block_circuits (ordinal=685 basis=step_fallback heavy_every=3)
[extract] step=3429 SKIP heavy block block_interp (ordinal=685 basis=step_fallback heavy_every=3)
[extract] step=3429 SKIP heavy block block_probes (ordinal=685 basis=step_fallback heavy_every=3)
[extract] step=3429 heavy=FALSE total=62.79s | block_optim=35.68 block_curvature=5.16 block_weights=10.36 block_trajectory=0.00 block_fitness=6.52
[collector w1] processed run_id=mae__adamw__s42 step=3429 heavy=False blocks_ok=5 blocks_err=0 t=62.787s -> deleted
[extract] step=3434 SKIP heavy block block_circuits (ordinal=686 basis=step_fallback heavy_every=3)
[extract] step=3434 SKIP heavy block block_interp (ordinal=686 basis=step_fallback heavy_every=3)
[extract] step=3434 SKIP heavy block block_probes (ordinal=686 basis=step_fallback heavy_every=3)
[extract] step=3434 heavy=FALSE total=60.32s | block_optim=34.80 block_curvature=4.55 block_weights=9.75 block_trajectory=0.00 block_fitness=6.46
[collector w1] processed run_id=mae__adamw__s42 step=3434 heavy=False blocks_ok=5 blocks_err=0 t=60.323s -> deleted
[extract] step=3439 heavy=TRUE total=214.78s | block_optim=35.35 block_curvature=4.66 block_weights=10.11 block_trajectory=0.00 block_circuits=2.21 block_interp=108.23 block_probes=42.73 block_fitness=6.97
[collector w1] processed run_id=mae__adamw__s42 step=3439 heavy=True blocks_ok=8 blocks_err=0 t=214.78s -> deleted
[extract] step=3459 SKIP heavy block block_circuits (ordinal=691 basis=step_fallback heavy_every=3)
[extract] step=3459 SKIP heavy block block_interp (ordinal=691 basis=step_fallback heavy_every=3)
[extract] step=3459 SKIP heavy block block_probes (ordinal=691 basis=step_fallback heavy_every=3)
[extract] step=3459 heavy=FALSE total=62.64s | block_optim=36.70 block_curvature=4.56 block_weights=9.66 block_trajectory=0.00 block_fitness=7.06
[collector w1] processed run_id=mae__adamw__s42 step=3459 heavy=False blocks_ok=5 blocks_err=0 t=62.643s -> deleted
[extract] step=3464 SKIP heavy block block_circuits (ordinal=692 basis=step_fallback heavy_every=3)
[extract] step=3464 SKIP heavy block block_interp (ordinal=692 basis=step_fallback heavy_every=3)
[extract] step=3464 SKIP heavy block block_probes (ordinal=692 basis=step_fallback heavy_every=3)
[extract] step=3464 heavy=FALSE total=62.31s | block_optim=35.62 block_curvature=4.57 block_weights=10.25 block_trajectory=0.00 block_fitness=6.76
[collector w1] processed run_id=mae__adamw__s42 step=3464 heavy=False blocks_ok=5 blocks_err=0 t=62.313s -> deleted
[extract] step=3474 SKIP heavy block block_circuits (ordinal=694 basis=step_fallback heavy_every=3)
[extract] step=3474 SKIP heavy block block_interp (ordinal=694 basis=step_fallback heavy_every=3)
[extract] step=3474 SKIP heavy block block_probes (ordinal=694 basis=step_fallback heavy_every=3)
[extract] step=3474 heavy=FALSE total=63.04s | block_optim=35.64 block_curvature=5.68 block_weights=10.35 block_trajectory=0.00 block_fitness=6.55
[collector w1] processed run_id=mae__adamw__s42 step=3474 heavy=False blocks_ok=5 blocks_err=0 t=63.038s -> deleted
[extract] step=3479 SKIP heavy block block_circuits (ordinal=695 basis=step_fallback heavy_every=3)
[extract] step=3479 SKIP heavy block block_interp (ordinal=695 basis=step_fallback heavy_every=3)
[extract] step=3479 SKIP heavy block block_probes (ordinal=695 basis=step_fallback heavy_every=3)
[extract] step=3479 heavy=FALSE total=63.22s | block_optim=36.36 block_curvature=4.70 block_weights=10.08 block_trajectory=0.00 block_fitness=7.31
[collector w1] processed run_id=mae__adamw__s42 step=3479 heavy=False blocks_ok=5 blocks_err=0 t=63.225s -> deleted
[extract] step=3484 heavy=TRUE total=209.42s | block_optim=35.21 block_curvature=5.16 block_weights=10.17 block_trajectory=0.00 block_circuits=1.94 block_interp=102.91 block_probes=42.30 block_fitness=6.77
[collector w1] processed run_id=mae__adamw__s42 step=3484 heavy=True blocks_ok=8 blocks_err=0 t=209.415s -> deleted
[extract] step=3504 SKIP heavy block block_circuits (ordinal=700 basis=step_fallback heavy_every=3)
[extract] step=3504 SKIP heavy block block_interp (ordinal=700 basis=step_fallback heavy_every=3)
[extract] step=3504 SKIP heavy block block_probes (ordinal=700 basis=step_fallback heavy_every=3)
[extract] step=3504 heavy=FALSE total=61.18s | block_optim=34.80 block_curvature=4.79 block_weights=10.08 block_trajectory=0.00 block_fitness=6.33
[collector w1] processed run_id=mae__adamw__s42 step=3504 heavy=False blocks_ok=5 blocks_err=0 t=61.184s -> deleted
[extract] step=3509 SKIP heavy block block_circuits (ordinal=701 basis=step_fallback heavy_every=3)
[extract] step=3509 SKIP heavy block block_interp (ordinal=701 basis=step_fallback heavy_every=3)
[extract] step=3509 SKIP heavy block block_probes (ordinal=701 basis=step_fallback heavy_every=3)
[extract] step=3509 heavy=FALSE total=60.05s | block_optim=34.25 block_curvature=4.59 block_weights=9.52 block_trajectory=0.00 block_fitness=6.85
[collector w1] processed run_id=mae__adamw__s42 step=3509 heavy=False blocks_ok=5 blocks_err=0 t=60.049s -> deleted
[extract] step=3519 SKIP heavy block block_circuits (ordinal=703 basis=step_fallback heavy_every=3)
[extract] step=3519 SKIP heavy block block_interp (ordinal=703 basis=step_fallback heavy_every=3)
[extract] step=3519 SKIP heavy block block_probes (ordinal=703 basis=step_fallback heavy_every=3)
[extract] step=3519 heavy=FALSE total=60.87s | block_optim=35.12 block_curvature=4.56 block_weights=9.42 block_trajectory=0.00 block_fitness=6.54
[collector w1] processed run_id=mae__adamw__s42 step=3519 heavy=False blocks_ok=5 blocks_err=0 t=60.868s -> deleted
[extract] step=3524 SKIP heavy block block_circuits (ordinal=704 basis=step_fallback heavy_every=3)
[extract] step=3524 SKIP heavy block block_interp (ordinal=704 basis=step_fallback heavy_every=3)
[extract] step=3524 SKIP heavy block block_probes (ordinal=704 basis=step_fallback heavy_every=3)
[extract] step=3524 heavy=FALSE total=59.07s | block_optim=34.15 block_curvature=4.56 block_weights=9.19 block_trajectory=0.00 block_fitness=6.47
[collector w1] processed run_id=mae__adamw__s42 step=3524 heavy=False blocks_ok=5 blocks_err=0 t=59.066s -> deleted
[extract] step=3529 heavy=TRUE total=207.37s | block_optim=33.83 block_curvature=4.56 block_weights=9.55 block_trajectory=0.00 block_circuits=1.92 block_interp=106.88 block_probes=39.29 block_fitness=6.80
[collector w1] processed run_id=mae__adamw__s42 step=3529 heavy=True blocks_ok=8 blocks_err=0 t=207.369s -> deleted
[extract] step=3549 SKIP heavy block block_circuits (ordinal=709 basis=step_fallback heavy_every=3)
[extract] step=3549 SKIP heavy block block_interp (ordinal=709 basis=step_fallback heavy_every=3)
[extract] step=3549 SKIP heavy block block_probes (ordinal=709 basis=step_fallback heavy_every=3)
[extract] step=3549 heavy=FALSE total=61.94s | block_optim=35.30 block_curvature=4.82 block_weights=9.94 block_trajectory=0.00 block_fitness=6.99
[collector w1] processed run_id=mae__adamw__s42 step=3549 heavy=False blocks_ok=5 blocks_err=0 t=61.938s -> deleted
[extract] step=3554 SKIP heavy block block_circuits (ordinal=710 basis=step_fallback heavy_every=3)
[extract] step=3554 SKIP heavy block block_interp (ordinal=710 basis=step_fallback heavy_every=3)
[extract] step=3554 SKIP heavy block block_probes (ordinal=710 basis=step_fallback heavy_every=3)
[extract] step=3554 heavy=FALSE total=60.20s | block_optim=34.57 block_curvature=4.57 block_weights=9.32 block_trajectory=0.00 block_fitness=6.80
[collector w1] processed run_id=mae__adamw__s42 step=3554 heavy=False blocks_ok=5 blocks_err=0 t=60.196s -> deleted
[extract] step=3564 SKIP heavy block block_circuits (ordinal=712 basis=step_fallback heavy_every=3)
[extract] step=3564 SKIP heavy block block_interp (ordinal=712 basis=step_fallback heavy_every=3)
[extract] step=3564 SKIP heavy block block_probes (ordinal=712 basis=step_fallback heavy_every=3)
[extract] step=3564 heavy=FALSE total=61.92s | block_optim=34.86 block_curvature=4.55 block_weights=10.33 block_trajectory=0.00 block_fitness=7.08
[collector w1] processed run_id=mae__adamw__s42 step=3564 heavy=False blocks_ok=5 blocks_err=0 t=61.917s -> deleted
[extract] step=3569 SKIP heavy block block_circuits (ordinal=713 basis=step_fallback heavy_every=3)
[extract] step=3569 SKIP heavy block block_interp (ordinal=713 basis=step_fallback heavy_every=3)
[extract] step=3569 SKIP heavy block block_probes (ordinal=713 basis=step_fallback heavy_every=3)
[extract] step=3569 heavy=FALSE total=62.68s | block_optim=35.54 block_curvature=5.27 block_weights=9.96 block_trajectory=0.00 block_fitness=7.10
[collector w1] processed run_id=mae__adamw__s42 step=3569 heavy=False blocks_ok=5 blocks_err=0 t=62.677s -> deleted
[extract] step=3571 heavy=TRUE total=213.69s | block_optim=34.95 block_curvature=4.55 block_weights=10.53 block_trajectory=0.00 block_circuits=2.22 block_interp=107.38 block_probes=42.24 block_fitness=6.58
[collector w1] processed run_id=mae__adamw__s42 step=3571 heavy=True blocks_ok=8 blocks_err=0 t=213.692s -> deleted
[extract] step=3591 SKIP heavy block block_circuits (ordinal=718 basis=step_fallback heavy_every=3)
[extract] step=3591 SKIP heavy block block_interp (ordinal=718 basis=step_fallback heavy_every=3)
[extract] step=3591 SKIP heavy block block_probes (ordinal=718 basis=step_fallback heavy_every=3)
[extract] step=3591 heavy=FALSE total=62.46s | block_optim=35.10 block_curvature=4.70 block_weights=10.91 block_trajectory=0.00 block_fitness=6.69
[collector w1] processed run_id=mae__adamw__s42 step=3591 heavy=False blocks_ok=5 blocks_err=0 t=62.457s -> deleted
[extract] step=3596 SKIP heavy block block_circuits (ordinal=719 basis=step_fallback heavy_every=3)
[extract] step=3596 SKIP heavy block block_interp (ordinal=719 basis=step_fallback heavy_every=3)
[extract] step=3596 SKIP heavy block block_probes (ordinal=719 basis=step_fallback heavy_every=3)
[extract] step=3596 heavy=FALSE total=60.42s | block_optim=34.61 block_curvature=4.54 block_weights=9.55 block_trajectory=0.00 block_fitness=6.59
[collector w1] processed run_id=mae__adamw__s42 step=3596 heavy=False blocks_ok=5 blocks_err=0 t=60.424s -> deleted
[extract] step=3606 SKIP heavy block block_circuits (ordinal=721 basis=step_fallback heavy_every=3)
[extract] step=3606 SKIP heavy block block_interp (ordinal=721 basis=step_fallback heavy_every=3)
[extract] step=3606 SKIP heavy block block_probes (ordinal=721 basis=step_fallback heavy_every=3)
[extract] step=3606 heavy=FALSE total=61.81s | block_optim=36.03 block_curvature=4.55 block_weights=9.80 block_trajectory=0.00 block_fitness=6.54
[collector w1] processed run_id=mae__adamw__s42 step=3606 heavy=False blocks_ok=5 blocks_err=0 t=61.805s -> deleted
[extract] step=3611 SKIP heavy block block_circuits (ordinal=722 basis=step_fallback heavy_every=3)
[extract] step=3611 SKIP heavy block block_interp (ordinal=722 basis=step_fallback heavy_every=3)
[extract] step=3611 SKIP heavy block block_probes (ordinal=722 basis=step_fallback heavy_every=3)
[extract] step=3611 heavy=FALSE total=59.77s | block_optim=34.53 block_curvature=4.58 block_weights=9.46 block_trajectory=0.00 block_fitness=6.44
[collector w1] processed run_id=mae__adamw__s42 step=3611 heavy=False blocks_ok=5 blocks_err=0 t=59.771s -> deleted
[extract] step=3616 heavy=TRUE total=202.24s | block_optim=34.28 block_curvature=4.55 block_weights=9.25 block_trajectory=0.00 block_circuits=1.90 block_interp=101.75 block_probes=39.37 block_fitness=6.68
[collector w1] processed run_id=mae__adamw__s42 step=3616 heavy=True blocks_ok=8 blocks_err=0 t=202.241s -> deleted
[extract] step=3636 SKIP heavy block block_circuits (ordinal=727 basis=step_fallback heavy_every=3)
[extract] step=3636 SKIP heavy block block_interp (ordinal=727 basis=step_fallback heavy_every=3)
[extract] step=3636 SKIP heavy block block_probes (ordinal=727 basis=step_fallback heavy_every=3)
[extract] step=3636 heavy=FALSE total=62.12s | block_optim=34.87 block_curvature=4.63 block_weights=10.73 block_trajectory=0.00 block_fitness=6.65
[collector w1] processed run_id=mae__adamw__s42 step=3636 heavy=False blocks_ok=5 blocks_err=0 t=62.123s -> deleted
[extract] step=3641 SKIP heavy block block_circuits (ordinal=728 basis=step_fallback heavy_every=3)
[extract] step=3641 SKIP heavy block block_interp (ordinal=728 basis=step_fallback heavy_every=3)
[extract] step=3641 SKIP heavy block block_probes (ordinal=728 basis=step_fallback heavy_every=3)
[extract] step=3641 heavy=FALSE total=61.91s | block_optim=35.15 block_curvature=4.64 block_weights=10.39 block_trajectory=0.00 block_fitness=6.69
[collector w1] processed run_id=mae__adamw__s42 step=3641 heavy=False blocks_ok=5 blocks_err=0 t=61.907s -> deleted
[extract] step=3646 heavy=TRUE total=216.65s | block_optim=35.20 block_curvature=4.54 block_weights=10.11 block_trajectory=0.00 block_circuits=2.35 block_interp=110.51 block_probes=42.30 block_fitness=6.49
[collector w1] processed run_id=mae__adamw__s42 step=3646 heavy=True blocks_ok=8 blocks_err=0 t=216.653s -> deleted
[extract] step=3666 SKIP heavy block block_circuits (ordinal=733 basis=step_fallback heavy_every=3)
[extract] step=3666 SKIP heavy block block_interp (ordinal=733 basis=step_fallback heavy_every=3)
[extract] step=3666 SKIP heavy block block_probes (ordinal=733 basis=step_fallback heavy_every=3)
[extract] step=3666 heavy=FALSE total=62.76s | block_optim=35.34 block_curvature=5.24 block_weights=10.66 block_trajectory=0.00 block_fitness=6.47
[collector w1] processed run_id=mae__adamw__s42 step=3666 heavy=False blocks_ok=5 blocks_err=0 t=62.763s -> deleted
[extract] step=3671 SKIP heavy block block_circuits (ordinal=734 basis=step_fallback heavy_every=3)
[extract] step=3671 SKIP heavy block block_interp (ordinal=734 basis=step_fallback heavy_every=3)
[extract] step=3671 SKIP heavy block block_probes (ordinal=734 basis=step_fallback heavy_every=3)
[extract] step=3671 heavy=FALSE total=61.97s | block_optim=35.75 block_curvature=4.62 block_weights=10.14 block_trajectory=0.00 block_fitness=6.60
[collector w1] re-slimmed kept run_id=mae__adamw__s42 step=3219 MODEL-ONLY (bumped out of latest-2).
[collector w1] processed run_id=mae__adamw__s42 step=3671 heavy=False blocks_ok=5 blocks_err=0 t=61.974s -> KEPT(->kept/,FULL latest2)
[extract] step=3681 SKIP heavy block block_circuits (ordinal=736 basis=step_fallback heavy_every=3)
[extract] step=3681 SKIP heavy block block_interp (ordinal=736 basis=step_fallback heavy_every=3)
[extract] step=3681 SKIP heavy block block_probes (ordinal=736 basis=step_fallback heavy_every=3)
[extract] step=3681 heavy=FALSE total=60.53s | block_optim=35.13 block_curvature=4.55 block_weights=9.43 block_trajectory=0.00 block_fitness=6.75
[collector w1] re-slimmed kept run_id=mae__adamw__s42 step=3234 MODEL-ONLY (bumped out of latest-2).
[collector w1] processed run_id=mae__adamw__s42 step=3681 heavy=False blocks_ok=5 blocks_err=0 t=60.53s -> KEPT(->kept/,FULL latest2)
[extract] step=3686 SKIP heavy block block_circuits (ordinal=737 basis=step_fallback heavy_every=3)
[extract] step=3686 SKIP heavy block block_interp (ordinal=737 basis=step_fallback heavy_every=3)
[extract] step=3686 SKIP heavy block block_probes (ordinal=737 basis=step_fallback heavy_every=3)
[extract] step=3686 heavy=FALSE total=61.52s | block_optim=35.33 block_curvature=5.22 block_weights=10.04 block_trajectory=0.00 block_fitness=6.61
[collector w1] re-slimmed kept run_id=mae__adamw__s42 step=3676 MODEL-ONLY (bumped out of latest-2).
[collector w1] processed run_id=mae__adamw__s42 step=3686 heavy=False blocks_ok=5 blocks_err=0 t=61.523s -> KEPT(->kept/,FULL latest2)
[extract] step=3696 SKIP heavy block block_circuits (ordinal=739 basis=step_fallback heavy_every=3)
[extract] step=3696 SKIP heavy block block_interp (ordinal=739 basis=step_fallback heavy_every=3)
[extract] step=3696 SKIP heavy block block_probes (ordinal=739 basis=step_fallback heavy_every=3)
[extract] step=3696 heavy=FALSE total=62.28s | block_optim=35.65 block_curvature=5.55 block_weights=10.56 block_trajectory=0.00 block_fitness=6.37
[collector w1] re-slimmed kept run_id=mae__adamw__s42 step=3681 MODEL-ONLY (bumped out of latest-2).
[collector w1] processed run_id=mae__adamw__s42 step=3696 heavy=False blocks_ok=5 blocks_err=0 t=62.278s -> KEPT(->kept/,FULL latest2)
[extract] step=3701 SKIP heavy block block_circuits (ordinal=740 basis=step_fallback heavy_every=3)
[extract] step=3701 SKIP heavy block block_interp (ordinal=740 basis=step_fallback heavy_every=3)
[extract] step=3701 SKIP heavy block block_probes (ordinal=740 basis=step_fallback heavy_every=3)
[extract] step=3701 heavy=FALSE total=61.70s | block_optim=35.08 block_curvature=5.58 block_weights=10.10 block_trajectory=0.00 block_fitness=6.49
[collector w1] re-slimmed kept run_id=mae__adamw__s42 step=3686 MODEL-ONLY (bumped out of latest-2).
[collector w1] processed run_id=mae__adamw__s42 step=3701 heavy=False blocks_ok=5 blocks_err=0 t=61.696s -> KEPT(->kept/,FULL latest2)
[extract] step=3706 heavy=TRUE total=233.57s | block_optim=35.54 block_curvature=4.62 block_weights=10.05 block_trajectory=0.00 block_circuits=2.29 block_interp=130.00 block_probes=38.43 block_fitness=7.67
[collector w1] processed run_id=mae__adamw__s42 step=3706 heavy=True blocks_ok=8 blocks_err=0 t=233.569s -> KEPT(->kept/,model-only)
[extract] step=3726 SKIP heavy block block_circuits (ordinal=745 basis=step_fallback heavy_every=3)
[extract] step=3726 SKIP heavy block block_interp (ordinal=745 basis=step_fallback heavy_every=3)
[extract] step=3726 SKIP heavy block block_probes (ordinal=745 basis=step_fallback heavy_every=3)
[extract] step=3726 heavy=FALSE total=59.52s | block_optim=34.50 block_curvature=4.56 block_weights=9.50 block_trajectory=0.00 block_fitness=6.64
[collector w1] re-slimmed kept run_id=mae__adamw__s42 step=3711 MODEL-ONLY (bumped out of latest-2).
[collector w1] processed run_id=mae__adamw__s42 step=3726 heavy=False blocks_ok=5 blocks_err=0 t=59.521s -> KEPT(->kept/,FULL latest2)
[extract] step=3731 SKIP heavy block block_circuits (ordinal=746 basis=step_fallback heavy_every=3)
[extract] step=3731 SKIP heavy block block_interp (ordinal=746 basis=step_fallback heavy_every=3)
[extract] step=3731 SKIP heavy block block_probes (ordinal=746 basis=step_fallback heavy_every=3)
[extract] step=3731 heavy=FALSE total=59.17s | block_optim=34.23 block_curvature=4.60 block_weights=9.75 block_trajectory=0.00 block_fitness=6.75
[collector w1] processed run_id=mae__adamw__s42 step=3731 heavy=False blocks_ok=5 blocks_err=0 t=59.171s -> deleted
[extract] step=3741 SKIP heavy block block_circuits (ordinal=748 basis=step_fallback heavy_every=3)
[extract] step=3741 SKIP heavy block block_interp (ordinal=748 basis=step_fallback heavy_every=3)
[extract] step=3741 SKIP heavy block block_probes (ordinal=748 basis=step_fallback heavy_every=3)
[extract] step=3741 heavy=FALSE total=62.00s | block_optim=35.44 block_curvature=5.26 block_weights=9.54 block_trajectory=0.00 block_fitness=6.60
[collector w1] re-slimmed kept run_id=mae__adamw__s42 step=3721 MODEL-ONLY (bumped out of latest-2).
[collector w1] processed run_id=mae__adamw__s42 step=3741 heavy=False blocks_ok=5 blocks_err=0 t=62.003s -> KEPT(->kept/,FULL latest2)
[extract] step=3746 SKIP heavy block block_circuits (ordinal=749 basis=step_fallback heavy_every=3)
[extract] step=3746 SKIP heavy block block_interp (ordinal=749 basis=step_fallback heavy_every=3)
[extract] step=3746 SKIP heavy block block_probes (ordinal=749 basis=step_fallback heavy_every=3)
[extract] step=3746 heavy=FALSE total=58.69s | block_optim=34.40 block_curvature=4.62 block_weights=9.22 block_trajectory=0.00 block_fitness=6.64
[collector w1] processed run_id=mae__adamw__s42 step=3746 heavy=False blocks_ok=5 blocks_err=0 t=58.691s -> deleted
[extract] step=3751 heavy=TRUE total=232.08s | block_optim=35.12 block_curvature=4.67 block_weights=9.59 block_trajectory=0.00 block_circuits=2.07 block_interp=128.30 block_probes=41.03 block_fitness=6.54
[collector w1] processed run_id=mae__adamw__s42 step=3751 heavy=True blocks_ok=8 blocks_err=0 t=232.082s -> deleted
[extract] step=3771 SKIP heavy block block_circuits (ordinal=754 basis=step_fallback heavy_every=3)
[extract] step=3771 SKIP heavy block block_interp (ordinal=754 basis=step_fallback heavy_every=3)
[extract] step=3771 SKIP heavy block block_probes (ordinal=754 basis=step_fallback heavy_every=3)
[extract] step=3771 heavy=FALSE total=60.91s | block_optim=34.96 block_curvature=4.82 block_weights=9.54 block_trajectory=0.00 block_fitness=6.58
[collector w1] processed run_id=mae__adamw__s42 step=3771 heavy=False blocks_ok=5 blocks_err=0 t=60.914s -> deleted
[extract] step=3776 SKIP heavy block block_circuits (ordinal=755 basis=step_fallback heavy_every=3)
[extract] step=3776 SKIP heavy block block_interp (ordinal=755 basis=step_fallback heavy_every=3)
[extract] step=3776 SKIP heavy block block_probes (ordinal=755 basis=step_fallback heavy_every=3)
[extract] step=3776 heavy=FALSE total=60.00s | block_optim=34.35 block_curvature=4.75 block_weights=9.23 block_trajectory=0.00 block_fitness=6.78
[collector w1] processed run_id=mae__adamw__s42 step=3776 heavy=False blocks_ok=5 blocks_err=0 t=60.004s -> deleted
[extract] step=3786 SKIP heavy block block_circuits (ordinal=757 basis=step_fallback heavy_every=3)
[extract] step=3786 SKIP heavy block block_interp (ordinal=757 basis=step_fallback heavy_every=3)
[extract] step=3786 SKIP heavy block block_probes (ordinal=757 basis=step_fallback heavy_every=3)
[extract] step=3786 heavy=FALSE total=60.20s | block_optim=34.41 block_curvature=4.60 block_weights=9.89 block_trajectory=0.00 block_fitness=6.50
[collector w1] processed run_id=mae__adamw__s42 step=3786 heavy=False blocks_ok=5 blocks_err=0 t=60.195s -> deleted
[extract] step=3791 SKIP heavy block block_circuits (ordinal=758 basis=step_fallback heavy_every=3)
[extract] step=3791 SKIP heavy block block_interp (ordinal=758 basis=step_fallback heavy_every=3)
[extract] step=3791 SKIP heavy block block_probes (ordinal=758 basis=step_fallback heavy_every=3)
[extract] step=3791 heavy=FALSE total=61.82s | block_optim=35.31 block_curvature=4.56 block_weights=10.24 block_trajectory=0.00 block_fitness=6.79
[collector w1] processed run_id=mae__adamw__s42 step=3791 heavy=False blocks_ok=5 blocks_err=0 t=61.818s -> deleted
[extract] step=3796 heavy=TRUE total=214.48s | block_optim=34.87 block_curvature=4.68 block_weights=10.05 block_trajectory=0.00 block_circuits=2.01 block_interp=108.32 block_probes=42.81 block_fitness=6.76
[collector w1] processed run_id=mae__adamw__s42 step=3796 heavy=True blocks_ok=8 blocks_err=0 t=214.478s -> deleted
[extract] step=3816 SKIP heavy block block_circuits (ordinal=763 basis=step_fallback heavy_every=3)
[extract] step=3816 SKIP heavy block block_interp (ordinal=763 basis=step_fallback heavy_every=3)
[extract] step=3816 SKIP heavy block block_probes (ordinal=763 basis=step_fallback heavy_every=3)
[extract] step=3816 heavy=FALSE total=59.81s | block_optim=34.35 block_curvature=4.58 block_weights=9.51 block_trajectory=0.00 block_fitness=6.58
[collector w1] processed run_id=mae__adamw__s42 step=3816 heavy=False blocks_ok=5 blocks_err=0 t=59.809s -> deleted
[extract] step=3821 SKIP heavy block block_circuits (ordinal=764 basis=step_fallback heavy_every=3)
[extract] step=3821 SKIP heavy block block_interp (ordinal=764 basis=step_fallback heavy_every=3)
[extract] step=3821 SKIP heavy block block_probes (ordinal=764 basis=step_fallback heavy_every=3)
[extract] step=3821 heavy=FALSE total=60.93s | block_optim=35.69 block_curvature=4.56 block_weights=9.31 block_trajectory=0.00 block_fitness=6.66
[collector w1] processed run_id=mae__adamw__s42 step=3821 heavy=False blocks_ok=5 blocks_err=0 t=60.93s -> deleted
[extract] step=3831 SKIP heavy block block_circuits (ordinal=766 basis=step_fallback heavy_every=3)
[extract] step=3831 SKIP heavy block block_interp (ordinal=766 basis=step_fallback heavy_every=3)
[extract] step=3831 SKIP heavy block block_probes (ordinal=766 basis=step_fallback heavy_every=3)
[extract] step=3831 heavy=FALSE total=62.34s | block_optim=35.39 block_curvature=5.25 block_weights=10.43 block_trajectory=0.00 block_fitness=6.37
[collector w1] processed run_id=mae__adamw__s42 step=3831 heavy=False blocks_ok=5 blocks_err=0 t=62.337s -> deleted
[extract] step=3836 SKIP heavy block block_circuits (ordinal=767 basis=step_fallback heavy_every=3)
[extract] step=3836 SKIP heavy block block_interp (ordinal=767 basis=step_fallback heavy_every=3)
[extract] step=3836 SKIP heavy block block_probes (ordinal=767 basis=step_fallback heavy_every=3)
[extract] step=3836 heavy=FALSE total=59.81s | block_optim=34.39 block_curvature=4.57 block_weights=9.31 block_trajectory=0.00 block_fitness=6.54
[collector w1] processed run_id=mae__adamw__s42 step=3836 heavy=False blocks_ok=5 blocks_err=0 t=59.813s -> deleted
[extract] step=3841 heavy=TRUE total=212.57s | block_optim=35.85 block_curvature=4.63 block_weights=9.41 block_trajectory=0.00 block_circuits=2.06 block_interp=109.06 block_probes=38.70 block_fitness=7.82
[collector w1] processed run_id=mae__adamw__s42 step=3841 heavy=True blocks_ok=8 blocks_err=0 t=212.568s -> deleted
[extract] step=3861 SKIP heavy block block_circuits (ordinal=772 basis=step_fallback heavy_every=3)
[extract] step=3861 SKIP heavy block block_interp (ordinal=772 basis=step_fallback heavy_every=3)
[extract] step=3861 SKIP heavy block block_probes (ordinal=772 basis=step_fallback heavy_every=3)
[extract] step=3861 heavy=FALSE total=63.52s | block_optim=35.62 block_curvature=5.25 block_weights=10.56 block_trajectory=0.00 block_fitness=6.55
[collector w1] processed run_id=mae__adamw__s42 step=3861 heavy=False blocks_ok=5 blocks_err=0 t=63.517s -> deleted
[extract] step=3866 SKIP heavy block block_circuits (ordinal=773 basis=step_fallback heavy_every=3)
[extract] step=3866 SKIP heavy block block_interp (ordinal=773 basis=step_fallback heavy_every=3)
[extract] step=3866 SKIP heavy block block_probes (ordinal=773 basis=step_fallback heavy_every=3)
[extract] step=3866 heavy=FALSE total=61.06s | block_optim=34.91 block_curvature=4.55 block_weights=10.00 block_trajectory=0.00 block_fitness=6.61
[collector w1] processed run_id=mae__adamw__s42 step=3866 heavy=False blocks_ok=5 blocks_err=0 t=61.062s -> deleted
[extract] step=3876 SKIP heavy block block_circuits (ordinal=775 basis=step_fallback heavy_every=3)
[extract] step=3876 SKIP heavy block block_interp (ordinal=775 basis=step_fallback heavy_every=3)
[extract] step=3876 SKIP heavy block block_probes (ordinal=775 basis=step_fallback heavy_every=3)
[extract] step=3876 heavy=FALSE total=61.59s | block_optim=35.47 block_curvature=4.66 block_weights=10.14 block_trajectory=0.00 block_fitness=6.59
[collector w1] processed run_id=mae__adamw__s42 step=3876 heavy=False blocks_ok=5 blocks_err=0 t=61.585s -> deleted
[extract] step=3881 SKIP heavy block block_circuits (ordinal=776 basis=step_fallback heavy_every=3)
[extract] step=3881 SKIP heavy block block_interp (ordinal=776 basis=step_fallback heavy_every=3)
[extract] step=3881 SKIP heavy block block_probes (ordinal=776 basis=step_fallback heavy_every=3)
[extract] step=3881 heavy=FALSE total=60.01s | block_optim=34.92 block_curvature=4.56 block_weights=9.27 block_trajectory=0.00 block_fitness=6.47
[collector w1] processed run_id=mae__adamw__s42 step=3881 heavy=False blocks_ok=5 blocks_err=0 t=60.01s -> deleted
[extract] step=3886 heavy=TRUE total=203.42s | block_optim=34.78 block_curvature=4.56 block_weights=9.41 block_trajectory=0.00 block_circuits=2.25 block_interp=101.46 block_probes=39.41 block_fitness=6.80
[collector w1] processed run_id=mae__adamw__s42 step=3886 heavy=True blocks_ok=8 blocks_err=0 t=203.422s -> deleted
[extract] step=3906 SKIP heavy block block_circuits (ordinal=781 basis=step_fallback heavy_every=3)
[extract] step=3906 SKIP heavy block block_interp (ordinal=781 basis=step_fallback heavy_every=3)
[extract] step=3906 SKIP heavy block block_probes (ordinal=781 basis=step_fallback heavy_every=3)
[extract] step=3906 heavy=FALSE total=60.39s | block_optim=34.61 block_curvature=4.82 block_weights=9.68 block_trajectory=0.00 block_fitness=6.66
[collector w1] processed run_id=mae__adamw__s42 step=3906 heavy=False blocks_ok=5 blocks_err=0 t=60.389s -> deleted
[extract] step=3911 SKIP heavy block block_circuits (ordinal=782 basis=step_fallback heavy_every=3)
[extract] step=3911 SKIP heavy block block_interp (ordinal=782 basis=step_fallback heavy_every=3)
[extract] step=3911 SKIP heavy block block_probes (ordinal=782 basis=step_fallback heavy_every=3)
[extract] step=3911 heavy=FALSE total=63.45s | block_optim=36.17 block_curvature=4.84 block_weights=10.62 block_trajectory=0.00 block_fitness=6.86
[collector w1] processed run_id=mae__adamw__s42 step=3911 heavy=False blocks_ok=5 blocks_err=0 t=63.449s -> deleted
[extract] step=3921 SKIP heavy block block_circuits (ordinal=784 basis=step_fallback heavy_every=3)
[extract] step=3921 SKIP heavy block block_interp (ordinal=784 basis=step_fallback heavy_every=3)
[extract] step=3921 SKIP heavy block block_probes (ordinal=784 basis=step_fallback heavy_every=3)
[extract] step=3921 heavy=FALSE total=62.66s | block_optim=35.16 block_curvature=4.55 block_weights=10.81 block_trajectory=0.00 block_fitness=7.01
[collector w1] processed run_id=mae__adamw__s42 step=3921 heavy=False blocks_ok=5 blocks_err=0 t=62.66s -> deleted
[extract] step=3926 SKIP heavy block block_circuits (ordinal=785 basis=step_fallback heavy_every=3)
[extract] step=3926 SKIP heavy block block_interp (ordinal=785 basis=step_fallback heavy_every=3)
[extract] step=3926 SKIP heavy block block_probes (ordinal=785 basis=step_fallback heavy_every=3)
[extract] step=3926 heavy=FALSE total=60.88s | block_optim=34.80 block_curvature=4.54 block_weights=9.77 block_trajectory=0.00 block_fitness=6.71
[collector w1] processed run_id=mae__adamw__s42 step=3926 heavy=False blocks_ok=5 blocks_err=0 t=60.877s -> deleted
[extract] step=3931 heavy=TRUE total=213.03s | block_optim=35.60 block_curvature=4.68 block_weights=9.49 block_trajectory=0.00 block_circuits=1.90 block_interp=109.17 block_probes=41.09 block_fitness=6.56
[collector w1] processed run_id=mae__adamw__s42 step=3931 heavy=True blocks_ok=8 blocks_err=0 t=213.033s -> deleted
[extract] step=3951 SKIP heavy block block_circuits (ordinal=790 basis=step_fallback heavy_every=3)
[extract] step=3951 SKIP heavy block block_interp (ordinal=790 basis=step_fallback heavy_every=3)
[extract] step=3951 SKIP heavy block block_probes (ordinal=790 basis=step_fallback heavy_every=3)
[extract] step=3951 heavy=FALSE total=61.93s | block_optim=35.24 block_curvature=4.69 block_weights=10.08 block_trajectory=0.00 block_fitness=6.47
[collector w1] processed run_id=mae__adamw__s42 step=3951 heavy=False blocks_ok=5 blocks_err=0 t=61.932s -> deleted
[extract] step=3956 SKIP heavy block block_circuits (ordinal=791 basis=step_fallback heavy_every=3)
[extract] step=3956 SKIP heavy block block_interp (ordinal=791 basis=step_fallback heavy_every=3)
[extract] step=3956 SKIP heavy block block_probes (ordinal=791 basis=step_fallback heavy_every=3)
[extract] step=3956 heavy=FALSE total=58.64s | block_optim=33.91 block_curvature=4.55 block_weights=9.13 block_trajectory=0.00 block_fitness=6.40
[collector w1] processed run_id=mae__adamw__s42 step=3956 heavy=False blocks_ok=5 blocks_err=0 t=58.636s -> deleted
[extract] step=3961 heavy=TRUE total=203.21s | block_optim=35.08 block_curvature=4.71 block_weights=10.61 block_trajectory=0.00 block_circuits=1.94 block_interp=100.70 block_probes=38.84 block_fitness=6.87
[collector w1] processed run_id=mae__adamw__s42 step=3961 heavy=True blocks_ok=8 blocks_err=0 t=203.206s -> deleted
[extract] step=3981 SKIP heavy block block_circuits (ordinal=796 basis=step_fallback heavy_every=3)
[extract] step=3981 SKIP heavy block block_interp (ordinal=796 basis=step_fallback heavy_every=3)
[extract] step=3981 SKIP heavy block block_probes (ordinal=796 basis=step_fallback heavy_every=3)
[extract] step=3981 heavy=FALSE total=62.07s | block_optim=35.86 block_curvature=4.83 block_weights=10.08 block_trajectory=0.00 block_fitness=6.64
[collector w1] processed run_id=mae__adamw__s42 step=3981 heavy=False blocks_ok=5 blocks_err=0 t=62.071s -> deleted
[extract] step=3986 SKIP heavy block block_circuits (ordinal=797 basis=step_fallback heavy_every=3)
[extract] step=3986 SKIP heavy block block_interp (ordinal=797 basis=step_fallback heavy_every=3)
[extract] step=3986 SKIP heavy block block_probes (ordinal=797 basis=step_fallback heavy_every=3)
[extract] step=3986 heavy=FALSE total=61.48s | block_optim=35.58 block_curvature=4.57 block_weights=9.96 block_trajectory=0.00 block_fitness=6.62
[collector w1] processed run_id=mae__adamw__s42 step=3986 heavy=False blocks_ok=5 blocks_err=0 t=61.482s -> deleted
[extract] step=3996 SKIP heavy block block_circuits (ordinal=799 basis=step_fallback heavy_every=3)
[extract] step=3996 SKIP heavy block block_interp (ordinal=799 basis=step_fallback heavy_every=3)
[extract] step=3996 SKIP heavy block block_probes (ordinal=799 basis=step_fallback heavy_every=3)
[extract] step=3996 heavy=FALSE total=66.89s | block_optim=35.79 block_curvature=5.85 block_weights=13.54 block_trajectory=0.00 block_fitness=6.89
[collector w1] processed run_id=mae__adamw__s42 step=3996 heavy=False blocks_ok=5 blocks_err=0 t=66.89s -> deleted
[extract] step=4001 SKIP heavy block block_circuits (ordinal=800 basis=step_fallback heavy_every=3)
[extract] step=4001 SKIP heavy block block_interp (ordinal=800 basis=step_fallback heavy_every=3)
[extract] step=4001 SKIP heavy block block_probes (ordinal=800 basis=step_fallback heavy_every=3)
[extract] step=4001 heavy=FALSE total=68.84s | block_optim=36.53 block_curvature=5.92 block_weights=13.03 block_trajectory=0.00 block_fitness=7.07
[collector w1] processed run_id=mae__adamw__s42 step=4001 heavy=False blocks_ok=5 blocks_err=0 t=68.844s -> deleted
[extract] step=4006 heavy=TRUE total=195.54s | block_optim=34.77 block_curvature=4.62 block_weights=10.08 block_trajectory=0.00 block_circuits=1.92 block_interp=95.05 block_probes=36.81 block_fitness=6.45
[collector w1] processed run_id=mae__adamw__s42 step=4006 heavy=True blocks_ok=8 blocks_err=0 t=195.543s -> deleted
[extract] step=4026 SKIP heavy block block_circuits (ordinal=805 basis=step_fallback heavy_every=3)
[extract] step=4026 SKIP heavy block block_interp (ordinal=805 basis=step_fallback heavy_every=3)
[extract] step=4026 SKIP heavy block block_probes (ordinal=805 basis=step_fallback heavy_every=3)
[extract] step=4026 heavy=FALSE total=58.34s | block_optim=33.54 block_curvature=4.54 block_weights=9.32 block_trajectory=0.00 block_fitness=6.50
[collector w1] processed run_id=mae__adamw__s42 step=4026 heavy=False blocks_ok=5 blocks_err=0 t=58.337s -> deleted
[extract] step=4031 SKIP heavy block block_circuits (ordinal=806 basis=step_fallback heavy_every=3)
[extract] step=4031 SKIP heavy block block_interp (ordinal=806 basis=step_fallback heavy_every=3)
[extract] step=4031 SKIP heavy block block_probes (ordinal=806 basis=step_fallback heavy_every=3)
[extract] step=4031 heavy=FALSE total=58.57s | block_optim=33.87 block_curvature=4.57 block_weights=9.13 block_trajectory=0.00 block_fitness=6.48
[collector w1] processed run_id=mae__adamw__s42 step=4031 heavy=False blocks_ok=5 blocks_err=0 t=58.572s -> deleted
[extract] step=4041 SKIP heavy block block_circuits (ordinal=808 basis=step_fallback heavy_every=3)
[extract] step=4041 SKIP heavy block block_interp (ordinal=808 basis=step_fallback heavy_every=3)
[extract] step=4041 SKIP heavy block block_probes (ordinal=808 basis=step_fallback heavy_every=3)
[extract] step=4041 heavy=FALSE total=59.78s | block_optim=34.61 block_curvature=4.56 block_weights=9.56 block_trajectory=0.00 block_fitness=6.48
[collector w1] processed run_id=mae__adamw__s42 step=4041 heavy=False blocks_ok=5 blocks_err=0 t=59.781s -> deleted
[extract] step=4046 SKIP heavy block block_circuits (ordinal=809 basis=step_fallback heavy_every=3)
[extract] step=4046 SKIP heavy block block_interp (ordinal=809 basis=step_fallback heavy_every=3)
[extract] step=4046 SKIP heavy block block_probes (ordinal=809 basis=step_fallback heavy_every=3)
[extract] step=4046 heavy=FALSE total=60.48s | block_optim=34.80 block_curvature=4.67 block_weights=9.62 block_trajectory=0.00 block_fitness=6.78
[collector w1] processed run_id=mae__adamw__s42 step=4046 heavy=False blocks_ok=5 blocks_err=0 t=60.482s -> deleted
[extract] step=4051 heavy=TRUE total=213.02s | block_optim=35.01 block_curvature=4.56 block_weights=9.52 block_trajectory=0.00 block_circuits=2.36 block_interp=108.21 block_probes=42.14 block_fitness=6.86
[collector w1] processed run_id=mae__adamw__s42 step=4051 heavy=True blocks_ok=8 blocks_err=0 t=213.023s -> deleted
[extract] step=4071 SKIP heavy block block_circuits (ordinal=814 basis=step_fallback heavy_every=3)
[extract] step=4071 SKIP heavy block block_interp (ordinal=814 basis=step_fallback heavy_every=3)
[extract] step=4071 SKIP heavy block block_probes (ordinal=814 basis=step_fallback heavy_every=3)
[extract] step=4071 heavy=FALSE total=61.09s | block_optim=35.28 block_curvature=4.69 block_weights=9.50 block_trajectory=0.00 block_fitness=6.82
[collector w1] processed run_id=mae__adamw__s42 step=4071 heavy=False blocks_ok=5 blocks_err=0 t=61.093s -> deleted
[extract] step=4076 SKIP heavy block block_circuits (ordinal=815 basis=step_fallback heavy_every=3)
[extract] step=4076 SKIP heavy block block_interp (ordinal=815 basis=step_fallback heavy_every=3)
[extract] step=4076 SKIP heavy block block_probes (ordinal=815 basis=step_fallback heavy_every=3)
[extract] step=4076 heavy=FALSE total=60.73s | block_optim=34.88 block_curvature=4.68 block_weights=9.47 block_trajectory=0.00 block_fitness=6.98
[collector w1] processed run_id=mae__adamw__s42 step=4076 heavy=False blocks_ok=5 blocks_err=0 t=60.725s -> deleted
[extract] step=4086 SKIP heavy block block_circuits (ordinal=817 basis=step_fallback heavy_every=3)
[extract] step=4086 SKIP heavy block block_interp (ordinal=817 basis=step_fallback heavy_every=3)
[extract] step=4086 SKIP heavy block block_probes (ordinal=817 basis=step_fallback heavy_every=3)
[extract] step=4086 heavy=FALSE total=60.27s | block_optim=34.64 block_curvature=4.55 block_weights=9.54 block_trajectory=0.00 block_fitness=6.73
[collector w1] processed run_id=mae__adamw__s42 step=4086 heavy=False blocks_ok=5 blocks_err=0 t=60.266s -> deleted
[extract] step=4091 SKIP heavy block block_circuits (ordinal=818 basis=step_fallback heavy_every=3)
[extract] step=4091 SKIP heavy block block_interp (ordinal=818 basis=step_fallback heavy_every=3)
[extract] step=4091 SKIP heavy block block_probes (ordinal=818 basis=step_fallback heavy_every=3)
[extract] step=4091 heavy=FALSE total=60.41s | block_optim=35.13 block_curvature=4.55 block_weights=9.23 block_trajectory=0.00 block_fitness=6.80
[collector w1] processed run_id=mae__adamw__s42 step=4091 heavy=False blocks_ok=5 blocks_err=0 t=60.406s -> deleted
[extract] step=4096 heavy=TRUE total=213.42s | block_optim=34.56 block_curvature=4.60 block_weights=9.55 block_trajectory=0.00 block_circuits=2.08 block_interp=108.53 block_probes=42.76 block_fitness=6.81
[collector w1] re-slimmed kept run_id=mae__adamw__s42 step=3726 MODEL-ONLY (bumped out of latest-2).
[collector w1] processed run_id=mae__adamw__s42 step=4096 heavy=True blocks_ok=8 blocks_err=0 t=213.419s -> KEPT(->kept/,FULL latest2)
[extract] step=4116 SKIP heavy block block_circuits (ordinal=823 basis=step_fallback heavy_every=3)
[extract] step=4116 SKIP heavy block block_interp (ordinal=823 basis=step_fallback heavy_every=3)
[extract] step=4116 SKIP heavy block block_probes (ordinal=823 basis=step_fallback heavy_every=3)
[extract] step=4116 heavy=FALSE total=61.03s | block_optim=35.77 block_curvature=4.76 block_weights=9.86 block_trajectory=0.00 block_fitness=6.80
[collector w1] processed run_id=mae__adamw__s42 step=4116 heavy=False blocks_ok=5 blocks_err=0 t=61.027s -> deleted
[extract] step=4121 SKIP heavy block block_circuits (ordinal=824 basis=step_fallback heavy_every=3)
[extract] step=4121 SKIP heavy block block_interp (ordinal=824 basis=step_fallback heavy_every=3)
[extract] step=4121 SKIP heavy block block_probes (ordinal=824 basis=step_fallback heavy_every=3)
[extract] step=4121 heavy=FALSE total=60.38s | block_optim=34.77 block_curvature=4.84 block_weights=9.62 block_trajectory=0.00 block_fitness=6.76
[collector w1] processed run_id=mae__adamw__s42 step=4121 heavy=False blocks_ok=5 blocks_err=0 t=60.375s -> deleted
[extract] step=4128 heavy=TRUE total=237.55s | block_optim=34.90 block_curvature=4.56 block_weights=9.65 block_trajectory=0.00 block_circuits=2.06 block_interp=134.71 block_probes=40.33 block_fitness=6.97
[collector w1] processed run_id=mae__adamw__s42 step=4128 heavy=True blocks_ok=8 blocks_err=0 t=237.552s -> deleted
[extract] step=4143 heavy=TRUE total=207.33s | block_optim=35.61 block_curvature=4.59 block_weights=11.65 block_trajectory=0.00 block_circuits=2.02 block_interp=102.54 block_probes=39.21 block_fitness=7.14
[collector w1] processed run_id=mae__adamw__s42 step=4143 heavy=True blocks_ok=8 blocks_err=0 t=207.333s -> KEPT(->kept/,model-only)
[extract] step=4163 SKIP heavy block block_circuits (ordinal=832 basis=step_fallback heavy_every=3)
[extract] step=4163 SKIP heavy block block_interp (ordinal=832 basis=step_fallback heavy_every=3)
[extract] step=4163 SKIP heavy block block_probes (ordinal=832 basis=step_fallback heavy_every=3)
[extract] step=4163 heavy=FALSE total=61.83s | block_optim=35.16 block_curvature=4.56 block_weights=10.43 block_trajectory=0.00 block_fitness=7.24
[collector w1] re-slimmed kept run_id=mae__adamw__s42 step=4148 MODEL-ONLY (bumped out of latest-2).
[collector w1] processed run_id=mae__adamw__s42 step=4163 heavy=False blocks_ok=5 blocks_err=0 t=61.834s -> KEPT(->kept/,FULL latest2)
[extract] step=4168 SKIP heavy block block_circuits (ordinal=833 basis=step_fallback heavy_every=3)
[extract] step=4168 SKIP heavy block block_interp (ordinal=833 basis=step_fallback heavy_every=3)
[extract] step=4168 SKIP heavy block block_probes (ordinal=833 basis=step_fallback heavy_every=3)
[extract] step=4168 heavy=FALSE total=61.88s | block_optim=35.72 block_curvature=4.78 block_weights=10.31 block_trajectory=0.00 block_fitness=7.10
[collector w1] processed run_id=mae__adamw__s42 step=4168 heavy=False blocks_ok=5 blocks_err=0 t=61.876s -> deleted
[extract] step=4173 heavy=TRUE total=228.47s | block_optim=35.27 block_curvature=4.81 block_weights=10.03 block_trajectory=0.00 block_circuits=2.30 block_interp=124.04 block_probes=40.86 block_fitness=6.61
[collector w1] processed run_id=mae__adamw__s42 step=4173 heavy=True blocks_ok=8 blocks_err=0 t=228.467s -> deleted
[extract] step=4193 SKIP heavy block block_circuits (ordinal=838 basis=step_fallback heavy_every=3)
[extract] step=4193 SKIP heavy block block_interp (ordinal=838 basis=step_fallback heavy_every=3)
[extract] step=4193 SKIP heavy block block_probes (ordinal=838 basis=step_fallback heavy_every=3)
[extract] step=4193 heavy=FALSE total=58.66s | block_optim=33.66 block_curvature=4.56 block_weights=9.30 block_trajectory=0.00 block_fitness=6.55
[collector w1] processed run_id=mae__adamw__s42 step=4193 heavy=False blocks_ok=5 blocks_err=0 t=58.665s -> deleted
[extract] step=4198 SKIP heavy block block_circuits (ordinal=839 basis=step_fallback heavy_every=3)
[extract] step=4198 SKIP heavy block block_interp (ordinal=839 basis=step_fallback heavy_every=3)
[extract] step=4198 SKIP heavy block block_probes (ordinal=839 basis=step_fallback heavy_every=3)
[extract] step=4198 heavy=FALSE total=59.05s | block_optim=34.08 block_curvature=4.57 block_weights=9.24 block_trajectory=0.00 block_fitness=6.64
[collector w1] processed run_id=mae__adamw__s42 step=4198 heavy=False blocks_ok=5 blocks_err=0 t=59.052s -> deleted
[extract] step=4208 SKIP heavy block block_circuits (ordinal=841 basis=step_fallback heavy_every=3)
[extract] step=4208 SKIP heavy block block_interp (ordinal=841 basis=step_fallback heavy_every=3)
[extract] step=4208 SKIP heavy block block_probes (ordinal=841 basis=step_fallback heavy_every=3)
[extract] step=4208 heavy=FALSE total=60.29s | block_optim=35.19 block_curvature=4.55 block_weights=9.36 block_trajectory=0.00 block_fitness=6.53
[collector w1] re-slimmed kept run_id=mae__adamw__s42 step=4158 MODEL-ONLY (bumped out of latest-2).
[collector w1] processed run_id=mae__adamw__s42 step=4208 heavy=False blocks_ok=5 blocks_err=0 t=60.293s -> KEPT(->kept/,FULL latest2)
[extract] step=4213 SKIP heavy block block_circuits (ordinal=842 basis=step_fallback heavy_every=3)
[extract] step=4213 SKIP heavy block block_interp (ordinal=842 basis=step_fallback heavy_every=3)
[extract] step=4213 SKIP heavy block block_probes (ordinal=842 basis=step_fallback heavy_every=3)
[extract] step=4213 heavy=FALSE total=61.71s | block_optim=35.31 block_curvature=5.63 block_weights=10.20 block_trajectory=0.00 block_fitness=6.60
[collector w1] processed run_id=mae__adamw__s42 step=4213 heavy=False blocks_ok=5 blocks_err=0 t=61.714s -> deleted
[extract] step=4223 SKIP heavy block block_circuits (ordinal=844 basis=step_fallback heavy_every=3)
[extract] step=4223 SKIP heavy block block_interp (ordinal=844 basis=step_fallback heavy_every=3)
[extract] step=4223 SKIP heavy block block_probes (ordinal=844 basis=step_fallback heavy_every=3)
[extract] step=4223 heavy=FALSE total=62.08s | block_optim=35.50 block_curvature=4.89 block_weights=10.30 block_trajectory=0.00 block_fitness=6.55
[collector w1] processed run_id=mae__adamw__s42 step=4223 heavy=False blocks_ok=5 blocks_err=0 t=62.078s -> deleted
[extract] step=4228 SKIP heavy block block_circuits (ordinal=845 basis=step_fallback heavy_every=3)
[extract] step=4228 SKIP heavy block block_interp (ordinal=845 basis=step_fallback heavy_every=3)
[extract] step=4228 SKIP heavy block block_probes (ordinal=845 basis=step_fallback heavy_every=3)
[extract] step=4228 heavy=FALSE total=62.46s | block_optim=35.84 block_curvature=4.70 block_weights=10.43 block_trajectory=0.00 block_fitness=6.73
[collector w1] processed run_id=mae__adamw__s42 step=4228 heavy=False blocks_ok=5 blocks_err=0 t=62.456s -> deleted
[extract] step=4233 heavy=TRUE total=242.34s | block_optim=35.30 block_curvature=4.99 block_weights=10.31 block_trajectory=0.00 block_circuits=2.32 block_interp=134.38 block_probes=43.22 block_fitness=7.31
[collector w1] processed run_id=mae__adamw__s42 step=4233 heavy=True blocks_ok=8 blocks_err=0 t=242.344s -> deleted
[extract] step=4253 SKIP heavy block block_circuits (ordinal=850 basis=step_fallback heavy_every=3)
[extract] step=4253 SKIP heavy block block_interp (ordinal=850 basis=step_fallback heavy_every=3)
[extract] step=4253 SKIP heavy block block_probes (ordinal=850 basis=step_fallback heavy_every=3)
[extract] step=4253 heavy=FALSE total=63.03s | block_optim=35.55 block_curvature=4.64 block_weights=10.73 block_trajectory=0.00 block_fitness=6.77
[collector w1] processed run_id=mae__adamw__s42 step=4253 heavy=False blocks_ok=5 blocks_err=0 t=63.03s -> deleted
[extract] step=4258 SKIP heavy block block_circuits (ordinal=851 basis=step_fallback heavy_every=3)
[extract] step=4258 SKIP heavy block block_interp (ordinal=851 basis=step_fallback heavy_every=3)
[extract] step=4258 SKIP heavy block block_probes (ordinal=851 basis=step_fallback heavy_every=3)
[extract] step=4258 heavy=FALSE total=62.11s | block_optim=34.98 block_curvature=5.39 block_weights=9.85 block_trajectory=0.00 block_fitness=6.71
[collector w1] processed run_id=mae__adamw__s42 step=4258 heavy=False blocks_ok=5 blocks_err=0 t=62.111s -> deleted
[extract] step=4268 SKIP heavy block block_circuits (ordinal=853 basis=step_fallback heavy_every=3)
[extract] step=4268 SKIP heavy block block_interp (ordinal=853 basis=step_fallback heavy_every=3)
[extract] step=4268 SKIP heavy block block_probes (ordinal=853 basis=step_fallback heavy_every=3)
[extract] step=4268 heavy=FALSE total=62.63s | block_optim=35.82 block_curvature=4.75 block_weights=10.47 block_trajectory=0.00 block_fitness=6.64
[collector w1] processed run_id=mae__adamw__s42 step=4268 heavy=False blocks_ok=5 blocks_err=0 t=62.632s -> deleted
[extract] step=4273 SKIP heavy block block_circuits (ordinal=854 basis=step_fallback heavy_every=3)
[extract] step=4273 SKIP heavy block block_interp (ordinal=854 basis=step_fallback heavy_every=3)
[extract] step=4273 SKIP heavy block block_probes (ordinal=854 basis=step_fallback heavy_every=3)
[extract] step=4273 heavy=FALSE total=61.60s | block_optim=35.25 block_curvature=4.62 block_weights=10.05 block_trajectory=0.00 block_fitness=6.81
[collector w1] processed run_id=mae__adamw__s42 step=4273 heavy=False blocks_ok=5 blocks_err=0 t=61.602s -> deleted
[extract] step=4278 heavy=TRUE total=216.92s | block_optim=35.22 block_curvature=5.56 block_weights=10.30 block_trajectory=0.00 block_circuits=2.20 block_interp=108.54 block_probes=43.17 block_fitness=7.30
[collector w1] processed run_id=mae__adamw__s42 step=4278 heavy=True blocks_ok=8 blocks_err=0 t=216.92s -> deleted
[extract] step=4298 SKIP heavy block block_circuits (ordinal=859 basis=step_fallback heavy_every=3)
[extract] step=4298 SKIP heavy block block_interp (ordinal=859 basis=step_fallback heavy_every=3)
[extract] step=4298 SKIP heavy block block_probes (ordinal=859 basis=step_fallback heavy_every=3)
[extract] step=4298 heavy=FALSE total=61.40s | block_optim=34.83 block_curvature=4.63 block_weights=10.02 block_trajectory=0.00 block_fitness=6.96
[collector w1] processed run_id=mae__adamw__s42 step=4298 heavy=False blocks_ok=5 blocks_err=0 t=61.396s -> deleted
[extract] step=4303 SKIP heavy block block_circuits (ordinal=860 basis=step_fallback heavy_every=3)
[extract] step=4303 SKIP heavy block block_interp (ordinal=860 basis=step_fallback heavy_every=3)
[extract] step=4303 SKIP heavy block block_probes (ordinal=860 basis=step_fallback heavy_every=3)
[extract] step=4303 heavy=FALSE total=60.51s | block_optim=34.66 block_curvature=4.57 block_weights=9.49 block_trajectory=0.00 block_fitness=6.77
[collector w1] processed run_id=mae__adamw__s42 step=4303 heavy=False blocks_ok=5 blocks_err=0 t=60.515s -> deleted
[extract] step=4313 SKIP heavy block block_circuits (ordinal=862 basis=step_fallback heavy_every=3)
[extract] step=4313 SKIP heavy block block_interp (ordinal=862 basis=step_fallback heavy_every=3)
[extract] step=4313 SKIP heavy block block_probes (ordinal=862 basis=step_fallback heavy_every=3)
[extract] step=4313 heavy=FALSE total=61.49s | block_optim=35.65 block_curvature=4.63 block_weights=9.66 block_trajectory=0.00 block_fitness=6.91
[collector w1] processed run_id=mae__adamw__s42 step=4313 heavy=False blocks_ok=5 blocks_err=0 t=61.493s -> deleted
[extract] step=4318 SKIP heavy block block_circuits (ordinal=863 basis=step_fallback heavy_every=3)
[extract] step=4318 SKIP heavy block block_interp (ordinal=863 basis=step_fallback heavy_every=3)
[extract] step=4318 SKIP heavy block block_probes (ordinal=863 basis=step_fallback heavy_every=3)
[extract] step=4318 heavy=FALSE total=60.26s | block_optim=34.51 block_curvature=4.78 block_weights=9.36 block_trajectory=0.00 block_fitness=6.90
[collector w1] processed run_id=mae__adamw__s42 step=4318 heavy=False blocks_ok=5 blocks_err=0 t=60.257s -> deleted
[extract] step=4323 heavy=TRUE total=215.20s | block_optim=35.08 block_curvature=4.67 block_weights=9.38 block_trajectory=0.00 block_circuits=2.21 block_interp=109.96 block_probes=42.39 block_fitness=6.90
[collector w1] processed run_id=mae__adamw__s42 step=4323 heavy=True blocks_ok=8 blocks_err=0 t=215.204s -> deleted
[extract] step=4343 SKIP heavy block block_circuits (ordinal=868 basis=step_fallback heavy_every=3)
[extract] step=4343 SKIP heavy block block_interp (ordinal=868 basis=step_fallback heavy_every=3)
[extract] step=4343 SKIP heavy block block_probes (ordinal=868 basis=step_fallback heavy_every=3)
[extract] step=4343 heavy=FALSE total=62.66s | block_optim=34.98 block_curvature=5.38 block_weights=10.59 block_trajectory=0.00 block_fitness=6.72
[collector w1] processed run_id=mae__adamw__s42 step=4343 heavy=False blocks_ok=5 blocks_err=0 t=62.66s -> deleted
[extract] step=4348 SKIP heavy block block_circuits (ordinal=869 basis=step_fallback heavy_every=3)
[extract] step=4348 SKIP heavy block block_interp (ordinal=869 basis=step_fallback heavy_every=3)
[extract] step=4348 SKIP heavy block block_probes (ordinal=869 basis=step_fallback heavy_every=3)
[extract] step=4348 heavy=FALSE total=62.58s | block_optim=35.54 block_curvature=5.34 block_weights=10.16 block_trajectory=0.00 block_fitness=6.76
[collector w1] processed run_id=mae__adamw__s42 step=4348 heavy=False blocks_ok=5 blocks_err=0 t=62.582s -> deleted
[extract] step=4358 SKIP heavy block block_circuits (ordinal=871 basis=step_fallback heavy_every=3)
[extract] step=4358 SKIP heavy block block_interp (ordinal=871 basis=step_fallback heavy_every=3)
[extract] step=4358 SKIP heavy block block_probes (ordinal=871 basis=step_fallback heavy_every=3)
[extract] step=4358 heavy=FALSE total=62.26s | block_optim=34.92 block_curvature=4.95 block_weights=10.44 block_trajectory=0.00 block_fitness=6.91
[collector w1] processed run_id=mae__adamw__s42 step=4358 heavy=False blocks_ok=5 blocks_err=0 t=62.256s -> deleted
[extract] step=4363 SKIP heavy block block_circuits (ordinal=872 basis=step_fallback heavy_every=3)
[extract] step=4363 SKIP heavy block block_interp (ordinal=872 basis=step_fallback heavy_every=3)
[extract] step=4363 SKIP heavy block block_probes (ordinal=872 basis=step_fallback heavy_every=3)
[extract] step=4363 heavy=FALSE total=60.47s | block_optim=34.53 block_curvature=4.56 block_weights=9.59 block_trajectory=0.00 block_fitness=7.18
[collector w1] processed run_id=mae__adamw__s42 step=4363 heavy=False blocks_ok=5 blocks_err=0 t=60.467s -> deleted
[extract] step=4368 heavy=TRUE total=205.46s | block_optim=35.19 block_curvature=4.56 block_weights=9.35 block_trajectory=0.00 block_circuits=2.30 block_interp=102.50 block_probes=39.98 block_fitness=6.88
[collector w1] processed run_id=mae__adamw__s42 step=4368 heavy=True blocks_ok=8 blocks_err=0 t=205.457s -> deleted
[extract] step=4388 SKIP heavy block block_circuits (ordinal=877 basis=step_fallback heavy_every=3)
[extract] step=4388 SKIP heavy block block_interp (ordinal=877 basis=step_fallback heavy_every=3)
[extract] step=4388 SKIP heavy block block_probes (ordinal=877 basis=step_fallback heavy_every=3)
[extract] step=4388 heavy=FALSE total=62.72s | block_optim=35.41 block_curvature=5.26 block_weights=10.46 block_trajectory=0.00 block_fitness=6.65
[collector w1] processed run_id=mae__adamw__s42 step=4388 heavy=False blocks_ok=5 blocks_err=0 t=62.721s -> deleted
[extract] step=4393 SKIP heavy block block_circuits (ordinal=878 basis=step_fallback heavy_every=3)
[extract] step=4393 SKIP heavy block block_interp (ordinal=878 basis=step_fallback heavy_every=3)
[extract] step=4393 SKIP heavy block block_probes (ordinal=878 basis=step_fallback heavy_every=3)
[extract] step=4393 heavy=FALSE total=61.88s | block_optim=35.07 block_curvature=4.79 block_weights=10.18 block_trajectory=0.00 block_fitness=6.84
[collector w1] processed run_id=mae__adamw__s42 step=4393 heavy=False blocks_ok=5 blocks_err=0 t=61.881s -> deleted
[extract] step=4403 SKIP heavy block block_circuits (ordinal=880 basis=step_fallback heavy_every=3)
[extract] step=4403 SKIP heavy block block_interp (ordinal=880 basis=step_fallback heavy_every=3)
[extract] step=4403 SKIP heavy block block_probes (ordinal=880 basis=step_fallback heavy_every=3)
[extract] step=4403 heavy=FALSE total=69.05s | block_optim=36.05 block_curvature=5.91 block_weights=14.16 block_trajectory=0.00 block_fitness=7.49
[collector w1] processed run_id=mae__adamw__s42 step=4403 heavy=False blocks_ok=5 blocks_err=0 t=69.052s -> deleted
[extract] step=4408 SKIP heavy block block_circuits (ordinal=881 basis=step_fallback heavy_every=3)
[extract] step=4408 SKIP heavy block block_interp (ordinal=881 basis=step_fallback heavy_every=3)
[extract] step=4408 SKIP heavy block block_probes (ordinal=881 basis=step_fallback heavy_every=3)
[extract] step=4408 heavy=FALSE total=63.94s | block_optim=37.50 block_curvature=4.81 block_weights=8.81 block_trajectory=0.00 block_fitness=6.54
[collector w1] processed run_id=mae__adamw__s42 step=4408 heavy=False blocks_ok=5 blocks_err=0 t=63.94s -> deleted
[extract] step=4413 heavy=TRUE total=203.21s | block_optim=33.49 block_curvature=4.57 block_weights=8.82 block_trajectory=0.00 block_circuits=1.95 block_interp=96.61 block_probes=46.68 block_fitness=6.77
[collector w1] processed run_id=mae__adamw__s42 step=4413 heavy=True blocks_ok=8 blocks_err=0 t=203.209s -> deleted
[extract] step=4433 SKIP heavy block block_circuits (ordinal=886 basis=step_fallback heavy_every=3)
[extract] step=4433 SKIP heavy block block_interp (ordinal=886 basis=step_fallback heavy_every=3)
[extract] step=4433 SKIP heavy block block_probes (ordinal=886 basis=step_fallback heavy_every=3)
[extract] step=4433 heavy=FALSE total=61.85s | block_optim=35.30 block_curvature=4.63 block_weights=10.35 block_trajectory=0.00 block_fitness=7.01
[collector w1] processed run_id=mae__adamw__s42 step=4433 heavy=False blocks_ok=5 blocks_err=0 t=61.85s -> deleted
[extract] step=4438 SKIP heavy block block_circuits (ordinal=887 basis=step_fallback heavy_every=3)
[extract] step=4438 SKIP heavy block block_interp (ordinal=887 basis=step_fallback heavy_every=3)
[extract] step=4438 SKIP heavy block block_probes (ordinal=887 basis=step_fallback heavy_every=3)
[extract] step=4438 heavy=FALSE total=61.68s | block_optim=35.07 block_curvature=4.58 block_weights=10.16 block_trajectory=0.00 block_fitness=6.65
[collector w1] processed run_id=mae__adamw__s42 step=4438 heavy=False blocks_ok=5 blocks_err=0 t=61.681s -> deleted
[extract] step=4448 SKIP heavy block block_circuits (ordinal=889 basis=step_fallback heavy_every=3)
[extract] step=4448 SKIP heavy block block_interp (ordinal=889 basis=step_fallback heavy_every=3)
[extract] step=4448 SKIP heavy block block_probes (ordinal=889 basis=step_fallback heavy_every=3)
[extract] step=4448 heavy=FALSE total=61.62s | block_optim=34.95 block_curvature=4.56 block_weights=9.84 block_trajectory=0.00 block_fitness=7.05
[collector w1] processed run_id=mae__adamw__s42 step=4448 heavy=False blocks_ok=5 blocks_err=0 t=61.616s -> deleted
[extract] step=4453 SKIP heavy block block_circuits (ordinal=890 basis=step_fallback heavy_every=3)
[extract] step=4453 SKIP heavy block block_interp (ordinal=890 basis=step_fallback heavy_every=3)
[extract] step=4453 SKIP heavy block block_probes (ordinal=890 basis=step_fallback heavy_every=3)
[extract] step=4453 heavy=FALSE total=62.05s | block_optim=35.35 block_curvature=4.63 block_weights=10.17 block_trajectory=0.00 block_fitness=6.88
[collector w1] processed run_id=mae__adamw__s42 step=4453 heavy=False blocks_ok=5 blocks_err=0 t=62.047s -> deleted
[extract] step=4458 heavy=TRUE total=209.74s | block_optim=35.08 block_curvature=5.62 block_weights=10.12 block_trajectory=0.00 block_circuits=2.07 block_interp=102.61 block_probes=42.56 block_fitness=7.08
[collector w1] processed run_id=mae__adamw__s42 step=4458 heavy=True blocks_ok=8 blocks_err=0 t=209.738s -> deleted
[extract] step=4478 SKIP heavy block block_circuits (ordinal=895 basis=step_fallback heavy_every=3)
[extract] step=4478 SKIP heavy block block_interp (ordinal=895 basis=step_fallback heavy_every=3)
[extract] step=4478 SKIP heavy block block_probes (ordinal=895 basis=step_fallback heavy_every=3)
[extract] step=4478 heavy=FALSE total=61.00s | block_optim=34.51 block_curvature=4.63 block_weights=9.70 block_trajectory=0.00 block_fitness=6.64
[collector w1] processed run_id=mae__adamw__s42 step=4478 heavy=False blocks_ok=5 blocks_err=0 t=61.003s -> deleted
[extract] step=4483 SKIP heavy block block_circuits (ordinal=896 basis=step_fallback heavy_every=3)
[extract] step=4483 SKIP heavy block block_interp (ordinal=896 basis=step_fallback heavy_every=3)
[extract] step=4483 SKIP heavy block block_probes (ordinal=896 basis=step_fallback heavy_every=3)
[extract] step=4483 heavy=FALSE total=60.94s | block_optim=34.70 block_curvature=4.56 block_weights=9.44 block_trajectory=0.00 block_fitness=6.81
[collector w1] processed run_id=mae__adamw__s42 step=4483 heavy=False blocks_ok=5 blocks_err=0 t=60.943s -> deleted
[extract] step=4488 heavy=TRUE total=207.44s | block_optim=35.64 block_curvature=4.55 block_weights=10.57 block_trajectory=0.00 block_circuits=2.37 block_interp=101.26 block_probes=41.07 block_fitness=6.75
[collector w1] processed run_id=mae__adamw__s42 step=4488 heavy=True blocks_ok=8 blocks_err=0 t=207.442s -> deleted
[extract] step=4508 SKIP heavy block block_circuits (ordinal=901 basis=step_fallback heavy_every=3)
[extract] step=4508 SKIP heavy block block_interp (ordinal=901 basis=step_fallback heavy_every=3)
[extract] step=4508 SKIP heavy block block_probes (ordinal=901 basis=step_fallback heavy_every=3)
[extract] step=4508 heavy=FALSE total=62.54s | block_optim=35.26 block_curvature=4.56 block_weights=10.41 block_trajectory=0.00 block_fitness=6.83
[collector w1] processed run_id=mae__adamw__s42 step=4508 heavy=False blocks_ok=5 blocks_err=0 t=62.537s -> deleted
[extract] step=4513 SKIP heavy block block_circuits (ordinal=902 basis=step_fallback heavy_every=3)
[extract] step=4513 SKIP heavy block block_interp (ordinal=902 basis=step_fallback heavy_every=3)
[extract] step=4513 SKIP heavy block block_probes (ordinal=902 basis=step_fallback heavy_every=3)
[extract] step=4513 heavy=FALSE total=62.25s | block_optim=35.36 block_curvature=5.12 block_weights=10.15 block_trajectory=0.00 block_fitness=6.66
[collector w1] processed run_id=mae__adamw__s42 step=4513 heavy=False blocks_ok=5 blocks_err=0 t=62.252s -> deleted
[extract] step=4523 SKIP heavy block block_circuits (ordinal=904 basis=step_fallback heavy_every=3)
[extract] step=4523 SKIP heavy block block_interp (ordinal=904 basis=step_fallback heavy_every=3)
[extract] step=4523 SKIP heavy block block_probes (ordinal=904 basis=step_fallback heavy_every=3)
[extract] step=4523 heavy=FALSE total=63.24s | block_optim=35.96 block_curvature=4.61 block_weights=10.81 block_trajectory=0.00 block_fitness=6.77
[collector w1] processed run_id=mae__adamw__s42 step=4523 heavy=False blocks_ok=5 blocks_err=0 t=63.242s -> deleted
[extract] step=4528 SKIP heavy block block_circuits (ordinal=905 basis=step_fallback heavy_every=3)
[extract] step=4528 SKIP heavy block block_interp (ordinal=905 basis=step_fallback heavy_every=3)
[extract] step=4528 SKIP heavy block block_probes (ordinal=905 basis=step_fallback heavy_every=3)
[extract] step=4528 heavy=FALSE total=62.87s | block_optim=35.11 block_curvature=5.46 block_weights=10.25 block_trajectory=0.00 block_fitness=6.68
[collector w1] processed run_id=mae__adamw__s42 step=4528 heavy=False blocks_ok=5 blocks_err=0 t=62.865s -> deleted
[extract] step=4533 heavy=TRUE total=208.20s | block_optim=34.63 block_curvature=4.57 block_weights=10.58 block_trajectory=0.00 block_circuits=2.12 block_interp=102.06 block_probes=42.69 block_fitness=6.65
[collector w1] processed run_id=mae__adamw__s42 step=4533 heavy=True blocks_ok=8 blocks_err=0 t=208.196s -> deleted
[extract] step=4553 SKIP heavy block block_circuits (ordinal=910 basis=step_fallback heavy_every=3)
[extract] step=4553 SKIP heavy block block_interp (ordinal=910 basis=step_fallback heavy_every=3)
[extract] step=4553 SKIP heavy block block_probes (ordinal=910 basis=step_fallback heavy_every=3)
[extract] step=4553 heavy=FALSE total=63.12s | block_optim=35.66 block_curvature=5.42 block_weights=10.38 block_trajectory=0.00 block_fitness=6.61
[collector w1] processed run_id=mae__adamw__s42 step=4553 heavy=False blocks_ok=5 blocks_err=0 t=63.123s -> deleted
[extract] step=4558 SKIP heavy block block_circuits (ordinal=911 basis=step_fallback heavy_every=3)
[extract] step=4558 SKIP heavy block block_interp (ordinal=911 basis=step_fallback heavy_every=3)
[extract] step=4558 SKIP heavy block block_probes (ordinal=911 basis=step_fallback heavy_every=3)
[extract] step=4558 heavy=FALSE total=63.05s | block_optim=35.95 block_curvature=5.23 block_weights=10.25 block_trajectory=0.00 block_fitness=6.59
[collector w1] processed run_id=mae__adamw__s42 step=4558 heavy=False blocks_ok=5 blocks_err=0 t=63.053s -> deleted
[extract] step=4563 heavy=TRUE total=206.03s | block_optim=34.90 block_curvature=4.76 block_weights=10.05 block_trajectory=0.00 block_circuits=2.09 block_interp=102.75 block_probes=39.15 block_fitness=7.49
[collector w1] processed run_id=mae__adamw__s42 step=4563 heavy=True blocks_ok=8 blocks_err=0 t=206.025s -> deleted
[extract] step=4583 SKIP heavy block block_circuits (ordinal=916 basis=step_fallback heavy_every=3)
[extract] step=4583 SKIP heavy block block_interp (ordinal=916 basis=step_fallback heavy_every=3)
[extract] step=4583 SKIP heavy block block_probes (ordinal=916 basis=step_fallback heavy_every=3)
[extract] step=4583 heavy=FALSE total=60.69s | block_optim=34.27 block_curvature=4.56 block_weights=9.73 block_trajectory=0.00 block_fitness=6.49
[collector w1] processed run_id=mae__adamw__s42 step=4583 heavy=False blocks_ok=5 blocks_err=0 t=60.691s -> deleted
[extract] step=4588 SKIP heavy block block_circuits (ordinal=917 basis=step_fallback heavy_every=3)
[extract] step=4588 SKIP heavy block block_interp (ordinal=917 basis=step_fallback heavy_every=3)
[extract] step=4588 SKIP heavy block block_probes (ordinal=917 basis=step_fallback heavy_every=3)
[extract] step=4588 heavy=FALSE total=61.73s | block_optim=34.64 block_curvature=4.64 block_weights=10.72 block_trajectory=0.00 block_fitness=6.67
[collector w1] processed run_id=mae__adamw__s42 step=4588 heavy=False blocks_ok=5 blocks_err=0 t=61.733s -> deleted
[extract] step=4598 SKIP heavy block block_circuits (ordinal=919 basis=step_fallback heavy_every=3)
[extract] step=4598 SKIP heavy block block_interp (ordinal=919 basis=step_fallback heavy_every=3)
[extract] step=4598 SKIP heavy block block_probes (ordinal=919 basis=step_fallback heavy_every=3)
[extract] step=4598 heavy=FALSE total=61.82s | block_optim=35.52 block_curvature=4.67 block_weights=9.76 block_trajectory=0.00 block_fitness=6.97
[collector w1] re-slimmed kept run_id=mae__adamw__s42 step=4208 MODEL-ONLY (bumped out of latest-2).
[collector w1] processed run_id=mae__adamw__s42 step=4598 heavy=False blocks_ok=5 blocks_err=0 t=61.823s -> KEPT(->kept/,FULL latest2)
[extract] step=4603 SKIP heavy block block_circuits (ordinal=920 basis=step_fallback heavy_every=3)
[extract] step=4603 SKIP heavy block block_interp (ordinal=920 basis=step_fallback heavy_every=3)
[extract] step=4603 SKIP heavy block block_probes (ordinal=920 basis=step_fallback heavy_every=3)
[extract] step=4603 heavy=FALSE total=61.65s | block_optim=35.13 block_curvature=5.57 block_weights=10.25 block_trajectory=0.00 block_fitness=6.61
[collector w1] processed run_id=mae__adamw__s42 step=4603 heavy=False blocks_ok=5 blocks_err=0 t=61.652s -> deleted
[extract] step=4608 heavy=TRUE total=260.36s | block_optim=36.08 block_curvature=4.78 block_weights=9.33 block_trajectory=0.00 block_circuits=2.05 block_interp=157.24 block_probes=39.85 block_fitness=6.71
[collector w1] processed run_id=mae__adamw__s42 step=4608 heavy=True blocks_ok=8 blocks_err=0 t=260.36s -> deleted
[extract] step=4628 SKIP heavy block block_circuits (ordinal=925 basis=step_fallback heavy_every=3)
[extract] step=4628 SKIP heavy block block_interp (ordinal=925 basis=step_fallback heavy_every=3)
[extract] step=4628 SKIP heavy block block_probes (ordinal=925 basis=step_fallback heavy_every=3)
[extract] step=4628 heavy=FALSE total=61.58s | block_optim=34.91 block_curvature=4.78 block_weights=9.53 block_trajectory=0.00 block_fitness=6.79
[collector w1] processed run_id=mae__adamw__s42 step=4628 heavy=False blocks_ok=5 blocks_err=0 t=61.584s -> deleted
[extract] step=4638 heavy=TRUE total=215.10s | block_optim=34.83 block_curvature=4.57 block_weights=9.65 block_trajectory=0.00 block_circuits=2.07 block_interp=109.18 block_probes=43.20 block_fitness=7.02
[collector w1] processed run_id=mae__adamw__s42 step=4638 heavy=True blocks_ok=8 blocks_err=0 t=215.099s -> deleted
[extract] step=4658 SKIP heavy block block_circuits (ordinal=931 basis=step_fallback heavy_every=3)
[extract] step=4658 SKIP heavy block block_interp (ordinal=931 basis=step_fallback heavy_every=3)
[extract] step=4658 SKIP heavy block block_probes (ordinal=931 basis=step_fallback heavy_every=3)
[extract] step=4658 heavy=FALSE total=61.83s | block_optim=35.28 block_curvature=4.83 block_weights=9.76 block_trajectory=0.00 block_fitness=7.05
[collector w1] processed run_id=mae__adamw__s42 step=4658 heavy=False blocks_ok=5 blocks_err=0 t=61.833s -> deleted
[extract] step=4663 SKIP heavy block block_circuits (ordinal=932 basis=step_fallback heavy_every=3)
[extract] step=4663 SKIP heavy block block_interp (ordinal=932 basis=step_fallback heavy_every=3)
[extract] step=4663 SKIP heavy block block_probes (ordinal=932 basis=step_fallback heavy_every=3)
[extract] step=4663 heavy=FALSE total=62.45s | block_optim=35.09 block_curvature=5.34 block_weights=10.11 block_trajectory=0.00 block_fitness=6.85
[collector w1] processed run_id=mae__adamw__s42 step=4663 heavy=False blocks_ok=5 blocks_err=0 t=62.453s -> deleted
[extract] step=4673 SKIP heavy block block_circuits (ordinal=934 basis=step_fallback heavy_every=3)
[extract] step=4673 SKIP heavy block block_interp (ordinal=934 basis=step_fallback heavy_every=3)
[extract] step=4673 SKIP heavy block block_probes (ordinal=934 basis=step_fallback heavy_every=3)
[extract] step=4673 heavy=FALSE total=62.40s | block_optim=34.77 block_curvature=4.57 block_weights=10.80 block_trajectory=0.00 block_fitness=7.59
[collector w1] processed run_id=mae__adamw__s42 step=4673 heavy=False blocks_ok=5 blocks_err=0 t=62.395s -> deleted
[extract] step=4678 SKIP heavy block block_circuits (ordinal=935 basis=step_fallback heavy_every=3)
[extract] step=4678 SKIP heavy block block_interp (ordinal=935 basis=step_fallback heavy_every=3)
[extract] step=4678 SKIP heavy block block_probes (ordinal=935 basis=step_fallback heavy_every=3)
[extract] step=4678 heavy=FALSE total=61.99s | block_optim=35.71 block_curvature=4.58 block_weights=9.56 block_trajectory=0.00 block_fitness=6.83
[collector w1] processed run_id=mae__adamw__s42 step=4678 heavy=False blocks_ok=5 blocks_err=0 t=61.986s -> deleted
[extract] step=4683 heavy=TRUE total=215.43s | block_optim=34.91 block_curvature=5.53 block_weights=10.31 block_trajectory=0.00 block_circuits=1.99 block_interp=108.80 block_probes=42.52 block_fitness=6.66
[collector w1] processed run_id=mae__adamw__s42 step=4683 heavy=True blocks_ok=8 blocks_err=0 t=215.434s -> deleted
[extract] step=4700 SKIP heavy block block_circuits (ordinal=940 basis=step_fallback heavy_every=3)
[extract] step=4700 SKIP heavy block block_interp (ordinal=940 basis=step_fallback heavy_every=3)
[extract] step=4700 SKIP heavy block block_probes (ordinal=940 basis=step_fallback heavy_every=3)
[extract] step=4700 heavy=FALSE total=63.02s | block_optim=35.21 block_curvature=5.67 block_weights=10.53 block_trajectory=0.00 block_fitness=6.60
[collector w1] processed run_id=mae__adamw__s42 step=4700 heavy=False blocks_ok=5 blocks_err=0 t=63.022s -> deleted
[extract] step=4705 SKIP heavy block block_circuits (ordinal=941 basis=step_fallback heavy_every=3)
[extract] step=4705 SKIP heavy block block_interp (ordinal=941 basis=step_fallback heavy_every=3)
[extract] step=4705 SKIP heavy block block_probes (ordinal=941 basis=step_fallback heavy_every=3)
[extract] step=4705 heavy=FALSE total=61.62s | block_optim=34.65 block_curvature=4.62 block_weights=10.01 block_trajectory=0.00 block_fitness=6.98
[collector w1] processed run_id=mae__adamw__s42 step=4705 heavy=False blocks_ok=5 blocks_err=0 t=61.616s -> deleted
[extract] step=4715 SKIP heavy block block_circuits (ordinal=943 basis=step_fallback heavy_every=3)
[extract] step=4715 SKIP heavy block block_interp (ordinal=943 basis=step_fallback heavy_every=3)
[extract] step=4715 SKIP heavy block block_probes (ordinal=943 basis=step_fallback heavy_every=3)
[extract] step=4715 heavy=FALSE total=62.54s | block_optim=35.38 block_curvature=4.86 block_weights=10.47 block_trajectory=0.00 block_fitness=6.62
[collector w1] re-slimmed kept run_id=mae__adamw__s42 step=4598 MODEL-ONLY (bumped out of latest-2).
[collector w1] processed run_id=mae__adamw__s42 step=4715 heavy=False blocks_ok=5 blocks_err=0 t=62.543s -> KEPT(->kept/,FULL latest2)
[extract] step=4720 SKIP heavy block block_circuits (ordinal=944 basis=step_fallback heavy_every=3)
[extract] step=4720 SKIP heavy block block_interp (ordinal=944 basis=step_fallback heavy_every=3)
[extract] step=4720 SKIP heavy block block_probes (ordinal=944 basis=step_fallback heavy_every=3)
[extract] step=4720 heavy=FALSE total=58.73s | block_optim=34.40 block_curvature=4.54 block_weights=9.34 block_trajectory=0.00 block_fitness=6.63
[collector w1] processed run_id=mae__adamw__s42 step=4720 heavy=False blocks_ok=5 blocks_err=0 t=58.73s -> deleted
[extract] step=4725 heavy=TRUE total=271.28s | block_optim=35.57 block_curvature=4.57 block_weights=10.16 block_trajectory=0.00 block_circuits=2.39 block_interp=166.78 block_probes=40.61 block_fitness=6.88
[collector w1] processed run_id=mae__adamw__s42 step=4725 heavy=True blocks_ok=8 blocks_err=0 t=271.281s -> deleted
[extract] step=4745 SKIP heavy block block_circuits (ordinal=949 basis=step_fallback heavy_every=3)
[extract] step=4745 SKIP heavy block block_interp (ordinal=949 basis=step_fallback heavy_every=3)
[extract] step=4745 SKIP heavy block block_probes (ordinal=949 basis=step_fallback heavy_every=3)
[extract] step=4745 heavy=FALSE total=62.50s | block_optim=35.57 block_curvature=4.82 block_weights=10.24 block_trajectory=0.00 block_fitness=7.19
[collector w1] processed run_id=mae__adamw__s42 step=4745 heavy=False blocks_ok=5 blocks_err=0 t=62.504s -> deleted
[extract] step=4750 SKIP heavy block block_circuits (ordinal=950 basis=step_fallback heavy_every=3)
[extract] step=4750 SKIP heavy block block_interp (ordinal=950 basis=step_fallback heavy_every=3)
[extract] step=4750 SKIP heavy block block_probes (ordinal=950 basis=step_fallback heavy_every=3)
[extract] step=4750 heavy=FALSE total=63.19s | block_optim=35.80 block_curvature=4.81 block_weights=9.98 block_trajectory=0.00 block_fitness=7.40
[collector w1] processed run_id=mae__adamw__s42 step=4750 heavy=False blocks_ok=5 blocks_err=0 t=63.185s -> deleted
[extract] step=4760 SKIP heavy block block_circuits (ordinal=952 basis=step_fallback heavy_every=3)
[extract] step=4760 SKIP heavy block block_interp (ordinal=952 basis=step_fallback heavy_every=3)
[extract] step=4760 SKIP heavy block block_probes (ordinal=952 basis=step_fallback heavy_every=3)
[extract] step=4760 heavy=FALSE total=64.48s | block_optim=35.87 block_curvature=4.81 block_weights=10.25 block_trajectory=0.00 block_fitness=7.25
[collector w1] processed run_id=mae__adamw__s42 step=4760 heavy=False blocks_ok=5 blocks_err=0 t=64.483s -> deleted
[extract] step=4765 SKIP heavy block block_circuits (ordinal=953 basis=step_fallback heavy_every=3)
[extract] step=4765 SKIP heavy block block_interp (ordinal=953 basis=step_fallback heavy_every=3)
[extract] step=4765 SKIP heavy block block_probes (ordinal=953 basis=step_fallback heavy_every=3)
[extract] step=4765 heavy=FALSE total=58.31s | block_optim=33.22 block_curvature=4.54 block_weights=8.93 block_trajectory=0.00 block_fitness=6.72
[collector w1] processed run_id=mae__adamw__s42 step=4765 heavy=False blocks_ok=5 blocks_err=0 t=58.306s -> deleted
[extract] step=4770 heavy=TRUE total=192.71s | block_optim=33.15 block_curvature=4.56 block_weights=8.92 block_trajectory=0.00 block_circuits=1.94 block_interp=95.51 block_probes=37.38 block_fitness=6.86
[collector w1] processed run_id=mae__adamw__s42 step=4770 heavy=True blocks_ok=8 blocks_err=0 t=192.711s -> deleted
[extract] step=4790 SKIP heavy block block_circuits (ordinal=958 basis=step_fallback heavy_every=3)
[extract] step=4790 SKIP heavy block block_interp (ordinal=958 basis=step_fallback heavy_every=3)
[extract] step=4790 SKIP heavy block block_probes (ordinal=958 basis=step_fallback heavy_every=3)
[extract] step=4790 heavy=FALSE total=59.28s | block_optim=34.03 block_curvature=4.57 block_weights=9.36 block_trajectory=0.00 block_fitness=6.75
[collector w1] processed run_id=mae__adamw__s42 step=4790 heavy=False blocks_ok=5 blocks_err=0 t=59.277s -> deleted
[extract] step=4795 SKIP heavy block block_circuits (ordinal=959 basis=step_fallback heavy_every=3)
[extract] step=4795 SKIP heavy block block_interp (ordinal=959 basis=step_fallback heavy_every=3)
[extract] step=4795 SKIP heavy block block_probes (ordinal=959 basis=step_fallback heavy_every=3)
[extract] step=4795 heavy=FALSE total=58.82s | block_optim=33.77 block_curvature=4.55 block_weights=9.07 block_trajectory=0.00 block_fitness=6.81
[collector w1] processed run_id=mae__adamw__s42 step=4795 heavy=False blocks_ok=5 blocks_err=0 t=58.822s -> deleted
[extract] step=4805 SKIP heavy block block_circuits (ordinal=961 basis=step_fallback heavy_every=3)
[extract] step=4805 SKIP heavy block block_interp (ordinal=961 basis=step_fallback heavy_every=3)
[extract] step=4805 SKIP heavy block block_probes (ordinal=961 basis=step_fallback heavy_every=3)
[extract] step=4805 heavy=FALSE total=60.06s | block_optim=34.94 block_curvature=4.55 block_weights=9.21 block_trajectory=0.00 block_fitness=6.70
[collector w1] re-slimmed kept run_id=mae__adamw__s42 step=4715 MODEL-ONLY (bumped out of latest-2).
[collector w1] processed run_id=mae__adamw__s42 step=4805 heavy=False blocks_ok=5 blocks_err=0 t=60.058s -> KEPT(->kept/,FULL latest2)
[extract] step=4810 SKIP heavy block block_circuits (ordinal=962 basis=step_fallback heavy_every=3)
[extract] step=4810 SKIP heavy block block_interp (ordinal=962 basis=step_fallback heavy_every=3)
[extract] step=4810 SKIP heavy block block_probes (ordinal=962 basis=step_fallback heavy_every=3)
[extract] step=4810 heavy=FALSE total=58.79s | block_optim=34.28 block_curvature=4.55 block_weights=9.39 block_trajectory=0.00 block_fitness=6.75
[collector w1] processed run_id=mae__adamw__s42 step=4810 heavy=False blocks_ok=5 blocks_err=0 t=58.791s -> deleted
[extract] step=4815 heavy=TRUE total=267.92s | block_optim=34.39 block_curvature=4.56 block_weights=9.39 block_trajectory=0.00 block_circuits=2.13 block_interp=166.18 block_probes=40.04 block_fitness=7.11
[collector w1] processed run_id=mae__adamw__s42 step=4815 heavy=True blocks_ok=8 blocks_err=0 t=267.915s -> deleted
[extract] step=4835 SKIP heavy block block_circuits (ordinal=967 basis=step_fallback heavy_every=3)
[extract] step=4835 SKIP heavy block block_interp (ordinal=967 basis=step_fallback heavy_every=3)
[extract] step=4835 SKIP heavy block block_probes (ordinal=967 basis=step_fallback heavy_every=3)
[extract] step=4835 heavy=FALSE total=62.88s | block_optim=35.99 block_curvature=4.94 block_weights=10.08 block_trajectory=0.00 block_fitness=7.12
[collector w1] processed run_id=mae__adamw__s42 step=4835 heavy=False blocks_ok=5 blocks_err=0 t=62.883s -> deleted
[extract] step=4845 heavy=TRUE total=206.48s | block_optim=34.77 block_curvature=4.55 block_weights=9.82 block_trajectory=0.00 block_circuits=2.12 block_interp=103.62 block_probes=39.76 block_fitness=7.24
[collector w1] processed run_id=mae__adamw__s42 step=4845 heavy=True blocks_ok=8 blocks_err=0 t=206.479s -> deleted
[extract] step=4865 SKIP heavy block block_circuits (ordinal=973 basis=step_fallback heavy_every=3)
[extract] step=4865 SKIP heavy block block_interp (ordinal=973 basis=step_fallback heavy_every=3)
[extract] step=4865 SKIP heavy block block_probes (ordinal=973 basis=step_fallback heavy_every=3)
[extract] step=4865 heavy=FALSE total=60.56s | block_optim=34.30 block_curvature=4.86 block_weights=9.51 block_trajectory=0.00 block_fitness=7.05
[collector w1] processed run_id=mae__adamw__s42 step=4865 heavy=False blocks_ok=5 blocks_err=0 t=60.559s -> deleted
[extract] step=4870 SKIP heavy block block_circuits (ordinal=974 basis=step_fallback heavy_every=3)
[extract] step=4870 SKIP heavy block block_interp (ordinal=974 basis=step_fallback heavy_every=3)
[extract] step=4870 SKIP heavy block block_probes (ordinal=974 basis=step_fallback heavy_every=3)
[extract] step=4870 heavy=FALSE total=60.96s | block_optim=34.68 block_curvature=4.55 block_weights=9.57 block_trajectory=0.00 block_fitness=6.85
[collector w1] processed run_id=mae__adamw__s42 step=4870 heavy=False blocks_ok=5 blocks_err=0 t=60.965s -> deleted
[extract] step=4880 SKIP heavy block block_circuits (ordinal=976 basis=step_fallback heavy_every=3)
[extract] step=4880 SKIP heavy block block_interp (ordinal=976 basis=step_fallback heavy_every=3)
[extract] step=4880 SKIP heavy block block_probes (ordinal=976 basis=step_fallback heavy_every=3)
[extract] step=4880 heavy=FALSE total=63.25s | block_optim=35.84 block_curvature=4.55 block_weights=10.17 block_trajectory=0.00 block_fitness=7.16
[collector w1] processed run_id=mae__adamw__s42 step=4880 heavy=False blocks_ok=5 blocks_err=0 t=63.252s -> deleted
[extract] step=4885 SKIP heavy block block_circuits (ordinal=977 basis=step_fallback heavy_every=3)
[extract] step=4885 SKIP heavy block block_interp (ordinal=977 basis=step_fallback heavy_every=3)
[extract] step=4885 SKIP heavy block block_probes (ordinal=977 basis=step_fallback heavy_every=3)
[extract] step=4885 heavy=FALSE total=61.64s | block_optim=35.18 block_curvature=4.55 block_weights=9.93 block_trajectory=0.00 block_fitness=6.68
[collector w1] processed run_id=mae__adamw__s42 step=4885 heavy=False blocks_ok=5 blocks_err=0 t=61.638s -> deleted
[extract] step=4890 heavy=TRUE total=213.81s | block_optim=34.72 block_curvature=4.59 block_weights=9.21 block_trajectory=0.00 block_circuits=2.02 block_interp=108.89 block_probes=42.64 block_fitness=6.98
[collector w1] processed run_id=mae__adamw__s42 step=4890 heavy=True blocks_ok=8 blocks_err=0 t=213.805s -> deleted
[extract] step=4910 SKIP heavy block block_circuits (ordinal=982 basis=step_fallback heavy_every=3)
[extract] step=4910 SKIP heavy block block_interp (ordinal=982 basis=step_fallback heavy_every=3)
[extract] step=4910 SKIP heavy block block_probes (ordinal=982 basis=step_fallback heavy_every=3)
[extract] step=4910 heavy=FALSE total=62.30s | block_optim=35.42 block_curvature=5.20 block_weights=9.73 block_trajectory=0.00 block_fitness=6.90
[collector w1] processed run_id=mae__adamw__s42 step=4910 heavy=False blocks_ok=5 blocks_err=0 t=62.299s -> deleted
[extract] step=4915 SKIP heavy block block_circuits (ordinal=983 basis=step_fallback heavy_every=3)
[extract] step=4915 SKIP heavy block block_interp (ordinal=983 basis=step_fallback heavy_every=3)
[extract] step=4915 SKIP heavy block block_probes (ordinal=983 basis=step_fallback heavy_every=3)
[extract] step=4915 heavy=FALSE total=62.42s | block_optim=34.79 block_curvature=5.68 block_weights=9.99 block_trajectory=0.00 block_fitness=6.71
[collector w1] processed run_id=mae__adamw__s42 step=4915 heavy=False blocks_ok=5 blocks_err=0 t=62.42s -> deleted
[extract] step=4920 heavy=TRUE total=216.42s | block_optim=35.43 block_curvature=5.26 block_weights=10.78 block_trajectory=0.00 block_circuits=2.06 block_interp=108.04 block_probes=43.18 block_fitness=6.82
[collector w1] processed run_id=mae__adamw__s42 step=4920 heavy=True blocks_ok=8 blocks_err=0 t=216.42s -> deleted
[extract] step=4940 SKIP heavy block block_circuits (ordinal=988 basis=step_fallback heavy_every=3)
[extract] step=4940 SKIP heavy block block_interp (ordinal=988 basis=step_fallback heavy_every=3)
[extract] step=4940 SKIP heavy block block_probes (ordinal=988 basis=step_fallback heavy_every=3)
[extract] step=4940 heavy=FALSE total=60.44s | block_optim=34.53 block_curvature=4.57 block_weights=9.63 block_trajectory=0.00 block_fitness=6.85
[collector w1] processed run_id=mae__adamw__s42 step=4940 heavy=False blocks_ok=5 blocks_err=0 t=60.442s -> deleted
[extract] step=4945 SKIP heavy block block_circuits (ordinal=989 basis=step_fallback heavy_every=3)
[extract] step=4945 SKIP heavy block block_interp (ordinal=989 basis=step_fallback heavy_every=3)
[extract] step=4945 SKIP heavy block block_probes (ordinal=989 basis=step_fallback heavy_every=3)
[extract] step=4945 heavy=FALSE total=60.97s | block_optim=34.95 block_curvature=4.58 block_weights=9.27 block_trajectory=0.00 block_fitness=6.86
[collector w1] processed run_id=mae__adamw__s42 step=4945 heavy=False blocks_ok=5 blocks_err=0 t=60.972s -> deleted
[extract] step=4955 SKIP heavy block block_circuits (ordinal=991 basis=step_fallback heavy_every=3)
[extract] step=4955 SKIP heavy block block_interp (ordinal=991 basis=step_fallback heavy_every=3)
[extract] step=4955 SKIP heavy block block_probes (ordinal=991 basis=step_fallback heavy_every=3)
[extract] step=4955 heavy=FALSE total=59.87s | block_optim=34.17 block_curvature=4.56 block_weights=9.66 block_trajectory=0.00 block_fitness=6.67
[collector w1] processed run_id=mae__adamw__s42 step=4955 heavy=False blocks_ok=5 blocks_err=0 t=59.866s -> deleted
[extract] step=4960 SKIP heavy block block_circuits (ordinal=992 basis=step_fallback heavy_every=3)
[extract] step=4960 SKIP heavy block block_interp (ordinal=992 basis=step_fallback heavy_every=3)
[extract] step=4960 SKIP heavy block block_probes (ordinal=992 basis=step_fallback heavy_every=3)
[extract] step=4960 heavy=FALSE total=60.60s | block_optim=34.67 block_curvature=4.94 block_weights=9.25 block_trajectory=0.00 block_fitness=6.76
[collector w1] processed run_id=mae__adamw__s42 step=4960 heavy=False blocks_ok=5 blocks_err=0 t=60.599s -> deleted
[extract] step=4965 heavy=TRUE total=212.11s | block_optim=35.67 block_curvature=4.55 block_weights=9.90 block_trajectory=0.00 block_circuits=2.11 block_interp=108.34 block_probes=39.94 block_fitness=6.80
[collector w1] processed run_id=mae__adamw__s42 step=4965 heavy=True blocks_ok=8 blocks_err=0 t=212.106s -> deleted
[extract] step=4988 SKIP heavy block block_circuits (ordinal=997 basis=step_fallback heavy_every=3)
[extract] step=4988 SKIP heavy block block_interp (ordinal=997 basis=step_fallback heavy_every=3)
[extract] step=4988 SKIP heavy block block_probes (ordinal=997 basis=step_fallback heavy_every=3)
[extract] step=4988 heavy=FALSE total=61.44s | block_optim=34.73 block_curvature=4.54 block_weights=10.11 block_trajectory=0.00 block_fitness=6.57
[collector w1] processed run_id=mae__adamw__s42 step=4988 heavy=False blocks_ok=5 blocks_err=0 t=61.439s -> deleted
[extract] step=4993 SKIP heavy block block_circuits (ordinal=998 basis=step_fallback heavy_every=3)
[extract] step=4993 SKIP heavy block block_interp (ordinal=998 basis=step_fallback heavy_every=3)
[extract] step=4993 SKIP heavy block block_probes (ordinal=998 basis=step_fallback heavy_every=3)
[extract] step=4993 heavy=FALSE total=61.90s | block_optim=34.81 block_curvature=4.65 block_weights=10.50 block_trajectory=0.00 block_fitness=7.17
[collector w1] processed run_id=mae__adamw__s42 step=4993 heavy=False blocks_ok=5 blocks_err=0 t=61.899s -> deleted
[extract] step=4998 heavy=TRUE total=205.77s | block_optim=35.58 block_curvature=4.57 block_weights=10.02 block_trajectory=0.00 block_circuits=2.00 block_interp=101.09 block_probes=41.20 block_fitness=6.52
[collector w1] processed run_id=mae__adamw__s42 step=4998 heavy=True blocks_ok=8 blocks_err=0 t=205.769s -> deleted
[extract] step=5018 SKIP heavy block block_circuits (ordinal=1003 basis=step_fallback heavy_every=3)
[extract] step=5018 SKIP heavy block block_interp (ordinal=1003 basis=step_fallback heavy_every=3)
[extract] step=5018 SKIP heavy block block_probes (ordinal=1003 basis=step_fallback heavy_every=3)
[extract] step=5018 heavy=FALSE total=53.96s | block_optim=30.30 block_curvature=4.52 block_weights=8.47 block_trajectory=0.00 block_fitness=6.41
[collector w1] processed run_id=mae__adamw__s42 step=5018 heavy=False blocks_ok=5 blocks_err=0 t=53.956s -> deleted
[extract] step=5023 SKIP heavy block block_circuits (ordinal=1004 basis=step_fallback heavy_every=3)
[extract] step=5023 SKIP heavy block block_interp (ordinal=1004 basis=step_fallback heavy_every=3)
[extract] step=5023 SKIP heavy block block_probes (ordinal=1004 basis=step_fallback heavy_every=3)
[extract] step=5023 heavy=FALSE total=57.13s | block_optim=32.92 block_curvature=4.58 block_weights=8.75 block_trajectory=0.00 block_fitness=6.63
[collector w1] processed run_id=mae__adamw__s42 step=5023 heavy=False blocks_ok=5 blocks_err=0 t=57.126s -> deleted
[extract] step=5028 heavy=TRUE total=190.61s | block_optim=32.33 block_curvature=4.58 block_weights=8.77 block_trajectory=0.00 block_circuits=1.98 block_interp=94.85 block_probes=37.09 block_fitness=6.79
[collector w1] processed run_id=mae__adamw__s42 step=5028 heavy=True blocks_ok=8 blocks_err=0 t=190.606s -> deleted
[extract] step=5048 SKIP heavy block block_circuits (ordinal=1009 basis=step_fallback heavy_every=3)
[extract] step=5048 SKIP heavy block block_interp (ordinal=1009 basis=step_fallback heavy_every=3)
[extract] step=5048 SKIP heavy block block_probes (ordinal=1009 basis=step_fallback heavy_every=3)
[extract] step=5048 heavy=FALSE total=57.41s | block_optim=32.66 block_curvature=4.57 block_weights=9.14 block_trajectory=0.00 block_fitness=6.70
[collector w1] processed run_id=mae__adamw__s42 step=5048 heavy=False blocks_ok=5 blocks_err=0 t=57.405s -> deleted
[extract] step=5053 SKIP heavy block block_circuits (ordinal=1010 basis=step_fallback heavy_every=3)
[extract] step=5053 SKIP heavy block block_interp (ordinal=1010 basis=step_fallback heavy_every=3)
[extract] step=5053 SKIP heavy block block_probes (ordinal=1010 basis=step_fallback heavy_every=3)
[extract] step=5053 heavy=FALSE total=56.70s | block_optim=32.34 block_curvature=4.55 block_weights=8.69 block_trajectory=0.00 block_fitness=6.74
[collector w1] processed run_id=mae__adamw__s42 step=5053 heavy=False blocks_ok=5 blocks_err=0 t=56.702s -> deleted
[extract] step=5058 heavy=TRUE total=191.41s | block_optim=32.48 block_curvature=4.57 block_weights=8.97 block_trajectory=0.00 block_circuits=1.92 block_interp=95.47 block_probes=37.21 block_fitness=6.70
[collector w1] processed run_id=mae__adamw__s42 step=5058 heavy=True blocks_ok=8 blocks_err=0 t=191.412s -> deleted
[extract] step=5078 SKIP heavy block block_circuits (ordinal=1015 basis=step_fallback heavy_every=3)
[extract] step=5078 SKIP heavy block block_interp (ordinal=1015 basis=step_fallback heavy_every=3)
[extract] step=5078 SKIP heavy block block_probes (ordinal=1015 basis=step_fallback heavy_every=3)
[extract] step=5078 heavy=FALSE total=57.45s | block_optim=32.89 block_curvature=4.57 block_weights=8.99 block_trajectory=0.00 block_fitness=6.66
[collector w1] processed run_id=mae__adamw__s42 step=5078 heavy=False blocks_ok=5 blocks_err=0 t=57.449s -> deleted
[extract] step=5083 SKIP heavy block block_circuits (ordinal=1016 basis=step_fallback heavy_every=3)
[extract] step=5083 SKIP heavy block block_interp (ordinal=1016 basis=step_fallback heavy_every=3)
[extract] step=5083 SKIP heavy block block_probes (ordinal=1016 basis=step_fallback heavy_every=3)
[extract] step=5083 heavy=FALSE total=56.90s | block_optim=32.52 block_curvature=4.55 block_weights=8.69 block_trajectory=0.00 block_fitness=6.73
[collector w1] processed run_id=mae__adamw__s42 step=5083 heavy=False blocks_ok=5 blocks_err=0 t=56.896s -> deleted
[extract] step=5088 heavy=TRUE total=190.83s | block_optim=32.75 block_curvature=4.58 block_weights=9.21 block_trajectory=0.00 block_circuits=1.92 block_interp=94.47 block_probes=37.06 block_fitness=6.72
[collector w1] processed run_id=mae__adamw__s42 step=5088 heavy=True blocks_ok=8 blocks_err=0 t=190.826s -> deleted
[extract] step=5108 SKIP heavy block block_circuits (ordinal=1021 basis=step_fallback heavy_every=3)
[extract] step=5108 SKIP heavy block block_interp (ordinal=1021 basis=step_fallback heavy_every=3)
[extract] step=5108 SKIP heavy block block_probes (ordinal=1021 basis=step_fallback heavy_every=3)
[extract] step=5108 heavy=FALSE total=57.28s | block_optim=32.56 block_curvature=4.53 block_weights=8.91 block_trajectory=0.00 block_fitness=6.80
[collector w1] processed run_id=mae__adamw__s42 step=5108 heavy=False blocks_ok=5 blocks_err=0 t=57.279s -> deleted
[extract] step=5114 SKIP heavy block block_circuits (ordinal=1022 basis=step_fallback heavy_every=3)
[extract] step=5114 SKIP heavy block block_interp (ordinal=1022 basis=step_fallback heavy_every=3)
[extract] step=5114 SKIP heavy block block_probes (ordinal=1022 basis=step_fallback heavy_every=3)
[extract] step=5114 heavy=FALSE total=56.35s | block_optim=32.22 block_curvature=4.56 block_weights=8.48 block_trajectory=0.00 block_fitness=6.68
[collector w1] processed run_id=mae__adamw__s42 step=5114 heavy=False blocks_ok=5 blocks_err=0 t=56.349s -> deleted
[extract] step=5120 SKIP heavy block block_circuits (ordinal=1024 basis=step_fallback heavy_every=3)
[extract] step=5120 SKIP heavy block block_interp (ordinal=1024 basis=step_fallback heavy_every=3)
[extract] step=5120 SKIP heavy block block_probes (ordinal=1024 basis=step_fallback heavy_every=3)
[extract] step=5120 heavy=FALSE total=56.73s | block_optim=31.96 block_curvature=4.54 block_weights=8.67 block_trajectory=0.00 block_fitness=6.65
[collector w1] processed run_id=mae__adamw__s42 step=5120 heavy=False blocks_ok=5 blocks_err=0 t=56.727s -> deleted
[extract] step=5132 heavy=TRUE total=188.45s | block_optim=32.34 block_curvature=4.54 block_weights=8.86 block_trajectory=0.00 block_circuits=1.80 block_interp=93.83 block_probes=36.34 block_fitness=6.64
[collector w1] processed run_id=mae__adamw__s42 step=5132 heavy=True blocks_ok=8 blocks_err=0 t=188.451s -> KEPT(->kept/,model-only)
[extract] step=5153 SKIP heavy block block_circuits (ordinal=1030 basis=step_fallback heavy_every=3)
[extract] step=5153 SKIP heavy block block_interp (ordinal=1030 basis=step_fallback heavy_every=3)
[extract] step=5153 SKIP heavy block block_probes (ordinal=1030 basis=step_fallback heavy_every=3)
[extract] step=5153 heavy=FALSE total=56.57s | block_optim=32.72 block_curvature=4.54 block_weights=8.82 block_trajectory=0.00 block_fitness=6.75
[collector w1] re-slimmed kept run_id=mae__adamw__s42 step=5138 MODEL-ONLY (bumped out of latest-2).
[collector w1] processed run_id=mae__adamw__s42 step=5153 heavy=False blocks_ok=5 blocks_err=0 t=56.57s -> KEPT(->kept/,FULL latest2)
[extract] step=5159 SKIP heavy block block_circuits (ordinal=1031 basis=step_fallback heavy_every=3)
[extract] step=5159 SKIP heavy block block_interp (ordinal=1031 basis=step_fallback heavy_every=3)
[extract] step=5159 SKIP heavy block block_probes (ordinal=1031 basis=step_fallback heavy_every=3)
[extract] step=5159 heavy=FALSE total=55.62s | block_optim=32.04 block_curvature=4.58 block_weights=8.60 block_trajectory=0.00 block_fitness=6.74
[collector w1] re-slimmed kept run_id=mae__adamw__s42 step=5143 MODEL-ONLY (bumped out of latest-2).
[collector w1] processed run_id=mae__adamw__s42 step=5159 heavy=False blocks_ok=5 blocks_err=0 t=55.62s -> KEPT(->kept/,FULL latest2)
[extract] step=5165 SKIP heavy block block_circuits (ordinal=1033 basis=step_fallback heavy_every=3)
[extract] step=5165 SKIP heavy block block_interp (ordinal=1033 basis=step_fallback heavy_every=3)
[extract] step=5165 SKIP heavy block block_probes (ordinal=1033 basis=step_fallback heavy_every=3)
[extract] step=5165 heavy=FALSE total=55.73s | block_optim=32.05 block_curvature=4.54 block_weights=8.73 block_trajectory=0.00 block_fitness=6.78
[collector w1] re-slimmed kept run_id=mae__adamw__s42 step=5153 MODEL-ONLY (bumped out of latest-2).
[collector w1] processed run_id=mae__adamw__s42 step=5165 heavy=False blocks_ok=5 blocks_err=0 t=55.728s -> KEPT(->kept/,FULL latest2)
[extract] step=5176 heavy=TRUE total=196.48s | block_optim=32.49 block_curvature=4.54 block_weights=8.96 block_trajectory=0.00 block_circuits=2.06 block_interp=102.14 block_probes=36.50 block_fitness=6.51
[collector w1] processed run_id=mae__adamw__s42 step=5176 heavy=True blocks_ok=8 blocks_err=0 t=196.476s -> KEPT(->kept/,model-only)
[extract] step=5200 SKIP heavy block block_circuits (ordinal=1040 basis=step_fallback heavy_every=3)
[extract] step=5200 SKIP heavy block block_interp (ordinal=1040 basis=step_fallback heavy_every=3)
[extract] step=5200 SKIP heavy block block_probes (ordinal=1040 basis=step_fallback heavy_every=3)
[extract] step=5200 heavy=FALSE total=56.00s | block_optim=31.92 block_curvature=4.55 block_weights=8.97 block_trajectory=0.00 block_fitness=6.49
[collector w1] re-slimmed kept run_id=mae__adamw__s42 step=5182 MODEL-ONLY (bumped out of latest-2).
[collector w1] processed run_id=mae__adamw__s42 step=5200 heavy=False blocks_ok=5 blocks_err=0 t=56.004s -> KEPT(->kept/,FULL latest2)
[extract] step=5207 heavy=TRUE total=226.83s | block_optim=31.28 block_curvature=4.55 block_weights=8.74 block_trajectory=0.00 block_circuits=1.95 block_interp=133.68 block_probes=35.93 block_fitness=6.78
[collector w1] processed run_id=mae__adamw__s42 step=5207 heavy=True blocks_ok=8 blocks_err=0 t=226.833s -> KEPT(->kept/,model-only)
[extract] step=5230 SKIP heavy block block_circuits (ordinal=1046 basis=step_fallback heavy_every=3)
[extract] step=5230 SKIP heavy block block_interp (ordinal=1046 basis=step_fallback heavy_every=3)
[extract] step=5230 SKIP heavy block block_probes (ordinal=1046 basis=step_fallback heavy_every=3)
[extract] step=5230 heavy=FALSE total=53.95s | block_optim=30.41 block_curvature=4.55 block_weights=8.65 block_trajectory=0.00 block_fitness=6.72
[collector w1] re-slimmed kept run_id=mae__adamw__s42 step=5219 MODEL-ONLY (bumped out of latest-2).
[collector w1] processed run_id=mae__adamw__s42 step=5230 heavy=False blocks_ok=5 blocks_err=0 t=53.951s -> KEPT(->kept/,FULL latest2)
[extract] step=5241 SKIP heavy block block_circuits (ordinal=1048 basis=step_fallback heavy_every=3)
[extract] step=5241 SKIP heavy block block_interp (ordinal=1048 basis=step_fallback heavy_every=3)
[extract] step=5241 SKIP heavy block block_probes (ordinal=1048 basis=step_fallback heavy_every=3)
[extract] step=5241 heavy=FALSE total=60.44s | block_optim=32.46 block_curvature=4.75 block_weights=10.49 block_trajectory=0.00 block_fitness=7.03
[collector w1] re-slimmed kept run_id=mae__adamw__s42 step=5225 MODEL-ONLY (bumped out of latest-2).
[collector w1] processed run_id=mae__adamw__s42 step=5241 heavy=False blocks_ok=5 blocks_err=0 t=60.441s -> KEPT(->kept/,FULL latest2)
[extract] step=5242 SKIP heavy block block_circuits (ordinal=1048 basis=step_fallback heavy_every=3)
[extract] step=5242 SKIP heavy block block_interp (ordinal=1048 basis=step_fallback heavy_every=3)
[extract] step=5242 SKIP heavy block block_probes (ordinal=1048 basis=step_fallback heavy_every=3)
[extract] step=5242 heavy=FALSE total=66.03s | block_optim=36.84 block_curvature=4.67 block_weights=10.33 block_trajectory=0.00 block_fitness=7.18
[collector w1] re-slimmed kept run_id=mae__adamw__s42 step=5230 MODEL-ONLY (bumped out of latest-2).
[collector w1] re-slimmed kept run_id=mae__adamw__s42 step=5235 MODEL-ONLY (bumped out of latest-2).
[collector w1] processed run_id=mae__adamw__s42 step=5242 heavy=False blocks_ok=5 blocks_err=0 t=66.032s -> KEPT(->kept/,FULL latest2)
[extract] step=5252 heavy=TRUE total=259.15s | block_optim=37.10 block_curvature=4.76 block_weights=13.35 block_trajectory=0.00 block_circuits=2.25 block_interp=144.72 block_probes=43.63 block_fitness=7.19
[collector w1] re-slimmed kept run_id=mae__adamw__s42 step=5242 MODEL-ONLY (bumped out of latest-2).
[collector w1] processed run_id=mae__adamw__s42 step=5252 heavy=True blocks_ok=8 blocks_err=0 t=259.152s -> KEPT(->kept/,FULL latest2)
[extract] step=5271 SKIP heavy block block_circuits (ordinal=1054 basis=step_fallback heavy_every=3)
[extract] step=5271 SKIP heavy block block_interp (ordinal=1054 basis=step_fallback heavy_every=3)
[extract] step=5271 SKIP heavy block block_probes (ordinal=1054 basis=step_fallback heavy_every=3)
[extract] step=5271 heavy=FALSE total=63.61s | block_optim=36.74 block_curvature=4.70 block_weights=10.49 block_trajectory=0.00 block_fitness=6.89
[collector w1] processed run_id=mae__adamw__s42 step=5271 heavy=False blocks_ok=5 blocks_err=0 t=63.607s -> deleted
[extract] step=5284 heavy=TRUE total=251.56s | block_optim=37.02 block_curvature=4.79 block_weights=10.88 block_trajectory=0.00 block_circuits=2.31 block_interp=143.51 block_probes=41.45 block_fitness=7.06
[collector w1] processed run_id=mae__adamw__s42 step=5284 heavy=True blocks_ok=8 blocks_err=0 t=251.559s -> deleted
[extract] step=5305 SKIP heavy block block_circuits (ordinal=1061 basis=step_fallback heavy_every=3)
[extract] step=5305 SKIP heavy block block_interp (ordinal=1061 basis=step_fallback heavy_every=3)
[extract] step=5305 SKIP heavy block block_probes (ordinal=1061 basis=step_fallback heavy_every=3)
[extract] step=5305 heavy=FALSE total=63.34s | block_optim=36.66 block_curvature=4.68 block_weights=10.26 block_trajectory=0.00 block_fitness=6.93
[collector w1] processed run_id=mae__adamw__s42 step=5305 heavy=False blocks_ok=5 blocks_err=0 t=63.337s -> deleted
[extract] step=5313 heavy=TRUE total=219.37s | block_optim=36.57 block_curvature=4.63 block_weights=9.93 block_trajectory=0.00 block_circuits=2.16 block_interp=111.46 block_probes=42.93 block_fitness=7.13
[collector w1] processed run_id=mae__adamw__s42 step=5313 heavy=True blocks_ok=8 blocks_err=0 t=219.366s -> deleted
[extract] step=5336 SKIP heavy block block_circuits (ordinal=1067 basis=step_fallback heavy_every=3)
[extract] step=5336 SKIP heavy block block_interp (ordinal=1067 basis=step_fallback heavy_every=3)
[extract] step=5336 SKIP heavy block block_probes (ordinal=1067 basis=step_fallback heavy_every=3)
[extract] step=5336 heavy=FALSE total=64.76s | block_optim=36.76 block_curvature=4.81 block_weights=10.77 block_trajectory=0.00 block_fitness=7.14
[collector w1] processed run_id=mae__adamw__s42 step=5336 heavy=False blocks_ok=5 blocks_err=0 t=64.76s -> deleted
[extract] step=5344 heavy=TRUE total=221.10s | block_optim=37.13 block_curvature=4.62 block_weights=10.51 block_trajectory=0.00 block_circuits=2.27 block_interp=111.18 block_probes=43.15 block_fitness=7.15
[collector w1] processed run_id=mae__adamw__s42 step=5344 heavy=True blocks_ok=8 blocks_err=0 t=221.1s -> deleted
[extract] step=5366 SKIP heavy block block_circuits (ordinal=1073 basis=step_fallback heavy_every=3)
[extract] step=5366 SKIP heavy block block_interp (ordinal=1073 basis=step_fallback heavy_every=3)
[extract] step=5366 SKIP heavy block block_probes (ordinal=1073 basis=step_fallback heavy_every=3)
[extract] step=5366 heavy=FALSE total=64.96s | block_optim=37.01 block_curvature=4.82 block_weights=10.90 block_trajectory=0.00 block_fitness=7.10
[collector w1] re-slimmed kept run_id=mae__adamw__s42 step=5328 MODEL-ONLY (bumped out of latest-2).
[collector w1] processed run_id=mae__adamw__s42 step=5366 heavy=False blocks_ok=5 blocks_err=0 t=64.959s -> KEPT(->kept/,FULL latest2)
[extract] step=5376 SKIP heavy block block_circuits (ordinal=1075 basis=step_fallback heavy_every=3)
[extract] step=5376 SKIP heavy block block_interp (ordinal=1075 basis=step_fallback heavy_every=3)
[extract] step=5376 SKIP heavy block block_probes (ordinal=1075 basis=step_fallback heavy_every=3)
[extract] step=5376 heavy=FALSE total=66.08s | block_optim=37.10 block_curvature=4.75 block_weights=10.76 block_trajectory=0.00 block_fitness=7.02
[collector w1] processed run_id=mae__adamw__s42 step=5376 heavy=False blocks_ok=5 blocks_err=0 t=66.084s -> deleted
[extract] step=5394 SKIP heavy block block_circuits (ordinal=1078 basis=step_fallback heavy_every=3)
[extract] step=5394 SKIP heavy block block_interp (ordinal=1078 basis=step_fallback heavy_every=3)
[extract] step=5394 SKIP heavy block block_probes (ordinal=1078 basis=step_fallback heavy_every=3)
[extract] step=5394 heavy=FALSE total=64.19s | block_optim=36.99 block_curvature=4.81 block_weights=10.47 block_trajectory=0.00 block_fitness=7.10
[collector w1] re-slimmed kept run_id=mae__adamw__s42 step=5358 MODEL-ONLY (bumped out of latest-2).
[collector w1] processed run_id=mae__adamw__s42 step=5394 heavy=False blocks_ok=5 blocks_err=0 t=64.192s -> KEPT(->kept/,FULL latest2)
[extract] step=5401 heavy=TRUE total=225.64s | block_optim=36.63 block_curvature=4.74 block_weights=10.27 block_trajectory=0.00 block_circuits=2.25 block_interp=118.17 block_probes=40.88 block_fitness=6.80
[collector w1] re-slimmed kept run_id=mae__adamw__s42 step=5394 MODEL-ONLY (bumped out of latest-2).
[collector w1] processed run_id=mae__adamw__s42 step=5401 heavy=True blocks_ok=8 blocks_err=0 t=225.641s -> KEPT(->kept/,FULL latest2)
[extract] step=5427 SKIP heavy block block_circuits (ordinal=1085 basis=step_fallback heavy_every=3)
[extract] step=5427 SKIP heavy block block_interp (ordinal=1085 basis=step_fallback heavy_every=3)
[extract] step=5427 SKIP heavy block block_probes (ordinal=1085 basis=step_fallback heavy_every=3)
[extract] step=5427 heavy=FALSE total=62.13s | block_optim=36.34 block_curvature=4.59 block_weights=10.22 block_trajectory=0.00 block_fitness=6.90
[collector w1] processed run_id=mae__adamw__s42 step=5427 heavy=False blocks_ok=5 blocks_err=0 t=62.128s -> deleted
[extract] step=5437 SKIP heavy block block_circuits (ordinal=1087 basis=step_fallback heavy_every=3)
[extract] step=5437 SKIP heavy block block_interp (ordinal=1087 basis=step_fallback heavy_every=3)
[extract] step=5437 SKIP heavy block block_probes (ordinal=1087 basis=step_fallback heavy_every=3)
[extract] step=5437 heavy=FALSE total=66.27s | block_optim=36.83 block_curvature=4.78 block_weights=12.87 block_trajectory=0.00 block_fitness=6.94
[collector w1] processed run_id=mae__adamw__s42 step=5437 heavy=False blocks_ok=5 blocks_err=0 t=66.272s -> deleted
[extract] step=5455 SKIP heavy block block_circuits (ordinal=1091 basis=step_fallback heavy_every=3)
[extract] step=5455 SKIP heavy block block_interp (ordinal=1091 basis=step_fallback heavy_every=3)
[extract] step=5455 SKIP heavy block block_probes (ordinal=1091 basis=step_fallback heavy_every=3)
[extract] step=5455 heavy=FALSE total=66.35s | block_optim=36.76 block_curvature=4.78 block_weights=12.94 block_trajectory=0.00 block_fitness=7.05
[collector w1] re-slimmed kept run_id=mae__adamw__s42 step=5408 MODEL-ONLY (bumped out of latest-2).
[collector w1] processed run_id=mae__adamw__s42 step=5455 heavy=False blocks_ok=5 blocks_err=0 t=66.346s -> KEPT(->kept/,FULL latest2)
[extract] step=5465 SKIP heavy block block_circuits (ordinal=1093 basis=step_fallback heavy_every=3)
[extract] step=5465 SKIP heavy block block_interp (ordinal=1093 basis=step_fallback heavy_every=3)
[extract] step=5465 SKIP heavy block block_probes (ordinal=1093 basis=step_fallback heavy_every=3)
[extract] step=5465 heavy=FALSE total=64.55s | block_optim=36.01 block_curvature=4.68 block_weights=9.94 block_trajectory=0.00 block_fitness=6.93
[collector w1] re-slimmed kept run_id=mae__adamw__s42 step=5445 MODEL-ONLY (bumped out of latest-2).
[collector w1] processed run_id=mae__adamw__s42 step=5465 heavy=False blocks_ok=5 blocks_err=0 t=64.549s -> KEPT(->kept/,FULL latest2)
[extract] step=5488 SKIP heavy block block_circuits (ordinal=1097 basis=step_fallback heavy_every=3)
[extract] step=5488 SKIP heavy block block_interp (ordinal=1097 basis=step_fallback heavy_every=3)
[extract] step=5488 SKIP heavy block block_probes (ordinal=1097 basis=step_fallback heavy_every=3)
[extract] step=5488 heavy=FALSE total=64.49s | block_optim=36.20 block_curvature=4.70 block_weights=10.05 block_trajectory=0.00 block_fitness=6.84
[collector w1] re-slimmed kept run_id=mae__adamw__s42 step=5455 MODEL-ONLY (bumped out of latest-2).
[collector w1] processed run_id=mae__adamw__s42 step=5488 heavy=False blocks_ok=5 blocks_err=0 t=64.495s -> KEPT(->kept/,FULL latest2)
[extract] step=5500 SKIP heavy block block_circuits (ordinal=1100 basis=step_fallback heavy_every=3)
[extract] step=5500 SKIP heavy block block_interp (ordinal=1100 basis=step_fallback heavy_every=3)
[extract] step=5500 SKIP heavy block block_probes (ordinal=1100 basis=step_fallback heavy_every=3)
[extract] step=5500 heavy=FALSE total=64.24s | block_optim=35.90 block_curvature=4.67 block_weights=10.16 block_trajectory=0.00 block_fitness=6.97
[collector w1] re-slimmed kept run_id=mae__adamw__s42 step=5476 MODEL-ONLY (bumped out of latest-2).
[collector w1] processed run_id=mae__adamw__s42 step=5500 heavy=False blocks_ok=5 blocks_err=0 t=64.243s -> KEPT(->kept/,FULL latest2)
[extract] step=5511 SKIP heavy block block_circuits (ordinal=1102 basis=step_fallback heavy_every=3)
[extract] step=5511 SKIP heavy block block_interp (ordinal=1102 basis=step_fallback heavy_every=3)
[extract] step=5511 SKIP heavy block block_probes (ordinal=1102 basis=step_fallback heavy_every=3)
[extract] step=5511 heavy=FALSE total=67.40s | block_optim=35.94 block_curvature=4.64 block_weights=12.73 block_trajectory=0.00 block_fitness=6.97
[collector w1] re-slimmed kept run_id=mae__adamw__s42 step=5488 MODEL-ONLY (bumped out of latest-2).
[collector w1] processed run_id=mae__adamw__s42 step=5511 heavy=False blocks_ok=5 blocks_err=0 t=67.402s -> KEPT(->kept/,FULL latest2)
[extract] step=5522 heavy=TRUE total=281.71s | block_optim=35.97 block_curvature=4.68 block_weights=9.85 block_trajectory=0.00 block_circuits=2.31 block_interp=173.89 block_probes=40.89 block_fitness=7.05
[collector w1] re-slimmed kept run_id=mae__adamw__s42 step=5500 MODEL-ONLY (bumped out of latest-2).
[collector w1] processed run_id=mae__adamw__s42 step=5522 heavy=True blocks_ok=8 blocks_err=0 t=281.711s -> KEPT(->kept/,FULL latest2)
[extract] step=5532 SKIP heavy block block_circuits (ordinal=1106 basis=step_fallback heavy_every=3)
[extract] step=5532 SKIP heavy block block_interp (ordinal=1106 basis=step_fallback heavy_every=3)
[extract] step=5532 SKIP heavy block block_probes (ordinal=1106 basis=step_fallback heavy_every=3)
[extract] step=5532 heavy=FALSE total=64.30s | block_optim=36.36 block_curvature=4.61 block_weights=9.93 block_trajectory=0.00 block_fitness=7.12
[collector w1] processed run_id=mae__adamw__s42 step=5532 heavy=False blocks_ok=5 blocks_err=0 t=64.303s -> deleted
[extract] step=5541 SKIP heavy block block_circuits (ordinal=1108 basis=step_fallback heavy_every=3)
[extract] step=5541 SKIP heavy block block_interp (ordinal=1108 basis=step_fallback heavy_every=3)
[extract] step=5541 SKIP heavy block block_probes (ordinal=1108 basis=step_fallback heavy_every=3)
[extract] step=5541 heavy=FALSE total=63.39s | block_optim=36.40 block_curvature=4.80 block_weights=10.40 block_trajectory=0.00 block_fitness=6.91
[collector w1] processed run_id=mae__adamw__s42 step=5541 heavy=False blocks_ok=5 blocks_err=0 t=63.388s -> deleted
[extract] step=5565 heavy=TRUE total=219.95s | block_optim=36.69 block_curvature=4.81 block_weights=10.97 block_trajectory=0.00 block_circuits=2.34 block_interp=112.79 block_probes=40.74 block_fitness=6.95
[collector w1] re-slimmed kept run_id=mae__adamw__s42 step=5511 MODEL-ONLY (bumped out of latest-2).
[collector w1] processed run_id=mae__adamw__s42 step=5565 heavy=True blocks_ok=8 blocks_err=0 t=219.946s -> KEPT(->kept/,FULL latest2)
[extract] step=5606 SKIP heavy block block_circuits (ordinal=1121 basis=step_fallback heavy_every=3)
[extract] step=5606 SKIP heavy block block_interp (ordinal=1121 basis=step_fallback heavy_every=3)
[extract] step=5606 SKIP heavy block block_probes (ordinal=1121 basis=step_fallback heavy_every=3)
[extract] step=5606 heavy=FALSE total=64.88s | block_optim=36.46 block_curvature=4.64 block_weights=10.28 block_trajectory=0.00 block_fitness=7.05
[collector w1] re-slimmed kept run_id=mae__adamw__s42 step=5576 MODEL-ONLY (bumped out of latest-2).
[collector w1] processed run_id=mae__adamw__s42 step=5606 heavy=False blocks_ok=5 blocks_err=0 t=64.879s -> KEPT(->kept/,FULL latest2)
[collector w1] --once drained 379 checkpoint(s); exiting.
[cw1] drained 379 checkpoint(s); extraction backlog present -> skip d90, loop.
[extract] step=5636 SKIP heavy block block_circuits (ordinal=1127 basis=step_fallback heavy_every=3)
[extract] step=5636 SKIP heavy block block_interp (ordinal=1127 basis=step_fallback heavy_every=3)
[extract] step=5636 SKIP heavy block block_probes (ordinal=1127 basis=step_fallback heavy_every=3)
[extract] step=5636 heavy=FALSE total=64.06s | block_optim=36.00 block_curvature=5.43 block_weights=11.01 block_trajectory=0.56 block_fitness=6.44
[collector w1] re-slimmed kept run_id=mae__adamw__s42 step=5606 MODEL-ONLY (bumped out of latest-2).
[collector w1] processed run_id=mae__adamw__s42 step=5636 heavy=False blocks_ok=5 blocks_err=0 t=64.057s -> KEPT(->kept/,FULL latest2)
[collector w1] --once drained 1 checkpoint(s); exiting.
[cw1] drained 1 checkpoint(s); extraction backlog present -> skip d90, loop.
[extract] step=5652 SKIP heavy block block_circuits (ordinal=1130 basis=step_fallback heavy_every=3)
[extract] step=5652 SKIP heavy block block_interp (ordinal=1130 basis=step_fallback heavy_every=3)
[extract] step=5652 SKIP heavy block block_probes (ordinal=1130 basis=step_fallback heavy_every=3)
[extract] step=5652 heavy=FALSE total=62.70s | block_optim=35.31 block_curvature=4.75 block_weights=10.59 block_trajectory=0.55 block_fitness=6.11
[collector w1] re-slimmed kept run_id=mae__adamw__s42 step=5621 MODEL-ONLY (bumped out of latest-2).
[collector w1] processed run_id=mae__adamw__s42 step=5652 heavy=False blocks_ok=5 blocks_err=0 t=62.699s -> KEPT(->kept/,FULL latest2)
[collector w1] --once drained 1 checkpoint(s); exiting.
[cw1] drained 1 checkpoint(s); extraction backlog present -> skip d90, loop.
[collector w1] --once drained 0 checkpoint(s); exiting.
[cw1] d90 START 006_mae_d300_s43.args  (claim=34869939_w1)
[cw1] d90 args: --backfill --condition mae --d 300 --seed 43 --shared-tokenizer mae --variant stable_evo --step_cap 4000 --patience 8 --eps 0.0001 --eval_every 50 --batch_size 64 --lr 0.001 --train_csv data/inat/train_v1.1.0.csv --val_csv data/inat/val_v1.1.0.csv --max_wall_seconds 600 --state_dir xAI/output/preadapt/_d90_queue/state --out xAI/output/preadapt/_d90_queue/d90_results.csv
============================================================
d90 subspace run (theta = theta0 + P v) [BACKFILL]
  condition        : mae
  d                : 300
  seed             : 43
  shared-tokenizer : mae
  perf_init/full   : <measure> / <post-hoc>
  device           : cuda:0
============================================================
[preadapt_models] init_model(condition='mae', exact_control_tokenizer=False): 303,303,682 params (303,303,682 currently trainable, pre-freeze).
[preadapt_train] applied MAE shared input stage (patch_embed + pos_embed).
[preadapt_models] freeze_input_stage: froze 3 input-stage tensors.
  D_trainable      : 302,314,498  ->  d=300  (P: {'method': 'achlioptas', 'seed': 43, 'd': 300, 'D_trainable': 302314498, 'density': 5.751359468564455e-05})
  perf_init (measured at v=0): 0.4101
  target (90%-gain): <post-hoc; running to plateau/step_cap>
  step=50 loss=0.6927 auc_pr_mean=0.4076 best=0.4101 target=<post-hoc> (6.5 min)
[d90] YIELD condition=mae d=300 seed=43 step=82 best=0.4101 -> state saved xAI/output/preadapt/_d90_queue/state/mae_d300_s43.pt (10.1 min this claim); re-queue to resume.
[d90] INCOMPLETE (wall_timeout): state saved; exit 2 -> caller should re-queue.
[extract] step=5701 heavy=TRUE total=213.88s | block_optim=36.26 block_curvature=5.48 block_weights=10.83 block_trajectory=0.54 block_circuits=2.93 block_interp=103.14 block_probes=43.36 block_fitness=6.96
[collector w1] re-slimmed kept run_id=mae__adamw__s42 step=5636 MODEL-ONLY (bumped out of latest-2).
[collector w1] processed run_id=mae__adamw__s42 step=5701 heavy=True blocks_ok=8 blocks_err=0 t=213.878s -> KEPT(->kept/,FULL latest2)
[extract] step=5764 heavy=TRUE total=226.10s | block_optim=36.54 block_curvature=4.68 block_weights=11.18 block_trajectory=0.49 block_circuits=2.80 block_interp=117.37 block_probes=41.02 block_fitness=5.95
[collector w1] re-slimmed kept run_id=mae__adamw__s42 step=5740 MODEL-ONLY (bumped out of latest-2).
[collector w1] processed run_id=mae__adamw__s42 step=5764 heavy=True blocks_ok=8 blocks_err=0 t=226.096s -> KEPT(->kept/,FULL latest2)
[extract] step=5799 SKIP heavy block block_circuits (ordinal=1159 basis=step_fallback heavy_every=3)
[extract] step=5799 SKIP heavy block block_interp (ordinal=1159 basis=step_fallback heavy_every=3)
[extract] step=5799 SKIP heavy block block_probes (ordinal=1159 basis=step_fallback heavy_every=3)
[extract] step=5799 heavy=FALSE total=63.66s | block_optim=36.75 block_curvature=4.71 block_weights=11.21 block_trajectory=0.55 block_fitness=5.98
[collector w1] re-slimmed kept run_id=mae__adamw__s42 step=5764 MODEL-ONLY (bumped out of latest-2).
[collector w1] processed run_id=mae__adamw__s42 step=5799 heavy=False blocks_ok=5 blocks_err=0 t=63.661s -> KEPT(->kept/,FULL latest2)
[collector w1] --once drained 3 checkpoint(s); exiting.
[cw1] drained 3 checkpoint(s); extraction backlog present -> skip d90, loop.
[collector w1] --once drained 0 checkpoint(s); exiting.
[cw1] d90 START 008_mae_d300_s45.args  (claim=34869939_w1)
[cw1] d90 args: --backfill --condition mae --d 300 --seed 45 --shared-tokenizer mae --variant stable_evo --step_cap 4000 --patience 8 --eps 0.0001 --eval_every 50 --batch_size 64 --lr 0.001 --train_csv data/inat/train_v1.1.0.csv --val_csv data/inat/val_v1.1.0.csv --max_wall_seconds 600 --state_dir xAI/output/preadapt/_d90_queue/state --out xAI/output/preadapt/_d90_queue/d90_results.csv
============================================================
d90 subspace run (theta = theta0 + P v) [BACKFILL]
  condition        : mae
  d                : 300
  seed             : 45
  shared-tokenizer : mae
  perf_init/full   : <measure> / <post-hoc>
  device           : cuda:0
============================================================
[preadapt_models] init_model(condition='mae', exact_control_tokenizer=False): 303,303,682 params (303,303,682 currently trainable, pre-freeze).
[preadapt_train] applied MAE shared input stage (patch_embed + pos_embed).
[preadapt_models] freeze_input_stage: froze 3 input-stage tensors.
  D_trainable      : 302,314,498  ->  d=300  (P: {'method': 'achlioptas', 'seed': 45, 'd': 300, 'D_trainable': 302314498, 'density': 5.751359468564455e-05})
  perf_init (measured at v=0): 0.4070
  target (90%-gain): <post-hoc; running to plateau/step_cap>
  step=50 loss=0.6928 auc_pr_mean=0.4178 best=0.4070 target=<post-hoc> (5.9 min)
[d90] YIELD condition=mae d=300 seed=45 step=92 best=0.4178 -> state saved xAI/output/preadapt/_d90_queue/state/mae_d300_s45.pt (10.0 min this claim); re-queue to resume.
[d90] INCOMPLETE (wall_timeout): state saved; exit 2 -> caller should re-queue.
[extract] step=5853 heavy=TRUE total=186.55s | block_optim=30.69 block_curvature=5.36 block_weights=9.44 block_trajectory=0.44 block_circuits=2.68 block_interp=88.05 block_probes=39.64 block_fitness=6.53
[collector w1] re-slimmed kept run_id=mae__adamw__s42 step=5824 MODEL-ONLY (bumped out of latest-2).
[collector w1] processed run_id=mae__adamw__s42 step=5853 heavy=True blocks_ok=8 blocks_err=0 t=186.552s -> KEPT(->kept/,FULL latest2)
[collector w1] --once drained 1 checkpoint(s); exiting.
[cw1] drained 1 checkpoint(s); extraction backlog present -> skip d90, loop.
[collector w1] --once drained 0 checkpoint(s); exiting.
[cw1] d90 START 010_mae_d1000_s42.args  (claim=34869939_w1)
[cw1] d90 args: --backfill --condition mae --d 1000 --seed 42 --shared-tokenizer mae --variant stable_evo --step_cap 4000 --patience 8 --eps 0.0001 --eval_every 50 --batch_size 64 --lr 0.001 --train_csv data/inat/train_v1.1.0.csv --val_csv data/inat/val_v1.1.0.csv --max_wall_seconds 600 --state_dir xAI/output/preadapt/_d90_queue/state --out xAI/output/preadapt/_d90_queue/d90_results.csv
============================================================
d90 subspace run (theta = theta0 + P v) [BACKFILL]
  condition        : mae
  d                : 1000
  seed             : 42
  shared-tokenizer : mae
  perf_init/full   : <measure> / <post-hoc>
  device           : cuda:0
============================================================
[preadapt_models] init_model(condition='mae', exact_control_tokenizer=False): 303,303,682 params (303,303,682 currently trainable, pre-freeze).
[preadapt_train] applied MAE shared input stage (patch_embed + pos_embed).
[preadapt_models] freeze_input_stage: froze 3 input-stage tensors.
  D_trainable      : 302,314,498  ->  d=1000  (P: {'method': 'achlioptas', 'seed': 42, 'd': 1000, 'D_trainable': 302314498, 'density': 5.751359468564455e-05})
  perf_init (measured at v=0): 0.4103
  target (90%-gain): <post-hoc; running to plateau/step_cap>
  step=50 loss=0.6926 auc_pr_mean=0.4103 best=0.4103 target=<post-hoc> (5.6 min)
[d90] YIELD condition=mae d=1000 seed=42 step=96 best=0.4103 -> state saved xAI/output/preadapt/_d90_queue/state/mae_d1000_s42.pt (10.0 min this claim); re-queue to resume.
[d90] INCOMPLETE (wall_timeout): state saved; exit 2 -> caller should re-queue.
[collector w1] --once drained 0 checkpoint(s); exiting.
[cw1] d90 START 011_mae_d1000_s43.args  (claim=34869939_w1)
[cw1] d90 args: --backfill --condition mae --d 1000 --seed 43 --shared-tokenizer mae --variant stable_evo --step_cap 4000 --patience 8 --eps 0.0001 --eval_every 50 --batch_size 64 --lr 0.001 --train_csv data/inat/train_v1.1.0.csv --val_csv data/inat/val_v1.1.0.csv --max_wall_seconds 600 --state_dir xAI/output/preadapt/_d90_queue/state --out xAI/output/preadapt/_d90_queue/d90_results.csv
============================================================
d90 subspace run (theta = theta0 + P v) [BACKFILL]
  condition        : mae
  d                : 1000
  seed             : 43
  shared-tokenizer : mae
  perf_init/full   : <measure> / <post-hoc>
  device           : cuda:0
============================================================
[preadapt_models] init_model(condition='mae', exact_control_tokenizer=False): 303,303,682 params (303,303,682 currently trainable, pre-freeze).
[preadapt_train] applied MAE shared input stage (patch_embed + pos_embed).
[preadapt_models] freeze_input_stage: froze 3 input-stage tensors.
  D_trainable      : 302,314,498  ->  d=1000  (P: {'method': 'achlioptas', 'seed': 43, 'd': 1000, 'D_trainable': 302314498, 'density': 5.751359468564455e-05})
  perf_init (measured at v=0): 0.4101
  target (90%-gain): <post-hoc; running to plateau/step_cap>
  step=50 loss=0.6924 auc_pr_mean=0.4098 best=0.4101 target=<post-hoc> (5.9 min)
[d90] YIELD condition=mae d=1000 seed=43 step=87 best=0.4101 -> state saved xAI/output/preadapt/_d90_queue/state/mae_d1000_s43.pt (10.0 min this claim); re-queue to resume.
[d90] INCOMPLETE (wall_timeout): state saved; exit 2 -> caller should re-queue.
[extract] step=6037 SKIP heavy block block_circuits (ordinal=1207 basis=step_fallback heavy_every=3)
[extract] step=6037 SKIP heavy block block_interp (ordinal=1207 basis=step_fallback heavy_every=3)
[extract] step=6037 SKIP heavy block block_probes (ordinal=1207 basis=step_fallback heavy_every=3)
[extract] step=6037 heavy=FALSE total=64.99s | block_optim=36.77 block_curvature=5.51 block_weights=11.03 block_trajectory=0.55 block_fitness=6.52
[collector w1] re-slimmed kept run_id=mae__adamw__s42 step=5894 MODEL-ONLY (bumped out of latest-2).
[collector w1] processed run_id=mae__adamw__s42 step=6037 heavy=False blocks_ok=5 blocks_err=0 t=64.994s -> KEPT(->kept/,FULL latest2)
[collector w1] --once drained 1 checkpoint(s); exiting.
[cw1] drained 1 checkpoint(s); extraction backlog present -> skip d90, loop.
[collector w1] --once drained 0 checkpoint(s); exiting.
[cw1] d90 START 014_mae_d1000_s46.args  (claim=34869939_w1)
[cw1] d90 args: --backfill --condition mae --d 1000 --seed 46 --shared-tokenizer mae --variant stable_evo --step_cap 4000 --patience 8 --eps 0.0001 --eval_every 50 --batch_size 64 --lr 0.001 --train_csv data/inat/train_v1.1.0.csv --val_csv data/inat/val_v1.1.0.csv --max_wall_seconds 600 --state_dir xAI/output/preadapt/_d90_queue/state --out xAI/output/preadapt/_d90_queue/d90_results.csv
============================================================
d90 subspace run (theta = theta0 + P v) [BACKFILL]
  condition        : mae
  d                : 1000
  seed             : 46
  shared-tokenizer : mae
  perf_init/full   : <measure> / <post-hoc>
  device           : cuda:0
============================================================
[preadapt_models] init_model(condition='mae', exact_control_tokenizer=False): 303,303,682 params (303,303,682 currently trainable, pre-freeze).
[preadapt_train] applied MAE shared input stage (patch_embed + pos_embed).
[preadapt_models] freeze_input_stage: froze 3 input-stage tensors.
  D_trainable      : 302,314,498  ->  d=1000  (P: {'method': 'achlioptas', 'seed': 46, 'd': 1000, 'D_trainable': 302314498, 'density': 5.751359468564455e-05})
  perf_init (measured at v=0): 0.4069
  target (90%-gain): <post-hoc; running to plateau/step_cap>
  step=50 loss=0.6925 auc_pr_mean=0.4065 best=0.4069 target=<post-hoc> (6.4 min)
[d90] YIELD condition=mae d=1000 seed=46 step=83 best=0.4069 -> state saved xAI/output/preadapt/_d90_queue/state/mae_d1000_s46.pt (10.1 min this claim); re-queue to resume.
[d90] INCOMPLETE (wall_timeout): state saved; exit 2 -> caller should re-queue.
[collector w1] --once drained 0 checkpoint(s); exiting.
[cw1] d90 START 016_mae_d3000_s43.args  (claim=34869939_w1)
[cw1] d90 args: --backfill --condition mae --d 3000 --seed 43 --shared-tokenizer mae --variant stable_evo --step_cap 4000 --patience 8 --eps 0.0001 --eval_every 50 --batch_size 64 --lr 0.001 --train_csv data/inat/train_v1.1.0.csv --val_csv data/inat/val_v1.1.0.csv --max_wall_seconds 600 --state_dir xAI/output/preadapt/_d90_queue/state --out xAI/output/preadapt/_d90_queue/d90_results.csv
============================================================
d90 subspace run (theta = theta0 + P v) [BACKFILL]
  condition        : mae
  d                : 3000
  seed             : 43
  shared-tokenizer : mae
  perf_init/full   : <measure> / <post-hoc>
  device           : cuda:0
============================================================
[preadapt_models] init_model(condition='mae', exact_control_tokenizer=False): 303,303,682 params (303,303,682 currently trainable, pre-freeze).
[preadapt_train] applied MAE shared input stage (patch_embed + pos_embed).
[preadapt_models] freeze_input_stage: froze 3 input-stage tensors.
  D_trainable      : 302,314,498  ->  d=3000  (P: {'method': 'achlioptas', 'seed': 43, 'd': 3000, 'D_trainable': 302314498, 'density': 5.751359468564455e-05})
  perf_init (measured at v=0): 0.4101
  target (90%-gain): <post-hoc; running to plateau/step_cap>
  step=50 loss=0.6922 auc_pr_mean=0.4105 best=0.4101 target=<post-hoc> (6.3 min)
[d90] YIELD condition=mae d=3000 seed=43 step=83 best=0.4105 -> state saved xAI/output/preadapt/_d90_queue/state/mae_d3000_s43.pt (10.1 min this claim); re-queue to resume.
[d90] INCOMPLETE (wall_timeout): state saved; exit 2 -> caller should re-queue.
[extract] step=6237 SKIP heavy block block_circuits (ordinal=1247 basis=step_fallback heavy_every=3)
[extract] step=6237 SKIP heavy block block_interp (ordinal=1247 basis=step_fallback heavy_every=3)
[extract] step=6237 SKIP heavy block block_probes (ordinal=1247 basis=step_fallback heavy_every=3)
[extract] step=6237 heavy=FALSE total=66.11s | block_optim=36.64 block_curvature=5.62 block_weights=11.62 block_trajectory=0.66 block_fitness=6.60
[collector w1] re-slimmed kept run_id=mae__adamw__s42 step=5946 MODEL-ONLY (bumped out of latest-2).
[collector w1] processed run_id=mae__adamw__s42 step=6237 heavy=False blocks_ok=5 blocks_err=0 t=66.111s -> KEPT(->kept/,FULL latest2)
[collector w1] --once drained 1 checkpoint(s); exiting.
[cw1] drained 1 checkpoint(s); extraction backlog present -> skip d90, loop.
[collector w1] --once drained 0 checkpoint(s); exiting.
[cw1] d90 START 018_mae_d3000_s45.args  (claim=34869939_w1)
[cw1] d90 args: --backfill --condition mae --d 3000 --seed 45 --shared-tokenizer mae --variant stable_evo --step_cap 4000 --patience 8 --eps 0.0001 --eval_every 50 --batch_size 64 --lr 0.001 --train_csv data/inat/train_v1.1.0.csv --val_csv data/inat/val_v1.1.0.csv --max_wall_seconds 600 --state_dir xAI/output/preadapt/_d90_queue/state --out xAI/output/preadapt/_d90_queue/d90_results.csv
============================================================
d90 subspace run (theta = theta0 + P v) [BACKFILL]
  condition        : mae
  d                : 3000
  seed             : 45
  shared-tokenizer : mae
  perf_init/full   : <measure> / <post-hoc>
  device           : cuda:0
============================================================
[preadapt_models] init_model(condition='mae', exact_control_tokenizer=False): 303,303,682 params (303,303,682 currently trainable, pre-freeze).
[preadapt_train] applied MAE shared input stage (patch_embed + pos_embed).
[preadapt_models] freeze_input_stage: froze 3 input-stage tensors.
  D_trainable      : 302,314,498  ->  d=3000  (P: {'method': 'achlioptas', 'seed': 45, 'd': 3000, 'D_trainable': 302314498, 'density': 5.751359468564455e-05})
  perf_init (measured at v=0): 0.4070
  target (90%-gain): <post-hoc; running to plateau/step_cap>
  step=50 loss=0.6923 auc_pr_mean=0.4070 best=0.4070 target=<post-hoc> (6.4 min)
[d90] YIELD condition=mae d=3000 seed=45 step=84 best=0.4070 -> state saved xAI/output/preadapt/_d90_queue/state/mae_d3000_s45.pt (10.1 min this claim); re-queue to resume.
[d90] INCOMPLETE (wall_timeout): state saved; exit 2 -> caller should re-queue.
[collector w1] --once drained 0 checkpoint(s); exiting.
[cw1] d90 START 020_mae_d10000_s42.args  (claim=34869939_w1)
[cw1] d90 args: --backfill --condition mae --d 10000 --seed 42 --shared-tokenizer mae --variant stable_evo --step_cap 4000 --patience 8 --eps 0.0001 --eval_every 50 --batch_size 64 --lr 0.001 --train_csv data/inat/train_v1.1.0.csv --val_csv data/inat/val_v1.1.0.csv --max_wall_seconds 600 --state_dir xAI/output/preadapt/_d90_queue/state --out xAI/output/preadapt/_d90_queue/d90_results.csv
============================================================
d90 subspace run (theta = theta0 + P v) [BACKFILL]
  condition        : mae
  d                : 10000
  seed             : 42
  shared-tokenizer : mae
  perf_init/full   : <measure> / <post-hoc>
  device           : cuda:0
============================================================
[preadapt_models] init_model(condition='mae', exact_control_tokenizer=False): 303,303,682 params (303,303,682 currently trainable, pre-freeze).
[preadapt_train] applied MAE shared input stage (patch_embed + pos_embed).
[preadapt_models] freeze_input_stage: froze 3 input-stage tensors.
  D_trainable      : 302,314,498  ->  d=10000  (P: {'method': 'achlioptas', 'seed': 42, 'd': 10000, 'D_trainable': 302314498, 'density': 5.751359468564455e-05})
  perf_init (measured at v=0): 0.4103
  target (90%-gain): <post-hoc; running to plateau/step_cap>
  step=50 loss=0.6924 auc_pr_mean=0.4102 best=0.4103 target=<post-hoc> (6.4 min)
[d90] YIELD condition=mae d=10000 seed=42 step=82 best=0.4103 -> state saved xAI/output/preadapt/_d90_queue/state/mae_d10000_s42.pt (10.0 min this claim); re-queue to resume.
[d90] INCOMPLETE (wall_timeout): state saved; exit 2 -> caller should re-queue.
[collector w1] --once drained 0 checkpoint(s); exiting.
[cw1] RUN_COMPLETE present; performing FINAL drain...
[cw1] final drain found nothing new and queue depth=0 -> run collected. Exiting.
Done: Wed Jun 17 08:17:08 AM EDT 2026
